Date,StateName,DistrictName,Evapo Level (mm),Evapo Volume (Tmcft),Aggregate Evapo Level (mm),Aggregate Evapo Volume (Tmcft)
31-01-2020,MAHARASHTRA,WASHIM,0.253575871,0.044927388,0.149404925,0.026470867
31-01-2020,MAHARASHTRA,SATARA,0.346933941,0.125255244,0.104229851,0.037630609
31-01-2020,MAHARASHTRA,PUNE,0.382857762,0.20531888,0.143357131,0.076879532
31-01-2020,MAHARASHTRA,PARBHANI,0.184888623,0.040052487,0.078065086,0.016911267
31-01-2020,MAHARASHTRA,JALNA,0.219704895,0.058269342,0.095617656,0.025359371
31-01-2020,MAHARASHTRA,GONDIYA,0.756389552,0.140871141,0.224398602,0.041792337
31-01-2020,MAHARASHTRA,MUMBAI,0.016675651,8.52E-05,0.000296813,1.52E-06
31-01-2020,MAHARASHTRA,NASHIK,0.307439136,0.163085599,0.145475336,0.077169526
31-01-2020,MAHARASHTRA,GARHCHIROLI,0.915815801,0.451686589,0.198494134,0.097898658
31-01-2020,MAHARASHTRA,RATNAGIRI,0.973049466,0.276653934,0.463253018,0.131710437
31-01-2020,MAHARASHTRA,OSMANABAD,0.27654205,0.071752707,0.124297136,0.032250632
31-01-2020,MAHARASHTRA,BID,0.227377897,0.085930486,0.108776643,0.041108788
31-01-2020,MAHARASHTRA,LATUR,0.203512122,0.047094503,0.099781062,0.023090219
31-01-2020,MAHARASHTRA,YAVATMAL,0.486207397,0.224401516,0.211316972,0.097530085
31-01-2020,MAHARASHTRA,BHANDARA,0.622421002,0.081754934,0.250427971,0.032893688
31-01-2020,MAHARASHTRA,MUMBAI SUBURBAN,0.289581551,0.004482035,0.029393503,0.000454942
31-01-2020,MAHARASHTRA,NANDURBAR,0.356182489,0.071498464,0.140254662,0.028154087
31-01-2020,MAHARASHTRA,NAGPUR,0.71914672,0.242903954,0.251925553,0.085092112
31-01-2020,MAHARASHTRA,CHANDRAPUR,0.815235533,0.314305688,0.320490866,0.123561962
31-01-2020,MAHARASHTRA,JALGAON,0.244053703,0.097819751,0.092669801,0.037143206
31-01-2020,MAHARASHTRA,HINGOLI,0.313111959,0.050151437,0.123445596,0.019772397
31-01-2020,MAHARASHTRA,AKOLA,0.277554112,0.051115579,0.139949424,0.025773698
31-01-2020,MAHARASHTRA,AURANGABAD,0.289023433,0.099743402,0.130019633,0.044870412
31-01-2020,MAHARASHTRA,DHULE,0.305710229,0.074768176,0.108203238,0.026463487
31-01-2020,MAHARASHTRA,KOLHAPUR,0.498047309,0.131918225,0.109347915,0.028963077
31-01-2020,MAHARASHTRA,RAIGARH,0.604847744,0.148295484,0.123781067,0.03034842
31-01-2020,MAHARASHTRA,AMRAVATI,0.327854109,0.136217111,0.147504898,0.061285464
31-01-2020,MAHARASHTRA,NANDED,0.461900791,0.167371814,0.181571282,0.065793165
31-01-2020,MAHARASHTRA,SOLAPUR,0.289883723,0.148396341,0.154272376,0.078974617
31-01-2020,MAHARASHTRA,AHMADNAGAR,0.274016205,0.159767744,0.137477557,0.080157592
31-01-2020,MAHARASHTRA,THANE,0.57270592,0.186235465,0.152129017,0.049470098
31-01-2020,MAHARASHTRA,SANGLI,0.292531155,0.086260766,0.135870799,0.0400652
31-01-2020,MAHARASHTRA,WARDHA,0.625450644,0.134401938,0.250674231,0.053866924
31-01-2020,MAHARASHTRA,BULDANA,0.258441398,0.085879928,0.127404132,0.04233632
31-01-2020,MAHARASHTRA,SINDHUDURG,1.001682458,0.175695365,0.422187526,0.074051802
30-01-2020,MAHARASHTRA,WASHIM,0.248193137,0.0439737,0.14581766,0.025835292
30-01-2020,MAHARASHTRA,SATARA,0.358041434,0.129265436,0.106354252,0.038397592
30-01-2020,MAHARASHTRA,PUNE,0.386827673,0.207447862,0.144066979,0.077260209
30-01-2020,MAHARASHTRA,PARBHANI,0.185057032,0.040088969,0.078095213,0.016917793
30-01-2020,MAHARASHTRA,JALNA,0.209450596,0.055549734,0.091122526,0.024167189
30-01-2020,MAHARASHTRA,GONDIYA,0.93685634,0.174481551,0.282874164,0.052682915
30-01-2020,MAHARASHTRA,MUMBAI,0.01987943,0.000101516,0.000320733,1.64E-06
30-01-2020,MAHARASHTRA,NASHIK,0.300503874,0.159406688,0.140750684,0.074663265
30-01-2020,MAHARASHTRA,GARHCHIROLI,1.010505583,0.498388234,0.219298308,0.108159419
30-01-2020,MAHARASHTRA,RATNAGIRI,1.007168935,0.286354659,0.479125162,0.136223148
30-01-2020,MAHARASHTRA,OSMANABAD,0.257945741,0.066927634,0.116388135,0.030198531
30-01-2020,MAHARASHTRA,BID,0.214874637,0.081205263,0.102929224,0.038898936
30-01-2020,MAHARASHTRA,LATUR,0.200722378,0.046448931,0.098691897,0.022838177
30-01-2020,MAHARASHTRA,YAVATMAL,0.471704346,0.217707857,0.204490048,0.094379224
30-01-2020,MAHARASHTRA,BHANDARA,0.727351439,0.095537536,0.290223249,0.038120794
30-01-2020,MAHARASHTRA,MUMBAI SUBURBAN,0.32183542,0.004981248,0.032804937,0.000507743
30-01-2020,MAHARASHTRA,NANDURBAR,0.364371017,0.073142193,0.143939802,0.028893826
30-01-2020,MAHARASHTRA,NAGPUR,0.7501483,0.253375262,0.259683082,0.087712348
30-01-2020,MAHARASHTRA,CHANDRAPUR,0.83158918,0.320610669,0.327652135,0.126322916
30-01-2020,MAHARASHTRA,JALGAON,0.236309988,0.094715974,0.089787987,0.035988139
30-01-2020,MAHARASHTRA,HINGOLI,0.309397272,0.049556452,0.122660593,0.019646662
30-01-2020,MAHARASHTRA,AKOLA,0.274733021,0.050596034,0.137659588,0.025351992
30-01-2020,MAHARASHTRA,AURANGABAD,0.273887667,0.094519975,0.122156391,0.042156769
30-01-2020,MAHARASHTRA,DHULE,0.289078237,0.070700455,0.102375946,0.025038294
30-01-2020,MAHARASHTRA,KOLHAPUR,0.524619559,0.13895644,0.114774384,0.030400391
30-01-2020,MAHARASHTRA,RAIGARH,0.632011696,0.154955493,0.129589708,0.031772572
30-01-2020,MAHARASHTRA,AMRAVATI,0.321130055,0.133423395,0.143775636,0.059736027
30-01-2020,MAHARASHTRA,NANDED,0.459336756,0.166442724,0.181058721,0.065607436
30-01-2020,MAHARASHTRA,SOLAPUR,0.277618137,0.142117381,0.147619476,0.075568886
30-01-2020,MAHARASHTRA,AHMADNAGAR,0.261737286,0.152608404,0.13075906,0.076240309
30-01-2020,MAHARASHTRA,THANE,0.603733813,0.196325275,0.161886642,0.052643133
30-01-2020,MAHARASHTRA,SANGLI,0.28192338,0.083132775,0.130317056,0.038427528
30-01-2020,MAHARASHTRA,WARDHA,0.609717476,0.131021066,0.243777213,0.052384836
30-01-2020,MAHARASHTRA,BULDANA,0.250029459,0.083084646,0.123451781,0.041022956
30-01-2020,MAHARASHTRA,SINDHUDURG,1.043491272,0.183028642,0.438501673,0.076913308
29-01-2020,MAHARASHTRA,WASHIM,0.248759641,0.044074071,0.146117258,0.025888373
29-01-2020,MAHARASHTRA,SATARA,0.35415562,0.127862522,0.106267509,0.038366274
29-01-2020,MAHARASHTRA,PUNE,0.356661361,0.191270279,0.132527619,0.071071883
29-01-2020,MAHARASHTRA,PARBHANI,0.182005729,0.039427964,0.077083558,0.016698638
29-01-2020,MAHARASHTRA,JALNA,0.203763138,0.054041327,0.088933606,0.023586651
29-01-2020,MAHARASHTRA,GONDIYA,1.027042896,0.191278032,0.3102996,0.05779067
29-01-2020,MAHARASHTRA,MUMBAI,0.01519444,7.76E-05,0.000279962,1.43E-06
29-01-2020,MAHARASHTRA,NASHIK,0.269862509,0.143152526,0.125663136,0.066659854
29-01-2020,MAHARASHTRA,GARHCHIROLI,1.080504957,0.532912402,0.235696961,0.116247346
29-01-2020,MAHARASHTRA,RATNAGIRI,0.968672335,0.275409444,0.454760601,0.129295903
29-01-2020,MAHARASHTRA,OSMANABAD,0.258685943,0.06711969,0.117198688,0.030408841
29-01-2020,MAHARASHTRA,BID,0.219361116,0.08290079,0.105420549,0.039840455
29-01-2020,MAHARASHTRA,LATUR,0.200015871,0.046285439,0.098128989,0.022707915
29-01-2020,MAHARASHTRA,YAVATMAL,0.500878495,0.231172735,0.217862897,0.100551256
29-01-2020,MAHARASHTRA,BHANDARA,0.787975729,0.10350053,0.313923304,0.041233793
29-01-2020,MAHARASHTRA,MUMBAI SUBURBAN,0.227478598,0.003520829,0.023011845,0.000356169
29-01-2020,MAHARASHTRA,NANDURBAR,0.335349918,0.067316628,0.13207149,0.026511435
29-01-2020,MAHARASHTRA,NAGPUR,0.805112417,0.271940321,0.278344765,0.094015647
29-01-2020,MAHARASHTRA,CHANDRAPUR,0.903197673,0.348218588,0.3590066,0.138411308
29-01-2020,MAHARASHTRA,JALGAON,0.216423394,0.08674518,0.08200462,0.032868469
29-01-2020,MAHARASHTRA,HINGOLI,0.304428755,0.04876064,0.121633756,0.019482193
29-01-2020,MAHARASHTRA,AKOLA,0.262217069,0.048291042,0.130982404,0.024122292
29-01-2020,MAHARASHTRA,AURANGABAD,0.257938725,0.089015917,0.114583435,0.039543305
29-01-2020,MAHARASHTRA,DHULE,0.264093314,0.064589842,0.093535722,0.022876223
29-01-2020,MAHARASHTRA,KOLHAPUR,0.519918093,0.137711158,0.113290333,0.030007309
29-01-2020,MAHARASHTRA,RAIGARH,0.589869715,0.144623198,0.120506477,0.029545562
29-01-2020,MAHARASHTRA,AMRAVATI,0.322110757,0.133830858,0.143855654,0.059769272
29-01-2020,MAHARASHTRA,NANDED,0.452750857,0.164056295,0.17734721,0.064262553
29-01-2020,MAHARASHTRA,SOLAPUR,0.282669012,0.144703009,0.149502454,0.076532814
29-01-2020,MAHARASHTRA,AHMADNAGAR,0.24033484,0.140129505,0.121138831,0.070631143
29-01-2020,MAHARASHTRA,THANE,0.489203616,0.159081755,0.123665449,0.040214169
29-01-2020,MAHARASHTRA,SANGLI,0.291680383,0.086009893,0.135571306,0.039976886
29-01-2020,MAHARASHTRA,WARDHA,0.659287303,0.141673035,0.264099426,0.056751839
29-01-2020,MAHARASHTRA,BULDANA,0.231989362,0.077089932,0.114004339,0.037883576
29-01-2020,MAHARASHTRA,SINDHUDURG,1.045337949,0.183352549,0.439137917,0.077024905
28-01-2020,MAHARASHTRA,WASHIM,0.285024393,0.05049929,0.167691586,0.029710812
28-01-2020,MAHARASHTRA,SATARA,0.360608919,0.130192388,0.109340173,0.039475613
28-01-2020,MAHARASHTRA,PUNE,0.366591687,0.196595712,0.137700244,0.073845858
28-01-2020,MAHARASHTRA,PARBHANI,0.211100284,0.045730728,0.090118245,0.019522347
28-01-2020,MAHARASHTRA,JALNA,0.219969039,0.058339397,0.096261344,0.025530087
28-01-2020,MAHARASHTRA,GONDIYA,1.072091218,0.1996679,0.32554066,0.060629188
28-01-2020,MAHARASHTRA,MUMBAI,0.014309701,7.31E-05,0.000268474,0.000001371
28-01-2020,MAHARASHTRA,NASHIK,0.283748467,0.150518536,0.135115227,0.071673854
28-01-2020,MAHARASHTRA,GARHCHIROLI,1.055852671,0.520753727,0.229059187,0.112973551
28-01-2020,MAHARASHTRA,RATNAGIRI,0.91874279,0.261213655,0.419560071,0.119287815
28-01-2020,MAHARASHTRA,OSMANABAD,0.279984553,0.072645913,0.12683657,0.032909524
28-01-2020,MAHARASHTRA,BID,0.233899256,0.088395033,0.112273696,0.042430392
28-01-2020,MAHARASHTRA,LATUR,0.226498355,0.05241372,0.111216099,0.025736388
28-01-2020,MAHARASHTRA,YAVATMAL,0.564033951,0.260321161,0.247073575,0.114032993
28-01-2020,MAHARASHTRA,BHANDARA,0.841088546,0.110476893,0.335264441,0.04403695
28-01-2020,MAHARASHTRA,MUMBAI SUBURBAN,0.226616625,0.003507487,0.023063066,0.000356962
28-01-2020,MAHARASHTRA,NANDURBAR,0.365536411,0.073376129,0.143465198,0.028798556
28-01-2020,MAHARASHTRA,NAGPUR,0.885521562,0.299099868,0.304069974,0.102704771
28-01-2020,MAHARASHTRA,CHANDRAPUR,0.91130931,0.351345946,0.360629585,0.139037033
28-01-2020,MAHARASHTRA,JALGAON,0.237318538,0.095120213,0.090350402,0.036213562
28-01-2020,MAHARASHTRA,HINGOLI,0.349073454,0.055911423,0.139551326,0.022352067
28-01-2020,MAHARASHTRA,AKOLA,0.291873207,0.053752646,0.146131688,0.026912251
28-01-2020,MAHARASHTRA,AURANGABAD,0.271627886,0.093740114,0.121540119,0.04194409
28-01-2020,MAHARASHTRA,DHULE,0.285694452,0.069872876,0.100915246,0.024681048
28-01-2020,MAHARASHTRA,KOLHAPUR,0.484126415,0.128230985,0.104581143,0.027700498
28-01-2020,MAHARASHTRA,RAIGARH,0.58320701,0.142989648,0.118475941,0.029047718
28-01-2020,MAHARASHTRA,AMRAVATI,0.367040386,0.15249826,0.165123297,0.068605571
28-01-2020,MAHARASHTRA,NANDED,0.517338079,0.187459763,0.202563276,0.073399707
28-01-2020,MAHARASHTRA,SOLAPUR,0.30866468,0.158010628,0.162575297,0.083225022
28-01-2020,MAHARASHTRA,AHMADNAGAR,0.265900134,0.155035591,0.133578755,0.077884358
28-01-2020,MAHARASHTRA,THANE,0.477320383,0.155217504,0.119201938,0.038762701
28-01-2020,MAHARASHTRA,SANGLI,0.300029649,0.088471901,0.13984337,0.04123662
28-01-2020,MAHARASHTRA,WARDHA,0.717737104,0.154233205,0.28643998,0.06155256
28-01-2020,MAHARASHTRA,BULDANA,0.239939629,0.079731801,0.117356307,0.038997433
28-01-2020,MAHARASHTRA,SINDHUDURG,0.992745996,0.174127907,0.410410941,0.071986186
27-01-2020,MAHARASHTRA,WASHIM,0.329114984,0.058311055,0.193475143,0.034279022
27-01-2020,MAHARASHTRA,SATARA,0.420349824,0.151760936,0.131193135,0.047365294
27-01-2020,MAHARASHTRA,PUNE,0.448585688,0.240567437,0.169589558,0.090947452
27-01-2020,MAHARASHTRA,PARBHANI,0.267763732,0.05800575,0.113739722,0.024639475
27-01-2020,MAHARASHTRA,JALNA,0.314440677,0.083394826,0.136818541,0.036286521
27-01-2020,MAHARASHTRA,GONDIYA,0.966704588,0.180040534,0.29989836,0.055853527
27-01-2020,MAHARASHTRA,MUMBAI,0.016986737,0.000086744,0.000325133,1.66E-06
27-01-2020,MAHARASHTRA,NASHIK,0.364399799,0.193301218,0.175603672,0.093151544
27-01-2020,MAHARASHTRA,GARHCHIROLI,1.097529058,0.541308805,0.236889326,0.116835429
27-01-2020,MAHARASHTRA,RATNAGIRI,1.021513084,0.290432937,0.477922387,0.135881179
27-01-2020,MAHARASHTRA,OSMANABAD,0.327372274,0.084941321,0.148685975,0.038578658
27-01-2020,MAHARASHTRA,BID,0.296347407,0.111995391,0.143265441,0.054142769
27-01-2020,MAHARASHTRA,LATUR,0.267001431,0.06178649,0.130970423,0.030307713
27-01-2020,MAHARASHTRA,YAVATMAL,0.597281028,0.275665836,0.26093477,0.120430414
27-01-2020,MAHARASHTRA,BHANDARA,0.813500109,0.106853155,0.323474431,0.042488333
27-01-2020,MAHARASHTRA,MUMBAI SUBURBAN,0.266011523,0.004117227,0.026844252,0.000415485
27-01-2020,MAHARASHTRA,NANDURBAR,0.467085287,0.093760591,0.183850729,0.036905365
27-01-2020,MAHARASHTRA,NAGPUR,0.904692531,0.305575187,0.306963299,0.10368204
27-01-2020,MAHARASHTRA,CHANDRAPUR,0.919082176,0.354342695,0.362356709,0.139702908
27-01-2020,MAHARASHTRA,JALGAON,0.332722888,0.13335946,0.125924452,0.050472082
27-01-2020,MAHARASHTRA,HINGOLI,0.406726959,0.065145839,0.161857792,0.025924915
27-01-2020,MAHARASHTRA,AKOLA,0.360809625,0.066448278,0.181001787,0.033334081
27-01-2020,MAHARASHTRA,AURANGABAD,0.389800746,0.134522146,0.174902536,0.060359722
27-01-2020,MAHARASHTRA,DHULE,0.395682398,0.096772853,0.140619798,0.034391672
27-01-2020,MAHARASHTRA,KOLHAPUR,0.565230527,0.149713102,0.124431911,0.032958389
27-01-2020,MAHARASHTRA,RAIGARH,0.676837637,0.165945837,0.138324834,0.033914235
27-01-2020,MAHARASHTRA,AMRAVATI,0.41236214,0.171328581,0.185733114,0.077168556
27-01-2020,MAHARASHTRA,NANDED,0.580162946,0.210224634,0.227223007,0.082335271
27-01-2020,MAHARASHTRA,SOLAPUR,0.358118996,0.183327121,0.188997408,0.096750944
27-01-2020,MAHARASHTRA,AHMADNAGAR,0.343898009,0.200512992,0.173803371,0.101337701
27-01-2020,MAHARASHTRA,THANE,0.57696808,0.187621456,0.146659358,0.047691446
27-01-2020,MAHARASHTRA,SANGLI,0.35599721,0.104975458,0.166846682,0.049199281
27-01-2020,MAHARASHTRA,WARDHA,0.725989826,0.156006617,0.291588983,0.06265902
27-01-2020,MAHARASHTRA,BULDANA,0.344553303,0.114494865,0.170479734,0.056650318
27-01-2020,MAHARASHTRA,SINDHUDURG,1.100639661,0.193052484,0.459634837,0.08062007
26-01-2020,MAHARASHTRA,WASHIM,0.332334091,0.058881401,0.196080307,0.034740593
26-01-2020,MAHARASHTRA,SATARA,0.4421759,0.159640911,0.137536393,0.049655431
26-01-2020,MAHARASHTRA,PUNE,0.465183071,0.249468279,0.17393315,0.093276833
26-01-2020,MAHARASHTRA,PARBHANI,0.261206631,0.056585283,0.111452872,0.024144074
26-01-2020,MAHARASHTRA,JALNA,0.314635199,0.083446416,0.136559057,0.036217702
26-01-2020,MAHARASHTRA,GONDIYA,0.891109198,0.165961533,0.280779071,0.052292722
26-01-2020,MAHARASHTRA,MUMBAI,0.018075334,0.000092303,0.000346504,1.77E-06
26-01-2020,MAHARASHTRA,NASHIK,0.392290634,0.208096321,0.188545273,0.100016605
26-01-2020,MAHARASHTRA,GARHCHIROLI,1.059199979,0.522404642,0.226880455,0.111898985
26-01-2020,MAHARASHTRA,RATNAGIRI,1.005456905,0.285867901,0.469267714,0.133420514
26-01-2020,MAHARASHTRA,OSMANABAD,0.309453626,0.080292076,0.141540469,0.036724657
26-01-2020,MAHARASHTRA,BID,0.291673034,0.110228856,0.14134787,0.053418082
26-01-2020,MAHARASHTRA,LATUR,0.24870356,0.057552201,0.121542846,0.028126088
26-01-2020,MAHARASHTRA,YAVATMAL,0.594442567,0.274355788,0.259424278,0.11973327
26-01-2020,MAHARASHTRA,BHANDARA,0.76235619,0.100135407,0.305235212,0.040092613
26-01-2020,MAHARASHTRA,MUMBAI SUBURBAN,0.301145319,0.004661015,0.030283627,0.000468719
26-01-2020,MAHARASHTRA,NANDURBAR,0.480411355,0.096435606,0.189205075,0.037980172
26-01-2020,MAHARASHTRA,NAGPUR,0.857331752,0.289578284,0.293709163,0.099205232
26-01-2020,MAHARASHTRA,CHANDRAPUR,0.925691007,0.356890662,0.36463785,0.140582379
26-01-2020,MAHARASHTRA,JALGAON,0.335394962,0.13443046,0.12662474,0.050752766
26-01-2020,MAHARASHTRA,HINGOLI,0.389487383,0.06238456,0.154817462,0.024797258
26-01-2020,MAHARASHTRA,AKOLA,0.376313256,0.069303495,0.188578664,0.034729471
26-01-2020,MAHARASHTRA,AURANGABAD,0.393744138,0.13588303,0.175515314,0.060571194
26-01-2020,MAHARASHTRA,DHULE,0.397482628,0.097213139,0.141320518,0.034563048
26-01-2020,MAHARASHTRA,KOLHAPUR,0.613357173,0.162460449,0.136008175,0.036024604
26-01-2020,MAHARASHTRA,RAIGARH,0.710044072,0.174087331,0.145268047,0.035616559
26-01-2020,MAHARASHTRA,AMRAVATI,0.442687313,0.183928111,0.199324242,0.08281541
26-01-2020,MAHARASHTRA,NANDED,0.555049697,0.201124736,0.217213507,0.078708284
26-01-2020,MAHARASHTRA,SOLAPUR,0.336693412,0.172359006,0.177586713,0.090909617
26-01-2020,MAHARASHTRA,AHMADNAGAR,0.339984751,0.198231329,0.170977378,0.09968998
26-01-2020,MAHARASHTRA,THANE,0.656717169,0.213554676,0.174009302,0.056585242
26-01-2020,MAHARASHTRA,SANGLI,0.360576832,0.106325884,0.168726265,0.049753527
26-01-2020,MAHARASHTRA,WARDHA,0.736941611,0.158360026,0.295645526,0.063530723
26-01-2020,MAHARASHTRA,BULDANA,0.350031983,0.116315427,0.17360686,0.05768946
26-01-2020,MAHARASHTRA,SINDHUDURG,1.161613039,0.20374723,0.485619259,0.085177745
25-01-2020,MAHARASHTRA,WASHIM,0.344002006,0.060948668,0.202805375,0.035932109
25-01-2020,MAHARASHTRA,SATARA,0.455026895,0.164280568,0.14308936,0.051660246
25-01-2020,MAHARASHTRA,PUNE,0.475249533,0.254866719,0.177070389,0.094959271
25-01-2020,MAHARASHTRA,PARBHANI,0.266496032,0.057731128,0.113787563,0.024649839
25-01-2020,MAHARASHTRA,JALNA,0.313963213,0.083268194,0.136091022,0.036093571
25-01-2020,MAHARASHTRA,GONDIYA,1.034762315,0.192715708,0.315685055,0.058793665
25-01-2020,MAHARASHTRA,MUMBAI,0.020782162,0.000106126,0.000363113,1.85E-06
25-01-2020,MAHARASHTRA,NASHIK,0.39491962,0.209490905,0.189727796,0.100643892
25-01-2020,MAHARASHTRA,GARHCHIROLI,1.101468607,0.543251817,0.237476991,0.117125269
25-01-2020,MAHARASHTRA,RATNAGIRI,1.009037744,0.286885993,0.480768782,0.136690456
25-01-2020,MAHARASHTRA,OSMANABAD,0.31169279,0.080873059,0.142109446,0.036872286
25-01-2020,MAHARASHTRA,BID,0.294388579,0.111255113,0.142780617,0.053959545
25-01-2020,MAHARASHTRA,LATUR,0.263860506,0.061059652,0.128946412,0.029839339
25-01-2020,MAHARASHTRA,YAVATMAL,0.626593052,0.289194348,0.273519053,0.126238496
25-01-2020,MAHARASHTRA,BHANDARA,0.835547273,0.109749048,0.331753336,0.043575766
25-01-2020,MAHARASHTRA,MUMBAI SUBURBAN,0.332568757,0.005147375,0.033603023,0.000520095
25-01-2020,MAHARASHTRA,NANDURBAR,0.471934808,0.094734062,0.185658093,0.037268167
25-01-2020,MAHARASHTRA,NAGPUR,0.929895655,0.314087968,0.316695339,0.106969201
25-01-2020,MAHARASHTRA,CHANDRAPUR,0.929707161,0.358439049,0.369319463,0.142387326
25-01-2020,MAHARASHTRA,JALGAON,0.331206626,0.132751723,0.125547409,0.050320958
25-01-2020,MAHARASHTRA,HINGOLI,0.40766825,0.065296607,0.161942324,0.025938454
25-01-2020,MAHARASHTRA,AKOLA,0.362212425,0.066706624,0.182913925,0.033686228
25-01-2020,MAHARASHTRA,AURANGABAD,0.388972293,0.134236243,0.172346838,0.059477738
25-01-2020,MAHARASHTRA,DHULE,0.386685518,0.094572468,0.13740921,0.033606451
25-01-2020,MAHARASHTRA,KOLHAPUR,0.638229719,0.169048462,0.141710507,0.037534985
25-01-2020,MAHARASHTRA,RAIGARH,0.72177044,0.176962381,0.1479563,0.03627566
25-01-2020,MAHARASHTRA,AMRAVATI,0.403338943,0.167579616,0.180833652,0.075132923
25-01-2020,MAHARASHTRA,NANDED,0.592909467,0.214843393,0.231768886,0.083982491
25-01-2020,MAHARASHTRA,SOLAPUR,0.34563293,0.176935295,0.181943187,0.09313977
25-01-2020,MAHARASHTRA,AHMADNAGAR,0.339716052,0.198074662,0.170585493,0.099461487
25-01-2020,MAHARASHTRA,THANE,0.656470554,0.213474481,0.172737636,0.056171715
25-01-2020,MAHARASHTRA,SANGLI,0.371380857,0.109511745,0.174132659,0.05134775
25-01-2020,MAHARASHTRA,WARDHA,0.762878967,0.163933657,0.30572388,0.065696442
25-01-2020,MAHARASHTRA,BULDANA,0.348792647,0.115903596,0.1727127,0.057392331
25-01-2020,MAHARASHTRA,SINDHUDURG,1.170445251,0.205296403,0.486817296,0.085387881
24-01-2020,MAHARASHTRA,WASHIM,0.339062365,0.060073486,0.199380175,0.035325248
24-01-2020,MAHARASHTRA,SATARA,0.463039345,0.167173341,0.145204933,0.052424041
24-01-2020,MAHARASHTRA,PUNE,0.477154294,0.255888204,0.176601023,0.094707559
24-01-2020,MAHARASHTRA,PARBHANI,0.261049433,0.056551229,0.111330982,0.024117669
24-01-2020,MAHARASHTRA,JALNA,0.311663832,0.082658361,0.135122361,0.035836667
24-01-2020,MAHARASHTRA,GONDIYA,1.035134748,0.192785071,0.315048229,0.058675062
24-01-2020,MAHARASHTRA,MUMBAI,0.021077624,0.000107634,0.000362199,1.85E-06
24-01-2020,MAHARASHTRA,NASHIK,0.390444546,0.207117037,0.18667562,0.099024821
24-01-2020,MAHARASHTRA,GARHCHIROLI,1.106482649,0.545724777,0.239201557,0.117975837
24-01-2020,MAHARASHTRA,RATNAGIRI,1.019215569,0.289779715,0.487090676,0.138487874
24-01-2020,MAHARASHTRA,OSMANABAD,0.328983147,0.085359284,0.15030236,0.038998052
24-01-2020,MAHARASHTRA,BID,0.300108443,0.113416759,0.145568886,0.055013285
24-01-2020,MAHARASHTRA,LATUR,0.264046259,0.061102637,0.128930635,0.029835688
24-01-2020,MAHARASHTRA,YAVATMAL,0.613294265,0.283056498,0.267129787,0.123289628
24-01-2020,MAHARASHTRA,BHANDARA,0.826980282,0.108623774,0.328110072,0.043097224
24-01-2020,MAHARASHTRA,MUMBAI SUBURBAN,0.322238523,0.004987487,0.032551696,0.000503823
24-01-2020,MAHARASHTRA,NANDURBAR,0.448745436,0.090079132,0.176500543,0.035429922
24-01-2020,MAHARASHTRA,NAGPUR,0.936993457,0.31648537,0.319080108,0.107774697
24-01-2020,MAHARASHTRA,CHANDRAPUR,0.901206513,0.347450917,0.359871604,0.138744802
24-01-2020,MAHARASHTRA,JALGAON,0.327989611,0.131462303,0.123867431,0.049647602
24-01-2020,MAHARASHTRA,HINGOLI,0.392680412,0.062895991,0.156107096,0.02500382
24-01-2020,MAHARASHTRA,AKOLA,0.372313788,0.068566935,0.187226918,0.034480528
24-01-2020,MAHARASHTRA,AURANGABAD,0.376591344,0.129963517,0.167224533,0.057710005
24-01-2020,MAHARASHTRA,DHULE,0.379337035,0.092775234,0.134774459,0.032962065
24-01-2020,MAHARASHTRA,KOLHAPUR,0.646192661,0.171157613,0.143361587,0.037972308
24-01-2020,MAHARASHTRA,RAIGARH,0.729297178,0.178807773,0.149165472,0.036572123
24-01-2020,MAHARASHTRA,AMRAVATI,0.426728442,0.177297505,0.190110278,0.078987184
24-01-2020,MAHARASHTRA,NANDED,0.57149814,0.207084903,0.223053204,0.080824324
24-01-2020,MAHARASHTRA,SOLAPUR,0.371059794,0.189951733,0.196046374,0.100359427
24-01-2020,MAHARASHTRA,AHMADNAGAR,0.33449541,0.195030717,0.168754294,0.098393789
24-01-2020,MAHARASHTRA,THANE,0.647852235,0.210671931,0.169678875,0.055177052
24-01-2020,MAHARASHTRA,SANGLI,0.371625888,0.109583999,0.174223802,0.051374626
24-01-2020,MAHARASHTRA,WARDHA,0.758131436,0.162913469,0.302379149,0.064977699
24-01-2020,MAHARASHTRA,BULDANA,0.347548684,0.115490228,0.171996542,0.057154352
24-01-2020,MAHARASHTRA,SINDHUDURG,1.186950329,0.208191398,0.493817207,0.086615667
23-01-2020,MAHARASHTRA,WASHIM,0.377807823,0.066938225,0.222644938,0.03944719
23-01-2020,MAHARASHTRA,SATARA,0.475170603,0.171553149,0.147691371,0.053321732
23-01-2020,MAHARASHTRA,PUNE,0.489797566,0.262668535,0.180625494,0.096865801
23-01-2020,MAHARASHTRA,PARBHANI,0.273336386,0.059212956,0.11650248,0.025237973
23-01-2020,MAHARASHTRA,JALNA,0.327435603,0.086841293,0.141295392,0.037473856
23-01-2020,MAHARASHTRA,GONDIYA,1.122439453,0.209044832,0.341251812,0.063555257
23-01-2020,MAHARASHTRA,MUMBAI,0.02429909,0.000124085,0.000394071,2.01E-06
23-01-2020,MAHARASHTRA,NASHIK,0.388611442,0.20614464,0.183807905,0.097503599
23-01-2020,MAHARASHTRA,GARHCHIROLI,1.092367361,0.538763021,0.234934863,0.115871474
23-01-2020,MAHARASHTRA,RATNAGIRI,1.029600168,0.292732227,0.486863669,0.138423332
23-01-2020,MAHARASHTRA,OSMANABAD,0.358905428,0.093123039,0.164419558,0.042660956
23-01-2020,MAHARASHTRA,BID,0.301183315,0.113822974,0.145139542,0.054851028
23-01-2020,MAHARASHTRA,LATUR,0.288791662,0.066828942,0.140781418,0.032578064
23-01-2020,MAHARASHTRA,YAVATMAL,0.641753195,0.296191277,0.279904072,0.129185402
23-01-2020,MAHARASHTRA,BHANDARA,0.887575047,0.11658289,0.3516453,0.046188574
23-01-2020,MAHARASHTRA,MUMBAI SUBURBAN,0.365295794,0.005653912,0.036890599,0.000570979
23-01-2020,MAHARASHTRA,NANDURBAR,0.439761747,0.088275787,0.17266003,0.034658995
23-01-2020,MAHARASHTRA,NAGPUR,0.950746606,0.321130729,0.321469674,0.108581814
23-01-2020,MAHARASHTRA,CHANDRAPUR,0.875981451,0.337725653,0.352128299,0.13575945
23-01-2020,MAHARASHTRA,JALGAON,0.326149595,0.130724802,0.123013684,0.04930541
23-01-2020,MAHARASHTRA,HINGOLI,0.422940289,0.067742744,0.168813451,0.027039009
23-01-2020,MAHARASHTRA,AKOLA,0.406460205,0.074855489,0.20521102,0.037792559
23-01-2020,MAHARASHTRA,AURANGABAD,0.379130127,0.130839664,0.166507712,0.057462627
23-01-2020,MAHARASHTRA,DHULE,0.359612754,0.087951227,0.127650576,0.031219762
23-01-2020,MAHARASHTRA,KOLHAPUR,0.658340331,0.174375177,0.146148565,0.038710498
23-01-2020,MAHARASHTRA,RAIGARH,0.756762628,0.185541702,0.155005748,0.038004031
23-01-2020,MAHARASHTRA,AMRAVATI,0.45258376,0.188039895,0.202477445,0.084125505
23-01-2020,MAHARASHTRA,NANDED,0.607316401,0.22006381,0.236835266,0.085818316
23-01-2020,MAHARASHTRA,SOLAPUR,0.396819343,0.203138478,0.210183073,0.107596241
23-01-2020,MAHARASHTRA,AHMADNAGAR,0.338260061,0.197225732,0.170540445,0.099435222
23-01-2020,MAHARASHTRA,THANE,0.68419598,0.222490378,0.181198395,0.058923029
23-01-2020,MAHARASHTRA,SANGLI,0.385997758,0.113821935,0.181159378,0.053419769
23-01-2020,MAHARASHTRA,WARDHA,0.757757314,0.162833074,0.301487087,0.064786005
23-01-2020,MAHARASHTRA,BULDANA,0.364802501,0.121223662,0.179898079,0.059780028
23-01-2020,MAHARASHTRA,SINDHUDURG,1.21428693,0.212986244,0.507346267,0.088988668
22-01-2020,MAHARASHTRA,WASHIM,0.374270379,0.066311477,0.220358914,0.039042163
22-01-2020,MAHARASHTRA,SATARA,0.494537744,0.178545361,0.15494776,0.055941542
22-01-2020,MAHARASHTRA,PUNE,0.501125929,0.268743707,0.185039318,0.099232846
22-01-2020,MAHARASHTRA,PARBHANI,0.289390032,0.062690663,0.123042156,0.026654665
22-01-2020,MAHARASHTRA,JALNA,0.340926731,0.090419361,0.146381656,0.038822816
22-01-2020,MAHARASHTRA,GONDIYA,1.055536189,0.196584666,0.317606386,0.059151497
22-01-2020,MAHARASHTRA,MUMBAI,0.024199464,0.000123576,0.000398847,2.04E-06
22-01-2020,MAHARASHTRA,NASHIK,0.416604393,0.220993911,0.198074362,0.105071451
22-01-2020,MAHARASHTRA,GARHCHIROLI,1.143705868,0.564083522,0.244840125,0.120756817
22-01-2020,MAHARASHTRA,RATNAGIRI,1.078446453,0.306620028,0.513866158,0.146100583
22-01-2020,MAHARASHTRA,OSMANABAD,0.366715757,0.095149538,0.168434056,0.043702574
22-01-2020,MAHARASHTRA,BID,0.314608913,0.118896766,0.151409691,0.057220638
22-01-2020,MAHARASHTRA,LATUR,0.300988781,0.069651463,0.14757505,0.03415017
22-01-2020,MAHARASHTRA,YAVATMAL,0.630570684,0.291030162,0.2745025,0.12669239
22-01-2020,MAHARASHTRA,BHANDARA,0.860853545,0.113073024,0.341334973,0.044834313
22-01-2020,MAHARASHTRA,MUMBAI SUBURBAN,0.369572119,0.005720099,0.037369303,0.000578388
22-01-2020,MAHARASHTRA,NANDURBAR,0.516116226,0.103602841,0.202623765,0.04067378
22-01-2020,MAHARASHTRA,NAGPUR,0.935524432,0.315989182,0.319355299,0.107867648
22-01-2020,MAHARASHTRA,CHANDRAPUR,0.953731456,0.367701369,0.373188287,0.143878912
22-01-2020,MAHARASHTRA,JALGAON,0.364171228,0.145964344,0.137661797,0.055176555
22-01-2020,MAHARASHTRA,HINGOLI,0.431728684,0.069150389,0.172694887,0.027660702
22-01-2020,MAHARASHTRA,AKOLA,0.407386949,0.075026162,0.205022355,0.037757813
22-01-2020,MAHARASHTRA,AURANGABAD,0.405452475,0.139923635,0.177683198,0.061319342
22-01-2020,MAHARASHTRA,DHULE,0.427759611,0.104618043,0.152063781,0.03719055
22-01-2020,MAHARASHTRA,KOLHAPUR,0.682402998,0.180748677,0.152351549,0.040353487
22-01-2020,MAHARASHTRA,RAIGARH,0.768418882,0.188399562,0.157387775,0.038588052
22-01-2020,MAHARASHTRA,AMRAVATI,0.452801298,0.188130278,0.202375887,0.08408331
22-01-2020,MAHARASHTRA,NANDED,0.61362092,0.22234828,0.23974858,0.086873968
22-01-2020,MAHARASHTRA,SOLAPUR,0.399815821,0.204672426,0.212038709,0.108546172
22-01-2020,MAHARASHTRA,AHMADNAGAR,0.349757781,0.203929587,0.176661741,0.103004302
22-01-2020,MAHARASHTRA,THANE,0.709825161,0.230824607,0.18742954,0.060949305
22-01-2020,MAHARASHTRA,SANGLI,0.402189425,0.118596489,0.188738532,0.055654688
22-01-2020,MAHARASHTRA,WARDHA,0.782955642,0.168247896,0.310289788,0.066677601
22-01-2020,MAHARASHTRA,BULDANA,0.384873628,0.127893286,0.189890575,0.063100529
22-01-2020,MAHARASHTRA,SINDHUDURG,1.247758065,0.21885709,0.521262728,0.091429619
21-01-2020,MAHARASHTRA,WASHIM,0.412817205,0.073141024,0.243362395,0.043117812
21-01-2020,MAHARASHTRA,SATARA,0.517037292,0.186668482,0.163310386,0.058960741
21-01-2020,MAHARASHTRA,PUNE,0.527367317,0.282816433,0.196879907,0.105582715
21-01-2020,MAHARASHTRA,PARBHANI,0.315755323,0.068402185,0.134159457,0.02906301
21-01-2020,MAHARASHTRA,JALNA,0.387586515,0.102794302,0.166277199,0.044099441
21-01-2020,MAHARASHTRA,GONDIYA,1.046385717,0.194880469,0.320996307,0.059782841
21-01-2020,MAHARASHTRA,MUMBAI,0.021753309,0.000111085,0.000392267,2.00E-06
21-01-2020,MAHARASHTRA,NASHIK,0.43512096,0.230816296,0.209260323,0.111005208
21-01-2020,MAHARASHTRA,GARHCHIROLI,1.175500467,0.579764835,0.253229324,0.124894427
21-01-2020,MAHARASHTRA,RATNAGIRI,1.121927588,0.318982428,0.52817962,0.150170135
21-01-2020,MAHARASHTRA,OSMANABAD,0.376788347,0.097763012,0.173915265,0.045124751
21-01-2020,MAHARASHTRA,BID,0.350533469,0.132473348,0.169043578,0.063884823
21-01-2020,MAHARASHTRA,LATUR,0.323427947,0.074844084,0.1582688,0.036624798
21-01-2020,MAHARASHTRA,YAVATMAL,0.674610093,0.311355872,0.293907619,0.135648523
21-01-2020,MAHARASHTRA,BHANDARA,0.909733063,0.119493343,0.359487368,0.047218628
21-01-2020,MAHARASHTRA,MUMBAI SUBURBAN,0.324399018,0.005020927,0.03267744,0.000505769
21-01-2020,MAHARASHTRA,NANDURBAR,0.515155548,0.103409998,0.201678938,0.040484119
21-01-2020,MAHARASHTRA,NAGPUR,1.001532915,0.338284663,0.335304298,0.113254692
21-01-2020,MAHARASHTRA,CHANDRAPUR,1.046623459,0.403514927,0.409285981,0.157796007
21-01-2020,MAHARASHTRA,JALGAON,0.399397164,0.160083336,0.15055463,0.060344163
21-01-2020,MAHARASHTRA,HINGOLI,0.453974406,0.072713507,0.182926987,0.029299587
21-01-2020,MAHARASHTRA,AKOLA,0.435837909,0.080265815,0.220544093,0.040616364
21-01-2020,MAHARASHTRA,AURANGABAD,0.452818078,0.156269736,0.199685012,0.068912276
21-01-2020,MAHARASHTRA,DHULE,0.439345354,0.107451592,0.155850851,0.038116761
21-01-2020,MAHARASHTRA,KOLHAPUR,0.67727276,0.179389826,0.150654993,0.039904119
21-01-2020,MAHARASHTRA,RAIGARH,0.784260594,0.192283604,0.159789572,0.039176921
21-01-2020,MAHARASHTRA,AMRAVATI,0.470040353,0.195292776,0.210078499,0.087283598
21-01-2020,MAHARASHTRA,NANDED,0.642179578,0.232696637,0.251107445,0.090989904
21-01-2020,MAHARASHTRA,SOLAPUR,0.403771594,0.206697452,0.214654647,0.109885315
21-01-2020,MAHARASHTRA,AHMADNAGAR,0.382242786,0.222870277,0.194665973,0.11350184
21-01-2020,MAHARASHTRA,THANE,0.668196527,0.217287593,0.170155169,0.055331936
21-01-2020,MAHARASHTRA,SANGLI,0.401256118,0.118321278,0.187652174,0.055334346
21-01-2020,MAHARASHTRA,WARDHA,0.813726453,0.174860179,0.322558814,0.06931407
21-01-2020,MAHARASHTRA,BULDANA,0.408761409,0.135831182,0.201656017,0.067010179
21-01-2020,MAHARASHTRA,SINDHUDURG,1.240286294,0.21754654,0.515052011,0.090340257
20-01-2020,MAHARASHTRA,WASHIM,0.388694134,0.068867011,0.229114766,0.040593484
20-01-2020,MAHARASHTRA,SATARA,0.526446432,0.19006551,0.165050384,0.059588941
20-01-2020,MAHARASHTRA,PUNE,0.524551178,0.281306195,0.193039511,0.103523188
20-01-2020,MAHARASHTRA,PARBHANI,0.317815971,0.068848584,0.135024845,0.029250479
20-01-2020,MAHARASHTRA,JALNA,0.368788111,0.097808656,0.157866359,0.041868748
20-01-2020,MAHARASHTRA,GONDIYA,1.116452358,0.207929786,0.333152851,0.062046894
20-01-2020,MAHARASHTRA,MUMBAI,0.024270277,0.000123938,0.000409023,2.09E-06
20-01-2020,MAHARASHTRA,NASHIK,0.436789871,0.231701594,0.208126075,0.110403529
20-01-2020,MAHARASHTRA,GARHCHIROLI,1.179987061,0.581977653,0.253216018,0.124887864
20-01-2020,MAHARASHTRA,RATNAGIRI,1.175948697,0.334341516,0.558305925,0.158735538
20-01-2020,MAHARASHTRA,OSMANABAD,0.384719066,0.099820749,0.179784138,0.046647512
20-01-2020,MAHARASHTRA,BID,0.350924681,0.132621194,0.169011107,0.063872552
20-01-2020,MAHARASHTRA,LATUR,0.328074095,0.075919244,0.160088336,0.037045855
20-01-2020,MAHARASHTRA,YAVATMAL,0.657399351,0.30341252,0.284692403,0.131395382
20-01-2020,MAHARASHTRA,BHANDARA,0.848583474,0.111461351,0.33969852,0.044619365
20-01-2020,MAHARASHTRA,MUMBAI SUBURBAN,0.370689362,0.005737391,0.037421219,0.000579192
20-01-2020,MAHARASHTRA,NANDURBAR,0.477026311,0.095756108,0.186470444,0.037431235
20-01-2020,MAHARASHTRA,NAGPUR,0.90463587,0.305556049,0.3101556,0.104760294
20-01-2020,MAHARASHTRA,CHANDRAPUR,1.051976527,0.405578748,0.40801263,0.15730508
20-01-2020,MAHARASHTRA,JALGAON,0.377196098,0.151184873,0.141822034,0.05684403
20-01-2020,MAHARASHTRA,HINGOLI,0.440380643,0.070536181,0.177235303,0.028387945
20-01-2020,MAHARASHTRA,AKOLA,0.414284877,0.076296514,0.208927947,0.038477084
20-01-2020,MAHARASHTRA,AURANGABAD,0.431417346,0.148884239,0.190838025,0.065859137
20-01-2020,MAHARASHTRA,DHULE,0.411291394,0.100590377,0.146137116,0.035741053
20-01-2020,MAHARASHTRA,KOLHAPUR,0.728476768,0.192952276,0.163882058,0.043407584
20-01-2020,MAHARASHTRA,RAIGARH,0.803144841,0.19691361,0.163351405,0.040050204
20-01-2020,MAHARASHTRA,AMRAVATI,0.447651061,0.185990453,0.198517146,0.082480077
20-01-2020,MAHARASHTRA,NANDED,0.648649125,0.235040907,0.253212992,0.091752858
20-01-2020,MAHARASHTRA,SOLAPUR,0.414183385,0.212027423,0.22004342,0.112643918
20-01-2020,MAHARASHTRA,AHMADNAGAR,0.385162111,0.224572417,0.196700281,0.114687962
20-01-2020,MAHARASHTRA,THANE,0.71655769,0.233013925,0.18702451,0.060817595
20-01-2020,MAHARASHTRA,SANGLI,0.413429302,0.121910872,0.192971416,0.056902869
20-01-2020,MAHARASHTRA,WARDHA,0.769827898,0.1654269,0.305258759,0.065596493
20-01-2020,MAHARASHTRA,BULDANA,0.382066638,0.126960524,0.187973268,0.062463409
20-01-2020,MAHARASHTRA,SINDHUDURG,1.340364682,0.235100315,0.563033201,0.09875617
19-01-2020,MAHARASHTRA,WASHIM,0.419884923,0.074393249,0.247929789,0.043927042
19-01-2020,MAHARASHTRA,SATARA,0.542725564,0.195942844,0.168840102,0.060957161
19-01-2020,MAHARASHTRA,PUNE,0.53450288,0.286643091,0.197290658,0.105802992
19-01-2020,MAHARASHTRA,PARBHANI,0.345229705,0.074787231,0.146339866,0.031701656
19-01-2020,MAHARASHTRA,JALNA,0.368076462,0.097619915,0.157795735,0.041850017
19-01-2020,MAHARASHTRA,GONDIYA,1.118675579,0.208343842,0.333737632,0.062155804
19-01-2020,MAHARASHTRA,MUMBAI,0.03062558,0.000156392,0.000450601,0.000002301
19-01-2020,MAHARASHTRA,NASHIK,0.432993956,0.229687995,0.204720149,0.108596806
19-01-2020,MAHARASHTRA,GARHCHIROLI,1.27826354,0.630448282,0.273932257,0.135105254
19-01-2020,MAHARASHTRA,RATNAGIRI,1.237133879,0.351737467,0.587191177,0.16694809
19-01-2020,MAHARASHTRA,OSMANABAD,0.37553751,0.097438465,0.176612471,0.045824579
19-01-2020,MAHARASHTRA,BID,0.363591501,0.13740823,0.175401797,0.066287717
19-01-2020,MAHARASHTRA,LATUR,0.328135035,0.075933346,0.161228248,0.037309641
19-01-2020,MAHARASHTRA,YAVATMAL,0.684569589,0.315952523,0.29667091,0.136923877
19-01-2020,MAHARASHTRA,BHANDARA,0.844703221,0.110951681,0.335049589,0.044008729
19-01-2020,MAHARASHTRA,MUMBAI SUBURBAN,0.44062955,0.006819899,0.044753249,0.000692674
19-01-2020,MAHARASHTRA,NANDURBAR,0.465323812,0.093407001,0.181937686,0.03652135
19-01-2020,MAHARASHTRA,NAGPUR,0.93583243,0.316093214,0.317272353,0.107164098
19-01-2020,MAHARASHTRA,CHANDRAPUR,1.049267663,0.404534373,0.409317955,0.157808334
19-01-2020,MAHARASHTRA,JALGAON,0.355864844,0.142635042,0.133953761,0.053690329
19-01-2020,MAHARASHTRA,HINGOLI,0.449121218,0.071936168,0.182607938,0.029248485
19-01-2020,MAHARASHTRA,AKOLA,0.432762786,0.079699487,0.219072879,0.040345419
19-01-2020,MAHARASHTRA,AURANGABAD,0.412979882,0.14252138,0.182889579,0.063116089
19-01-2020,MAHARASHTRA,DHULE,0.38361979,0.093822677,0.136371924,0.03335276
19-01-2020,MAHARASHTRA,KOLHAPUR,0.736892398,0.195181331,0.165666413,0.043880207
19-01-2020,MAHARASHTRA,RAIGARH,0.824224957,0.202081995,0.168061725,0.041205072
19-01-2020,MAHARASHTRA,AMRAVATI,0.464301722,0.192908484,0.20682529,0.085931952
19-01-2020,MAHARASHTRA,NANDED,0.657581044,0.238277427,0.257785904,0.093409873
19-01-2020,MAHARASHTRA,SOLAPUR,0.404949615,0.207300501,0.214768727,0.109943714
19-01-2020,MAHARASHTRA,AHMADNAGAR,0.383606564,0.223665441,0.196080708,0.114326714
19-01-2020,MAHARASHTRA,THANE,0.762625916,0.247994629,0.201643489,0.06557147
19-01-2020,MAHARASHTRA,SANGLI,0.41904552,0.123566967,0.195419729,0.057624821
19-01-2020,MAHARASHTRA,WARDHA,0.788357718,0.169408739,0.31253858,0.06716084
19-01-2020,MAHARASHTRA,BULDANA,0.376025135,0.124952936,0.185219277,0.06154826
19-01-2020,MAHARASHTRA,SINDHUDURG,1.368712102,0.24007246,0.572076445,0.100342358
18-01-2020,MAHARASHTRA,WASHIM,0.441324158,0.078191752,0.261657618,0.046359274
18-01-2020,MAHARASHTRA,SATARA,0.566939279,0.204684839,0.178707124,0.0645195
18-01-2020,MAHARASHTRA,PUNE,0.556063738,0.298205744,0.207123839,0.111076328
18-01-2020,MAHARASHTRA,PARBHANI,0.350020023,0.075824959,0.148024331,0.032066562
18-01-2020,MAHARASHTRA,JALNA,0.376287877,0.099797717,0.160628717,0.042601371
18-01-2020,MAHARASHTRA,GONDIYA,1.145638378,0.213365435,0.343819476,0.064033463
18-01-2020,MAHARASHTRA,MUMBAI,0.034357969,0.000175451,0.000472372,2.41E-06
18-01-2020,MAHARASHTRA,NASHIK,0.438746902,0.23273973,0.208710408,0.110713497
18-01-2020,MAHARASHTRA,GARHCHIROLI,1.3212136,0.651631544,0.282253597,0.139209396
18-01-2020,MAHARASHTRA,RATNAGIRI,1.312547815,0.373178887,0.625959087,0.177970443
18-01-2020,MAHARASHTRA,OSMANABAD,0.416210901,0.107991746,0.196859091,0.051077848
18-01-2020,MAHARASHTRA,BID,0.373301202,0.141077712,0.180672861,0.068279753
18-01-2020,MAHARASHTRA,LATUR,0.34680232,0.08025312,0.170333884,0.039416765
18-01-2020,MAHARASHTRA,YAVATMAL,0.671073506,0.309723615,0.290400627,0.134029925
18-01-2020,MAHARASHTRA,BHANDARA,0.946128788,0.124273918,0.37635693,0.049434444
18-01-2020,MAHARASHTRA,MUMBAI SUBURBAN,0.462975413,0.00716576,0.047028552,0.00072789
18-01-2020,MAHARASHTRA,NANDURBAR,0.485696746,0.097496572,0.189571635,0.038053754
18-01-2020,MAHARASHTRA,NAGPUR,0.958576802,0.32377551,0.323880731,0.109396189
18-01-2020,MAHARASHTRA,CHANDRAPUR,1.012722799,0.390444876,0.39380888,0.15182897
18-01-2020,MAHARASHTRA,JALGAON,0.370019358,0.148308347,0.139527533,0.055924365
18-01-2020,MAHARASHTRA,HINGOLI,0.473086112,0.075774647,0.191307699,0.030641934
18-01-2020,MAHARASHTRA,AKOLA,0.455995515,0.083978128,0.231152586,0.042570071
18-01-2020,MAHARASHTRA,AURANGABAD,0.427291062,0.147460238,0.187864616,0.064832999
18-01-2020,MAHARASHTRA,DHULE,0.408562979,0.099923083,0.144995892,0.035461942
18-01-2020,MAHARASHTRA,KOLHAPUR,0.761885951,0.201801396,0.173374998,0.045921987
18-01-2020,MAHARASHTRA,RAIGARH,0.831971049,0.203981168,0.169918199,0.041660239
18-01-2020,MAHARASHTRA,AMRAVATI,0.478733533,0.198904626,0.214023956,0.08892286
18-01-2020,MAHARASHTRA,NANDED,0.672902189,0.243829113,0.26299526,0.095297507
18-01-2020,MAHARASHTRA,SOLAPUR,0.447807767,0.229240308,0.237234526,0.121444333
18-01-2020,MAHARASHTRA,AHMADNAGAR,0.398732447,0.23248473,0.204941216,0.119492917
18-01-2020,MAHARASHTRA,THANE,0.762307457,0.247891071,0.200544751,0.065214177
18-01-2020,MAHARASHTRA,SANGLI,0.437361947,0.128968063,0.203816597,0.060100866
18-01-2020,MAHARASHTRA,WARDHA,0.74268877,0.159595023,0.292573946,0.062870677
18-01-2020,MAHARASHTRA,BULDANA,0.389303904,0.129365464,0.19189229,0.063765698
18-01-2020,MAHARASHTRA,SINDHUDURG,1.407444739,0.246866175,0.588554359,0.103232588
17-01-2020,MAHARASHTRA,WASHIM,0.420693435,0.074536497,0.249727669,0.044245582
17-01-2020,MAHARASHTRA,SATARA,0.555834465,0.200675614,0.176362708,0.063673084
17-01-2020,MAHARASHTRA,PUNE,0.525074344,0.281586758,0.197862785,0.106109813
17-01-2020,MAHARASHTRA,PARBHANI,0.336600822,0.072917953,0.142273816,0.030820826
17-01-2020,MAHARASHTRA,JALNA,0.349812455,0.092776001,0.149103091,0.039544586
17-01-2020,MAHARASHTRA,GONDIYA,1.144197395,0.213097064,0.33887935,0.063113406
17-01-2020,MAHARASHTRA,MUMBAI,0.026184697,0.000133714,0.000428231,2.19E-06
17-01-2020,MAHARASHTRA,NASHIK,0.404254341,0.214442645,0.192340528,0.102029854
17-01-2020,MAHARASHTRA,GARHCHIROLI,1.31608466,0.649101916,0.280801611,0.138493267
17-01-2020,MAHARASHTRA,RATNAGIRI,1.258661304,0.357858068,0.591738491,0.168240966
17-01-2020,MAHARASHTRA,OSMANABAD,0.412965539,0.107149692,0.195314269,0.050677022
17-01-2020,MAHARASHTRA,BID,0.356265558,0.134639614,0.172432942,0.065165729
17-01-2020,MAHARASHTRA,LATUR,0.344122473,0.07963298,0.169010375,0.039110494
17-01-2020,MAHARASHTRA,YAVATMAL,0.684161822,0.315764325,0.295871555,0.136554948
17-01-2020,MAHARASHTRA,BHANDARA,0.884031307,0.116117421,0.34975335,0.045940066
17-01-2020,MAHARASHTRA,MUMBAI SUBURBAN,0.391640321,0.006061662,0.039319645,0.000608575
17-01-2020,MAHARASHTRA,NANDURBAR,0.475633443,0.095476509,0.185615001,0.037259517
17-01-2020,MAHARASHTRA,NAGPUR,0.964968946,0.325934565,0.325290288,0.10987229
17-01-2020,MAHARASHTRA,CHANDRAPUR,0.981733895,0.378497422,0.381516294,0.147089689
17-01-2020,MAHARASHTRA,JALGAON,0.336701814,0.134954263,0.126651802,0.050763613
17-01-2020,MAHARASHTRA,HINGOLI,0.454773472,0.072841494,0.183074311,0.029323184
17-01-2020,MAHARASHTRA,AKOLA,0.428404198,0.07889679,0.217063673,0.039975395
17-01-2020,MAHARASHTRA,AURANGABAD,0.391142274,0.134985114,0.1712055,0.059083856
17-01-2020,MAHARASHTRA,DHULE,0.369723657,0.090424071,0.130980854,0.032034255
17-01-2020,MAHARASHTRA,KOLHAPUR,0.734298619,0.194494315,0.168664708,0.044674368
17-01-2020,MAHARASHTRA,RAIGARH,0.781039119,0.191493769,0.159635394,0.039139119
17-01-2020,MAHARASHTRA,AMRAVATI,0.456748523,0.189770275,0.201607362,0.083764002
17-01-2020,MAHARASHTRA,NANDED,0.665084073,0.240996183,0.259851574,0.094158378
17-01-2020,MAHARASHTRA,SOLAPUR,0.451040958,0.230895432,0.238285259,0.121982222
17-01-2020,MAHARASHTRA,AHMADNAGAR,0.374622166,0.218427002,0.193027861,0.112546723
17-01-2020,MAHARASHTRA,THANE,0.682580831,0.221965155,0.176104636,0.057266614
17-01-2020,MAHARASHTRA,SANGLI,0.439492485,0.12959631,0.205116589,0.060484204
17-01-2020,MAHARASHTRA,WARDHA,0.774838694,0.166503661,0.30590755,0.06573591
17-01-2020,MAHARASHTRA,BULDANA,0.365071184,0.121312945,0.179429078,0.05962418
17-01-2020,MAHARASHTRA,SINDHUDURG,1.364229573,0.239286223,0.568259815,0.09967292
16-01-2020,MAHARASHTRA,WASHIM,0.463414492,0.082105615,0.276855315,0.049051931
16-01-2020,MAHARASHTRA,SATARA,0.551703256,0.199184104,0.17750962,0.064087159
16-01-2020,MAHARASHTRA,PUNE,0.503646976,0.270095694,0.191628781,0.102766642
16-01-2020,MAHARASHTRA,PARBHANI,0.356026421,0.077126127,0.150641633,0.032633549
16-01-2020,MAHARASHTRA,JALNA,0.349216556,0.092617959,0.148683034,0.03943318
16-01-2020,MAHARASHTRA,GONDIYA,1.282235001,0.238805398,0.385840471,0.071859517
16-01-2020,MAHARASHTRA,MUMBAI,0.01969554,0.000100577,0.000377319,1.93E-06
16-01-2020,MAHARASHTRA,NASHIK,0.386330801,0.20493484,0.185068096,0.098172086
16-01-2020,MAHARASHTRA,GARHCHIROLI,1.323694593,0.652855187,0.285560684,0.140840474
16-01-2020,MAHARASHTRA,RATNAGIRI,1.196313837,0.34013166,0.557763056,0.158581192
16-01-2020,MAHARASHTRA,OSMANABAD,0.421057067,0.109249152,0.199244643,0.051696812
16-01-2020,MAHARASHTRA,BID,0.34421673,0.13008613,0.165240438,0.062447543
16-01-2020,MAHARASHTRA,LATUR,0.357803979,0.082799002,0.176036743,0.040736457
16-01-2020,MAHARASHTRA,YAVATMAL,0.740124174,0.341592884,0.320618375,0.14797646
16-01-2020,MAHARASHTRA,BHANDARA,0.997058635,0.130963548,0.393605334,0.05170002
16-01-2020,MAHARASHTRA,MUMBAI SUBURBAN,0.281966863,0.004364178,0.027914941,0.000432057
16-01-2020,MAHARASHTRA,NANDURBAR,0.461543733,0.092648205,0.17959622,0.036051334
16-01-2020,MAHARASHTRA,NAGPUR,1.014271958,0.34258749,0.342345847,0.115633094
16-01-2020,MAHARASHTRA,CHANDRAPUR,1.139550262,0.439341902,0.441152164,0.170081687
16-01-2020,MAHARASHTRA,JALGAON,0.358567774,0.14371841,0.135235184,0.054203939
16-01-2020,MAHARASHTRA,HINGOLI,0.479951696,0.076874314,0.19324761,0.030952651
16-01-2020,MAHARASHTRA,AKOLA,0.481891877,0.088747315,0.245788231,0.045265435
16-01-2020,MAHARASHTRA,AURANGABAD,0.383700084,0.132416778,0.166729826,0.057539279
16-01-2020,MAHARASHTRA,DHULE,0.375048722,0.091726433,0.131954108,0.032272286
16-01-2020,MAHARASHTRA,KOLHAPUR,0.731279795,0.193694716,0.168810179,0.044712899
16-01-2020,MAHARASHTRA,RAIGARH,0.708542418,0.173719158,0.14445731,0.035417784
16-01-2020,MAHARASHTRA,AMRAVATI,0.50322539,0.209080524,0.22391389,0.093031938
16-01-2020,MAHARASHTRA,NANDED,0.718003722,0.260171855,0.281483337,0.101996744
16-01-2020,MAHARASHTRA,SOLAPUR,0.445910955,0.228269298,0.236566199,0.121102206
16-01-2020,MAHARASHTRA,AHMADNAGAR,0.357201092,0.20826948,0.184289795,0.10745191
16-01-2020,MAHARASHTRA,THANE,0.588183009,0.191268385,0.147035008,0.047813602
16-01-2020,MAHARASHTRA,SANGLI,0.447529844,0.131966344,0.209587423,0.061802551
16-01-2020,MAHARASHTRA,WARDHA,0.847816605,0.18218575,0.335537772,0.072103094
16-01-2020,MAHARASHTRA,BULDANA,0.389578539,0.129456725,0.191597365,0.063667694
16-01-2020,MAHARASHTRA,SINDHUDURG,1.354271561,0.237539585,0.561242408,0.098442065
15-01-2020,MAHARASHTRA,WASHIM,0.519409461,0.092026541,0.310849926,0.055074937
15-01-2020,MAHARASHTRA,SATARA,0.617137135,0.222808014,0.200784451,0.072490184
15-01-2020,MAHARASHTRA,PUNE,0.587822188,0.315237158,0.22546519,0.120912425
15-01-2020,MAHARASHTRA,PARBHANI,0.423451175,0.091732375,0.179281931,0.038837907
15-01-2020,MAHARASHTRA,JALNA,0.458152846,0.12150965,0.194949583,0.051703827
15-01-2020,MAHARASHTRA,GONDIYA,1.126440487,0.209789991,0.334526743,0.06230277
15-01-2020,MAHARASHTRA,MUMBAI,0.020929514,0.000106878,0.000398052,2.03E-06
15-01-2020,MAHARASHTRA,NASHIK,0.462108155,0.245132049,0.224396798,0.119034573
15-01-2020,MAHARASHTRA,GARHCHIROLI,1.402248136,0.691598329,0.300348207,0.148133781
15-01-2020,MAHARASHTRA,RATNAGIRI,1.232844292,0.350517868,0.571569218,0.16250651
15-01-2020,MAHARASHTRA,OSMANABAD,0.480309681,0.124623072,0.228883177,0.059386945
15-01-2020,MAHARASHTRA,BID,0.437732351,0.165427484,0.212663025,0.080369452
15-01-2020,MAHARASHTRA,LATUR,0.405712345,0.093885421,0.200595063,0.046419469
15-01-2020,MAHARASHTRA,YAVATMAL,0.764940032,0.35304626,0.331787597,0.153131442
15-01-2020,MAHARASHTRA,BHANDARA,0.900924488,0.118336338,0.356874939,0.046875486
15-01-2020,MAHARASHTRA,MUMBAI SUBURBAN,0.29802521,0.004612723,0.0295444,0.000457277
15-01-2020,MAHARASHTRA,NANDURBAR,0.531195544,0.106629795,0.206904909,0.041533157
15-01-2020,MAHARASHTRA,NAGPUR,1.00002605,0.337775694,0.335769528,0.113411831
15-01-2020,MAHARASHTRA,CHANDRAPUR,1.161447868,0.447784299,0.449050987,0.173126997
15-01-2020,MAHARASHTRA,JALGAON,0.443683452,0.17783383,0.167590735,0.067172445
15-01-2020,MAHARASHTRA,HINGOLI,0.527958794,0.084563656,0.212698906,0.034068184
15-01-2020,MAHARASHTRA,AKOLA,0.535103932,0.09854708,0.274764211,0.050601779
15-01-2020,MAHARASHTRA,AURANGABAD,0.512127829,0.176737822,0.223991455,0.077300548
15-01-2020,MAHARASHTRA,DHULE,0.437300848,0.106951563,0.154774449,0.037853504
15-01-2020,MAHARASHTRA,KOLHAPUR,0.787256864,0.208521411,0.18132187,0.048026882
15-01-2020,MAHARASHTRA,RAIGARH,0.754058441,0.184878695,0.152532274,0.037397589
15-01-2020,MAHARASHTRA,AMRAVATI,0.519270735,0.215747058,0.230319697,0.095693429
15-01-2020,MAHARASHTRA,NANDED,0.769362072,0.278781782,0.304574348,0.110363875
15-01-2020,MAHARASHTRA,SOLAPUR,0.500789685,0.25636264,0.265477725,0.135902501
15-01-2020,MAHARASHTRA,AHMADNAGAR,0.465304835,0.271300391,0.242271205,0.141258521
15-01-2020,MAHARASHTRA,THANE,0.660990873,0.214944421,0.168785796,0.054886636
15-01-2020,MAHARASHTRA,SANGLI,0.498504789,0.146997693,0.234568469,0.069168892
15-01-2020,MAHARASHTRA,WARDHA,0.850922118,0.182853088,0.336482886,0.072306188
15-01-2020,MAHARASHTRA,BULDANA,0.474374186,0.15763427,0.233172522,0.077483095
15-01-2020,MAHARASHTRA,SINDHUDURG,1.401416866,0.245808884,0.573023259,0.100508429
14-01-2020,MAHARASHTRA,WASHIM,0.535082387,0.094803397,0.319288744,0.056570088
14-01-2020,MAHARASHTRA,SATARA,0.626810473,0.226300426,0.199418911,0.071997177
14-01-2020,MAHARASHTRA,PUNE,0.572209488,0.306864383,0.211547002,0.113448382
14-01-2020,MAHARASHTRA,PARBHANI,0.428108443,0.092741281,0.180593627,0.03912206
14-01-2020,MAHARASHTRA,JALNA,0.428618285,0.1136766,0.183321437,0.048619852
14-01-2020,MAHARASHTRA,GONDIYA,1.117673657,0.208157243,0.334368777,0.06227335
14-01-2020,MAHARASHTRA,MUMBAI,0.023683384,0.000120941,0.000452625,2.31E-06
14-01-2020,MAHARASHTRA,NASHIK,0.423528394,0.224666849,0.195861632,0.103897675
14-01-2020,MAHARASHTRA,GARHCHIROLI,1.269533765,0.626142697,0.270488378,0.13340671
14-01-2020,MAHARASHTRA,RATNAGIRI,1.304921454,0.371010588,0.6078315,0.172816472
14-01-2020,MAHARASHTRA,OSMANABAD,0.492393122,0.12775829,0.234507338,0.060846213
14-01-2020,MAHARASHTRA,BID,0.439495652,0.16609387,0.212481172,0.080300726
14-01-2020,MAHARASHTRA,LATUR,0.427281994,0.098876828,0.20976123,0.048540602
14-01-2020,MAHARASHTRA,YAVATMAL,0.767191712,0.354085488,0.331635471,0.153061231
14-01-2020,MAHARASHTRA,BHANDARA,0.904490525,0.118804737,0.360969355,0.047413287
14-01-2020,MAHARASHTRA,MUMBAI SUBURBAN,0.322907882,0.004997847,0.03187065,0.000493282
14-01-2020,MAHARASHTRA,NANDURBAR,0.506919993,0.10175683,0.197928394,0.039731252
14-01-2020,MAHARASHTRA,NAGPUR,0.991047308,0.334742972,0.332575373,0.112332951
14-01-2020,MAHARASHTRA,CHANDRAPUR,1.060551327,0.408884674,0.408251238,0.157397073
14-01-2020,MAHARASHTRA,JALGAON,0.380202509,0.152389881,0.14273614,0.057210415
14-01-2020,MAHARASHTRA,HINGOLI,0.523985556,0.083927259,0.21108236,0.03380926
14-01-2020,MAHARASHTRA,AKOLA,0.547263925,0.100786517,0.283363929,0.05218554
14-01-2020,MAHARASHTRA,AURANGABAD,0.446780934,0.154186288,0.193034894,0.066617287
14-01-2020,MAHARASHTRA,DHULE,0.341759429,0.083584802,0.121146369,0.029629015
14-01-2020,MAHARASHTRA,KOLHAPUR,0.827047778,0.219060866,0.190650051,0.050497645
14-01-2020,MAHARASHTRA,RAIGARH,0.836844851,0.205176118,0.169596395,0.04158134
14-01-2020,MAHARASHTRA,AMRAVATI,0.526088635,0.218579765,0.234006428,0.097225195
14-01-2020,MAHARASHTRA,NANDED,0.784382377,0.284224457,0.312543988,0.113251709
14-01-2020,MAHARASHTRA,SOLAPUR,0.506276362,0.259171362,0.268262384,0.137328015
14-01-2020,MAHARASHTRA,AHMADNAGAR,0.399740448,0.233072454,0.209903875,0.122386442
14-01-2020,MAHARASHTRA,THANE,0.694347104,0.225791373,0.174846618,0.056857525
14-01-2020,MAHARASHTRA,SANGLI,0.510870927,0.150644185,0.240722459,0.070983563
14-01-2020,MAHARASHTRA,WARDHA,0.791226435,0.170025192,0.311961743,0.067036885
14-01-2020,MAHARASHTRA,BULDANA,0.454837665,0.151142295,0.223070469,0.074126189
14-01-2020,MAHARASHTRA,SINDHUDURG,1.468030756,0.257492978,0.603012176,0.105768493
13-01-2020,MAHARASHTRA,WASHIM,0.547074971,0.096928187,0.326149416,0.05778563
13-01-2020,MAHARASHTRA,SATARA,0.657254468,0.23729177,0.210185125,0.075884156
13-01-2020,MAHARASHTRA,PUNE,0.610797706,0.327558465,0.229049972,0.122834871
13-01-2020,MAHARASHTRA,PARBHANI,0.459440735,0.099528806,0.193578468,0.041934971
13-01-2020,MAHARASHTRA,JALNA,0.475724863,0.126170037,0.202050606,0.053587135
13-01-2020,MAHARASHTRA,GONDIYA,1.182831781,0.220292391,0.357773845,0.066632345
13-01-2020,MAHARASHTRA,MUMBAI,0.027614854,0.000141017,0.000504701,2.58E-06
13-01-2020,MAHARASHTRA,NASHIK,0.499097864,0.264753783,0.240786974,0.127728982
13-01-2020,MAHARASHTRA,GARHCHIROLI,1.221992728,0.602695134,0.267518104,0.131941751
13-01-2020,MAHARASHTRA,RATNAGIRI,1.339205821,0.380758196,0.624219989,0.177475989
13-01-2020,MAHARASHTRA,OSMANABAD,0.488084174,0.126640273,0.232027805,0.060202863
13-01-2020,MAHARASHTRA,BID,0.448826922,0.169620336,0.216304053,0.081745467
13-01-2020,MAHARASHTRA,LATUR,0.4497609,0.104078645,0.219616707,0.050821246
13-01-2020,MAHARASHTRA,YAVATMAL,0.751437658,0.346814448,0.325166512,0.150075582
13-01-2020,MAHARASHTRA,BHANDARA,0.914050607,0.120060452,0.363628362,0.047762548
13-01-2020,MAHARASHTRA,MUMBAI SUBURBAN,0.383862821,0.005941285,0.037959499,0.000587523
13-01-2020,MAHARASHTRA,NANDURBAR,0.589033949,0.118240015,0.22873136,0.0459145
13-01-2020,MAHARASHTRA,NAGPUR,1.020049446,0.344538934,0.341735187,0.115426833
13-01-2020,MAHARASHTRA,CHANDRAPUR,1.079700631,0.416267491,0.418169642,0.161221012
13-01-2020,MAHARASHTRA,JALGAON,0.469329585,0.188113118,0.17646893,0.070730935
13-01-2020,MAHARASHTRA,HINGOLI,0.535611901,0.085789462,0.217479241,0.034833854
13-01-2020,MAHARASHTRA,AKOLA,0.580808025,0.106964145,0.300531383,0.055347174
13-01-2020,MAHARASHTRA,AURANGABAD,0.513830489,0.177325418,0.222588381,0.07681634
13-01-2020,MAHARASHTRA,DHULE,0.488286973,0.119421343,0.172059918,0.042081046
13-01-2020,MAHARASHTRA,KOLHAPUR,0.874746931,0.231694982,0.202566463,0.053653955
13-01-2020,MAHARASHTRA,RAIGARH,0.868319106,0.212892919,0.176739479,0.043332668
13-01-2020,MAHARASHTRA,AMRAVATI,0.549074343,0.228129887,0.243641293,0.101228297
13-01-2020,MAHARASHTRA,NANDED,0.774493577,0.280641206,0.310197711,0.112401526
13-01-2020,MAHARASHTRA,SOLAPUR,0.495701953,0.253758145,0.26166618,0.133951307
13-01-2020,MAHARASHTRA,AHMADNAGAR,0.455554562,0.265615402,0.237383986,0.138408981
13-01-2020,MAHARASHTRA,THANE,0.730111926,0.237421562,0.182365477,0.059302546
13-01-2020,MAHARASHTRA,SANGLI,0.526343941,0.155206824,0.247279881,0.072917197
13-01-2020,MAHARASHTRA,WARDHA,0.826776259,0.177664428,0.323401681,0.069495192
13-01-2020,MAHARASHTRA,BULDANA,0.49323049,0.163900209,0.241603979,0.080284863
13-01-2020,MAHARASHTRA,SINDHUDURG,1.564854337,0.274475859,0.647288811,0.113534626
12-01-2020,MAHARASHTRA,WASHIM,0.516552147,0.091520296,0.308437025,0.054647431
12-01-2020,MAHARASHTRA,SATARA,0.668866328,0.241484056,0.211260243,0.076272311
12-01-2020,MAHARASHTRA,PUNE,0.623532144,0.334387686,0.227215887,0.121851288
12-01-2020,MAHARASHTRA,PARBHANI,0.433028544,0.093807124,0.183005976,0.039644648
12-01-2020,MAHARASHTRA,JALNA,0.448553196,0.118963665,0.190187363,0.050440808
12-01-2020,MAHARASHTRA,GONDIYA,1.043026711,0.194254882,0.310359074,0.057801746
12-01-2020,MAHARASHTRA,MUMBAI,0.031654504,0.000161646,0.000554145,2.83E-06
12-01-2020,MAHARASHTRA,NASHIK,0.536714076,0.284707854,0.256241753,0.135927197
12-01-2020,MAHARASHTRA,GARHCHIROLI,1.316683618,0.649397326,0.282981051,0.139568181
12-01-2020,MAHARASHTRA,RATNAGIRI,1.371399205,0.389911304,0.641210064,0.182306546
12-01-2020,MAHARASHTRA,OSMANABAD,0.502550877,0.130393862,0.240263076,0.062339619
12-01-2020,MAHARASHTRA,BID,0.455816139,0.172261696,0.219013965,0.082769594
12-01-2020,MAHARASHTRA,LATUR,0.442321818,0.102357176,0.21554915,0.049879977
12-01-2020,MAHARASHTRA,YAVATMAL,0.72909494,0.336502511,0.31530155,0.145522562
12-01-2020,MAHARASHTRA,BHANDARA,0.776418468,0.101982485,0.311508766,0.040916644
12-01-2020,MAHARASHTRA,MUMBAI SUBURBAN,0.449413114,0.006955848,0.044552978,0.000689574
12-01-2020,MAHARASHTRA,NANDURBAR,0.594008497,0.119238583,0.230242558,0.046217851
12-01-2020,MAHARASHTRA,NAGPUR,0.830603833,0.280550477,0.283659417,0.095810761
12-01-2020,MAHARASHTRA,CHANDRAPUR,1.053022121,0.405981865,0.40762935,0.15715731
12-01-2020,MAHARASHTRA,JALGAON,0.45747343,0.183361024,0.172086763,0.068974509
12-01-2020,MAHARASHTRA,HINGOLI,0.494337924,0.07917857,0.200888152,0.032176444
12-01-2020,MAHARASHTRA,AKOLA,0.542810722,0.099966396,0.280122652,0.051588612
12-01-2020,MAHARASHTRA,AURANGABAD,0.504855502,0.174228106,0.218602673,0.075440853
12-01-2020,MAHARASHTRA,DHULE,0.491255398,0.120147337,0.172669609,0.042230159
12-01-2020,MAHARASHTRA,KOLHAPUR,0.905453349,0.239828218,0.208738409,0.055288724
12-01-2020,MAHARASHTRA,RAIGARH,0.934367085,0.229086444,0.189733418,0.046518499
12-01-2020,MAHARASHTRA,AMRAVATI,0.508608981,0.211317303,0.226633062,0.094161702
12-01-2020,MAHARASHTRA,NANDED,0.732541866,0.265439816,0.294792755,0.106819471
12-01-2020,MAHARASHTRA,SOLAPUR,0.510569465,0.261369074,0.269490646,0.137956782
12-01-2020,MAHARASHTRA,AHMADNAGAR,0.465647839,0.271500383,0.242762432,0.141544936
12-01-2020,MAHARASHTRA,THANE,0.796334139,0.258956043,0.200526137,0.065208123
12-01-2020,MAHARASHTRA,SANGLI,0.531027422,0.156587876,0.248951519,0.073410125
12-01-2020,MAHARASHTRA,WARDHA,0.757454901,0.162768089,0.298064795,0.064050595
12-01-2020,MAHARASHTRA,BULDANA,0.464628944,0.154395931,0.227441796,0.075578778
12-01-2020,MAHARASHTRA,SINDHUDURG,1.603086799,0.281181843,0.661639168,0.116051683
11-01-2020,MAHARASHTRA,WASHIM,0.530824314,0.094048972,0.316628742,0.056098801
11-01-2020,MAHARASHTRA,SATARA,0.700292563,0.252830022,0.222725517,0.080411674
11-01-2020,MAHARASHTRA,PUNE,0.668529376,0.358518792,0.24684504,0.132378006
11-01-2020,MAHARASHTRA,PARBHANI,0.439652952,0.095242171,0.185741149,0.04023717
11-01-2020,MAHARASHTRA,JALNA,0.461174657,0.122311084,0.195360757,0.051812877
11-01-2020,MAHARASHTRA,GONDIYA,0.957788224,0.178379936,0.283182551,0.052740349
11-01-2020,MAHARASHTRA,MUMBAI,0.038623741,0.000197235,0.000615407,3.14E-06
11-01-2020,MAHARASHTRA,NASHIK,0.561832423,0.29803225,0.268271905,0.142308767
11-01-2020,MAHARASHTRA,GARHCHIROLI,1.374072111,0.677701721,0.291998935,0.144015863
11-01-2020,MAHARASHTRA,RATNAGIRI,1.412215276,0.401515983,0.667208503,0.189698329
11-01-2020,MAHARASHTRA,OSMANABAD,0.519613427,0.134820979,0.24842243,0.064456678
11-01-2020,MAHARASHTRA,BID,0.473592843,0.178979855,0.22833999,0.086294079
11-01-2020,MAHARASHTRA,LATUR,0.466669916,0.107991541,0.22769621,0.052690914
11-01-2020,MAHARASHTRA,YAVATMAL,0.752701396,0.347397707,0.324273978,0.149663647
11-01-2020,MAHARASHTRA,BHANDARA,0.657901094,0.086415241,0.264651209,0.034761909
11-01-2020,MAHARASHTRA,MUMBAI SUBURBAN,0.536068577,0.008297069,0.053304264,0.000825023
11-01-2020,MAHARASHTRA,NANDURBAR,0.606700795,0.121786378,0.235395225,0.047252174
11-01-2020,MAHARASHTRA,NAGPUR,0.774011138,0.261435339,0.269163118,0.090914391
11-01-2020,MAHARASHTRA,CHANDRAPUR,1.099255279,0.423806585,0.424362271,0.163608516
11-01-2020,MAHARASHTRA,JALGAON,0.479608777,0.192233145,0.180662554,0.072411792
11-01-2020,MAHARASHTRA,HINGOLI,0.514680666,0.082436886,0.208971607,0.033471179
11-01-2020,MAHARASHTRA,AKOLA,0.551631142,0.101590803,0.284262319,0.052350992
11-01-2020,MAHARASHTRA,AURANGABAD,0.523385725,0.180622977,0.226095673,0.078026724
11-01-2020,MAHARASHTRA,DHULE,0.521410331,0.127522391,0.184383261,0.045094991
11-01-2020,MAHARASHTRA,KOLHAPUR,0.914595764,0.242249777,0.20871452,0.055282397
11-01-2020,MAHARASHTRA,RAIGARH,0.991553851,0.243107393,0.201511959,0.04940634
11-01-2020,MAHARASHTRA,AMRAVATI,0.480373242,0.199585893,0.215821136,0.089669554
11-01-2020,MAHARASHTRA,NANDED,0.769411178,0.278799576,0.308528501,0.11179668
11-01-2020,MAHARASHTRA,SOLAPUR,0.532173331,0.272428455,0.279698116,0.143182157
11-01-2020,MAHARASHTRA,AHMADNAGAR,0.489111632,0.28518117,0.255893223,0.149200967
11-01-2020,MAHARASHTRA,THANE,0.876027883,0.284871265,0.227237047,0.073894115
11-01-2020,MAHARASHTRA,SANGLI,0.554070687,0.163382809,0.260428139,0.076794319
11-01-2020,MAHARASHTRA,WARDHA,0.752072207,0.161611412,0.298695241,0.064186071
11-01-2020,MAHARASHTRA,BULDANA,0.476206018,0.158242986,0.232796813,0.077358247
11-01-2020,MAHARASHTRA,SINDHUDURG,1.658116903,0.290834138,0.687859011,0.12065065
10-01-2020,MAHARASHTRA,WASHIM,0.511372532,0.090602596,0.305074301,0.054051639
10-01-2020,MAHARASHTRA,SATARA,0.697560792,0.251843757,0.218352212,0.078832758
10-01-2020,MAHARASHTRA,PUNE,0.6639608,0.356068757,0.244904564,0.131337368
10-01-2020,MAHARASHTRA,PARBHANI,0.423194853,0.091676848,0.179024255,0.038782087
10-01-2020,MAHARASHTRA,JALNA,0.440248647,0.116761163,0.1862858,0.04940605
10-01-2020,MAHARASHTRA,GONDIYA,1.115827324,0.207813379,0.336406122,0.062652788
10-01-2020,MAHARASHTRA,MUMBAI,0.044344374,0.000226448,0.000677037,3.46E-06
10-01-2020,MAHARASHTRA,NASHIK,0.54823072,0.290817027,0.260295934,0.138077796
10-01-2020,MAHARASHTRA,GARHCHIROLI,1.492421387,0.73607239,0.316083744,0.155894655
10-01-2020,MAHARASHTRA,RATNAGIRI,1.545268965,0.43934533,0.738657294,0.210012393
10-01-2020,MAHARASHTRA,OSMANABAD,0.489594466,0.12703214,0.233753877,0.060650717
10-01-2020,MAHARASHTRA,BID,0.444484166,0.167979125,0.214978616,0.081244559
10-01-2020,MAHARASHTRA,LATUR,0.444943148,0.102963775,0.217056767,0.050228853
10-01-2020,MAHARASHTRA,YAVATMAL,0.741227796,0.342102244,0.318754241,0.147116098
10-01-2020,MAHARASHTRA,BHANDARA,0.891302462,0.117072486,0.356496349,0.046825758
10-01-2020,MAHARASHTRA,MUMBAI SUBURBAN,0.603260005,0.009337032,0.060053495,0.000929486
10-01-2020,MAHARASHTRA,NANDURBAR,0.569312859,0.114281292,0.220907966,0.044344068
10-01-2020,MAHARASHTRA,NAGPUR,0.913133814,0.308426373,0.311260455,0.105133477
10-01-2020,MAHARASHTRA,CHANDRAPUR,1.134724655,0.437481439,0.437443502,0.16865185
10-01-2020,MAHARASHTRA,JALGAON,0.452872496,0.181516913,0.170590157,0.06837465
10-01-2020,MAHARASHTRA,HINGOLI,0.49528834,0.079330799,0.201271693,0.032237876
10-01-2020,MAHARASHTRA,AKOLA,0.52792944,0.097225794,0.270199468,0.049761115
10-01-2020,MAHARASHTRA,AURANGABAD,0.50553992,0.174464302,0.217958412,0.075218515
10-01-2020,MAHARASHTRA,DHULE,0.485941844,0.11884779,0.172077673,0.042085388
10-01-2020,MAHARASHTRA,KOLHAPUR,0.968252246,0.256461816,0.221244243,0.058601155
10-01-2020,MAHARASHTRA,RAIGARH,1.035970616,0.253997415,0.210559986,0.051624719
10-01-2020,MAHARASHTRA,AMRAVATI,0.489586263,0.203413727,0.216882368,0.090110476
10-01-2020,MAHARASHTRA,NANDED,0.741097951,0.268540152,0.296822259,0.107554871
10-01-2020,MAHARASHTRA,SOLAPUR,0.525371141,0.2689463,0.275207646,0.140883411
10-01-2020,MAHARASHTRA,AHMADNAGAR,0.479793824,0.279748334,0.25039133,0.145993037
10-01-2020,MAHARASHTRA,THANE,0.926742462,0.301362894,0.242452822,0.078842059
10-01-2020,MAHARASHTRA,SANGLI,0.552616809,0.162954093,0.258728184,0.076293041
10-01-2020,MAHARASHTRA,WARDHA,0.775473774,0.166640132,0.304504157,0.065434338
10-01-2020,MAHARASHTRA,BULDANA,0.455027105,0.151205246,0.221494278,0.073602421
10-01-2020,MAHARASHTRA,SINDHUDURG,1.763917196,0.309391537,0.731620132,0.128326362
09-01-2020,MAHARASHTRA,WASHIM,0.495506473,0.087791522,0.296169399,0.05247391
09-01-2020,MAHARASHTRA,SATARA,0.744327086,0.268728019,0.234589044,0.084694821
09-01-2020,MAHARASHTRA,PUNE,0.679811824,0.364569341,0.250030978,0.13408656
09-01-2020,MAHARASHTRA,PARBHANI,0.408208962,0.088430449,0.172796647,0.037432998
09-01-2020,MAHARASHTRA,JALNA,0.410352242,0.108832146,0.174055236,0.046162304
09-01-2020,MAHARASHTRA,GONDIYA,1.485858115,0.276728477,0.437663589,0.081511133
09-01-2020,MAHARASHTRA,MUMBAI,0.039082518,0.000199578,0.000658792,3.36E-06
09-01-2020,MAHARASHTRA,NASHIK,0.542868546,0.287972583,0.255303241,0.135429349
09-01-2020,MAHARASHTRA,GARHCHIROLI,1.417082212,0.698914596,0.308235543,0.152023869
09-01-2020,MAHARASHTRA,RATNAGIRI,1.570929589,0.446641067,0.73891862,0.210086692
09-01-2020,MAHARASHTRA,OSMANABAD,0.48997099,0.127129834,0.235317931,0.061056532
09-01-2020,MAHARASHTRA,BID,0.443728558,0.167693566,0.21298064,0.080489485
09-01-2020,MAHARASHTRA,LATUR,0.427601902,0.098950857,0.207482149,0.048013202
09-01-2020,MAHARASHTRA,YAVATMAL,0.788432887,0.363889024,0.337750785,0.155883659
09-01-2020,MAHARASHTRA,BHANDARA,1.135603439,0.149161394,0.448458151,0.058904932
09-01-2020,MAHARASHTRA,MUMBAI SUBURBAN,0.574982354,0.008899362,0.05706316,0.000883202
09-01-2020,MAHARASHTRA,NANDURBAR,0.590052127,0.118444399,0.229488297,0.046066444
09-01-2020,MAHARASHTRA,NAGPUR,1.096628406,0.370404771,0.370151929,0.125025068
09-01-2020,MAHARASHTRA,CHANDRAPUR,1.280805494,0.493801406,0.480062049,0.185082994
09-01-2020,MAHARASHTRA,JALGAON,0.432647979,0.173410675,0.162373129,0.065081164
09-01-2020,MAHARASHTRA,HINGOLI,0.476239032,0.076279653,0.192262768,0.030794908
09-01-2020,MAHARASHTRA,AKOLA,0.552437281,0.101739265,0.281545546,0.051850659
09-01-2020,MAHARASHTRA,AURANGABAD,0.470412946,0.162341811,0.202176641,0.069772149
09-01-2020,MAHARASHTRA,DHULE,0.463079055,0.113256191,0.163646363,0.040023326
09-01-2020,MAHARASHTRA,KOLHAPUR,0.993346775,0.263108626,0.229432492,0.060769984
09-01-2020,MAHARASHTRA,RAIGARH,1.031288663,0.252849503,0.20786456,0.05096386
09-01-2020,MAHARASHTRA,AMRAVATI,0.541633529,0.225038371,0.238292822,0.09900611
09-01-2020,MAHARASHTRA,NANDED,0.743648243,0.269464261,0.295306239,0.107005534
09-01-2020,MAHARASHTRA,SOLAPUR,0.525552684,0.269039235,0.275296334,0.140928811
09-01-2020,MAHARASHTRA,AHMADNAGAR,0.46944979,0.273717147,0.244592103,0.142611743
09-01-2020,MAHARASHTRA,THANE,0.907751888,0.295187441,0.234239444,0.076171191
09-01-2020,MAHARASHTRA,SANGLI,0.58869069,0.173591458,0.275593671,0.081266288
09-01-2020,MAHARASHTRA,WARDHA,0.873268326,0.187655023,0.340957575,0.073267746
09-01-2020,MAHARASHTRA,BULDANA,0.455730889,0.151439113,0.22163633,0.073649625
09-01-2020,MAHARASHTRA,SINDHUDURG,1.780308171,0.312266518,0.733083226,0.128582989
08-01-2020,MAHARASHTRA,WASHIM,0.60719026,0.107579133,0.363056748,0.064324698
08-01-2020,MAHARASHTRA,SATARA,0.779681267,0.281492111,0.250712926,0.090516104
08-01-2020,MAHARASHTRA,PUNE,0.732304118,0.392719897,0.27758583,0.14886367
08-01-2020,MAHARASHTRA,PARBHANI,0.488115007,0.105740523,0.206813225,0.044802021
08-01-2020,MAHARASHTRA,JALNA,0.506915543,0.134442317,0.214342506,0.056847149
08-01-2020,MAHARASHTRA,GONDIYA,0.878583275,0.163628686,0.259276226,0.048287999
08-01-2020,MAHARASHTRA,MUMBAI,0.036955621,0.000188717,0.00065534,3.35E-06
08-01-2020,MAHARASHTRA,NASHIK,0.593178691,0.314660338,0.286186711,0.151811939
08-01-2020,MAHARASHTRA,GARHCHIROLI,1.374598229,0.677961207,0.28857034,0.142324857
08-01-2020,MAHARASHTRA,RATNAGIRI,1.568379507,0.445916037,0.734239038,0.20875621
08-01-2020,MAHARASHTRA,OSMANABAD,0.565513251,0.146730331,0.2710552,0.070329067
08-01-2020,MAHARASHTRA,BID,0.502484804,0.189898683,0.241199404,0.091153899
08-01-2020,MAHARASHTRA,LATUR,0.517798803,0.119823217,0.252738713,0.058485971
08-01-2020,MAHARASHTRA,YAVATMAL,0.787338632,0.363383988,0.33819953,0.156090771
08-01-2020,MAHARASHTRA,BHANDARA,0.647386109,0.085034098,0.256753731,0.033724576
08-01-2020,MAHARASHTRA,MUMBAI SUBURBAN,0.494434976,0.007652679,0.048768591,0.000754822
08-01-2020,MAHARASHTRA,NANDURBAR,0.667467118,0.133984335,0.258713654,0.051933011
08-01-2020,MAHARASHTRA,NAGPUR,0.679728845,0.229589901,0.229278129,0.077442562
08-01-2020,MAHARASHTRA,CHANDRAPUR,0.891221769,0.343601401,0.3351003,0.12919448
08-01-2020,MAHARASHTRA,JALGAON,0.533687991,0.213908765,0.199788297,0.080077627
08-01-2020,MAHARASHTRA,HINGOLI,0.531839671,0.08518526,0.217329234,0.034809828
08-01-2020,MAHARASHTRA,AKOLA,0.639655397,0.117801735,0.32782902,0.060374426
08-01-2020,MAHARASHTRA,AURANGABAD,0.581430141,0.200654389,0.249781756,0.086200907
08-01-2020,MAHARASHTRA,DHULE,0.562865991,0.137661286,0.198379342,0.048518041
08-01-2020,MAHARASHTRA,KOLHAPUR,1.001720751,0.265326648,0.230936275,0.061168292
08-01-2020,MAHARASHTRA,RAIGARH,1.007487192,0.247013901,0.202843414,0.049732784
08-01-2020,MAHARASHTRA,AMRAVATI,0.608091597,0.252650427,0.258878974,0.107559262
08-01-2020,MAHARASHTRA,NANDED,0.811023793,0.293878093,0.327520668,0.118678576
08-01-2020,MAHARASHTRA,SOLAPUR,0.607260035,0.310866598,0.318799866,0.163198999
08-01-2020,MAHARASHTRA,AHMADNAGAR,0.564902481,0.329371742,0.296956293,0.173143179
08-01-2020,MAHARASHTRA,THANE,0.832520252,0.27072323,0.206129024,0.067030099
08-01-2020,MAHARASHTRA,SANGLI,0.630084557,0.185797566,0.296269781,0.087363201
08-01-2020,MAHARASHTRA,WARDHA,0.732062911,0.157311651,0.276714765,0.059462726
08-01-2020,MAHARASHTRA,BULDANA,0.551407293,0.183232327,0.267247953,0.088806341
08-01-2020,MAHARASHTRA,SINDHUDURG,1.820307164,0.319282352,0.748888129,0.131355173
07-01-2020,MAHARASHTRA,WASHIM,0.643191454,0.113957657,0.382272535,0.067729262
07-01-2020,MAHARASHTRA,SATARA,0.823761086,0.297406462,0.262064074,0.094614264
07-01-2020,MAHARASHTRA,PUNE,0.773887737,0.415020352,0.288837228,0.154897567
07-01-2020,MAHARASHTRA,PARBHANI,0.550846756,0.119330124,0.232921711,0.050457911
07-01-2020,MAHARASHTRA,JALNA,0.54519021,0.144593387,0.230371784,0.061098376
07-01-2020,MAHARASHTRA,GONDIYA,1.313125423,0.244558477,0.388270568,0.072312102
07-01-2020,MAHARASHTRA,MUMBAI,0.038593958,0.000197083,0.00072827,0.000003719
07-01-2020,MAHARASHTRA,NASHIK,0.649846391,0.34472055,0.311603168,0.165294471
07-01-2020,MAHARASHTRA,GARHCHIROLI,1.604668634,0.791433497,0.340467527,0.167920903
07-01-2020,MAHARASHTRA,RATNAGIRI,1.613792351,0.458827654,0.754652156,0.214559995
07-01-2020,MAHARASHTRA,OSMANABAD,0.594938613,0.154365154,0.285470485,0.074069315
07-01-2020,MAHARASHTRA,BID,0.562047802,0.212408687,0.268730653,0.101558488
07-01-2020,MAHARASHTRA,LATUR,0.564812731,0.130702655,0.275185366,0.063680325
07-01-2020,MAHARASHTRA,YAVATMAL,0.879852741,0.406082447,0.376375876,0.173710474
07-01-2020,MAHARASHTRA,BHANDARA,1.100318561,0.144526729,0.433283464,0.056911738
07-01-2020,MAHARASHTRA,MUMBAI SUBURBAN,0.527077834,0.008157913,0.051743198,0.000800862
07-01-2020,MAHARASHTRA,NANDURBAR,0.717956135,0.144119272,0.278491224,0.055903071
07-01-2020,MAHARASHTRA,NAGPUR,1.062775943,0.35897053,0.35165366,0.118776965
07-01-2020,MAHARASHTRA,CHANDRAPUR,1.137301961,0.438475092,0.424154906,0.163528568
07-01-2020,MAHARASHTRA,JALGAON,0.562620738,0.225505369,0.211109699,0.084615385
07-01-2020,MAHARASHTRA,HINGOLI,0.618962158,0.09913975,0.249540174,0.039969084
07-01-2020,MAHARASHTRA,AKOLA,0.650299912,0.119762075,0.335256155,0.061742239
07-01-2020,MAHARASHTRA,AURANGABAD,0.609252086,0.210255878,0.260575324,0.08992582
07-01-2020,MAHARASHTRA,DHULE,0.601158854,0.14702665,0.212262078,0.05191337
07-01-2020,MAHARASHTRA,KOLHAPUR,1.065060684,0.282103551,0.243140448,0.064400822
07-01-2020,MAHARASHTRA,RAIGARH,1.101261602,0.270005342,0.221660327,0.054346281
07-01-2020,MAHARASHTRA,AMRAVATI,0.5753949,0.239065575,0.259166404,0.107678683
07-01-2020,MAHARASHTRA,NANDED,0.894088659,0.323977018,0.357449173,0.129523304
07-01-2020,MAHARASHTRA,SOLAPUR,0.612446049,0.313521406,0.321480273,0.164571145
07-01-2020,MAHARASHTRA,AHMADNAGAR,0.578814874,0.337483495,0.303757204,0.177108515
07-01-2020,MAHARASHTRA,THANE,0.920847181,0.299445836,0.228411329,0.074275974
07-01-2020,MAHARASHTRA,SANGLI,0.671997331,0.198156687,0.316582322,0.093352906
07-01-2020,MAHARASHTRA,WARDHA,0.863279066,0.185508449,0.326601273,0.070182746
07-01-2020,MAHARASHTRA,BULDANA,0.57900323,0.192402441,0.280385729,0.093172017
07-01-2020,MAHARASHTRA,SINDHUDURG,1.946587436,0.341431944,0.802880862,0.140825513
06-01-2020,MAHARASHTRA,WASHIM,0.774309674,0.13718857,0.453451795,0.08034047
06-01-2020,MAHARASHTRA,SATARA,0.776907933,0.280490841,0.210386083,0.075956708
06-01-2020,MAHARASHTRA,PUNE,0.867991222,0.465486149,0.286780231,0.153794442
06-01-2020,MAHARASHTRA,PARBHANI,0.625306231,0.135460306,0.27307568,0.059156479
06-01-2020,MAHARASHTRA,JALNA,0.499654512,0.132516573,0.209645254,0.05560136
06-01-2020,MAHARASHTRA,GONDIYA,1.705296298,0.317596978,0.510762784,0.095125238
06-01-2020,MAHARASHTRA,MUMBAI,0.268230457,0.001369738,0.001444055,7.37E-06
06-01-2020,MAHARASHTRA,NASHIK,0.833543741,0.442165504,0.380984163,0.202098638
06-01-2020,MAHARASHTRA,GARHCHIROLI,1.904253437,0.939190762,0.346898058,0.171092485
06-01-2020,MAHARASHTRA,RATNAGIRI,2.005777478,0.570275459,0.883712994,0.251254109
06-01-2020,MAHARASHTRA,OSMANABAD,0.525069647,0.136236672,0.252804407,0.065593643
06-01-2020,MAHARASHTRA,BID,0.604201359,0.228339328,0.280052971,0.10583741
06-01-2020,MAHARASHTRA,LATUR,0.66621539,0.154168126,0.343434464,0.079473769
06-01-2020,MAHARASHTRA,YAVATMAL,1.078189452,0.497621693,0.449918422,0.2076529
06-01-2020,MAHARASHTRA,BHANDARA,1.396140973,0.183382972,0.567691926,0.074566276
06-01-2020,MAHARASHTRA,MUMBAI SUBURBAN,0.70863823,0.010968037,0.069650054,0.001078018
06-01-2020,MAHARASHTRA,NANDURBAR,0.676663615,0.135830398,0.262949088,0.052783212
06-01-2020,MAHARASHTRA,NAGPUR,1.371790957,0.463345572,0.465874806,0.157357087
06-01-2020,MAHARASHTRA,CHANDRAPUR,1.61685669,0.623362494,0.566131478,0.218266178
06-01-2020,MAHARASHTRA,JALGAON,0.713481589,0.285972269,0.244842794,0.098136028
06-01-2020,MAHARASHTRA,HINGOLI,0.922107639,0.147694847,0.353815737,0.056670999
06-01-2020,MAHARASHTRA,AKOLA,0.802849275,0.147856233,0.416187473,0.076646905
06-01-2020,MAHARASHTRA,AURANGABAD,0.597675514,0.206260747,0.240562487,0.083019292
06-01-2020,MAHARASHTRA,DHULE,0.539057197,0.131838321,0.197279868,0.048249141
06-01-2020,MAHARASHTRA,KOLHAPUR,0.927885997,0.245769972,0.193939453,0.051368912
06-01-2020,MAHARASHTRA,RAIGARH,1.500540359,0.367899791,0.287694117,0.070536327
06-01-2020,MAHARASHTRA,AMRAVATI,0.954847253,0.396720769,0.376923289,0.156604417
06-01-2020,MAHARASHTRA,NANDED,1.395921055,0.505818227,0.553261862,0.200476906
06-01-2020,MAHARASHTRA,SOLAPUR,0.566770147,0.290139146,0.264660366,0.135484081
06-01-2020,MAHARASHTRA,AHMADNAGAR,0.600183237,0.349942521,0.300243874,0.175060035
06-01-2020,MAHARASHTRA,THANE,1.337628573,0.434976959,0.323453703,0.105182343
06-01-2020,MAHARASHTRA,SANGLI,0.537831568,0.158594263,0.231635729,0.068304094
06-01-2020,MAHARASHTRA,WARDHA,1.152372713,0.247631251,0.435850129,0.093659032
06-01-2020,MAHARASHTRA,BULDANA,0.649256309,0.215747498,0.304346888,0.101134296
06-01-2020,MAHARASHTRA,SINDHUDURG,1.53231602,0.26876863,0.611991997,0.107343556
05-01-2020,MAHARASHTRA,WASHIM,0.731998898,0.129692145,0.429303342,0.07606196
05-01-2020,MAHARASHTRA,SATARA,0.824844488,0.297797608,0.232520693,0.083948074
05-01-2020,MAHARASHTRA,PUNE,0.854516979,0.458260184,0.284640889,0.152647156
05-01-2020,MAHARASHTRA,PARBHANI,0.608960254,0.131919271,0.265572422,0.057531046
05-01-2020,MAHARASHTRA,JALNA,0.491270742,0.130293059,0.206132644,0.054669758
05-01-2020,MAHARASHTRA,GONDIYA,1.70097001,0.316791243,0.510939484,0.095158147
05-01-2020,MAHARASHTRA,MUMBAI,0.295666812,0.001509843,0.001574486,8.04E-06
05-01-2020,MAHARASHTRA,NASHIK,0.743486536,0.394393339,0.34184873,0.181338673
05-01-2020,MAHARASHTRA,GARHCHIROLI,2.032272365,1.002330568,0.377577306,0.186223698
05-01-2020,MAHARASHTRA,RATNAGIRI,2.058352183,0.585223311,0.908828653,0.258394903
05-01-2020,MAHARASHTRA,OSMANABAD,0.501312677,0.130072594,0.241712683,0.06271574
05-01-2020,MAHARASHTRA,BID,0.579766718,0.219105006,0.26906353,0.101684289
05-01-2020,MAHARASHTRA,LATUR,0.62585278,0.144827862,0.322545069,0.074639778
05-01-2020,MAHARASHTRA,YAVATMAL,0.977066375,0.450949898,0.411014723,0.189697499
05-01-2020,MAHARASHTRA,BHANDARA,1.616861011,0.212374526,0.662068349,0.086962609
05-01-2020,MAHARASHTRA,MUMBAI SUBURBAN,0.783066894,0.012120016,0.077133128,0.001193838
05-01-2020,MAHARASHTRA,NANDURBAR,0.597489653,0.119937375,0.232244715,0.046619755
05-01-2020,MAHARASHTRA,NAGPUR,1.52472005,0.514999957,0.515710378,0.174189893
05-01-2020,MAHARASHTRA,CHANDRAPUR,1.605819071,0.619107053,0.574454513,0.221475039
05-01-2020,MAHARASHTRA,JALGAON,0.682014796,0.273359988,0.23117111,0.092656247
05-01-2020,MAHARASHTRA,HINGOLI,0.878300433,0.140678206,0.337912788,0.054123809
05-01-2020,MAHARASHTRA,AKOLA,0.763228763,0.140559546,0.39742306,0.073191168
05-01-2020,MAHARASHTRA,AURANGABAD,0.559133311,0.192959644,0.226159314,0.078048687
05-01-2020,MAHARASHTRA,DHULE,0.481129014,0.117670707,0.175920541,0.043025247
05-01-2020,MAHARASHTRA,KOLHAPUR,1.34077018,0.355130966,0.272914496,0.0722871
05-01-2020,MAHARASHTRA,RAIGARH,1.553887231,0.380979281,0.299451368,0.073418949
05-01-2020,MAHARASHTRA,AMRAVATI,0.978018544,0.406347998,0.384276156,0.159659392
05-01-2020,MAHARASHTRA,NANDED,1.264329339,0.458135381,0.502477251,0.182074875
05-01-2020,MAHARASHTRA,SOLAPUR,0.58550189,0.299728239,0.272775978,0.139638599
05-01-2020,MAHARASHTRA,AHMADNAGAR,0.567168048,0.330692702,0.284114852,0.165655855
05-01-2020,MAHARASHTRA,THANE,1.429910911,0.464985805,0.351305157,0.114239223
05-01-2020,MAHARASHTRA,SANGLI,0.621569209,0.183286583,0.269314448,0.079414688
05-01-2020,MAHARASHTRA,WARDHA,1.155655208,0.24833662,0.433322766,0.093115932
05-01-2020,MAHARASHTRA,BULDANA,0.62396732,0.207343982,0.293148349,0.097413028
05-01-2020,MAHARASHTRA,SINDHUDURG,2.338930178,0.410248964,0.845517111,0.148303922
04-01-2020,MAHARASHTRA,WASHIM,0.618781014,0.109632729,0.364588283,0.064596049
04-01-2020,MAHARASHTRA,SATARA,0.407032634,0.146952967,0.138243449,0.049910703
04-01-2020,MAHARASHTRA,PUNE,0.43471269,0.233127629,0.166663527,0.089378281
04-01-2020,MAHARASHTRA,PARBHANI,0.473661305,0.102609413,0.206804877,0.044800212
04-01-2020,MAHARASHTRA,JALNA,0.380738036,0.100977973,0.159562255,0.042318527
04-01-2020,MAHARASHTRA,GONDIYA,0.91691367,0.170767397,0.306803343,0.057139522
04-01-2020,MAHARASHTRA,MUMBAI,0.237821306,0.001214451,0.001071216,5.47E-06
04-01-2020,MAHARASHTRA,NASHIK,0.447286766,0.237269826,0.218548047,0.115932017
04-01-2020,MAHARASHTRA,GARHCHIROLI,1.02118324,0.503654528,0.191566945,0.094482122
04-01-2020,MAHARASHTRA,RATNAGIRI,0.738696017,0.210023402,0.328936354,0.093522004
04-01-2020,MAHARASHTRA,OSMANABAD,0.383134288,0.099409556,0.185805368,0.048209804
04-01-2020,MAHARASHTRA,BID,0.451287153,0.170550105,0.210580486,0.079582421
04-01-2020,MAHARASHTRA,LATUR,0.439811715,0.101776316,0.226257871,0.05235807
04-01-2020,MAHARASHTRA,YAVATMAL,0.690175965,0.318540059,0.293875505,0.135633702
04-01-2020,MAHARASHTRA,BHANDARA,1.199431213,0.157545165,0.492416363,0.064678838
04-01-2020,MAHARASHTRA,MUMBAI SUBURBAN,0.458933614,0.007103203,0.044443307,0.000687877
04-01-2020,MAHARASHTRA,NANDURBAR,0.406342359,0.08156733,0.15783468,0.031683021
04-01-2020,MAHARASHTRA,NAGPUR,1.289875206,0.435677143,0.440094604,0.148649388
04-01-2020,MAHARASHTRA,CHANDRAPUR,0.883260793,0.340532129,0.331385824,0.127762402
04-01-2020,MAHARASHTRA,JALGAON,0.567936026,0.227635802,0.194265936,0.077864196
04-01-2020,MAHARASHTRA,HINGOLI,0.654834949,0.104885529,0.255707739,0.040956949
04-01-2020,MAHARASHTRA,AKOLA,0.651256344,0.119938216,0.342295425,0.063038622
04-01-2020,MAHARASHTRA,AURANGABAD,0.440484394,0.152013321,0.178245993,0.061513565
04-01-2020,MAHARASHTRA,DHULE,0.377428599,0.092308484,0.136370267,0.033352355
04-01-2020,MAHARASHTRA,KOLHAPUR,0.607985925,0.161037762,0.133175099,0.035274204
04-01-2020,MAHARASHTRA,RAIGARH,0.553604948,0.135731867,0.109170576,0.026766246
04-01-2020,MAHARASHTRA,AMRAVATI,0.784511346,0.325949458,0.322643459,0.134052186
04-01-2020,MAHARASHTRA,NANDED,0.878948906,0.31849106,0.350286631,0.126927925
04-01-2020,MAHARASHTRA,SOLAPUR,0.459744861,0.235351106,0.215164259,0.110146193
04-01-2020,MAHARASHTRA,AHMADNAGAR,0.415546072,0.242288073,0.214862199,0.12527744
04-01-2020,MAHARASHTRA,THANE,0.692796762,0.225287224,0.182926067,0.059484842
04-01-2020,MAHARASHTRA,SANGLI,0.433971697,0.127968356,0.198791308,0.058619023
04-01-2020,MAHARASHTRA,WARDHA,1.030299343,0.221399129,0.377873675,0.081200578
04-01-2020,MAHARASHTRA,BULDANA,0.506044096,0.168158163,0.23966147,0.079639369
04-01-2020,MAHARASHTRA,SINDHUDURG,1.140671182,0.200074023,0.434722852,0.076250502
03-01-2020,MAHARASHTRA,WASHIM,0.684240415,0.12123052,0.40165322,0.071163041
03-01-2020,MAHARASHTRA,SATARA,0.828926896,0.299271499,0.244246661,0.088181557
03-01-2020,MAHARASHTRA,PUNE,0.87096921,0.467083183,0.295872933,0.158670674
03-01-2020,MAHARASHTRA,PARBHANI,0.623829883,0.135140484,0.27465904,0.059499483
03-01-2020,MAHARASHTRA,JALNA,0.461934842,0.122512697,0.194335454,0.05154095
03-01-2020,MAHARASHTRA,GONDIYA,1.32419577,0.246620236,0.38703164,0.072081362
03-01-2020,MAHARASHTRA,MUMBAI,0.228239348,0.00116552,0.001288699,6.58E-06
03-01-2020,MAHARASHTRA,NASHIK,0.737190916,0.391053734,0.339897025,0.180303362
03-01-2020,MAHARASHTRA,GARHCHIROLI,2.002782081,0.98778576,0.362359837,0.178718339
03-01-2020,MAHARASHTRA,RATNAGIRI,1.687464417,0.479773831,0.73511379,0.209004916
03-01-2020,MAHARASHTRA,OSMANABAD,0.533353651,0.138386073,0.257383036,0.066781633
03-01-2020,MAHARASHTRA,BID,0.601802623,0.227432799,0.278725728,0.10533582
03-01-2020,MAHARASHTRA,LATUR,0.691158696,0.159940228,0.35437092,0.082004561
03-01-2020,MAHARASHTRA,YAVATMAL,0.96165843,0.443838599,0.402845117,0.185926943
03-01-2020,MAHARASHTRA,BHANDARA,1.512460874,0.198661579,0.616745485,0.081009455
03-01-2020,MAHARASHTRA,MUMBAI SUBURBAN,0.626338266,0.009694229,0.061088366,0.000945503
03-01-2020,MAHARASHTRA,NANDURBAR,0.617430673,0.123940245,0.240044582,0.048185465
03-01-2020,MAHARASHTRA,NAGPUR,1.760729703,0.594716204,0.598826185,0.202263661
03-01-2020,MAHARASHTRA,CHANDRAPUR,1.589540793,0.61283113,0.553149511,0.213261114
03-01-2020,MAHARASHTRA,JALGAON,0.647922959,0.259695557,0.217360233,0.087120677
03-01-2020,MAHARASHTRA,HINGOLI,0.827810437,0.132591176,0.31638567,0.05067579
03-01-2020,MAHARASHTRA,AKOLA,0.725897664,0.133684488,0.375978909,0.06924192
03-01-2020,MAHARASHTRA,AURANGABAD,0.534110303,0.184324081,0.217306327,0.074993478
03-01-2020,MAHARASHTRA,DHULE,0.470595751,0.115094565,0.172666863,0.042229488
03-01-2020,MAHARASHTRA,KOLHAPUR,1.205281135,0.319243864,0.256814422,0.06802266
03-01-2020,MAHARASHTRA,RAIGARH,1.426754595,0.34980913,0.27463871,0.067335426
03-01-2020,MAHARASHTRA,AMRAVATI,0.991279806,0.411857798,0.401120955,0.166658084
03-01-2020,MAHARASHTRA,NANDED,1.278528488,0.463280506,0.508231937,0.184160112
03-01-2020,MAHARASHTRA,SOLAPUR,0.613406279,0.314012964,0.286897151,0.146867464
03-01-2020,MAHARASHTRA,AHMADNAGAR,0.580164297,0.338270289,0.290176556,0.169190189
03-01-2020,MAHARASHTRA,THANE,1.242265902,0.403966433,0.302021549,0.098212925
03-01-2020,MAHARASHTRA,SANGLI,0.650746692,0.191890358,0.286378504,0.084446489
03-01-2020,MAHARASHTRA,WARDHA,1.355543716,0.291290294,0.50352118,0.10820074
03-01-2020,MAHARASHTRA,BULDANA,0.550257223,0.182850159,0.258059694,0.085753088
03-01-2020,MAHARASHTRA,SINDHUDURG,1.820422411,0.319302566,0.647873319,0.113637149
02-01-2020,MAHARASHTRA,WASHIM,0.866770388,0.153570327,0.509921095,0.090345437
02-01-2020,MAHARASHTRA,SATARA,0.885909334,0.319844146,0.2682089,0.096832761
02-01-2020,MAHARASHTRA,PUNE,0.925666271,0.496416111,0.325221671,0.174409809
02-01-2020,MAHARASHTRA,PARBHANI,0.715389958,0.154975175,0.310909353,0.067352401
02-01-2020,MAHARASHTRA,JALNA,0.597754511,0.158534302,0.250894812,0.06654142
02-01-2020,MAHARASHTRA,GONDIYA,1.416221293,0.263759209,0.404021208,0.075245525
02-01-2020,MAHARASHTRA,MUMBAI,0.256628881,0.001310493,0.001339749,6.84E-06
02-01-2020,MAHARASHTRA,NASHIK,0.823471788,0.436822689,0.386627845,0.205092411
02-01-2020,MAHARASHTRA,GARHCHIROLI,1.23158418,0.607425704,0.228478977,0.112687387
02-01-2020,MAHARASHTRA,RATNAGIRI,1.725399676,0.490559448,0.75299341,0.214088386
02-01-2020,MAHARASHTRA,OSMANABAD,0.554777032,0.143944669,0.269003127,0.069796628
02-01-2020,MAHARASHTRA,BID,0.679453193,0.256778445,0.318477996,0.120358967
02-01-2020,MAHARASHTRA,LATUR,0.615214954,0.142366175,0.316857947,0.073323728
02-01-2020,MAHARASHTRA,YAVATMAL,0.816129155,0.376671809,0.342922598,0.15827063
02-01-2020,MAHARASHTRA,BHANDARA,1.295314356,0.170139406,0.491232628,0.064523355
02-01-2020,MAHARASHTRA,MUMBAI SUBURBAN,0.636347046,0.009849141,0.061933883,0.00095859
02-01-2020,MAHARASHTRA,NANDURBAR,0.682844782,0.137071178,0.265479207,0.053291097
02-01-2020,MAHARASHTRA,NAGPUR,1.390744511,0.469747455,0.433302754,0.146355326
02-01-2020,MAHARASHTRA,CHANDRAPUR,1.092778769,0.421309633,0.3494991,0.134745789
02-01-2020,MAHARASHTRA,JALGAON,0.815321159,0.326790831,0.277810098,0.111349732
02-01-2020,MAHARASHTRA,HINGOLI,0.738750606,0.118326379,0.305380785,0.048913127
02-01-2020,MAHARASHTRA,AKOLA,0.803880331,0.148046117,0.418649301,0.077100286
02-01-2020,MAHARASHTRA,AURANGABAD,0.682380763,0.235492943,0.275898222,0.095213828
02-01-2020,MAHARASHTRA,DHULE,0.567889486,0.138889893,0.207640781,0.05078313
02-01-2020,MAHARASHTRA,KOLHAPUR,1.216460006,0.322204822,0.260704183,0.069052944
02-01-2020,MAHARASHTRA,RAIGARH,1.325621955,0.325013611,0.254188007,0.062321359
02-01-2020,MAHARASHTRA,AMRAVATI,1.031326622,0.428496484,0.415010511,0.172428929
02-01-2020,MAHARASHTRA,NANDED,0.857587776,0.31075076,0.353508828,0.128095502
02-01-2020,MAHARASHTRA,SOLAPUR,0.682318018,0.349290039,0.31747551,0.162521039
02-01-2020,MAHARASHTRA,AHMADNAGAR,0.679645969,0.396274019,0.343747016,0.200424953
02-01-2020,MAHARASHTRA,THANE,1.226702006,0.398905285,0.303457553,0.098679892
02-01-2020,MAHARASHTRA,SANGLI,0.715320741,0.210931772,0.317342433,0.093577046
02-01-2020,MAHARASHTRA,WARDHA,0.972297419,0.208935203,0.340885763,0.073252314
02-01-2020,MAHARASHTRA,BULDANA,0.740692013,0.24613153,0.348292532,0.115737408
02-01-2020,MAHARASHTRA,SINDHUDURG,1.791667286,0.31425891,0.631550292,0.110774086
01-01-2020,MAHARASHTRA,WASHIM,0.847580875,0.150170419,0.49344034,0.087425454
01-01-2020,MAHARASHTRA,SATARA,0.945769713,0.341455829,0.283268576,0.102269828
01-01-2020,MAHARASHTRA,PUNE,1.014450073,0.54402907,0.352619447,0.189102682
01-01-2020,MAHARASHTRA,PARBHANI,0.799269848,0.173146104,0.347510092,0.075281232
01-01-2020,MAHARASHTRA,JALNA,0.643202158,0.170587763,0.269487288,0.071472449
01-01-2020,MAHARASHTRA,GONDIYA,1.792704944,0.333876097,0.491537281,0.091544651
01-01-2020,MAHARASHTRA,MUMBAI,0.269838209,0.001377948,0.001458151,7.45E-06
01-01-2020,MAHARASHTRA,NASHIK,0.856277869,0.454225156,0.402900922,0.213724704
01-01-2020,MAHARASHTRA,GARHCHIROLI,1.67129174,0.824292466,0.272168357,0.134235287
01-01-2020,MAHARASHTRA,RATNAGIRI,1.913681991,0.5440912,0.834837239,0.23735793
01-01-2020,MAHARASHTRA,OSMANABAD,0.630370578,0.163558473,0.304642161,0.079043674
01-01-2020,MAHARASHTRA,BID,0.751020713,0.283825189,0.349936407,0.132247707
01-01-2020,MAHARASHTRA,LATUR,0.73327456,0.169686211,0.372690074,0.086243775
01-01-2020,MAHARASHTRA,YAVATMAL,0.971768288,0.448504648,0.407979401,0.188296593
01-01-2020,MAHARASHTRA,BHANDARA,1.609182094,0.211365901,0.601224237,0.078970741
01-01-2020,MAHARASHTRA,MUMBAI SUBURBAN,0.704671321,0.010906639,0.068699841,0.00106331
01-01-2020,MAHARASHTRA,NANDURBAR,0.699641802,0.140442936,0.271820541,0.054564028
01-01-2020,MAHARASHTRA,NAGPUR,1.40673995,0.475150185,0.437511182,0.147776793
01-01-2020,MAHARASHTRA,CHANDRAPUR,1.488079959,0.573713947,0.476174197,0.183584072
01-01-2020,MAHARASHTRA,JALGAON,0.88112208,0.353164656,0.30003753,0.120258763
01-01-2020,MAHARASHTRA,HINGOLI,0.826658983,0.132406746,0.338148234,0.05416152
01-01-2020,MAHARASHTRA,AKOLA,0.90852834,0.167318552,0.465490123,0.085726696
01-01-2020,MAHARASHTRA,AURANGABAD,0.748857212,0.258434291,0.302939487,0.104545901
01-01-2020,MAHARASHTRA,DHULE,0.590641937,0.144454506,0.215296498,0.052655505
01-01-2020,MAHARASHTRA,KOLHAPUR,1.347325975,0.356867405,0.285678663,0.075667956
01-01-2020,MAHARASHTRA,RAIGARH,1.544182819,0.378599971,0.296906241,0.072794939
01-01-2020,MAHARASHTRA,AMRAVATI,0.777668153,0.323106242,0.285488801,0.118615136
01-01-2020,MAHARASHTRA,NANDED,1.034743043,0.374943762,0.420493025,0.152367525
01-01-2020,MAHARASHTRA,SOLAPUR,0.730550346,0.373980977,0.34167861,0.174911012
01-01-2020,MAHARASHTRA,AHMADNAGAR,0.749868919,0.437218176,0.378399806,0.220629591
01-01-2020,MAHARASHTRA,THANE,1.318030064,0.428603814,0.320559107,0.104241064
01-01-2020,MAHARASHTRA,SANGLI,0.757857967,0.22347503,0.335815102,0.099024215
01-01-2020,MAHARASHTRA,WARDHA,1.051434325,0.225940787,0.380981556,0.081868425
01-01-2020,MAHARASHTRA,BULDANA,0.837764792,0.278388759,0.393262532,0.130680914
01-01-2020,MAHARASHTRA,SINDHUDURG,2.13755783,0.374928201,0.769106847,0.134901542
29-02-2020,MAHARASHTRA,WASHIM,0.084328985,0.014941016,0.04945667,0.008762502
29-02-2020,MAHARASHTRA,SATARA,0.072202397,0.026067582,0.021610934,0.0078023
29-02-2020,MAHARASHTRA,PUNE,0.081189078,0.043540061,0.028851727,0.015472598
29-02-2020,MAHARASHTRA,PARBHANI,0.069572317,0.015071475,0.02929817,0.006346873
29-02-2020,MAHARASHTRA,JALNA,0.063428446,0.016822264,0.027257451,0.007229123
29-02-2020,MAHARASHTRA,GONDIYA,0.498442762,0.092830739,0.164801335,0.030692851
29-02-2020,MAHARASHTRA,MUMBAI,0.005829004,2.98E-05,0.000133091,6.80E-07
29-02-2020,MAHARASHTRA,NASHIK,0.078250657,0.041509209,0.039113241,0.020748193
29-02-2020,MAHARASHTRA,GARHCHIROLI,0.431306244,0.212723177,0.0945539,0.046634627
29-02-2020,MAHARASHTRA,RATNAGIRI,0.272626636,0.077512227,0.128442919,0.03651843
29-02-2020,MAHARASHTRA,OSMANABAD,0.070124321,0.018194737,0.033697691,0.008743338
29-02-2020,MAHARASHTRA,BID,0.070502206,0.026644141,0.033422052,0.012630837
29-02-2020,MAHARASHTRA,LATUR,0.068005101,0.015736981,0.034265061,0.007929238
29-02-2020,MAHARASHTRA,YAVATMAL,0.16980369,0.078370271,0.071833131,0.033153473
29-02-2020,MAHARASHTRA,BHANDARA,0.388060796,0.050971745,0.157191988,0.020647151
29-02-2020,MAHARASHTRA,MUMBAI SUBURBAN,0.10639741,0.001646779,0.010403121,0.000161016
29-02-2020,MAHARASHTRA,NANDURBAR,0.120557258,0.02420012,0.044533097,0.008939373
29-02-2020,MAHARASHTRA,NAGPUR,0.306486491,0.10352099,0.106820407,0.036080397
29-02-2020,MAHARASHTRA,CHANDRAPUR,0.381022875,0.146899457,0.151116531,0.058261427
29-02-2020,MAHARASHTRA,JALGAON,0.084557326,0.033891625,0.032243541,0.012923611
29-02-2020,MAHARASHTRA,HINGOLI,0.133138323,0.02132489,0.046694339,0.007479076
29-02-2020,MAHARASHTRA,AKOLA,0.101326308,0.018660696,0.050564827,0.00931224
29-02-2020,MAHARASHTRA,AURANGABAD,0.072575548,0.025046177,0.031092904,0.010730313
29-02-2020,MAHARASHTRA,DHULE,0.119615846,0.029254692,0.03842556,0.009397818
29-02-2020,MAHARASHTRA,KOLHAPUR,0.166624468,0.044133968,0.035164313,0.009314002
29-02-2020,MAHARASHTRA,RAIGARH,0.179701323,0.044058848,0.038128061,0.00934817
29-02-2020,MAHARASHTRA,AMRAVATI,0.136104733,0.056548913,0.064732859,0.026895265
29-02-2020,MAHARASHTRA,NANDED,0.198421439,0.071898894,0.077154791,0.027957383
29-02-2020,MAHARASHTRA,SOLAPUR,0.067094085,0.034346588,0.035247667,0.018043872
29-02-2020,MAHARASHTRA,AHMADNAGAR,0.084675129,0.049370636,0.04465023,0.026033739
29-02-2020,MAHARASHTRA,THANE,0.201596443,0.065556171,0.053813412,0.017499323
29-02-2020,MAHARASHTRA,SANGLI,0.077694189,0.022910244,0.036179186,0.010668417
29-02-2020,MAHARASHTRA,WARDHA,0.225282131,0.048410462,0.091202346,0.019598304
29-02-2020,MAHARASHTRA,BULDANA,0.082072617,0.027272683,0.038930232,0.012936494
29-02-2020,MAHARASHTRA,SINDHUDURG,0.366040869,0.064203664,0.159021315,0.02789238
28-02-2020,MAHARASHTRA,WASHIM,0.119602494,0.021190611,0.070648219,0.012517121
28-02-2020,MAHARASHTRA,SATARA,0.125096544,0.045164212,0.036152128,0.013052178
28-02-2020,MAHARASHTRA,PUNE,0.151414199,0.081200375,0.054132293,0.029030055
28-02-2020,MAHARASHTRA,PARBHANI,0.105277197,0.022806236,0.0443201,0.009601079
28-02-2020,MAHARASHTRA,JALNA,0.093392791,0.0247693,0.039953887,0.010596426
28-02-2020,MAHARASHTRA,GONDIYA,0.765891397,0.142640779,0.260822237,0.04857593
28-02-2020,MAHARASHTRA,MUMBAI,0.007663329,3.91E-05,0.000174833,8.93E-07
28-02-2020,MAHARASHTRA,NASHIK,0.137695555,0.073042627,0.066070242,0.035047929
28-02-2020,MAHARASHTRA,GARHCHIROLI,0.752680332,0.371227065,0.166248437,0.081994861
28-02-2020,MAHARASHTRA,RATNAGIRI,0.395404337,0.112419943,0.197708914,0.056211889
28-02-2020,MAHARASHTRA,OSMANABAD,0.096459376,0.025027736,0.046076155,0.011955104
28-02-2020,MAHARASHTRA,BID,0.097879179,0.036990427,0.045586249,0.017227921
28-02-2020,MAHARASHTRA,LATUR,0.104112626,0.024092581,0.052397285,0.012125195
28-02-2020,MAHARASHTRA,YAVATMAL,0.24137511,0.111402955,0.103739864,0.047879532
28-02-2020,MAHARASHTRA,BHANDARA,0.592238334,0.077790444,0.242912542,0.031906537
28-02-2020,MAHARASHTRA,MUMBAI SUBURBAN,0.140982298,0.002182071,0.013654563,0.00021134
28-02-2020,MAHARASHTRA,NANDURBAR,0.154724883,0.031058774,0.056663826,0.011374441
28-02-2020,MAHARASHTRA,NAGPUR,0.491925188,0.166156043,0.172870471,0.058389922
28-02-2020,MAHARASHTRA,CHANDRAPUR,0.585838117,0.22586387,0.24282653,0.093619275
28-02-2020,MAHARASHTRA,JALGAON,0.110705461,0.044372121,0.042153463,0.016895631
28-02-2020,MAHARASHTRA,HINGOLI,0.213621278,0.034215921,0.074282785,0.011897944
28-02-2020,MAHARASHTRA,AKOLA,0.142935575,0.02632364,0.07246817,0.013346055
28-02-2020,MAHARASHTRA,AURANGABAD,0.109234606,0.037697398,0.047098732,0.016254003
28-02-2020,MAHARASHTRA,DHULE,0.171095165,0.041845094,0.055177378,0.013494844
28-02-2020,MAHARASHTRA,KOLHAPUR,0.203207679,0.053823795,0.044049594,0.011667454
28-02-2020,MAHARASHTRA,RAIGARH,0.281440144,0.069002989,0.057792943,0.01416957
28-02-2020,MAHARASHTRA,AMRAVATI,0.216941026,0.090134846,0.10240794,0.04254854
28-02-2020,MAHARASHTRA,NANDED,0.305447631,0.110680313,0.118250888,0.042848737
28-02-2020,MAHARASHTRA,SOLAPUR,0.08954343,0.045838784,0.046698705,0.02390585
28-02-2020,MAHARASHTRA,AHMADNAGAR,0.124673428,0.072692023,0.064884845,0.037831724
28-02-2020,MAHARASHTRA,THANE,0.258408594,0.08403064,0.069053232,0.022455086
28-02-2020,MAHARASHTRA,SANGLI,0.097764549,0.028828536,0.045788181,0.01350189
28-02-2020,MAHARASHTRA,WARDHA,0.358140596,0.076960173,0.14646091,0.031472715
28-02-2020,MAHARASHTRA,BULDANA,0.112743182,0.037464494,0.0542017,0.018011194
28-02-2020,MAHARASHTRA,SINDHUDURG,0.423684458,0.074314365,0.186994115,0.032798817
27-02-2020,MAHARASHTRA,WASHIM,0.118583336,0.021010041,0.069941945,0.012391987
27-02-2020,MAHARASHTRA,SATARA,0.125344835,0.045253854,0.036701915,0.013250671
27-02-2020,MAHARASHTRA,PUNE,0.152417445,0.081738395,0.054290915,0.029115121
27-02-2020,MAHARASHTRA,PARBHANI,0.103887481,0.022505181,0.043702616,0.009467313
27-02-2020,MAHARASHTRA,JALNA,0.091982647,0.024395307,0.039478637,0.010470382
27-02-2020,MAHARASHTRA,GONDIYA,0.790283264,0.147183558,0.266562626,0.049645029
27-02-2020,MAHARASHTRA,MUMBAI,0.008887904,4.54E-05,0.000177418,0.000000906
27-02-2020,MAHARASHTRA,NASHIK,0.140315621,0.074432479,0.067500138,0.035806438
27-02-2020,MAHARASHTRA,GARHCHIROLI,0.775523187,0.382493316,0.172297755,0.084978426
27-02-2020,MAHARASHTRA,RATNAGIRI,0.380361195,0.108142931,0.194145137,0.055198649
27-02-2020,MAHARASHTRA,OSMANABAD,0.097603505,0.025324596,0.046330491,0.012021095
27-02-2020,MAHARASHTRA,BID,0.096942737,0.036636527,0.045206908,0.017084561
27-02-2020,MAHARASHTRA,LATUR,0.102792153,0.023787012,0.051663003,0.011955275
27-02-2020,MAHARASHTRA,YAVATMAL,0.250623636,0.115671469,0.107658196,0.049687978
27-02-2020,MAHARASHTRA,BHANDARA,0.60994366,0.080116036,0.250997514,0.032968497
27-02-2020,MAHARASHTRA,MUMBAI SUBURBAN,0.167915523,0.002598934,0.016464874,0.000254837
27-02-2020,MAHARASHTRA,NANDURBAR,0.159982996,0.032114264,0.058675863,0.011778328
27-02-2020,MAHARASHTRA,NAGPUR,0.522419746,0.176456096,0.183442071,0.061960659
27-02-2020,MAHARASHTRA,CHANDRAPUR,0.608061835,0.234431996,0.251305159,0.096888123
27-02-2020,MAHARASHTRA,JALGAON,0.1145938,0.045930616,0.043414297,0.017400989
27-02-2020,MAHARASHTRA,HINGOLI,0.211065195,0.033806511,0.073526689,0.011776839
27-02-2020,MAHARASHTRA,AKOLA,0.143088811,0.026351861,0.071981791,0.013256481
27-02-2020,MAHARASHTRA,AURANGABAD,0.112141844,0.0387007,0.048159258,0.016619996
27-02-2020,MAHARASHTRA,DHULE,0.17300069,0.042311132,0.055968601,0.013688355
27-02-2020,MAHARASHTRA,KOLHAPUR,0.211414308,0.055997492,0.046140356,0.012221236
27-02-2020,MAHARASHTRA,RAIGARH,0.27423242,0.067235812,0.056132823,0.013762545
27-02-2020,MAHARASHTRA,AMRAVATI,0.229937123,0.095534476,0.107763851,0.044773819
27-02-2020,MAHARASHTRA,NANDED,0.305845666,0.110824543,0.1185179,0.04294549
27-02-2020,MAHARASHTRA,SOLAPUR,0.093046976,0.047632308,0.048337991,0.024745028
27-02-2020,MAHARASHTRA,AHMADNAGAR,0.124302838,0.072475947,0.064811757,0.037789109
27-02-2020,MAHARASHTRA,THANE,0.272261074,0.08853526,0.076905543,0.025008541
27-02-2020,MAHARASHTRA,SANGLI,0.100610641,0.029667784,0.047460153,0.013994917
27-02-2020,MAHARASHTRA,WARDHA,0.376809482,0.080971896,0.152261112,0.03271911
27-02-2020,MAHARASHTRA,BULDANA,0.111845008,0.037166032,0.053674384,0.017835967
27-02-2020,MAHARASHTRA,SINDHUDURG,0.421920113,0.074004898,0.185807149,0.032590622
26-02-2020,MAHARASHTRA,WASHIM,0.117316876,0.020785656,0.069142232,0.012250298
26-02-2020,MAHARASHTRA,SATARA,0.130016077,0.046940335,0.037566595,0.01356285
26-02-2020,MAHARASHTRA,PUNE,0.15445766,0.082832521,0.054330141,0.029136157
26-02-2020,MAHARASHTRA,PARBHANI,0.100501653,0.021771708,0.04238386,0.00918163
26-02-2020,MAHARASHTRA,JALNA,0.088756959,0.023539801,0.038238163,0.010141388
26-02-2020,MAHARASHTRA,GONDIYA,0.805821162,0.15007736,0.273274723,0.0508951
26-02-2020,MAHARASHTRA,MUMBAI,0.00933253,4.77E-05,0.000183424,9.37E-07
26-02-2020,MAHARASHTRA,NASHIK,0.140641144,0.074605158,0.067447078,0.035778292
26-02-2020,MAHARASHTRA,GARHCHIROLI,0.807265186,0.398148687,0.177803015,0.087693658
26-02-2020,MAHARASHTRA,RATNAGIRI,0.404921532,0.115125838,0.207349909,0.058952983
26-02-2020,MAHARASHTRA,OSMANABAD,0.098308979,0.025507641,0.046337466,0.012022904
26-02-2020,MAHARASHTRA,BID,0.096370424,0.036420239,0.044878506,0.016960452
26-02-2020,MAHARASHTRA,LATUR,0.10343132,0.023934921,0.052075262,0.012050676
26-02-2020,MAHARASHTRA,YAVATMAL,0.252535698,0.116553952,0.108170152,0.049924263
26-02-2020,MAHARASHTRA,BHANDARA,0.622513827,0.081767127,0.25611027,0.033640057
26-02-2020,MAHARASHTRA,MUMBAI SUBURBAN,0.174991058,0.002708446,0.017176975,0.000265859
26-02-2020,MAHARASHTRA,NANDURBAR,0.164473639,0.033015696,0.060530896,0.012150699
26-02-2020,MAHARASHTRA,NAGPUR,0.507122113,0.171289062,0.177708987,0.060024213
26-02-2020,MAHARASHTRA,CHANDRAPUR,0.614987863,0.237102256,0.252448326,0.09732886
26-02-2020,MAHARASHTRA,JALGAON,0.112800653,0.045211901,0.04278459,0.017148594
26-02-2020,MAHARASHTRA,HINGOLI,0.200671501,0.032141743,0.070129593,0.011232723
26-02-2020,MAHARASHTRA,AKOLA,0.145881307,0.026866139,0.073312,0.013501458
26-02-2020,MAHARASHTRA,AURANGABAD,0.109887379,0.037922673,0.047127302,0.016263863
26-02-2020,MAHARASHTRA,DHULE,0.171929413,0.042049128,0.055609094,0.01360043
26-02-2020,MAHARASHTRA,KOLHAPUR,0.226204297,0.059914929,0.049437889,0.013094657
26-02-2020,MAHARASHTRA,RAIGARH,0.287489377,0.070486129,0.058814233,0.014419968
26-02-2020,MAHARASHTRA,AMRAVATI,0.216974443,0.090148731,0.101202927,0.04204788
26-02-2020,MAHARASHTRA,NANDED,0.298072223,0.108007801,0.116138586,0.042083335
26-02-2020,MAHARASHTRA,SOLAPUR,0.094918815,0.048590533,0.04916143,0.025166561
26-02-2020,MAHARASHTRA,AHMADNAGAR,0.121409776,0.07078912,0.062830634,0.036633996
26-02-2020,MAHARASHTRA,THANE,0.284862239,0.092632972,0.080608571,0.026212711
26-02-2020,MAHARASHTRA,SANGLI,0.105885899,0.031223337,0.049876542,0.014707455
26-02-2020,MAHARASHTRA,WARDHA,0.364876323,0.078407601,0.14724278,0.03164073
26-02-2020,MAHARASHTRA,BULDANA,0.112104533,0.037252272,0.053914862,0.017915878
26-02-2020,MAHARASHTRA,SINDHUDURG,0.432031021,0.075778354,0.189123707,0.033172348
25-02-2020,MAHARASHTRA,WASHIM,0.116204006,0.020588483,0.068327652,0.012105974
25-02-2020,MAHARASHTRA,SATARA,0.134240762,0.048465594,0.037753147,0.013630202
25-02-2020,MAHARASHTRA,PUNE,0.155396748,0.083336135,0.054090146,0.029007452
25-02-2020,MAHARASHTRA,PARBHANI,0.102317966,0.022165176,0.043126029,0.009342407
25-02-2020,MAHARASHTRA,JALNA,0.088432739,0.023453813,0.038095223,0.010103478
25-02-2020,MAHARASHTRA,GONDIYA,0.880664334,0.164016266,0.290460173,0.054095745
25-02-2020,MAHARASHTRA,MUMBAI,0.009064711,4.63E-05,0.000183176,9.35E-07
25-02-2020,MAHARASHTRA,NASHIK,0.140384196,0.074468856,0.066722677,0.035394023
25-02-2020,MAHARASHTRA,GARHCHIROLI,0.854937876,0.421661182,0.188461461,0.092950476
25-02-2020,MAHARASHTRA,RATNAGIRI,0.437683683,0.124440655,0.217831404,0.061933043
25-02-2020,MAHARASHTRA,OSMANABAD,0.095630778,0.024812745,0.045091112,0.011699521
25-02-2020,MAHARASHTRA,BID,0.095476896,0.036082558,0.044641786,0.01687099
25-02-2020,MAHARASHTRA,LATUR,0.09799763,0.022677517,0.049346381,0.011419189
25-02-2020,MAHARASHTRA,YAVATMAL,0.25625895,0.118272361,0.109914039,0.050729127
25-02-2020,MAHARASHTRA,BHANDARA,0.668541795,0.087812895,0.2707022,0.035556706
25-02-2020,MAHARASHTRA,MUMBAI SUBURBAN,0.173161749,0.002680133,0.01702324,0.000263479
25-02-2020,MAHARASHTRA,NANDURBAR,0.168099793,0.033743593,0.06203758,0.012453144
25-02-2020,MAHARASHTRA,NAGPUR,0.538464034,0.181875325,0.180197701,0.060864818
25-02-2020,MAHARASHTRA,CHANDRAPUR,0.69547074,0.268131602,0.269377469,0.103855717
25-02-2020,MAHARASHTRA,JALGAON,0.114409671,0.045856815,0.043499921,0.017435308
25-02-2020,MAHARASHTRA,HINGOLI,0.203406295,0.032579777,0.071133588,0.011393534
25-02-2020,MAHARASHTRA,AKOLA,0.141215064,0.026006784,0.070865861,0.013050967
25-02-2020,MAHARASHTRA,AURANGABAD,0.109262945,0.037707177,0.046904871,0.016187101
25-02-2020,MAHARASHTRA,DHULE,0.167395938,0.040940367,0.05426889,0.013272653
25-02-2020,MAHARASHTRA,KOLHAPUR,0.240582377,0.063723264,0.052203653,0.013827227
25-02-2020,MAHARASHTRA,RAIGARH,0.297230505,0.072874442,0.060804186,0.014907861
25-02-2020,MAHARASHTRA,AMRAVATI,0.199918809,0.083062441,0.092839741,0.038573137
25-02-2020,MAHARASHTRA,NANDED,0.297397505,0.107763314,0.115730188,0.04193535
25-02-2020,MAHARASHTRA,SOLAPUR,0.0938423,0.048039448,0.048523561,0.024840025
25-02-2020,MAHARASHTRA,AHMADNAGAR,0.121293264,0.070721186,0.062659368,0.036534138
25-02-2020,MAHARASHTRA,THANE,0.287069001,0.093350578,0.080678504,0.026235452
25-02-2020,MAHARASHTRA,SANGLI,0.108220052,0.031911625,0.050496312,0.014890211
25-02-2020,MAHARASHTRA,WARDHA,0.355669306,0.076429122,0.143543263,0.030845748
25-02-2020,MAHARASHTRA,BULDANA,0.114079713,0.037908623,0.054925121,0.018251586
25-02-2020,MAHARASHTRA,SINDHUDURG,0.504757572,0.08853461,0.222891829,0.039095285
24-02-2020,MAHARASHTRA,WASHIM,0.128288246,0.022729512,0.07578986,0.013428093
24-02-2020,MAHARASHTRA,SATARA,0.145510825,0.052534479,0.040962055,0.01478873
24-02-2020,MAHARASHTRA,PUNE,0.174593233,0.093630822,0.062520321,0.033528384
24-02-2020,MAHARASHTRA,PARBHANI,0.115235328,0.024963469,0.04855788,0.01051911
24-02-2020,MAHARASHTRA,JALNA,0.098865184,0.026220669,0.042775115,0.011344662
24-02-2020,MAHARASHTRA,GONDIYA,1.522861182,0.283619984,0.497304785,0.0926188
24-02-2020,MAHARASHTRA,MUMBAI,0.008639252,4.41E-05,0.000189602,9.68E-07
24-02-2020,MAHARASHTRA,NASHIK,0.15361623,0.081487983,0.073367052,0.038918629
24-02-2020,MAHARASHTRA,GARHCHIROLI,0.830608147,0.409661594,0.180523135,0.089035239
24-02-2020,MAHARASHTRA,RATNAGIRI,0.470115678,0.133661604,0.23003747,0.065403429
24-02-2020,MAHARASHTRA,OSMANABAD,0.110512719,0.028674072,0.051619171,0.013393317
24-02-2020,MAHARASHTRA,BID,0.107991354,0.040812012,0.050231607,0.018983492
24-02-2020,MAHARASHTRA,LATUR,0.111918224,0.025898866,0.056192828,0.013003517
24-02-2020,MAHARASHTRA,YAVATMAL,0.280493383,0.12945739,0.120983102,0.055837882
24-02-2020,MAHARASHTRA,BHANDARA,0.623972043,0.081958663,0.25432945,0.033406147
24-02-2020,MAHARASHTRA,MUMBAI SUBURBAN,0.172232186,0.002665745,0.016845732,0.000260732
24-02-2020,MAHARASHTRA,NANDURBAR,0.167940871,0.033711692,0.062082672,0.012462195
24-02-2020,MAHARASHTRA,NAGPUR,0.513137188,0.173320755,0.18107754,0.061161998
24-02-2020,MAHARASHTRA,CHANDRAPUR,0.590660964,0.22772327,0.243448249,0.093858973
24-02-2020,MAHARASHTRA,JALGAON,0.115773194,0.046403332,0.044084927,0.017669785
24-02-2020,MAHARASHTRA,HINGOLI,0.230683614,0.036948811,0.080814308,0.012944104
24-02-2020,MAHARASHTRA,AKOLA,0.155654694,0.028666049,0.078887558,0.014528278
24-02-2020,MAHARASHTRA,AURANGABAD,0.114592094,0.039546293,0.049550659,0.017100175
24-02-2020,MAHARASHTRA,DHULE,0.166836362,0.04080351,0.054365957,0.013296393
24-02-2020,MAHARASHTRA,KOLHAPUR,0.245511836,0.065028934,0.052924233,0.014018088
24-02-2020,MAHARASHTRA,RAIGARH,0.322294644,0.079019622,0.06589766,0.01615667
24-02-2020,MAHARASHTRA,AMRAVATI,0.239864057,0.099658928,0.112077435,0.04656603
24-02-2020,MAHARASHTRA,NANDED,0.333834181,0.120966306,0.129929014,0.047080358
24-02-2020,MAHARASHTRA,SOLAPUR,0.10059473,0.05149613,0.052273665,0.026759766
24-02-2020,MAHARASHTRA,AHMADNAGAR,0.137465888,0.080150788,0.07069565,0.041219768
24-02-2020,MAHARASHTRA,THANE,0.305834774,0.099452929,0.085822985,0.027908361
24-02-2020,MAHARASHTRA,SANGLI,0.114561884,0.033781687,0.053519645,0.015781723
24-02-2020,MAHARASHTRA,WARDHA,0.407540753,0.087575682,0.163166687,0.035062589
24-02-2020,MAHARASHTRA,BULDANA,0.12014833,0.039925221,0.058058494,0.019292804
24-02-2020,MAHARASHTRA,SINDHUDURG,0.507677667,0.089046795,0.223239027,0.039156184
23-02-2020,MAHARASHTRA,WASHIM,0.14205077,0.025167892,0.083550982,0.014803173
23-02-2020,MAHARASHTRA,SATARA,0.147629393,0.053299356,0.042235407,0.015248454
23-02-2020,MAHARASHTRA,PUNE,0.176717738,0.094770151,0.062929895,0.033748031
23-02-2020,MAHARASHTRA,PARBHANI,0.115373838,0.024993475,0.048507101,0.01050811
23-02-2020,MAHARASHTRA,JALNA,0.106003316,0.028113818,0.045646212,0.012106124
23-02-2020,MAHARASHTRA,GONDIYA,0.761695799,0.141859385,0.24296472,0.045250119
23-02-2020,MAHARASHTRA,MUMBAI,0.009347488,4.77E-05,0.000194824,9.95E-07
23-02-2020,MAHARASHTRA,NASHIK,0.16816279,0.089204419,0.081725276,0.043352371
23-02-2020,MAHARASHTRA,GARHCHIROLI,0.905515262,0.446606293,0.198356814,0.097830931
23-02-2020,MAHARASHTRA,RATNAGIRI,0.429349939,0.122071235,0.211321758,0.060082244
23-02-2020,MAHARASHTRA,OSMANABAD,0.114580406,0.029729491,0.053282338,0.013824849
23-02-2020,MAHARASHTRA,BID,0.110564032,0.041784277,0.051626533,0.019510661
23-02-2020,MAHARASHTRA,LATUR,0.111340766,0.025765237,0.055972668,0.01295257
23-02-2020,MAHARASHTRA,YAVATMAL,0.326930506,0.150889727,0.141649986,0.065376364
23-02-2020,MAHARASHTRA,BHANDARA,0.715812473,0.094021894,0.297753789,0.039109929
23-02-2020,MAHARASHTRA,MUMBAI SUBURBAN,0.181511599,0.002809369,0.017833077,0.000276014
23-02-2020,MAHARASHTRA,NANDURBAR,0.188107067,0.037759763,0.069830637,0.014017487
23-02-2020,MAHARASHTRA,NAGPUR,0.566946812,0.191495864,0.199011375,0.067219454
23-02-2020,MAHARASHTRA,CHANDRAPUR,0.708910035,0.273312984,0.287129345,0.110699771
23-02-2020,MAHARASHTRA,JALGAON,0.132306521,0.053030094,0.050258572,0.020144259
23-02-2020,MAHARASHTRA,HINGOLI,0.23281325,0.037289917,0.082101997,0.013150354
23-02-2020,MAHARASHTRA,AKOLA,0.175025865,0.032233529,0.087894798,0.01618709
23-02-2020,MAHARASHTRA,AURANGABAD,0.126875073,0.043785209,0.055470163,0.019143025
23-02-2020,MAHARASHTRA,DHULE,0.19192364,0.046939157,0.062652304,0.015323002
23-02-2020,MAHARASHTRA,KOLHAPUR,0.253394791,0.067116899,0.054841406,0.014525891
23-02-2020,MAHARASHTRA,RAIGARH,0.323545193,0.07932623,0.066139881,0.016216057
23-02-2020,MAHARASHTRA,AMRAVATI,0.256949879,0.10675776,0.119090367,0.04947977
23-02-2020,MAHARASHTRA,NANDED,0.342331425,0.12404532,0.133084148,0.048223635
23-02-2020,MAHARASHTRA,SOLAPUR,0.106242606,0.054387372,0.05512769,0.028220789
23-02-2020,MAHARASHTRA,AHMADNAGAR,0.141740682,0.082643247,0.073090473,0.042616093
23-02-2020,MAHARASHTRA,THANE,0.312987637,0.101778934,0.08793165,0.028594068
23-02-2020,MAHARASHTRA,SANGLI,0.120382344,0.035498008,0.056685192,0.01671517
23-02-2020,MAHARASHTRA,WARDHA,0.446758907,0.096003199,0.179103971,0.038487323
23-02-2020,MAHARASHTRA,BULDANA,0.136754584,0.04544347,0.065937209,0.021910897
23-02-2020,MAHARASHTRA,SINDHUDURG,0.494072393,0.086660427,0.214338838,0.037595088
22-02-2020,MAHARASHTRA,WASHIM,0.130873161,0.023187495,0.077062546,0.013653582
22-02-2020,MAHARASHTRA,SATARA,0.149480292,0.053967595,0.042117123,0.015205749
22-02-2020,MAHARASHTRA,PUNE,0.179407603,0.096212671,0.063620822,0.034118561
22-02-2020,MAHARASHTRA,PARBHANI,0.11639487,0.025214661,0.048922715,0.010598145
22-02-2020,MAHARASHTRA,JALNA,0.107102769,0.028405411,0.046312669,0.01228288
22-02-2020,MAHARASHTRA,GONDIYA,0.811368395,0.151110485,0.27076667,0.050427997
22-02-2020,MAHARASHTRA,MUMBAI,0.01017,5.19E-05,0.000204064,1.04E-06
22-02-2020,MAHARASHTRA,NASHIK,0.174817983,0.092734763,0.084488345,0.044818082
22-02-2020,MAHARASHTRA,GARHCHIROLI,0.905455391,0.446576764,0.196248517,0.096791105
22-02-2020,MAHARASHTRA,RATNAGIRI,0.443391851,0.126063581,0.219666091,0.062454675
22-02-2020,MAHARASHTRA,OSMANABAD,0.114006071,0.029580471,0.052584732,0.013643845
22-02-2020,MAHARASHTRA,BID,0.109293215,0.041304011,0.050956158,0.019257313
22-02-2020,MAHARASHTRA,LATUR,0.1149827,0.026608013,0.057630832,0.013336284
22-02-2020,MAHARASHTRA,YAVATMAL,0.299585255,0.138268948,0.129123071,0.05959476
22-02-2020,MAHARASHTRA,BHANDARA,0.71284119,0.093631616,0.295175251,0.038771239
22-02-2020,MAHARASHTRA,MUMBAI SUBURBAN,0.194711474,0.003013671,0.019251344,0.000297965
22-02-2020,MAHARASHTRA,NANDURBAR,0.19745154,0.03963553,0.073346374,0.01472322
22-02-2020,MAHARASHTRA,NAGPUR,0.548993405,0.185431798,0.192462235,0.065007372
22-02-2020,MAHARASHTRA,CHANDRAPUR,0.680953811,0.262534749,0.279649973,0.107816175
22-02-2020,MAHARASHTRA,JALGAON,0.135723874,0.054399812,0.051613777,0.020687442
22-02-2020,MAHARASHTRA,HINGOLI,0.233605892,0.037416875,0.083124686,0.013314159
22-02-2020,MAHARASHTRA,AKOLA,0.161190417,0.029685532,0.082189365,0.015136353
22-02-2020,MAHARASHTRA,AURANGABAD,0.128219721,0.044249254,0.056251423,0.019412642
22-02-2020,MAHARASHTRA,DHULE,0.192114541,0.046985846,0.062993364,0.015406416
22-02-2020,MAHARASHTRA,KOLHAPUR,0.260462747,0.068988995,0.0560674,0.014850621
22-02-2020,MAHARASHTRA,RAIGARH,0.336203322,0.082429727,0.068819005,0.01687292
22-02-2020,MAHARASHTRA,AMRAVATI,0.239691486,0.099587228,0.111666738,0.046395394
22-02-2020,MAHARASHTRA,NANDED,0.340588389,0.123413723,0.132859219,0.048142131
22-02-2020,MAHARASHTRA,SOLAPUR,0.105685305,0.054102081,0.055162026,0.028238367
22-02-2020,MAHARASHTRA,AHMADNAGAR,0.1443088,0.084140613,0.073746658,0.042998687
22-02-2020,MAHARASHTRA,THANE,0.332857351,0.10824027,0.093167798,0.030296785
22-02-2020,MAHARASHTRA,SANGLI,0.121073133,0.035701706,0.056937284,0.016789506
22-02-2020,MAHARASHTRA,WARDHA,0.418870342,0.090010277,0.168414826,0.036190352
22-02-2020,MAHARASHTRA,BULDANA,0.127729804,0.04244454,0.061991934,0.020599884
22-02-2020,MAHARASHTRA,SINDHUDURG,0.500083802,0.087714829,0.215820897,0.037855042
21-02-2020,MAHARASHTRA,WASHIM,0.133061565,0.023575226,0.078504733,0.013909102
21-02-2020,MAHARASHTRA,SATARA,0.15919053,0.05747333,0.044824896,0.01618335
21-02-2020,MAHARASHTRA,PUNE,0.195563452,0.104876726,0.070403141,0.037755781
21-02-2020,MAHARASHTRA,PARBHANI,0.11981109,0.025954718,0.050248346,0.010885317
21-02-2020,MAHARASHTRA,JALNA,0.109794904,0.02911941,0.047449047,0.012584266
21-02-2020,MAHARASHTRA,GONDIYA,0.802489594,0.149456883,0.269305496,0.050155865
21-02-2020,MAHARASHTRA,MUMBAI,0.009615278,4.91E-05,0.000203655,0.00000104
21-02-2020,MAHARASHTRA,NASHIK,0.184159956,0.09769035,0.088987468,0.047204708
21-02-2020,MAHARASHTRA,GARHCHIROLI,0.924088367,0.455766675,0.199166875,0.098230459
21-02-2020,MAHARASHTRA,RATNAGIRI,0.485855094,0.138136578,0.239807432,0.068181189
21-02-2020,MAHARASHTRA,OSMANABAD,0.118773854,0.03081754,0.054633558,0.014175442
21-02-2020,MAHARASHTRA,BID,0.117141265,0.04426994,0.054706046,0.020674468
21-02-2020,MAHARASHTRA,LATUR,0.117522283,0.027195695,0.059025936,0.013659123
21-02-2020,MAHARASHTRA,YAVATMAL,0.314030049,0.14493572,0.135235743,0.062415969
21-02-2020,MAHARASHTRA,BHANDARA,0.740236426,0.097229978,0.306149936,0.040212762
21-02-2020,MAHARASHTRA,MUMBAI SUBURBAN,0.187745408,0.002905853,0.018524051,0.000286708
21-02-2020,MAHARASHTRA,NANDURBAR,0.200949805,0.040337756,0.074776164,0.01501023
21-02-2020,MAHARASHTRA,NAGPUR,0.585454695,0.197747214,0.20341199,0.068705836
21-02-2020,MAHARASHTRA,CHANDRAPUR,0.702046364,0.270666766,0.286049968,0.110283628
21-02-2020,MAHARASHTRA,JALGAON,0.144872435,0.058066668,0.054984186,0.022038343
21-02-2020,MAHARASHTRA,HINGOLI,0.234275861,0.037524185,0.083667305,0.013401071
21-02-2020,MAHARASHTRA,AKOLA,0.171743706,0.031629072,0.087569181,0.016127123
21-02-2020,MAHARASHTRA,AURANGABAD,0.135570711,0.046786116,0.059601989,0.020568938
21-02-2020,MAHARASHTRA,DHULE,0.207489413,0.05074611,0.068334611,0.016712736
21-02-2020,MAHARASHTRA,KOLHAPUR,0.270159817,0.071557466,0.057975256,0.015355956
21-02-2020,MAHARASHTRA,RAIGARH,0.348752711,0.085506563,0.071253762,0.017469869
21-02-2020,MAHARASHTRA,AMRAVATI,0.25279922,0.10503324,0.116604054,0.048446754
21-02-2020,MAHARASHTRA,NANDED,0.345394938,0.125155398,0.134803615,0.048846692
21-02-2020,MAHARASHTRA,SOLAPUR,0.111396972,0.057025979,0.058694214,0.030046553
21-02-2020,MAHARASHTRA,AHMADNAGAR,0.151445684,0.088301841,0.077344283,0.045096317
21-02-2020,MAHARASHTRA,THANE,0.338875825,0.110197389,0.093484796,0.030399868
21-02-2020,MAHARASHTRA,SANGLI,0.124272948,0.036645258,0.058293096,0.017189305
21-02-2020,MAHARASHTRA,WARDHA,0.436398754,0.093776925,0.174700447,0.037541057
21-02-2020,MAHARASHTRA,BULDANA,0.134612164,0.044731545,0.065742772,0.021846285
21-02-2020,MAHARASHTRA,SINDHUDURG,0.532149719,0.0933392,0.229783054,0.040304008
20-02-2020,MAHARASHTRA,WASHIM,0.146627115,0.025978707,0.086644299,0.015351232
20-02-2020,MAHARASHTRA,SATARA,0.16781727,0.060587883,0.047405843,0.017115162
20-02-2020,MAHARASHTRA,PUNE,0.207276053,0.111157958,0.075469667,0.040472857
20-02-2020,MAHARASHTRA,PARBHANI,0.127565801,0.027634624,0.053425034,0.011573484
20-02-2020,MAHARASHTRA,JALNA,0.119436912,0.031676628,0.051558324,0.013674113
20-02-2020,MAHARASHTRA,GONDIYA,0.810364746,0.150923564,0.270948732,0.050461904
20-02-2020,MAHARASHTRA,MUMBAI,0.008873562,4.53E-05,0.000201221,1.03E-06
20-02-2020,MAHARASHTRA,NASHIK,0.195019983,0.103451211,0.095040919,0.050415849
20-02-2020,MAHARASHTRA,GARHCHIROLI,0.962845011,0.474881716,0.206952834,0.102070547
20-02-2020,MAHARASHTRA,RATNAGIRI,0.509093528,0.144743646,0.248375927,0.070617353
20-02-2020,MAHARASHTRA,OSMANABAD,0.124086294,0.032195926,0.056516316,0.01466395
20-02-2020,MAHARASHTRA,BID,0.12380404,0.046787931,0.057925366,0.021891111
20-02-2020,MAHARASHTRA,LATUR,0.124140964,0.028727316,0.062065037,0.014362398
20-02-2020,MAHARASHTRA,YAVATMAL,0.340373206,0.157093997,0.146836495,0.067770117
20-02-2020,MAHARASHTRA,BHANDARA,0.78164422,0.102668887,0.322080717,0.042305269
20-02-2020,MAHARASHTRA,MUMBAI SUBURBAN,0.154308476,0.002388329,0.015109565,0.00023386
20-02-2020,MAHARASHTRA,NANDURBAR,0.215462732,0.043251016,0.080186264,0.016096229
20-02-2020,MAHARASHTRA,NAGPUR,0.620768237,0.20967496,0.214133541,0.072327221
20-02-2020,MAHARASHTRA,CHANDRAPUR,0.737902928,0.284490897,0.300223486,0.115748082
20-02-2020,MAHARASHTRA,JALGAON,0.152998099,0.061323535,0.058181514,0.023319872
20-02-2020,MAHARASHTRA,HINGOLI,0.254108897,0.040700861,0.091322134,0.014627152
20-02-2020,MAHARASHTRA,AKOLA,0.185534628,0.034168868,0.094722759,0.017444557
20-02-2020,MAHARASHTRA,AURANGABAD,0.150106881,0.05180262,0.066509848,0.022952874
20-02-2020,MAHARASHTRA,DHULE,0.223482283,0.054657519,0.073741573,0.018035127
20-02-2020,MAHARASHTRA,KOLHAPUR,0.278259077,0.073702724,0.059469972,0.015751863
20-02-2020,MAHARASHTRA,RAIGARH,0.359864189,0.088230856,0.073303926,0.017972525
20-02-2020,MAHARASHTRA,AMRAVATI,0.262745677,0.109165803,0.120290659,0.049978468
20-02-2020,MAHARASHTRA,NANDED,0.36303253,0.131546458,0.141451207,0.051255477
20-02-2020,MAHARASHTRA,SOLAPUR,0.117476139,0.060138006,0.061816024,0.03164466
20-02-2020,MAHARASHTRA,AHMADNAGAR,0.165421455,0.096450546,0.084281117,0.049140904
20-02-2020,MAHARASHTRA,THANE,0.320293702,0.104154758,0.084980071,0.027634258
20-02-2020,MAHARASHTRA,SANGLI,0.131784483,0.038860239,0.061748866,0.018208332
20-02-2020,MAHARASHTRA,WARDHA,0.456727171,0.098145261,0.183126198,0.039351652
20-02-2020,MAHARASHTRA,BULDANA,0.147575565,0.049039275,0.072314471,0.024030057
20-02-2020,MAHARASHTRA,SINDHUDURG,0.558652927,0.097987869,0.241186493,0.042304174
19-02-2020,MAHARASHTRA,WASHIM,0.152369963,0.026996198,0.090059626,0.015956344
19-02-2020,MAHARASHTRA,SATARA,0.170711863,0.061632932,0.048947171,0.017671635
19-02-2020,MAHARASHTRA,PUNE,0.218507498,0.117181155,0.080327883,0.04307822
19-02-2020,MAHARASHTRA,PARBHANI,0.128113775,0.027753332,0.053703283,0.011633761
19-02-2020,MAHARASHTRA,JALNA,0.119922823,0.0318055,0.051797017,0.013737418
19-02-2020,MAHARASHTRA,GONDIYA,0.779237405,0.14512636,0.263723754,0.049116313
19-02-2020,MAHARASHTRA,MUMBAI,0.00934608,4.77E-05,0.000207072,1.06E-06
19-02-2020,MAHARASHTRA,NASHIK,0.203091215,0.107732714,0.099137373,0.052588874
19-02-2020,MAHARASHTRA,GARHCHIROLI,1.021847171,0.503981983,0.217773548,0.107407397
19-02-2020,MAHARASHTRA,RATNAGIRI,0.499393033,0.141985636,0.245294896,0.069741365
19-02-2020,MAHARASHTRA,OSMANABAD,0.127588309,0.033104573,0.058285868,0.015123085
19-02-2020,MAHARASHTRA,BID,0.132397167,0.050035439,0.061841821,0.023371215
19-02-2020,MAHARASHTRA,LATUR,0.123722857,0.028630562,0.06181287,0.014304044
19-02-2020,MAHARASHTRA,YAVATMAL,0.361818049,0.166991534,0.155848345,0.071929397
19-02-2020,MAHARASHTRA,BHANDARA,0.764372167,0.100400205,0.314895992,0.041361556
19-02-2020,MAHARASHTRA,MUMBAI SUBURBAN,0.169204605,0.002618886,0.016616382,0.000257182
19-02-2020,MAHARASHTRA,NANDURBAR,0.234224982,0.047017265,0.087691164,0.017602728
19-02-2020,MAHARASHTRA,NAGPUR,0.627833904,0.212061508,0.215794608,0.072888275
19-02-2020,MAHARASHTRA,CHANDRAPUR,0.764811067,0.294865053,0.30821293,0.11882833
19-02-2020,MAHARASHTRA,JALGAON,0.157910172,0.063292355,0.060157662,0.024111937
19-02-2020,MAHARASHTRA,HINGOLI,0.258982138,0.041481412,0.094495135,0.015135375
19-02-2020,MAHARASHTRA,AKOLA,0.190476935,0.035079065,0.096848824,0.017836103
19-02-2020,MAHARASHTRA,AURANGABAD,0.153897487,0.053110776,0.06819911,0.023535847
19-02-2020,MAHARASHTRA,DHULE,0.23317281,0.057027551,0.07729813,0.018904962
19-02-2020,MAHARASHTRA,KOLHAPUR,0.288670307,0.076460356,0.062105183,0.016449854
19-02-2020,MAHARASHTRA,RAIGARH,0.365281947,0.089559172,0.074387051,0.018238084
19-02-2020,MAHARASHTRA,AMRAVATI,0.271262199,0.112704255,0.122868414,0.051049476
19-02-2020,MAHARASHTRA,NANDED,0.36760914,0.133204813,0.143079347,0.05184544
19-02-2020,MAHARASHTRA,SOLAPUR,0.126482928,0.064748732,0.066583809,0.034085369
19-02-2020,MAHARASHTRA,AHMADNAGAR,0.171362191,0.099914349,0.086913407,0.050675685
19-02-2020,MAHARASHTRA,THANE,0.334068272,0.108634044,0.089948249,0.029249835
19-02-2020,MAHARASHTRA,SANGLI,0.139388098,0.041102371,0.065827538,0.01941104
19-02-2020,MAHARASHTRA,WARDHA,0.468930986,0.100767716,0.187450671,0.04028093
19-02-2020,MAHARASHTRA,BULDANA,0.154336348,0.05128588,0.075703889,0.025156359
19-02-2020,MAHARASHTRA,SINDHUDURG,0.58100004,0.101907559,0.250051415,0.043859083
18-02-2020,MAHARASHTRA,WASHIM,0.150424662,0.026651539,0.089055453,0.015778429
18-02-2020,MAHARASHTRA,SATARA,0.170498547,0.061555918,0.04924333,0.017778559
18-02-2020,MAHARASHTRA,PUNE,0.212903563,0.114175878,0.077870987,0.041760637
18-02-2020,MAHARASHTRA,PARBHANI,0.122676454,0.026575443,0.051478517,0.011151809
18-02-2020,MAHARASHTRA,JALNA,0.117607063,0.031191322,0.050937002,0.013509329
18-02-2020,MAHARASHTRA,GONDIYA,0.716815383,0.133500788,0.241002141,0.044884606
18-02-2020,MAHARASHTRA,MUMBAI,0.009740442,4.97E-05,0.000202947,1.04E-06
18-02-2020,MAHARASHTRA,NASHIK,0.204155746,0.10829741,0.100901426,0.053524642
18-02-2020,MAHARASHTRA,GARHCHIROLI,0.949664989,0.468381239,0.203403571,0.100320026
18-02-2020,MAHARASHTRA,RATNAGIRI,0.481241428,0.136824837,0.238577124,0.067831392
18-02-2020,MAHARASHTRA,OSMANABAD,0.133883061,0.034737835,0.060579235,0.015718131
18-02-2020,MAHARASHTRA,BID,0.132504705,0.05007608,0.06168347,0.023311371
18-02-2020,MAHARASHTRA,LATUR,0.128189016,0.029664071,0.063814197,0.014767169
18-02-2020,MAHARASHTRA,YAVATMAL,0.362249572,0.167190696,0.156148751,0.072068045
18-02-2020,MAHARASHTRA,BHANDARA,0.716500712,0.094112294,0.296051437,0.038886326
18-02-2020,MAHARASHTRA,MUMBAI SUBURBAN,0.172036105,0.00266271,0.016872635,0.000261148
18-02-2020,MAHARASHTRA,NANDURBAR,0.236807583,0.047535685,0.089133986,0.017892354
18-02-2020,MAHARASHTRA,NAGPUR,0.606376581,0.204813935,0.209110148,0.070630485
18-02-2020,MAHARASHTRA,CHANDRAPUR,0.761415708,0.293556008,0.305673297,0.117849201
18-02-2020,MAHARASHTRA,JALGAON,0.159612739,0.063974765,0.06079658,0.024368023
18-02-2020,MAHARASHTRA,HINGOLI,0.249584819,0.039976235,0.09165381,0.014680277
18-02-2020,MAHARASHTRA,AKOLA,0.1908629,0.035150146,0.096805436,0.017828112
18-02-2020,MAHARASHTRA,AURANGABAD,0.158839369,0.054816244,0.070750359,0.024416295
18-02-2020,MAHARASHTRA,DHULE,0.236107142,0.057745206,0.078740532,0.019257733
18-02-2020,MAHARASHTRA,KOLHAPUR,0.295593836,0.078294197,0.063855935,0.016913577
18-02-2020,MAHARASHTRA,RAIGARH,0.356068283,0.087300182,0.07236903,0.017743309
18-02-2020,MAHARASHTRA,AMRAVATI,0.273581936,0.113668062,0.123643925,0.051371686
18-02-2020,MAHARASHTRA,NANDED,0.358760084,0.129998318,0.139866234,0.050681154
18-02-2020,MAHARASHTRA,SOLAPUR,0.130657709,0.066885873,0.069068116,0.035357127
18-02-2020,MAHARASHTRA,AHMADNAGAR,0.168855945,0.098453058,0.085477253,0.049838322
18-02-2020,MAHARASHTRA,THANE,0.314412938,0.102242421,0.085689522,0.027864961
18-02-2020,MAHARASHTRA,SANGLI,0.140557796,0.041447288,0.066285008,0.019545937
18-02-2020,MAHARASHTRA,WARDHA,0.468467565,0.100668133,0.187493522,0.040290138
18-02-2020,MAHARASHTRA,BULDANA,0.154676445,0.051398894,0.075519421,0.02509506
18-02-2020,MAHARASHTRA,SINDHUDURG,0.567955807,0.099619597,0.243153714,0.042649225
17-02-2020,MAHARASHTRA,WASHIM,0.155712372,0.027588391,0.092408264,0.016372465
17-02-2020,MAHARASHTRA,SATARA,0.18015227,0.065041248,0.051626355,0.018638913
17-02-2020,MAHARASHTRA,PUNE,0.221425584,0.118746065,0.081438616,0.043673884
17-02-2020,MAHARASHTRA,PARBHANI,0.125932779,0.027280862,0.052817017,0.011441769
17-02-2020,MAHARASHTRA,JALNA,0.124049702,0.032900016,0.053862692,0.01428527
17-02-2020,MAHARASHTRA,GONDIYA,0.829470079,0.15448177,0.280522602,0.052244956
17-02-2020,MAHARASHTRA,MUMBAI,0.010103057,0.000051592,0.000206567,1.05E-06
17-02-2020,MAHARASHTRA,NASHIK,0.201547496,0.106913825,0.099926624,0.053007544
17-02-2020,MAHARASHTRA,GARHCHIROLI,1.024907231,0.505491225,0.219127818,0.108075332
17-02-2020,MAHARASHTRA,RATNAGIRI,0.496885099,0.141272589,0.241513879,0.06866636
17-02-2020,MAHARASHTRA,OSMANABAD,0.139776146,0.036266878,0.063403315,0.016450878
17-02-2020,MAHARASHTRA,BID,0.14035845,0.053044161,0.065592321,0.024788601
17-02-2020,MAHARASHTRA,LATUR,0.129434904,0.02995238,0.064390908,0.014900625
17-02-2020,MAHARASHTRA,YAVATMAL,0.376852553,0.173930477,0.162703662,0.075093363
17-02-2020,MAHARASHTRA,BHANDARA,0.803166609,0.105495851,0.332609584,0.043688234
17-02-2020,MAHARASHTRA,MUMBAI SUBURBAN,0.184739039,0.002859322,0.018142678,0.000280806
17-02-2020,MAHARASHTRA,NANDURBAR,0.241615803,0.048500865,0.091235445,0.018314191
17-02-2020,MAHARASHTRA,NAGPUR,0.651584196,0.22008357,0.224468868,0.075818153
17-02-2020,MAHARASHTRA,CHANDRAPUR,0.809709421,0.312175153,0.326688999,0.125951589
17-02-2020,MAHARASHTRA,JALGAON,0.161755431,0.064833583,0.061732157,0.024743014
17-02-2020,MAHARASHTRA,HINGOLI,0.256815649,0.041134404,0.09493143,0.015205256
17-02-2020,MAHARASHTRA,AKOLA,0.197443765,0.036362107,0.099970616,0.018411026
17-02-2020,MAHARASHTRA,AURANGABAD,0.163818985,0.056534734,0.073528613,0.025375084
17-02-2020,MAHARASHTRA,DHULE,0.236728181,0.057897095,0.079332059,0.019402404
17-02-2020,MAHARASHTRA,KOLHAPUR,0.311587489,0.08253045,0.067363024,0.017842503
17-02-2020,MAHARASHTRA,RAIGARH,0.367457644,0.090092606,0.074629564,0.018297542
17-02-2020,MAHARASHTRA,AMRAVATI,0.276281003,0.114789472,0.124744994,0.051829159
17-02-2020,MAHARASHTRA,NANDED,0.361148773,0.130863871,0.140411406,0.0508787
17-02-2020,MAHARASHTRA,SOLAPUR,0.135750176,0.069492793,0.071619041,0.036662988
17-02-2020,MAHARASHTRA,AHMADNAGAR,0.174804818,0.101921605,0.08835376,0.051515497
17-02-2020,MAHARASHTRA,THANE,0.32834541,0.106773054,0.09209055,0.02994648
17-02-2020,MAHARASHTRA,SANGLI,0.150122111,0.044267587,0.070546493,0.020802552
17-02-2020,MAHARASHTRA,WARDHA,0.485095284,0.104241233,0.19469602,0.041837869
17-02-2020,MAHARASHTRA,BULDANA,0.163114935,0.054202999,0.07947362,0.026409038
17-02-2020,MAHARASHTRA,SINDHUDURG,0.613154508,0.107547461,0.262544619,0.046050395
16-02-2020,MAHARASHTRA,WASHIM,0.159950512,0.028339284,0.094793107,0.016795
16-02-2020,MAHARASHTRA,SATARA,0.198126042,0.071530406,0.057746656,0.020848556
16-02-2020,MAHARASHTRA,PUNE,0.245273299,0.131535113,0.091748925,0.049203094
16-02-2020,MAHARASHTRA,PARBHANI,0.131662039,0.028521993,0.055358623,0.011992358
16-02-2020,MAHARASHTRA,JALNA,0.129979812,0.034472778,0.056657597,0.015026524
16-02-2020,MAHARASHTRA,GONDIYA,0.776870847,0.144685609,0.255679399,0.047618121
16-02-2020,MAHARASHTRA,MUMBAI,0.010325781,5.27E-05,0.000215492,1.10E-06
16-02-2020,MAHARASHTRA,NASHIK,0.217952007,0.115615839,0.107830207,0.057200115
16-02-2020,MAHARASHTRA,GARHCHIROLI,1.055815645,0.520735465,0.223970393,0.110463723
16-02-2020,MAHARASHTRA,RATNAGIRI,0.528022059,0.150125338,0.257156225,0.073113736
16-02-2020,MAHARASHTRA,OSMANABAD,0.150710014,0.039103823,0.068015912,0.017647681
16-02-2020,MAHARASHTRA,BID,0.149510494,0.056502895,0.06999942,0.026454129
16-02-2020,MAHARASHTRA,LATUR,0.135502458,0.031356466,0.067241589,0.015560298
16-02-2020,MAHARASHTRA,YAVATMAL,0.392818202,0.181299176,0.169715238,0.078329448
16-02-2020,MAHARASHTRA,BHANDARA,0.742335018,0.097505628,0.306616977,0.040274108
16-02-2020,MAHARASHTRA,MUMBAI SUBURBAN,0.192787333,0.00298389,0.019034554,0.00029461
16-02-2020,MAHARASHTRA,NANDURBAR,0.254667973,0.051120899,0.096615474,0.019394154
16-02-2020,MAHARASHTRA,NAGPUR,0.656494147,0.22174199,0.226746451,0.076587445
16-02-2020,MAHARASHTRA,CHANDRAPUR,0.832088216,0.320803067,0.333996606,0.128768962
16-02-2020,MAHARASHTRA,JALGAON,0.1704916,0.068335147,0.065069923,0.026080832
16-02-2020,MAHARASHTRA,HINGOLI,0.260916993,0.04179132,0.096726985,0.015492852
16-02-2020,MAHARASHTRA,AKOLA,0.198833975,0.036618134,0.100598616,0.018526681
16-02-2020,MAHARASHTRA,AURANGABAD,0.175896681,0.060702806,0.079463303,0.027423175
16-02-2020,MAHARASHTRA,DHULE,0.251119743,0.061416869,0.085318242,0.020866457
16-02-2020,MAHARASHTRA,KOLHAPUR,0.32543551,0.086198387,0.07098431,0.018801676
16-02-2020,MAHARASHTRA,RAIGARH,0.388044219,0.095139985,0.078977592,0.019363584
16-02-2020,MAHARASHTRA,AMRAVATI,0.284602655,0.118246959,0.12862317,0.053440467
16-02-2020,MAHARASHTRA,NANDED,0.369086299,0.133740068,0.143721107,0.052077985
16-02-2020,MAHARASHTRA,SOLAPUR,0.146324979,0.074906211,0.076909619,0.039371324
16-02-2020,MAHARASHTRA,AHMADNAGAR,0.190306094,0.110959771,0.095987844,0.055966621
16-02-2020,MAHARASHTRA,THANE,0.364778168,0.118620446,0.101337264,0.032953374
16-02-2020,MAHARASHTRA,SANGLI,0.159890431,0.047148042,0.075129353,0.022153933
16-02-2020,MAHARASHTRA,WARDHA,0.501960803,0.107865433,0.201573026,0.043315657
16-02-2020,MAHARASHTRA,BULDANA,0.166151664,0.055212102,0.080976063,0.026908299
16-02-2020,MAHARASHTRA,SINDHUDURG,0.612301854,0.107397905,0.258820022,0.045397099
15-02-2020,MAHARASHTRA,WASHIM,0.167911146,0.029749712,0.099482014,0.017625759
15-02-2020,MAHARASHTRA,SATARA,0.199342096,0.071969444,0.056888054,0.02053857
15-02-2020,MAHARASHTRA,PUNE,0.242227053,0.129901473,0.088844239,0.04764537
15-02-2020,MAHARASHTRA,PARBHANI,0.133650858,0.028952832,0.056235947,0.012182413
15-02-2020,MAHARASHTRA,JALNA,0.136224432,0.036128954,0.059459629,0.015769669
15-02-2020,MAHARASHTRA,GONDIYA,0.865762086,0.161240849,0.291610907,0.054310059
15-02-2020,MAHARASHTRA,MUMBAI,0.010415863,5.32E-05,0.000219742,1.12E-06
15-02-2020,MAHARASHTRA,NASHIK,0.224160032,0.118908977,0.109467349,0.058068561
15-02-2020,MAHARASHTRA,GARHCHIROLI,1.152791719,0.568564725,0.242226519,0.119467769
15-02-2020,MAHARASHTRA,RATNAGIRI,0.556271037,0.158156986,0.270094617,0.076792333
15-02-2020,MAHARASHTRA,OSMANABAD,0.149896038,0.038892626,0.067134973,0.017419109
15-02-2020,MAHARASHTRA,BID,0.146771019,0.055467594,0.068807165,0.026003553
15-02-2020,MAHARASHTRA,LATUR,0.13672131,0.031638519,0.067973736,0.015729723
15-02-2020,MAHARASHTRA,YAVATMAL,0.407243584,0.187956988,0.175904766,0.081186128
15-02-2020,MAHARASHTRA,BHANDARA,0.828041565,0.108763174,0.342688981,0.045012162
15-02-2020,MAHARASHTRA,MUMBAI SUBURBAN,0.196866677,0.003047029,0.019479711,0.0003015
15-02-2020,MAHARASHTRA,NANDURBAR,0.273007096,0.054802212,0.104174701,0.020911559
15-02-2020,MAHARASHTRA,NAGPUR,0.682694505,0.230591603,0.235786756,0.07964096
15-02-2020,MAHARASHTRA,CHANDRAPUR,0.865285991,0.333602129,0.346983439,0.133775902
15-02-2020,MAHARASHTRA,JALGAON,0.177163207,0.07100921,0.067665268,0.027121078
15-02-2020,MAHARASHTRA,HINGOLI,0.265135891,0.042467065,0.098407276,0.015761986
15-02-2020,MAHARASHTRA,AKOLA,0.213228462,0.039269086,0.108388971,0.019961387
15-02-2020,MAHARASHTRA,AURANGABAD,0.182490907,0.062978506,0.081426025,0.02810052
15-02-2020,MAHARASHTRA,DHULE,0.252501957,0.06175492,0.08627498,0.021100448
15-02-2020,MAHARASHTRA,KOLHAPUR,0.336041639,0.089007642,0.073367091,0.019432805
15-02-2020,MAHARASHTRA,RAIGARH,0.404544052,0.099185384,0.082352688,0.020191084
15-02-2020,MAHARASHTRA,AMRAVATI,0.294055131,0.122174282,0.132455388,0.05503268
15-02-2020,MAHARASHTRA,NANDED,0.376754971,0.136518846,0.146866416,0.053217701
15-02-2020,MAHARASHTRA,SOLAPUR,0.141837388,0.072608938,0.074408289,0.038090851
15-02-2020,MAHARASHTRA,AHMADNAGAR,0.182004181,0.106119262,0.091287002,0.053225751
15-02-2020,MAHARASHTRA,THANE,0.384272507,0.124959716,0.10567916,0.034365294
15-02-2020,MAHARASHTRA,SANGLI,0.158260764,0.04666749,0.073992422,0.021818678
15-02-2020,MAHARASHTRA,WARDHA,0.517302431,0.111162167,0.208108129,0.044719973
15-02-2020,MAHARASHTRA,BULDANA,0.179673371,0.059705358,0.088335167,0.029353725
15-02-2020,MAHARASHTRA,SINDHUDURG,0.638281071,0.111954666,0.269678932,0.047301755
14-02-2020,MAHARASHTRA,WASHIM,0.164613449,0.029165442,0.097235312,0.017227698
14-02-2020,MAHARASHTRA,SATARA,0.197178629,0.071188357,0.055902955,0.020182915
14-02-2020,MAHARASHTRA,PUNE,0.243776395,0.130732354,0.089207713,0.047840293
14-02-2020,MAHARASHTRA,PARBHANI,0.132215001,0.028641782,0.05551798,0.012026879
14-02-2020,MAHARASHTRA,JALNA,0.13348568,0.035402592,0.058493259,0.015513372
14-02-2020,MAHARASHTRA,GONDIYA,0.918924954,0.171141982,0.312507419,0.058201857
14-02-2020,MAHARASHTRA,MUMBAI,0.011155504,5.70E-05,0.00022266,0.000001137
14-02-2020,MAHARASHTRA,NASHIK,0.22093317,0.117197241,0.106792772,0.056649792
14-02-2020,MAHARASHTRA,GARHCHIROLI,1.190092209,0.586961581,0.249289069,0.122951066
14-02-2020,MAHARASHTRA,RATNAGIRI,0.534200047,0.151881842,0.260709628,0.074124026
14-02-2020,MAHARASHTRA,OSMANABAD,0.144630504,0.03752641,0.064255385,0.016671959
14-02-2020,MAHARASHTRA,BID,0.141682947,0.053544714,0.066383203,0.025087491
14-02-2020,MAHARASHTRA,LATUR,0.135389317,0.031330284,0.067173341,0.015544504
14-02-2020,MAHARASHTRA,YAVATMAL,0.420390037,0.19402453,0.181369607,0.083708342
14-02-2020,MAHARASHTRA,BHANDARA,0.88524409,0.116276719,0.366720832,0.048168743
14-02-2020,MAHARASHTRA,MUMBAI SUBURBAN,0.202021307,0.00312681,0.020078178,0.000310763
14-02-2020,MAHARASHTRA,NANDURBAR,0.263311294,0.05285592,0.100829961,0.020240151
14-02-2020,MAHARASHTRA,NAGPUR,0.722809367,0.244141076,0.248955591,0.084088957
14-02-2020,MAHARASHTRA,CHANDRAPUR,0.894515568,0.344871292,0.357531324,0.13784253
14-02-2020,MAHARASHTRA,JALGAON,0.174562389,0.06996677,0.066678879,0.026725722
14-02-2020,MAHARASHTRA,HINGOLI,0.264343866,0.042340205,0.098355005,0.015753614
14-02-2020,MAHARASHTRA,AKOLA,0.198994969,0.036647784,0.101136383,0.018625718
14-02-2020,MAHARASHTRA,AURANGABAD,0.180884625,0.06242417,0.080432881,0.027757781
14-02-2020,MAHARASHTRA,DHULE,0.243216096,0.059483858,0.083305494,0.020374195
14-02-2020,MAHARASHTRA,KOLHAPUR,0.339973071,0.090048964,0.073706883,0.019522806
14-02-2020,MAHARASHTRA,RAIGARH,0.408449146,0.100142828,0.083189411,0.020396231
14-02-2020,MAHARASHTRA,AMRAVATI,0.279561095,0.116152287,0.124472574,0.051715974
14-02-2020,MAHARASHTRA,NANDED,0.374978327,0.135875071,0.145690319,0.052791538
14-02-2020,MAHARASHTRA,SOLAPUR,0.137411819,0.070343415,0.072313315,0.037018399
14-02-2020,MAHARASHTRA,AHMADNAGAR,0.178828549,0.104267679,0.088890597,0.051828504
14-02-2020,MAHARASHTRA,THANE,0.388085135,0.126199526,0.106181904,0.034528779
14-02-2020,MAHARASHTRA,SANGLI,0.153262879,0.045193727,0.071428485,0.021062631
14-02-2020,MAHARASHTRA,WARDHA,0.523938878,0.112588261,0.211034372,0.045348788
14-02-2020,MAHARASHTRA,BULDANA,0.170845216,0.056771767,0.08378332,0.027841149
14-02-2020,MAHARASHTRA,SINDHUDURG,0.637111482,0.11174952,0.26787099,0.046984642
13-02-2020,MAHARASHTRA,WASHIM,0.171907584,0.030457783,0.101590742,0.017999373
13-02-2020,MAHARASHTRA,SATARA,0.201431988,0.072723968,0.057396289,0.020722061
13-02-2020,MAHARASHTRA,PUNE,0.245119692,0.131452736,0.088678117,0.047556282
13-02-2020,MAHARASHTRA,PARBHANI,0.124850603,0.027046429,0.052491888,0.011371336
13-02-2020,MAHARASHTRA,JALNA,0.135099611,0.035830633,0.059227051,0.015707986
13-02-2020,MAHARASHTRA,GONDIYA,0.878067756,0.163532675,0.297689998,0.055442238
13-02-2020,MAHARASHTRA,MUMBAI,0.011078639,5.66E-05,0.000226576,0.000001157
13-02-2020,MAHARASHTRA,NASHIK,0.220904352,0.117181954,0.106995695,0.056757436
13-02-2020,MAHARASHTRA,GARHCHIROLI,1.178510045,0.581249179,0.245676342,0.121169245
13-02-2020,MAHARASHTRA,RATNAGIRI,0.524980945,0.149260699,0.252075532,0.071669211
13-02-2020,MAHARASHTRA,OSMANABAD,0.152251999,0.039503913,0.067819228,0.017596648
13-02-2020,MAHARASHTRA,BID,0.143646493,0.054286776,0.067395867,0.025470196
13-02-2020,MAHARASHTRA,LATUR,0.134282884,0.031074246,0.066143378,0.015306162
13-02-2020,MAHARASHTRA,YAVATMAL,0.429820662,0.198377089,0.18547747,0.085604262
13-02-2020,MAHARASHTRA,BHANDARA,0.843108508,0.110742215,0.348170521,0.045732162
13-02-2020,MAHARASHTRA,MUMBAI SUBURBAN,0.19023934,0.002944453,0.01879439,0.000290893
13-02-2020,MAHARASHTRA,NANDURBAR,0.282631966,0.056734265,0.108620721,0.021804033
13-02-2020,MAHARASHTRA,NAGPUR,0.726974178,0.245547811,0.249891568,0.084405099
13-02-2020,MAHARASHTRA,CHANDRAPUR,0.886873831,0.341925098,0.35098814,0.135319873
13-02-2020,MAHARASHTRA,JALGAON,0.180163404,0.072211727,0.068507294,0.027458573
13-02-2020,MAHARASHTRA,HINGOLI,0.251237811,0.040240996,0.093864215,0.015034319
13-02-2020,MAHARASHTRA,AKOLA,0.21486893,0.039571202,0.109502841,0.020166522
13-02-2020,MAHARASHTRA,AURANGABAD,0.179635737,0.061993173,0.079285536,0.027361827
13-02-2020,MAHARASHTRA,DHULE,0.265184798,0.064856788,0.09118641,0.022301647
13-02-2020,MAHARASHTRA,KOLHAPUR,0.344608636,0.09127679,0.073651861,0.019508233
13-02-2020,MAHARASHTRA,RAIGARH,0.422180959,0.10350957,0.086018844,0.021089946
13-02-2020,MAHARASHTRA,AMRAVATI,0.306903845,0.127512677,0.137424751,0.057097356
13-02-2020,MAHARASHTRA,NANDED,0.359408389,0.130233234,0.13937205,0.050502084
13-02-2020,MAHARASHTRA,SOLAPUR,0.141346041,0.072357409,0.074469761,0.03812232
13-02-2020,MAHARASHTRA,AHMADNAGAR,0.172613183,0.100643751,0.086375575,0.050362097
13-02-2020,MAHARASHTRA,THANE,0.377115106,0.122632235,0.102868496,0.033451308
13-02-2020,MAHARASHTRA,SANGLI,0.153795299,0.045350726,0.071344861,0.021037972
13-02-2020,MAHARASHTRA,WARDHA,0.541558077,0.116374418,0.216911292,0.046611668
13-02-2020,MAHARASHTRA,BULDANA,0.183184316,0.060872043,0.090333922,0.030017911
13-02-2020,MAHARASHTRA,SINDHUDURG,0.640198735,0.112291025,0.267639023,0.046943955
12-02-2020,MAHARASHTRA,WASHIM,0.16461651,0.029165984,0.097057658,0.017196222
12-02-2020,MAHARASHTRA,SATARA,0.209594402,0.075670884,0.059471166,0.021471164
12-02-2020,MAHARASHTRA,PUNE,0.253446937,0.13591847,0.092816433,0.049775577
12-02-2020,MAHARASHTRA,PARBHANI,0.131219643,0.028426157,0.055343197,0.011989016
12-02-2020,MAHARASHTRA,JALNA,0.145065664,0.038473794,0.063564436,0.016858331
12-02-2020,MAHARASHTRA,GONDIYA,0.89919578,0.167467591,0.302902317,0.056412989
12-02-2020,MAHARASHTRA,MUMBAI,0.009866939,5.04E-05,0.000206327,1.05E-06
12-02-2020,MAHARASHTRA,NASHIK,0.220859067,0.117157932,0.10731944,0.056929171
12-02-2020,MAHARASHTRA,GARHCHIROLI,1.194511358,0.589141135,0.247481926,0.122059771
12-02-2020,MAHARASHTRA,RATNAGIRI,0.533246942,0.151610858,0.254483847,0.072353935
12-02-2020,MAHARASHTRA,OSMANABAD,0.158866605,0.041220165,0.070688859,0.018341214
12-02-2020,MAHARASHTRA,BID,0.156437904,0.059120896,0.073634864,0.027828033
12-02-2020,MAHARASHTRA,LATUR,0.136874694,0.031674013,0.067485923,0.015616839
12-02-2020,MAHARASHTRA,YAVATMAL,0.420180893,0.193928003,0.181415934,0.083729723
12-02-2020,MAHARASHTRA,BHANDARA,0.859136602,0.112847504,0.355055662,0.046636524
12-02-2020,MAHARASHTRA,MUMBAI SUBURBAN,0.166396864,0.002575428,0.016559431,0.000256301
12-02-2020,MAHARASHTRA,NANDURBAR,0.273490451,0.054899238,0.105668984,0.021211515
12-02-2020,MAHARASHTRA,NAGPUR,0.727648077,0.245775431,0.250245171,0.084524534
12-02-2020,MAHARASHTRA,CHANDRAPUR,0.896443084,0.345614426,0.354646622,0.136730363
12-02-2020,MAHARASHTRA,JALGAON,0.173985239,0.069735441,0.066257925,0.026556998
12-02-2020,MAHARASHTRA,HINGOLI,0.243522775,0.039005272,0.091309026,0.014625053
12-02-2020,MAHARASHTRA,AKOLA,0.203277728,0.037436515,0.103153287,0.01899716
12-02-2020,MAHARASHTRA,AURANGABAD,0.192642127,0.066481742,0.085913374,0.029649126
12-02-2020,MAHARASHTRA,DHULE,0.25994401,0.063575038,0.090436017,0.022118122
12-02-2020,MAHARASHTRA,KOLHAPUR,0.355226999,0.094089285,0.076030407,0.02013824
12-02-2020,MAHARASHTRA,RAIGARH,0.403222056,0.09886126,0.081790539,0.020053258
12-02-2020,MAHARASHTRA,AMRAVATI,0.293387274,0.1218968,0.130868722,0.054373451
12-02-2020,MAHARASHTRA,NANDED,0.350358429,0.126953941,0.13679245,0.049567355
12-02-2020,MAHARASHTRA,SOLAPUR,0.154736391,0.079212154,0.081431542,0.041686173
12-02-2020,MAHARASHTRA,AHMADNAGAR,0.192090802,0.112000362,0.096207811,0.056094876
12-02-2020,MAHARASHTRA,THANE,0.368185069,0.11972832,0.099422681,0.03233078
12-02-2020,MAHARASHTRA,SANGLI,0.166635138,0.049136902,0.077658353,0.022899677
12-02-2020,MAHARASHTRA,WARDHA,0.536431237,0.115272721,0.215115647,0.046225805
12-02-2020,MAHARASHTRA,BULDANA,0.180061002,0.059834167,0.088257636,0.029327962
12-02-2020,MAHARASHTRA,SINDHUDURG,0.661761686,0.116073172,0.274227829,0.048099633
11-02-2020,MAHARASHTRA,WASHIM,0.181815041,0.03221314,0.10711152,0.018977519
11-02-2020,MAHARASHTRA,SATARA,0.215680005,0.077867999,0.061785906,0.022306865
11-02-2020,MAHARASHTRA,PUNE,0.260614185,0.13976212,0.09649616,0.05174894
11-02-2020,MAHARASHTRA,PARBHANI,0.136951834,0.029667923,0.057511836,0.012458809
11-02-2020,MAHARASHTRA,JALNA,0.15666173,0.041549261,0.068685633,0.018216557
11-02-2020,MAHARASHTRA,GONDIYA,0.883885015,0.16461609,0.293339187,0.054631937
11-02-2020,MAHARASHTRA,MUMBAI,0.011511561,5.88E-05,0.000228829,1.17E-06
11-02-2020,MAHARASHTRA,NASHIK,0.235909614,0.125141715,0.114110848,0.060531773
11-02-2020,MAHARASHTRA,GARHCHIROLI,1.238216637,0.610696877,0.254298154,0.125421581
11-02-2020,MAHARASHTRA,RATNAGIRI,0.593885974,0.16885153,0.283622837,0.080638628
11-02-2020,MAHARASHTRA,OSMANABAD,0.172659284,0.044798869,0.076757101,0.019915705
11-02-2020,MAHARASHTRA,BID,0.165429587,0.062519026,0.078144309,0.029532239
11-02-2020,MAHARASHTRA,LATUR,0.138946384,0.032153421,0.068041783,0.01574547
11-02-2020,MAHARASHTRA,YAVATMAL,0.441815054,0.203912916,0.190894621,0.088104465
11-02-2020,MAHARASHTRA,BHANDARA,0.843036042,0.110732697,0.349163296,0.045862563
11-02-2020,MAHARASHTRA,MUMBAI SUBURBAN,0.206727138,0.003199645,0.020628187,0.000319275
11-02-2020,MAHARASHTRA,NANDURBAR,0.28084285,0.056375125,0.108580799,0.021796019
11-02-2020,MAHARASHTRA,NAGPUR,0.711238157,0.240232704,0.244598254,0.082617193
11-02-2020,MAHARASHTRA,CHANDRAPUR,0.908747831,0.350358395,0.358338502,0.13815373
11-02-2020,MAHARASHTRA,JALGAON,0.190501166,0.07635523,0.072796413,0.029177705
11-02-2020,MAHARASHTRA,HINGOLI,0.252000634,0.040363178,0.095285951,0.01526204
11-02-2020,MAHARASHTRA,AKOLA,0.211222145,0.038899594,0.107497141,0.019797144
11-02-2020,MAHARASHTRA,AURANGABAD,0.209333953,0.072242172,0.093512104,0.032271485
11-02-2020,MAHARASHTRA,DHULE,0.269285524,0.065859711,0.093522971,0.022873104
11-02-2020,MAHARASHTRA,KOLHAPUR,0.340118341,0.090087441,0.072394251,0.019175128
11-02-2020,MAHARASHTRA,RAIGARH,0.427301764,0.104765079,0.086872801,0.021299317
11-02-2020,MAHARASHTRA,AMRAVATI,0.280493383,0.116539635,0.125355002,0.052082605
11-02-2020,MAHARASHTRA,NANDED,0.347078023,0.125765271,0.13463235,0.048784633
11-02-2020,MAHARASHTRA,SOLAPUR,0.166904136,0.085441027,0.087764185,0.044927958
11-02-2020,MAHARASHTRA,AHMADNAGAR,0.20023667,0.116749887,0.100350007,0.058510022
11-02-2020,MAHARASHTRA,THANE,0.410838947,0.133598728,0.113312891,0.036847671
11-02-2020,MAHARASHTRA,SANGLI,0.171433925,0.050551955,0.079579694,0.023466237
11-02-2020,MAHARASHTRA,WARDHA,0.526669963,0.113175139,0.211240987,0.045393187
11-02-2020,MAHARASHTRA,BULDANA,0.192152357,0.063852118,0.094350214,0.031352522
11-02-2020,MAHARASHTRA,SINDHUDURG,0.682600664,0.119728335,0.287943569,0.050505377
10-02-2020,MAHARASHTRA,WASHIM,0.177822593,0.031505776,0.104606336,0.018533662
10-02-2020,MAHARASHTRA,SATARA,0.227851021,0.08226216,0.0653278,0.023585613
10-02-2020,MAHARASHTRA,PUNE,0.276341386,0.1481963,0.102492052,0.054964416
10-02-2020,MAHARASHTRA,PARBHANI,0.135922405,0.029444918,0.057163413,0.01238333
10-02-2020,MAHARASHTRA,JALNA,0.155225803,0.041168429,0.068072695,0.018053995
10-02-2020,MAHARASHTRA,GONDIYA,0.914207017,0.170263306,0.300447742,0.055955845
10-02-2020,MAHARASHTRA,MUMBAI,0.011650836,5.95E-05,0.000235384,0.000001202
10-02-2020,MAHARASHTRA,NASHIK,0.237377593,0.125920426,0.114577443,0.060779285
10-02-2020,MAHARASHTRA,GARHCHIROLI,1.350049113,0.665853415,0.273289643,0.134788313
10-02-2020,MAHARASHTRA,RATNAGIRI,0.634765873,0.180474357,0.302787448,0.086087441
10-02-2020,MAHARASHTRA,OSMANABAD,0.176160698,0.04570736,0.078305234,0.020317389
10-02-2020,MAHARASHTRA,BID,0.164228607,0.062065153,0.077730481,0.029375845
10-02-2020,MAHARASHTRA,LATUR,0.141062365,0.032643077,0.069498068,0.016082467
10-02-2020,MAHARASHTRA,YAVATMAL,0.445515914,0.205620991,0.192122837,0.088671329
10-02-2020,MAHARASHTRA,BHANDARA,0.847330953,0.111296833,0.351397263,0.046155994
10-02-2020,MAHARASHTRA,MUMBAI SUBURBAN,0.206898201,0.003202293,0.020688508,0.000320209
10-02-2020,MAHARASHTRA,NANDURBAR,0.290285578,0.058270616,0.11264677,0.022612204
10-02-2020,MAHARASHTRA,NAGPUR,0.683802798,0.230965948,0.234897096,0.079340463
10-02-2020,MAHARASHTRA,CHANDRAPUR,0.950259335,0.366362729,0.373615819,0.144043742
10-02-2020,MAHARASHTRA,JALGAON,0.190170413,0.07622266,0.072727782,0.029150197
10-02-2020,MAHARASHTRA,HINGOLI,0.256786622,0.041129755,0.097248715,0.015576418
10-02-2020,MAHARASHTRA,AKOLA,0.208903507,0.038472583,0.105986896,0.01951901
10-02-2020,MAHARASHTRA,AURANGABAD,0.212812365,0.073442589,0.095972124,0.03312045
10-02-2020,MAHARASHTRA,DHULE,0.271377596,0.066371373,0.094447807,0.023099293
10-02-2020,MAHARASHTRA,KOLHAPUR,0.342968283,0.090842308,0.071898569,0.019043837
10-02-2020,MAHARASHTRA,RAIGARH,0.454797241,0.111506371,0.092546335,0.022690344
10-02-2020,MAHARASHTRA,AMRAVATI,0.271825941,0.112938479,0.121074592,0.050304177
10-02-2020,MAHARASHTRA,NANDED,0.368091314,0.133379531,0.143694572,0.05206837
10-02-2020,MAHARASHTRA,SOLAPUR,0.170797701,0.087434208,0.089751427,0.045945261
10-02-2020,MAHARASHTRA,AHMADNAGAR,0.205692893,0.119931189,0.102860801,0.059973964
10-02-2020,MAHARASHTRA,THANE,0.412637713,0.13418366,0.110484336,0.035927866
10-02-2020,MAHARASHTRA,SANGLI,0.178593812,0.052663242,0.082629748,0.024365628
10-02-2020,MAHARASHTRA,WARDHA,0.510410716,0.109681219,0.204856804,0.044021302
10-02-2020,MAHARASHTRA,BULDANA,0.189073996,0.06282918,0.0929259,0.030879223
10-02-2020,MAHARASHTRA,SINDHUDURG,0.716476712,0.125670202,0.300806029,0.052761456
09-02-2020,MAHARASHTRA,WASHIM,0.18028762,0.031942518,0.106090608,0.018796638
09-02-2020,MAHARASHTRA,SATARA,0.2384249,0.086079699,0.068561969,0.024753261
09-02-2020,MAHARASHTRA,PUNE,0.275335774,0.14765701,0.101499403,0.054432078
09-02-2020,MAHARASHTRA,PARBHANI,0.133700689,0.028963627,0.056274432,0.01219075
09-02-2020,MAHARASHTRA,JALNA,0.152019477,0.040318059,0.066622147,0.017669286
09-02-2020,MAHARASHTRA,GONDIYA,0.900849996,0.167775674,0.290198341,0.054046981
09-02-2020,MAHARASHTRA,MUMBAI,0.013300253,6.79E-05,0.000252494,1.29E-06
09-02-2020,MAHARASHTRA,NASHIK,0.231467484,0.122785322,0.110719205,0.058732626
09-02-2020,MAHARASHTRA,GARHCHIROLI,2.603102821,1.283868036,0.375886688,0.185389874
09-02-2020,MAHARASHTRA,RATNAGIRI,0.693699453,0.19723014,0.332084841,0.094417171
09-02-2020,MAHARASHTRA,OSMANABAD,0.179713122,0.046629086,0.079315586,0.020579539
09-02-2020,MAHARASHTRA,BID,0.158793084,0.060010964,0.075118347,0.02838867
09-02-2020,MAHARASHTRA,LATUR,0.143477557,0.033201974,0.070570081,0.01633054
09-02-2020,MAHARASHTRA,YAVATMAL,0.451509748,0.208387352,0.194866955,0.089937834
09-02-2020,MAHARASHTRA,BHANDARA,0.834997732,0.109676866,0.345964642,0.04544242
09-02-2020,MAHARASHTRA,MUMBAI SUBURBAN,0.227768245,0.003525312,0.022832676,0.000353396
09-02-2020,MAHARASHTRA,NANDURBAR,0.282475641,0.056702884,0.109982217,0.022077334
09-02-2020,MAHARASHTRA,NAGPUR,0.679172505,0.229401988,0.232850676,0.07864925
09-02-2020,MAHARASHTRA,CHANDRAPUR,0.909616854,0.350693438,0.35644403,0.137423336
09-02-2020,MAHARASHTRA,JALGAON,0.187426711,0.07512295,0.071756954,0.028761077
09-02-2020,MAHARASHTRA,HINGOLI,0.25086368,0.040181071,0.095764082,0.015338623
09-02-2020,MAHARASHTRA,AKOLA,0.209933878,0.038662341,0.106591638,0.019630382
09-02-2020,MAHARASHTRA,AURANGABAD,0.208155979,0.071835648,0.093842767,0.032385598
09-02-2020,MAHARASHTRA,DHULE,0.257149335,0.062891539,0.089633879,0.021921941
09-02-2020,MAHARASHTRA,KOLHAPUR,0.383058221,0.101460965,0.081633076,0.021622224
09-02-2020,MAHARASHTRA,RAIGARH,0.475868564,0.1166726,0.097059919,0.023796977
09-02-2020,MAHARASHTRA,AMRAVATI,0.264446094,0.109872294,0.118038371,0.049042685
09-02-2020,MAHARASHTRA,NANDED,0.361654458,0.131047108,0.14132329,0.051209125
09-02-2020,MAHARASHTRA,SOLAPUR,0.182428853,0.09338839,0.095829947,0.049056957
09-02-2020,MAHARASHTRA,AHMADNAGAR,0.197837121,0.115350807,0.098872098,0.057648313
09-02-2020,MAHARASHTRA,THANE,0.446006984,0.145034851,0.121538795,0.039522612
09-02-2020,MAHARASHTRA,SANGLI,0.197295975,0.058178083,0.091525282,0.026988718
09-02-2020,MAHARASHTRA,WARDHA,0.512690832,0.110171189,0.206304528,0.0443324
09-02-2020,MAHARASHTRA,BULDANA,0.18722914,0.062216136,0.092004035,0.030572888
09-02-2020,MAHARASHTRA,SINDHUDURG,0.754700088,0.132374592,0.313557872,0.054998133
08-02-2020,MAHARASHTRA,WASHIM,0.163928875,0.029044152,0.096420694,0.017083368
08-02-2020,MAHARASHTRA,SATARA,0.114480172,0.041331332,0.03524217,0.012723652
08-02-2020,MAHARASHTRA,PUNE,0.114891054,0.06161375,0.048190054,0.025843352
08-02-2020,MAHARASHTRA,PARBHANI,0.109291911,0.023675945,0.04599811,0.009964587
08-02-2020,MAHARASHTRA,JALNA,0.120943138,0.032076104,0.053087049,0.014079556
08-02-2020,MAHARASHTRA,GONDIYA,0.642004524,0.1195679,0.183293404,0.034136843
08-02-2020,MAHARASHTRA,MUMBAI,0.009892997,5.05E-05,0.000104798,5.35E-07
08-02-2020,MAHARASHTRA,NASHIK,0.118405378,0.06280987,0.060387994,0.032033697
08-02-2020,MAHARASHTRA,GARHCHIROLI,1.209632561,0.596599016,0.207194631,0.102189803
08-02-2020,MAHARASHTRA,RATNAGIRI,0.451104819,0.128256504,0.217861406,0.061941574
08-02-2020,MAHARASHTRA,OSMANABAD,0.145783209,0.037825495,0.064662424,0.016777571
08-02-2020,MAHARASHTRA,BID,0.131848541,0.049828102,0.062631158,0.02366952
08-02-2020,MAHARASHTRA,LATUR,0.115816328,0.026800921,0.057673012,0.013346044
08-02-2020,MAHARASHTRA,YAVATMAL,0.287890874,0.132871587,0.123361691,0.056935684
08-02-2020,MAHARASHTRA,BHANDARA,0.495253107,0.065051444,0.197922687,0.025997125
08-02-2020,MAHARASHTRA,MUMBAI SUBURBAN,0.163552824,0.002531409,0.017125448,0.000265061
08-02-2020,MAHARASHTRA,NANDURBAR,0.206389462,0.041429689,0.07995947,0.016050703
08-02-2020,MAHARASHTRA,NAGPUR,0.50536954,0.1706971,0.167922512,0.056718665
08-02-2020,MAHARASHTRA,CHANDRAPUR,0.499931728,0.192743544,0.195317658,0.075302718
08-02-2020,MAHARASHTRA,JALGAON,0.15167005,0.060791237,0.058188105,0.023322514
08-02-2020,MAHARASHTRA,HINGOLI,0.197217125,0.031588452,0.07617059,0.012200315
08-02-2020,MAHARASHTRA,AKOLA,0.188536152,0.034721642,0.095945609,0.017669763
08-02-2020,MAHARASHTRA,AURANGABAD,0.160759545,0.055478906,0.071606192,0.024711648
08-02-2020,MAHARASHTRA,DHULE,0.200534081,0.04904503,0.069843005,0.017081647
08-02-2020,MAHARASHTRA,KOLHAPUR,0.201136429,0.053275181,0.043871615,0.011620313
08-02-2020,MAHARASHTRA,RAIGARH,0.187645336,0.046006547,0.037568795,0.00921105
08-02-2020,MAHARASHTRA,AMRAVATI,0.24190274,0.100505961,0.10804905,0.044892314
08-02-2020,MAHARASHTRA,NANDED,0.297698121,0.107872243,0.117755135,0.042669099
08-02-2020,MAHARASHTRA,SOLAPUR,0.153391498,0.078523681,0.081871042,0.04191116
08-02-2020,MAHARASHTRA,AHMADNAGAR,0.133578834,0.077884405,0.069540423,0.040546202
08-02-2020,MAHARASHTRA,THANE,0.249253238,0.081053454,0.074423995,0.024201579
08-02-2020,MAHARASHTRA,SANGLI,0.129259348,0.038115634,0.060337725,0.017792219
08-02-2020,MAHARASHTRA,WARDHA,0.407286229,0.087520988,0.157904394,0.033931785
08-02-2020,MAHARASHTRA,BULDANA,0.152706002,0.050744117,0.074927607,0.024898401
08-02-2020,MAHARASHTRA,SINDHUDURG,0.519516934,0.091123406,0.227721637,0.039942435
07-02-2020,MAHARASHTRA,WASHIM,0.168438141,0.029843083,0.098932904,0.01752847
07-02-2020,MAHARASHTRA,SATARA,0.131938811,0.047634509,0.043973362,0.015875916
07-02-2020,MAHARASHTRA,PUNE,0.14808089,0.079412788,0.061079861,0.032755895
07-02-2020,MAHARASHTRA,PARBHANI,0.135293381,0.029308652,0.057000023,0.012347935
07-02-2020,MAHARASHTRA,JALNA,0.147484072,0.039115195,0.06487459,0.017205805
07-02-2020,MAHARASHTRA,GONDIYA,1.641101251,0.305641195,0.442055195,0.082329032
07-02-2020,MAHARASHTRA,MUMBAI,0.009580975,4.89E-05,0.00013128,6.70E-07
07-02-2020,MAHARASHTRA,NASHIK,0.123883277,0.065715702,0.062796588,0.033311371
07-02-2020,MAHARASHTRA,GARHCHIROLI,1.298619671,0.640488064,0.32417395,0.1598848
07-02-2020,MAHARASHTRA,RATNAGIRI,0.410238124,0.116637432,0.203579199,0.057880908
07-02-2020,MAHARASHTRA,OSMANABAD,0.190071577,0.049316732,0.083429666,0.021646995
07-02-2020,MAHARASHTRA,BID,0.160927335,0.060817539,0.075612484,0.028575414
07-02-2020,MAHARASHTRA,LATUR,0.150459957,0.034817763,0.073411024,0.016987959
07-02-2020,MAHARASHTRA,YAVATMAL,0.321283855,0.148283602,0.138538956,0.063940516
07-02-2020,MAHARASHTRA,BHANDARA,1.202213262,0.157910587,0.462446232,0.060742265
07-02-2020,MAHARASHTRA,MUMBAI SUBURBAN,0.166535912,0.002577581,0.017093961,0.000264574
07-02-2020,MAHARASHTRA,NANDURBAR,0.215369716,0.043232344,0.083981746,0.016858116
07-02-2020,MAHARASHTRA,NAGPUR,1.027767637,0.347145883,0.338011984,0.114169258
07-02-2020,MAHARASHTRA,CHANDRAPUR,1.301943752,0.501951044,0.463013196,0.178509983
07-02-2020,MAHARASHTRA,JALGAON,0.159353142,0.063870715,0.061041138,0.024466045
07-02-2020,MAHARASHTRA,HINGOLI,0.24553004,0.039326777,0.093377902,0.014956426
07-02-2020,MAHARASHTRA,AKOLA,0.172484557,0.03176551,0.087341149,0.016085128
07-02-2020,MAHARASHTRA,AURANGABAD,0.168856217,0.058273107,0.074808467,0.025816768
07-02-2020,MAHARASHTRA,DHULE,0.20097021,0.049151695,0.069995188,0.017118866
07-02-2020,MAHARASHTRA,KOLHAPUR,0.200250809,0.053040606,0.043773005,0.011594194
07-02-2020,MAHARASHTRA,RAIGARH,0.21523201,0.052770198,0.04425199,0.010849623
07-02-2020,MAHARASHTRA,AMRAVATI,0.232832605,0.096737494,0.094560014,0.039287877
07-02-2020,MAHARASHTRA,NANDED,0.328598541,0.119069149,0.128715861,0.046640767
07-02-2020,MAHARASHTRA,SOLAPUR,0.174137282,0.089143796,0.0932409,0.047731581
07-02-2020,MAHARASHTRA,AHMADNAGAR,0.147273894,0.085869439,0.076695123,0.044717818
07-02-2020,MAHARASHTRA,THANE,0.248261463,0.080730943,0.073782812,0.023993075
07-02-2020,MAHARASHTRA,SANGLI,0.140996944,0.041576783,0.066368743,0.019570629
07-02-2020,MAHARASHTRA,WARDHA,0.556702651,0.119628808,0.21836966,0.046925054
07-02-2020,MAHARASHTRA,BULDANA,0.160294741,0.05326585,0.078392332,0.026049727
07-02-2020,MAHARASHTRA,SINDHUDURG,0.469983115,0.082435161,0.201411702,0.035327665
06-02-2020,MAHARASHTRA,WASHIM,0.203104269,0.035985065,0.118903656,0.021066794
06-02-2020,MAHARASHTRA,SATARA,0.272704756,0.098455921,0.080154697,0.028938639
06-02-2020,MAHARASHTRA,PUNE,0.309477744,0.165966659,0.116834038,0.062655733
06-02-2020,MAHARASHTRA,PARBHANI,0.166371076,0.036041024,0.069893061,0.015140958
06-02-2020,MAHARASHTRA,JALNA,0.185385522,0.049167281,0.081117673,0.021513738
06-02-2020,MAHARASHTRA,GONDIYA,0.555726024,0.103499261,0.160432109,0.02987912
06-02-2020,MAHARASHTRA,MUMBAI,0.013548889,6.92E-05,0.000254691,1.30E-06
06-02-2020,MAHARASHTRA,NASHIK,0.257545241,0.136618651,0.123928952,0.065739931
06-02-2020,MAHARASHTRA,GARHCHIROLI,0.72965304,0.359869848,0.156346114,0.077110968
06-02-2020,MAHARASHTRA,RATNAGIRI,0.729824146,0.207500984,0.336415776,0.095648527
06-02-2020,MAHARASHTRA,OSMANABAD,0.215608665,0.055942687,0.094285205,0.024463617
06-02-2020,MAHARASHTRA,BID,0.182287191,0.06888984,0.085543743,0.032328628
06-02-2020,MAHARASHTRA,LATUR,0.178229317,0.041243838,0.087503488,0.02024908
06-02-2020,MAHARASHTRA,YAVATMAL,0.365683242,0.168775454,0.157715177,0.072791005
06-02-2020,MAHARASHTRA,BHANDARA,0.484021728,0.063576204,0.196832163,0.025853884
06-02-2020,MAHARASHTRA,MUMBAI SUBURBAN,0.237900272,0.003682131,0.023960763,0.000370856
06-02-2020,MAHARASHTRA,NANDURBAR,0.313038571,0.062837949,0.122783302,0.024646966
06-02-2020,MAHARASHTRA,NAGPUR,0.531969333,0.17968163,0.188058345,0.063519883
06-02-2020,MAHARASHTRA,CHANDRAPUR,0.549759453,0.211954112,0.219289264,0.084544724
06-02-2020,MAHARASHTRA,JALGAON,0.203410439,0.081529427,0.077623813,0.031112587
06-02-2020,MAHARASHTRA,HINGOLI,0.279707588,0.044801027,0.107917088,0.017285181
06-02-2020,MAHARASHTRA,AKOLA,0.229942634,0.042347241,0.11719607,0.021583341
06-02-2020,MAHARASHTRA,AURANGABAD,0.225609369,0.077858898,0.101602782,0.035063618
06-02-2020,MAHARASHTRA,DHULE,0.266850153,0.065264087,0.093963943,0.022980954
06-02-2020,MAHARASHTRA,KOLHAPUR,0.398441986,0.105535676,0.08573822,0.022709557
06-02-2020,MAHARASHTRA,RAIGARH,0.499570901,0.122483897,0.101995371,0.025007042
06-02-2020,MAHARASHTRA,AMRAVATI,0.234486713,0.097424744,0.105924839,0.044009745
06-02-2020,MAHARASHTRA,NANDED,0.378873453,0.137286487,0.148689894,0.053878447
06-02-2020,MAHARASHTRA,SOLAPUR,0.217623798,0.111405273,0.11578881,0.059274234
06-02-2020,MAHARASHTRA,AHMADNAGAR,0.223302209,0.130198468,0.111588332,0.065062634
06-02-2020,MAHARASHTRA,THANE,0.469025093,0.152519999,0.126027264,0.040982196
06-02-2020,MAHARASHTRA,SANGLI,0.224608644,0.066231967,0.103370553,0.030481618
06-02-2020,MAHARASHTRA,WARDHA,0.473492742,0.101747984,0.190741059,0.040987995
06-02-2020,MAHARASHTRA,BULDANA,0.227032267,0.075442692,0.11201029,0.037220955
06-02-2020,MAHARASHTRA,SINDHUDURG,0.787517918,0.138130848,0.324958242,0.056997761
05-02-2020,MAHARASHTRA,WASHIM,0.199837635,0.035406298,0.117799412,0.020871149
05-02-2020,MAHARASHTRA,SATARA,0.28600524,0.10325786,0.083579868,0.030175245
05-02-2020,MAHARASHTRA,PUNE,0.318681868,0.170902645,0.117890209,0.063222137
05-02-2020,MAHARASHTRA,PARBHANI,0.154134676,0.033390248,0.064963757,0.014073121
05-02-2020,MAHARASHTRA,JALNA,0.184587285,0.048955576,0.080552509,0.021363847
05-02-2020,MAHARASHTRA,GONDIYA,0.834370769,0.155394482,0.252763314,0.047075024
05-02-2020,MAHARASHTRA,MUMBAI,0.013043745,6.66E-05,0.000258036,1.32E-06
05-02-2020,MAHARASHTRA,NASHIK,0.266814952,0.141535905,0.127450663,0.067608074
05-02-2020,MAHARASHTRA,GARHCHIROLI,0.596159748,0.294030047,0.138557397,0.068337452
05-02-2020,MAHARASHTRA,RATNAGIRI,0.751987911,0.213802506,0.351594038,0.099963956
05-02-2020,MAHARASHTRA,OSMANABAD,0.20967309,0.054402619,0.093040115,0.024140561
05-02-2020,MAHARASHTRA,BID,0.188186011,0.071119117,0.089309464,0.033751766
05-02-2020,MAHARASHTRA,LATUR,0.1565279,0.036221939,0.07708123,0.017837278
05-02-2020,MAHARASHTRA,YAVATMAL,0.390900325,0.180414009,0.169776335,0.078357646
05-02-2020,MAHARASHTRA,BHANDARA,0.649707528,0.085339017,0.262033886,0.034418124
05-02-2020,MAHARASHTRA,MUMBAI SUBURBAN,0.236514471,0.003660682,0.023788792,0.000368194
05-02-2020,MAHARASHTRA,NANDURBAR,0.337690651,0.067786496,0.132761974,0.026650039
05-02-2020,MAHARASHTRA,NAGPUR,0.669723719,0.226210501,0.236886648,0.080012468
05-02-2020,MAHARASHTRA,CHANDRAPUR,0.658394093,0.253837082,0.263782032,0.101698454
05-02-2020,MAHARASHTRA,JALGAON,0.209555591,0.083992479,0.079594166,0.031902329
05-02-2020,MAHARASHTRA,HINGOLI,0.251395885,0.040266315,0.097135844,0.01555834
05-02-2020,MAHARASHTRA,AKOLA,0.242059919,0.044578813,0.123612862,0.022765085
05-02-2020,MAHARASHTRA,AURANGABAD,0.236886636,0.081750738,0.106650075,0.036805463
05-02-2020,MAHARASHTRA,DHULE,0.277504392,0.067869817,0.097789251,0.023916517
05-02-2020,MAHARASHTRA,KOLHAPUR,0.433696678,0.114873617,0.092787775,0.024576779
05-02-2020,MAHARASHTRA,RAIGARH,0.520595077,0.127638566,0.10611348,0.026016713
05-02-2020,MAHARASHTRA,AMRAVATI,0.298211335,0.123901106,0.134592064,0.055920428
05-02-2020,MAHARASHTRA,NANDED,0.384287167,0.139248171,0.152345671,0.055203134
05-02-2020,MAHARASHTRA,SOLAPUR,0.217806494,0.111498798,0.115883287,0.059322599
05-02-2020,MAHARASHTRA,AHMADNAGAR,0.230923672,0.134642234,0.115788134,0.067511368
05-02-2020,MAHARASHTRA,THANE,0.488865261,0.158971727,0.131712411,0.042830921
05-02-2020,MAHARASHTRA,SANGLI,0.226627497,0.06682728,0.104003636,0.0306683
05-02-2020,MAHARASHTRA,WARDHA,0.574570013,0.123468292,0.230065589,0.049438371
05-02-2020,MAHARASHTRA,BULDANA,0.224554738,0.07461941,0.110873043,0.036843049
05-02-2020,MAHARASHTRA,SINDHUDURG,0.825084482,0.144720033,0.337772297,0.059245349
04-02-2020,MAHARASHTRA,WASHIM,0.216858204,0.038421923,0.127617792,0.022610724
04-02-2020,MAHARASHTRA,SATARA,0.276834031,0.099946733,0.079425464,0.028675361
04-02-2020,MAHARASHTRA,PUNE,0.331639964,0.17785181,0.124270387,0.066643697
04-02-2020,MAHARASHTRA,PARBHANI,0.170185737,0.036867395,0.07200293,0.01559802
04-02-2020,MAHARASHTRA,JALNA,0.187909309,0.049836631,0.082620701,0.021912365
04-02-2020,MAHARASHTRA,GONDIYA,0.580297162,0.108075427,0.172263029,0.032082529
04-02-2020,MAHARASHTRA,MUMBAI,0.01405014,0.000071748,0.000264851,1.35E-06
04-02-2020,MAHARASHTRA,NASHIK,0.271387566,0.143961515,0.129900556,0.068907655
04-02-2020,MAHARASHTRA,GARHCHIROLI,0.754488773,0.372119,0.16636205,0.082050896
04-02-2020,MAHARASHTRA,RATNAGIRI,0.759510322,0.215941251,0.354631204,0.100827472
04-02-2020,MAHARASHTRA,OSMANABAD,0.221191671,0.057391276,0.097858271,0.025390699
04-02-2020,MAHARASHTRA,BID,0.191619258,0.072416607,0.090555768,0.034222768
04-02-2020,MAHARASHTRA,LATUR,0.175481499,0.040607969,0.086426707,0.019999903
04-02-2020,MAHARASHTRA,YAVATMAL,0.440478499,0.20329605,0.19317917,0.089158863
04-02-2020,MAHARASHTRA,BHANDARA,0.485487304,0.063768707,0.19743063,0.025932493
04-02-2020,MAHARASHTRA,MUMBAI SUBURBAN,0.243936092,0.003775552,0.024662874,0.000381723
04-02-2020,MAHARASHTRA,NANDURBAR,0.341972935,0.068646103,0.134401522,0.026979155
04-02-2020,MAHARASHTRA,NAGPUR,0.54122401,0.182807553,0.196063909,0.066223898
04-02-2020,MAHARASHTRA,CHANDRAPUR,0.655469255,0.252709441,0.262075981,0.101040703
04-02-2020,MAHARASHTRA,JALGAON,0.210772265,0.084480138,0.079871153,0.032013348
04-02-2020,MAHARASHTRA,HINGOLI,0.291313667,0.046659984,0.113823465,0.018231211
04-02-2020,MAHARASHTRA,AKOLA,0.246757477,0.045443936,0.127274013,0.023439339
04-02-2020,MAHARASHTRA,AURANGABAD,0.212426172,0.073309312,0.096278902,0.033226321
04-02-2020,MAHARASHTRA,DHULE,0.28300644,0.069215464,0.099544092,0.024345702
04-02-2020,MAHARASHTRA,KOLHAPUR,0.446513299,0.118268367,0.095823413,0.025380831
04-02-2020,MAHARASHTRA,RAIGARH,0.523907718,0.128450754,0.10697659,0.026228328
04-02-2020,MAHARASHTRA,AMRAVATI,0.522653498,0.217152531,0.162003882,0.067309514
04-02-2020,MAHARASHTRA,NANDED,0.386023078,0.139877186,0.151089506,0.054747957
04-02-2020,MAHARASHTRA,SOLAPUR,0.224324692,0.114835573,0.119308874,0.061076214
04-02-2020,MAHARASHTRA,AHMADNAGAR,0.221731962,0.129282921,0.111083637,0.064768367
04-02-2020,MAHARASHTRA,THANE,0.487908133,0.158660483,0.130034033,0.042285137
04-02-2020,MAHARASHTRA,SANGLI,0.224141564,0.066094235,0.102711914,0.030287401
04-02-2020,MAHARASHTRA,WARDHA,0.559265919,0.120179624,0.22735182,0.048855214
04-02-2020,MAHARASHTRA,BULDANA,0.220865895,0.07339361,0.108903024,0.036188413
04-02-2020,MAHARASHTRA,SINDHUDURG,0.837309794,0.146864356,0.341207906,0.059847956
03-02-2020,MAHARASHTRA,WASHIM,0.208163905,0.036881508,0.122251419,0.021659935
03-02-2020,MAHARASHTRA,SATARA,0.303473301,0.109564438,0.090631737,0.032721216
03-02-2020,MAHARASHTRA,PUNE,0.350807923,0.188131199,0.132911585,0.071277797
03-02-2020,MAHARASHTRA,PARBHANI,0.179371111,0.038857226,0.075761083,0.01641215
03-02-2020,MAHARASHTRA,JALNA,0.21753838,0.057694747,0.095091022,0.025219699
03-02-2020,MAHARASHTRA,GONDIYA,0.645750438,0.120265544,0.195606778,0.036430104
03-02-2020,MAHARASHTRA,MUMBAI,0.014954978,7.64E-05,0.000279008,1.42E-06
03-02-2020,MAHARASHTRA,NASHIK,0.299640207,0.158948543,0.145382098,0.077120066
03-02-2020,MAHARASHTRA,GARHCHIROLI,0.754597839,0.372172792,0.162935645,0.08036097
03-02-2020,MAHARASHTRA,RATNAGIRI,0.76322094,0.21699624,0.354983096,0.100927521
03-02-2020,MAHARASHTRA,OSMANABAD,0.235017003,0.060978452,0.104594948,0.027138624
03-02-2020,MAHARASHTRA,BID,0.215777037,0.081546297,0.103375071,0.03906743
03-02-2020,MAHARASHTRA,LATUR,0.170298338,0.03940854,0.084098415,0.019461116
03-02-2020,MAHARASHTRA,YAVATMAL,0.423078886,0.195265527,0.183992033,0.084918682
03-02-2020,MAHARASHTRA,BHANDARA,0.472672919,0.062085539,0.187297667,0.024601529
03-02-2020,MAHARASHTRA,MUMBAI SUBURBAN,0.248683906,0.003849036,0.025109768,0.00038864
03-02-2020,MAHARASHTRA,NANDURBAR,0.341388889,0.068528864,0.134384957,0.026975829
03-02-2020,MAHARASHTRA,NAGPUR,0.589840538,0.199228607,0.205620837,0.069451912
03-02-2020,MAHARASHTRA,CHANDRAPUR,0.534100095,0.205916807,0.212350299,0.081869477
03-02-2020,MAHARASHTRA,JALGAON,0.24338207,0.097550552,0.092653523,0.037136681
03-02-2020,MAHARASHTRA,HINGOLI,0.313947359,0.050285244,0.120284216,0.019266036
03-02-2020,MAHARASHTRA,AKOLA,0.26934258,0.049603307,0.138210336,0.02545342
03-02-2020,MAHARASHTRA,AURANGABAD,0.277081133,0.095622056,0.124294411,0.04289461
03-02-2020,MAHARASHTRA,DHULE,0.30702224,0.075089057,0.108520265,0.026541023
03-02-2020,MAHARASHTRA,KOLHAPUR,0.46166832,0.12228249,0.099284067,0.026297457
03-02-2020,MAHARASHTRA,RAIGARH,0.542349585,0.132972298,0.110828136,0.027172643
03-02-2020,MAHARASHTRA,AMRAVATI,0.314773148,0.130782222,0.143198542,0.059496255
03-02-2020,MAHARASHTRA,NANDED,0.432074209,0.156564019,0.168559665,0.061078347
03-02-2020,MAHARASHTRA,SOLAPUR,0.243717664,0.124763161,0.130846557,0.066982548
03-02-2020,MAHARASHTRA,AHMADNAGAR,0.265973958,0.155078636,0.133721569,0.077967627
03-02-2020,MAHARASHTRA,THANE,0.495799028,0.161226485,0.130246711,0.042354297
03-02-2020,MAHARASHTRA,SANGLI,0.245439954,0.072374645,0.112637686,0.033214285
03-02-2020,MAHARASHTRA,WARDHA,0.558354755,0.119983825,0.221029275,0.047496574
03-02-2020,MAHARASHTRA,BULDANA,0.25893121,0.086042692,0.128101211,0.042567959
03-02-2020,MAHARASHTRA,SINDHUDURG,0.857666135,0.150434864,0.348586899,0.061142233
02-02-2020,MAHARASHTRA,WASHIM,0.235558046,0.041735074,0.139165849,0.024656755
02-02-2020,MAHARASHTRA,SATARA,0.322896567,0.116576914,0.096391476,0.034800682
02-02-2020,MAHARASHTRA,PUNE,0.356272744,0.191061871,0.1328635,0.07125201
02-02-2020,MAHARASHTRA,PARBHANI,0.175150846,0.037942989,0.074193757,0.016072619
02-02-2020,MAHARASHTRA,JALNA,0.20834817,0.055257352,0.091244811,0.024199621
02-02-2020,MAHARASHTRA,GONDIYA,0.838772325,0.156214234,0.255943191,0.047667249
02-02-2020,MAHARASHTRA,MUMBAI,0.015405985,7.87E-05,0.000290692,1.48E-06
02-02-2020,MAHARASHTRA,NASHIK,0.291666588,0.15471882,0.13976007,0.074137779
02-02-2020,MAHARASHTRA,GARHCHIROLI,0.849993863,0.419222761,0.188298464,0.092870085
02-02-2020,MAHARASHTRA,RATNAGIRI,0.832033051,0.236560653,0.386937148,0.110012582
02-02-2020,MAHARASHTRA,OSMANABAD,0.272564615,0.070720706,0.12067381,0.03131051
02-02-2020,MAHARASHTRA,BID,0.222640723,0.084140216,0.106240589,0.040150364
02-02-2020,MAHARASHTRA,LATUR,0.19870334,0.045981708,0.097163567,0.022484508
02-02-2020,MAHARASHTRA,YAVATMAL,0.456518487,0.210699058,0.198806429,0.091756037
02-02-2020,MAHARASHTRA,BHANDARA,0.674444894,0.088588267,0.271465639,0.035656984
02-02-2020,MAHARASHTRA,MUMBAI SUBURBAN,0.254466688,0.00393854,0.025656604,0.000397103
02-02-2020,MAHARASHTRA,NANDURBAR,0.354089451,0.071078317,0.139364018,0.027975304
02-02-2020,MAHARASHTRA,NAGPUR,0.721590122,0.243729255,0.25214335,0.085165676
02-02-2020,MAHARASHTRA,CHANDRAPUR,0.764249749,0.294648643,0.307079499,0.118391348
02-02-2020,MAHARASHTRA,JALGAON,0.237880547,0.095345473,0.090282541,0.036186362
02-02-2020,MAHARASHTRA,HINGOLI,0.301927126,0.048359952,0.116915954,0.018726538
02-02-2020,MAHARASHTRA,AKOLA,0.269312178,0.049597708,0.137388114,0.025301996
02-02-2020,MAHARASHTRA,AURANGABAD,0.269527261,0.093015178,0.12145697,0.041915395
02-02-2020,MAHARASHTRA,DHULE,0.305045088,0.074605501,0.107618265,0.026320419
02-02-2020,MAHARASHTRA,KOLHAPUR,0.478287326,0.126684381,0.103734271,0.027476187
02-02-2020,MAHARASHTRA,RAIGARH,0.569689376,0.139675418,0.116617534,0.028592078
02-02-2020,MAHARASHTRA,AMRAVATI,0.305941381,0.127112792,0.138623158,0.057595271
02-02-2020,MAHARASHTRA,NANDED,0.440046031,0.159452644,0.17274967,0.062596614
02-02-2020,MAHARASHTRA,SOLAPUR,0.282260125,0.144493693,0.149893756,0.076733128
02-02-2020,MAHARASHTRA,AHMADNAGAR,0.255895372,0.14920222,0.129095341,0.075270261
02-02-2020,MAHARASHTRA,THANE,0.514546402,0.167322853,0.134979435,0.043893309
02-02-2020,MAHARASHTRA,SANGLI,0.27538354,0.081204325,0.12732386,0.037544903
02-02-2020,MAHARASHTRA,WARDHA,0.603482737,0.129681294,0.243815937,0.052393158
02-02-2020,MAHARASHTRA,BULDANA,0.248061877,0.082430819,0.122790814,0.040803317
02-02-2020,MAHARASHTRA,SINDHUDURG,0.908296132,0.159315379,0.37192625,0.065235961
01-02-2020,MAHARASHTRA,WASHIM,0.237496084,0.042078446,0.14001298,0.024806846
01-02-2020,MAHARASHTRA,SATARA,0.331255876,0.119594916,0.099163276,0.035801399
01-02-2020,MAHARASHTRA,PUNE,0.366859578,0.196739377,0.137056777,0.073500779
01-02-2020,MAHARASHTRA,PARBHANI,0.187841292,0.040692124,0.079568999,0.01723706
01-02-2020,MAHARASHTRA,JALNA,0.219045659,0.058094502,0.095738794,0.025391499
01-02-2020,MAHARASHTRA,GONDIYA,0.700736862,0.1305063,0.213966254,0.039849401
01-02-2020,MAHARASHTRA,MUMBAI,0.017996988,9.19E-05,0.000307149,1.57E-06
01-02-2020,MAHARASHTRA,NASHIK,0.297000778,0.157548419,0.141721811,0.075178413
01-02-2020,MAHARASHTRA,GARHCHIROLI,0.848751729,0.418610132,0.186152106,0.091811486
01-02-2020,MAHARASHTRA,RATNAGIRI,0.859006936,0.244229771,0.400437209,0.113850871
01-02-2020,MAHARASHTRA,OSMANABAD,0.277793403,0.072077388,0.123788158,0.032118571
01-02-2020,MAHARASHTRA,BID,0.231093205,0.087334572,0.110195572,0.041645028
01-02-2020,MAHARASHTRA,LATUR,0.20823773,0.04818805,0.102081828,0.023622637
01-02-2020,MAHARASHTRA,YAVATMAL,0.440580119,0.203342951,0.191273274,0.088279226
01-02-2020,MAHARASHTRA,BHANDARA,0.535556143,0.070345244,0.214231531,0.028139289
01-02-2020,MAHARASHTRA,MUMBAI SUBURBAN,0.29269167,0.004530172,0.029727377,0.000460109
01-02-2020,MAHARASHTRA,NANDURBAR,0.355095376,0.071280242,0.13991404,0.028085713
01-02-2020,MAHARASHTRA,NAGPUR,0.581890956,0.196543501,0.201739539,0.068140938
01-02-2020,MAHARASHTRA,CHANDRAPUR,0.693609276,0.267413934,0.275671373,0.106282267
01-02-2020,MAHARASHTRA,JALGAON,0.240326305,0.096325763,0.091069078,0.036501616
01-02-2020,MAHARASHTRA,HINGOLI,0.317110499,0.050791887,0.122774877,0.019664967
01-02-2020,MAHARASHTRA,AKOLA,0.268922679,0.049525976,0.136312551,0.025103915
01-02-2020,MAHARASHTRA,AURANGABAD,0.278171428,0.095998322,0.125661656,0.043366453
01-02-2020,MAHARASHTRA,DHULE,0.301600517,0.073763055,0.106447781,0.026034152
01-02-2020,MAHARASHTRA,KOLHAPUR,0.476608055,0.126239591,0.104269942,0.02761807
01-02-2020,MAHARASHTRA,RAIGARH,0.583014374,0.142942418,0.119765405,0.029363867
01-02-2020,MAHARASHTRA,AMRAVATI,0.299230833,0.124324687,0.135541917,0.056315074
01-02-2020,MAHARASHTRA,NANDED,0.458211333,0.166034923,0.180239206,0.065310481
01-02-2020,MAHARASHTRA,SOLAPUR,0.281992544,0.144356714,0.150117008,0.076847415
01-02-2020,MAHARASHTRA,AHMADNAGAR,0.264422644,0.154174127,0.132887468,0.077481297
01-02-2020,MAHARASHTRA,THANE,0.563978985,0.183397595,0.152502925,0.049591688
01-02-2020,MAHARASHTRA,SANGLI,0.272628082,0.080391804,0.125675717,0.037058903
01-02-2020,MAHARASHTRA,WARDHA,0.525347735,0.112891008,0.210912355,0.045322568
01-02-2020,MAHARASHTRA,BULDANA,0.253059909,0.084091662,0.125021132,0.041544451
01-02-2020,MAHARASHTRA,SINDHUDURG,0.906931095,0.159075951,0.37124463,0.065116405
31-03-2020,MAHARASHTRA,WASHIM,0.344606119,0.061055702,0.216966163,0.038441051
31-03-2020,MAHARASHTRA,SATARA,0.339633756,0.122619623,0.135742784,0.049007876
31-03-2020,MAHARASHTRA,PUNE,0.314417486,0.168615743,0.129509895,0.069453539
31-03-2020,MAHARASHTRA,PARBHANI,0.292068185,0.063270832,0.126236269,0.027346607
31-03-2020,MAHARASHTRA,JALNA,0.406053791,0.107692126,0.168446108,0.044674671
31-03-2020,MAHARASHTRA,GONDIYA,1.551636655,0.288979172,0.567797956,0.105747555
31-03-2020,MAHARASHTRA,MUMBAI,0.004321358,2.21E-05,8.05E-05,4.11E-07
31-03-2020,MAHARASHTRA,NASHIK,0.19115332,0.101400082,0.104359642,0.055359103
31-03-2020,MAHARASHTRA,GARHCHIROLI,1.629895254,0.803875438,0.327889409,0.161717289
31-03-2020,MAHARASHTRA,RATNAGIRI,0.196757409,0.055941361,0.104779856,0.029790633
31-03-2020,MAHARASHTRA,OSMANABAD,0.443546872,0.115084447,0.206235975,0.053510811
31-03-2020,MAHARASHTRA,BID,0.726066978,0.274394692,0.338544319,0.127942417
31-03-2020,MAHARASHTRA,LATUR,0.651801049,0.15083252,0.332214615,0.076877397
31-03-2020,MAHARASHTRA,YAVATMAL,0.47465163,0.219068131,0.222803839,0.102831671
31-03-2020,MAHARASHTRA,BHANDARA,1.493655365,0.196191477,0.620222326,0.081466138
31-03-2020,MAHARASHTRA,MUMBAI SUBURBAN,0.079347497,0.001228111,0.007695089,0.000119102
31-03-2020,MAHARASHTRA,NANDURBAR,0.213647486,0.042886632,0.081269395,0.016313651
31-03-2020,MAHARASHTRA,NAGPUR,1.447989595,0.489082949,0.467416271,0.157877742
31-03-2020,MAHARASHTRA,CHANDRAPUR,2.399269825,0.925013844,0.913321714,0.352121808
31-03-2020,MAHARASHTRA,JALGAON,0.184580272,0.073982062,0.069461554,0.027841052
31-03-2020,MAHARASHTRA,HINGOLI,0.264002957,0.042285602,0.094056224,0.015065074
31-03-2020,MAHARASHTRA,AKOLA,0.623503051,0.114827048,0.355132066,0.065402674
31-03-2020,MAHARASHTRA,AURANGABAD,0.927153871,0.319965341,0.349778719,0.120710349
31-03-2020,MAHARASHTRA,DHULE,0.211010449,0.051607257,0.06999522,0.017118874
31-03-2020,MAHARASHTRA,KOLHAPUR,0.360522011,0.095491779,0.117388704,0.031092848
31-03-2020,MAHARASHTRA,RAIGARH,0.124441608,0.03051037,0.026570709,0.006514559
31-03-2020,MAHARASHTRA,AMRAVATI,0.755163308,0.31375591,0.354272441,0.147193422
31-03-2020,MAHARASHTRA,NANDED,0.664982928,0.240959533,0.311572169,0.112899567
31-03-2020,MAHARASHTRA,SOLAPUR,0.528273375,0.270432002,0.258357643,0.132257611
31-03-2020,MAHARASHTRA,AHMADNAGAR,0.469067498,0.273494248,0.256204092,0.149382222
31-03-2020,MAHARASHTRA,THANE,0.118477496,0.038527123,0.034100524,0.011088984
31-03-2020,MAHARASHTRA,SANGLI,0.622026462,0.183421417,0.300546759,0.088624384
31-03-2020,MAHARASHTRA,WARDHA,0.688111373,0.147866986,0.266740527,0.057319381
31-03-2020,MAHARASHTRA,BULDANA,0.428043781,0.142238703,0.214621549,0.071318617
31-03-2020,MAHARASHTRA,SINDHUDURG,0.184802845,0.032414467,0.091951419,0.016128303
30-03-2020,MAHARASHTRA,WASHIM,0.370348591,0.065616633,0.230820713,0.040895736
30-03-2020,MAHARASHTRA,SATARA,0.373603277,0.134883804,0.146271714,0.052809187
30-03-2020,MAHARASHTRA,PUNE,0.346420742,0.185778442,0.142984137,0.076679503
30-03-2020,MAHARASHTRA,PARBHANI,0.194838336,0.042207896,0.088280758,0.019124291
30-03-2020,MAHARASHTRA,JALNA,0.383240027,0.101641542,0.159303574,0.042249921
30-03-2020,MAHARASHTRA,GONDIYA,2.01107524,0.374545713,0.661329244,0.123166965
30-03-2020,MAHARASHTRA,MUMBAI,0.004015498,2.05E-05,0.000080549,4.11E-07
30-03-2020,MAHARASHTRA,NASHIK,0.203446939,0.107921413,0.111048339,0.05890722
30-03-2020,MAHARASHTRA,GARHCHIROLI,1.411456868,0.696140138,0.312801594,0.154275876
30-03-2020,MAHARASHTRA,RATNAGIRI,0.197429556,0.056132463,0.102265315,0.029075708
30-03-2020,MAHARASHTRA,OSMANABAD,0.472528528,0.122604143,0.217345767,0.056393403
30-03-2020,MAHARASHTRA,BID,0.760120174,0.28726405,0.352549793,0.133235355
30-03-2020,MAHARASHTRA,LATUR,0.693034089,0.16037421,0.352163788,0.081493811
30-03-2020,MAHARASHTRA,YAVATMAL,0.457308569,0.211063709,0.218501491,0.100845989
30-03-2020,MAHARASHTRA,BHANDARA,1.704289465,0.223858244,0.697607677,0.091630696
30-03-2020,MAHARASHTRA,MUMBAI SUBURBAN,0.078808474,0.001219768,0.007584412,0.000117389
30-03-2020,MAHARASHTRA,NANDURBAR,0.231170193,0.046404061,0.087827842,0.017630164
30-03-2020,MAHARASHTRA,NAGPUR,1.515168549,0.511773776,0.487075214,0.164517882
30-03-2020,MAHARASHTRA,CHANDRAPUR,2.28018758,0.879102907,0.854619731,0.329489861
30-03-2020,MAHARASHTRA,JALGAON,0.191410113,0.076719547,0.071919214,0.028826113
30-03-2020,MAHARASHTRA,HINGOLI,0.234965951,0.037634717,0.086231136,0.013811722
30-03-2020,MAHARASHTRA,AKOLA,0.673574387,0.124048404,0.375384928,0.06913253
30-03-2020,MAHARASHTRA,AURANGABAD,0.933832928,0.322270316,0.354053796,0.122185699
30-03-2020,MAHARASHTRA,DHULE,0.22697874,0.055512655,0.074842776,0.018304451
30-03-2020,MAHARASHTRA,KOLHAPUR,0.385453356,0.102095366,0.125194144,0.033160282
30-03-2020,MAHARASHTRA,RAIGARH,0.13420773,0.03290481,0.028568053,0.007004264
30-03-2020,MAHARASHTRA,AMRAVATI,0.738168049,0.306694705,0.332187172,0.138017416
30-03-2020,MAHARASHTRA,NANDED,0.566574852,0.205300927,0.275338554,0.099770155
30-03-2020,MAHARASHTRA,SOLAPUR,0.540887349,0.276889307,0.263962166,0.135126661
30-03-2020,MAHARASHTRA,AHMADNAGAR,0.507500199,0.295902798,0.277584028,0.161847997
30-03-2020,MAHARASHTRA,THANE,0.118365253,0.038490623,0.03400044,0.011056438
30-03-2020,MAHARASHTRA,SANGLI,0.640372048,0.188831112,0.308747432,0.091042576
30-03-2020,MAHARASHTRA,WARDHA,0.821082505,0.176440908,0.316466641,0.068004934
30-03-2020,MAHARASHTRA,BULDANA,0.483173622,0.160558317,0.239976788,0.079744149
30-03-2020,MAHARASHTRA,SINDHUDURG,0.194182264,0.03405962,0.095947482,0.016829213
29-03-2020,MAHARASHTRA,WASHIM,0.274221789,0.048585335,0.165852538,0.029384978
29-03-2020,MAHARASHTRA,SATARA,0.390740203,0.141070831,0.156423677,0.056474399
29-03-2020,MAHARASHTRA,PUNE,0.410721176,0.220261465,0.163419749,0.087638708
29-03-2020,MAHARASHTRA,PARBHANI,0.23218995,0.050299389,0.103863644,0.022500017
29-03-2020,MAHARASHTRA,JALNA,0.396057963,0.105041069,0.164762456,0.043697706
29-03-2020,MAHARASHTRA,GONDIYA,1.514352335,0.282035283,0.528299821,0.098391363
29-03-2020,MAHARASHTRA,MUMBAI,0.005521919,2.82E-05,8.91E-05,4.55E-07
29-03-2020,MAHARASHTRA,NASHIK,0.206726016,0.109660847,0.1112227,0.058999712
29-03-2020,MAHARASHTRA,GARHCHIROLI,1.536454447,0.757789795,0.325389646,0.160484389
29-03-2020,MAHARASHTRA,RATNAGIRI,0.204691771,0.05819723,0.106166146,0.030184778
29-03-2020,MAHARASHTRA,OSMANABAD,0.52246155,0.135559965,0.241951529,0.062777712
29-03-2020,MAHARASHTRA,BID,0.832009104,0.314432261,0.389601068,0.147237746
29-03-2020,MAHARASHTRA,LATUR,0.702575728,0.16258223,0.356782674,0.082562662
29-03-2020,MAHARASHTRA,YAVATMAL,0.680466275,0.314058702,0.34264619,0.158143058
29-03-2020,MAHARASHTRA,BHANDARA,1.319962007,0.173376873,0.540994678,0.071059595
29-03-2020,MAHARASHTRA,MUMBAI SUBURBAN,0.095872814,0.001483884,0.009485339,0.000146811
29-03-2020,MAHARASHTRA,NANDURBAR,0.244957371,0.049171637,0.092737596,0.018615726
29-03-2020,MAHARASHTRA,NAGPUR,1.200523085,0.405496955,0.412086129,0.139189052
29-03-2020,MAHARASHTRA,CHANDRAPUR,3.789804011,1.46112002,1.215189263,0.468503742
29-03-2020,MAHARASHTRA,JALGAON,0.191140815,0.076611609,0.07067806,0.028328643
29-03-2020,MAHARASHTRA,HINGOLI,0.282923087,0.045316057,0.101415896,0.016243879
29-03-2020,MAHARASHTRA,AKOLA,0.277483679,0.051102608,0.146824537,0.027039849
29-03-2020,MAHARASHTRA,AURANGABAD,0.993262475,0.342779744,0.374747425,0.129327172
29-03-2020,MAHARASHTRA,DHULE,0.23766483,0.058126173,0.077993017,0.019074912
29-03-2020,MAHARASHTRA,KOLHAPUR,0.399127934,0.105717364,0.129803165,0.034381078
29-03-2020,MAHARASHTRA,RAIGARH,0.169032636,0.041443118,0.032856682,0.008055742
29-03-2020,MAHARASHTRA,AMRAVATI,0.3288162,0.136616841,0.135377736,0.05624686
29-03-2020,MAHARASHTRA,NANDED,0.634907592,0.230061601,0.303536505,0.109987808
29-03-2020,MAHARASHTRA,SOLAPUR,0.597616977,0.305930155,0.291596818,0.149273303
29-03-2020,MAHARASHTRA,AHMADNAGAR,0.549624093,0.320463533,0.301578393,0.175838138
29-03-2020,MAHARASHTRA,THANE,0.12928504,0.042041576,0.038167486,0.0124115
29-03-2020,MAHARASHTRA,SANGLI,0.677331516,0.199729616,0.326608691,0.096309454
29-03-2020,MAHARASHTRA,WARDHA,0.755649951,0.162380227,0.32278341,0.069362333
29-03-2020,MAHARASHTRA,BULDANA,0.318266173,0.105759667,0.158056318,0.052522024
29-03-2020,MAHARASHTRA,SINDHUDURG,0.194993758,0.034201956,0.095887585,0.016818708
28-03-2020,MAHARASHTRA,WASHIM,0.311925183,0.055265447,0.189745231,0.033618174
28-03-2020,MAHARASHTRA,SATARA,0.503545968,0.181797644,0.180491795,0.065163828
28-03-2020,MAHARASHTRA,PUNE,0.424693712,0.227754654,0.17602069,0.094396338
28-03-2020,MAHARASHTRA,PARBHANI,0.236824278,0.051303326,0.106143251,0.022993849
28-03-2020,MAHARASHTRA,JALNA,0.37738595,0.100088944,0.156035531,0.041383182
28-03-2020,MAHARASHTRA,GONDIYA,1.782702857,0.332013293,0.63608704,0.118465818
28-03-2020,MAHARASHTRA,MUMBAI,0.004963092,2.53E-05,0.000092794,4.74E-07
28-03-2020,MAHARASHTRA,NASHIK,0.215592463,0.114364184,0.116003597,0.061535809
28-03-2020,MAHARASHTRA,GARHCHIROLI,1.678950492,0.828069815,0.354537157,0.17486014
28-03-2020,MAHARASHTRA,RATNAGIRI,0.224270076,0.063763664,0.111209148,0.031618586
28-03-2020,MAHARASHTRA,OSMANABAD,0.548622006,0.142347662,0.252092545,0.065408941
28-03-2020,MAHARASHTRA,BID,0.821467154,0.310448255,0.381568266,0.144201995
28-03-2020,MAHARASHTRA,LATUR,0.739204675,0.171058491,0.374073927,0.086564011
28-03-2020,MAHARASHTRA,YAVATMAL,0.394529513,0.182089005,0.182401355,0.084184529
28-03-2020,MAHARASHTRA,BHANDARA,1.602025235,0.210425848,0.660411052,0.086744923
28-03-2020,MAHARASHTRA,MUMBAI SUBURBAN,0.091944734,0.001423086,0.008930532,0.000138223
28-03-2020,MAHARASHTRA,NANDURBAR,0.256369955,0.051462547,0.096730293,0.019417202
28-03-2020,MAHARASHTRA,NAGPUR,1.037389985,0.350395994,0.328649282,0.111006848
28-03-2020,MAHARASHTRA,CHANDRAPUR,1.507678413,0.58126993,0.588107759,0.226738908
28-03-2020,MAHARASHTRA,JALGAON,0.207697111,0.083247578,0.075953414,0.03044307
28-03-2020,MAHARASHTRA,HINGOLI,0.285974108,0.045804742,0.102616075,0.016436113
28-03-2020,MAHARASHTRA,AKOLA,0.355515344,0.06547326,0.184559262,0.033989241
28-03-2020,MAHARASHTRA,AURANGABAD,0.973566096,0.335982427,0.365205206,0.126034105
28-03-2020,MAHARASHTRA,DHULE,0.259734853,0.063523884,0.084615454,0.020694575
28-03-2020,MAHARASHTRA,KOLHAPUR,0.476868823,0.126308661,0.147133937,0.038971494
28-03-2020,MAHARASHTRA,RAIGARH,0.25278849,0.061978228,0.051470986,0.012619564
28-03-2020,MAHARASHTRA,AMRAVATI,0.302955844,0.125872358,0.119435416,0.049623131
28-03-2020,MAHARASHTRA,NANDED,0.637297141,0.230927465,0.304394003,0.110298526
28-03-2020,MAHARASHTRA,SOLAPUR,0.593846101,0.303999781,0.288497618,0.14768677
28-03-2020,MAHARASHTRA,AHMADNAGAR,0.570259528,0.332495219,0.320102969,0.186639068
28-03-2020,MAHARASHTRA,THANE,0.134498069,0.043736776,0.038828375,0.012626411
28-03-2020,MAHARASHTRA,SANGLI,0.677978818,0.199920491,0.32605883,0.096147312
28-03-2020,MAHARASHTRA,WARDHA,0.450179095,0.096738157,0.18311494,0.039349232
28-03-2020,MAHARASHTRA,BULDANA,0.383379773,0.127396878,0.188798444,0.062737615
28-03-2020,MAHARASHTRA,SINDHUDURG,0.203195783,0.035640593,0.095792144,0.016801967
27-03-2020,MAHARASHTRA,WASHIM,0.23291989,0.041267658,0.144929293,0.025677895
27-03-2020,MAHARASHTRA,SATARA,0.386388322,0.139499651,0.154088572,0.055631345
27-03-2020,MAHARASHTRA,PUNE,0.303974695,0.163015485,0.127917844,0.068599755
27-03-2020,MAHARASHTRA,PARBHANI,0.251234993,0.054425124,0.11202025,0.024266986
27-03-2020,MAHARASHTRA,JALNA,0.188637405,0.050029734,0.079420901,0.021063726
27-03-2020,MAHARASHTRA,GONDIYA,1.883790303,0.350839973,0.678209884,0.126310841
27-03-2020,MAHARASHTRA,MUMBAI,0.004940093,2.52E-05,9.18E-05,4.69E-07
27-03-2020,MAHARASHTRA,NASHIK,0.216820473,0.1150156,0.115081289,0.061046558
27-03-2020,MAHARASHTRA,GARHCHIROLI,1.764757561,0.870390446,0.370460469,0.182713626
27-03-2020,MAHARASHTRA,RATNAGIRI,0.21850127,0.062123497,0.114498452,0.032553789
27-03-2020,MAHARASHTRA,OSMANABAD,0.578866124,0.150194921,0.266099648,0.06904328
27-03-2020,MAHARASHTRA,BID,0.859185621,0.32470279,0.400061816,0.151191064
27-03-2020,MAHARASHTRA,LATUR,0.751487729,0.173900899,0.380697014,0.088096652
27-03-2020,MAHARASHTRA,YAVATMAL,0.447357682,0.20647103,0.208224167,0.096102649
27-03-2020,MAHARASHTRA,BHANDARA,1.724332037,0.226490834,0.71036791,0.093306751
27-03-2020,MAHARASHTRA,MUMBAI SUBURBAN,0.090916118,0.001407166,0.008829295,0.000136657
27-03-2020,MAHARASHTRA,NANDURBAR,0.261723731,0.05253724,0.099635173,0.020000315
27-03-2020,MAHARASHTRA,NAGPUR,1.137525407,0.384218424,0.362249175,0.122355779
27-03-2020,MAHARASHTRA,CHANDRAPUR,1.766831326,0.681183675,0.689356779,0.265774428
27-03-2020,MAHARASHTRA,JALGAON,0.152380964,0.06107618,0.056763985,0.022751709
27-03-2020,MAHARASHTRA,HINGOLI,0.286534789,0.045894546,0.100147746,0.016040759
27-03-2020,MAHARASHTRA,AKOLA,0.279859002,0.051540058,0.146624295,0.027002971
27-03-2020,MAHARASHTRA,AURANGABAD,0.286977683,0.099037404,0.131877508,0.045511574
27-03-2020,MAHARASHTRA,DHULE,0.204719841,0.05006875,0.067241196,0.016445317
27-03-2020,MAHARASHTRA,KOLHAPUR,0.415319581,0.110006059,0.135827707,0.035976803
27-03-2020,MAHARASHTRA,RAIGARH,0.119840879,0.029382372,0.025547099,0.006263592
27-03-2020,MAHARASHTRA,AMRAVATI,0.315690209,0.131163243,0.125361901,0.052085472
27-03-2020,MAHARASHTRA,NANDED,0.667862708,0.242003034,0.317507867,0.115050393
27-03-2020,MAHARASHTRA,SOLAPUR,0.625467271,0.320187188,0.304717335,0.155989915
27-03-2020,MAHARASHTRA,AHMADNAGAR,0.459824091,0.268104792,0.256974794,0.149831588
27-03-2020,MAHARASHTRA,THANE,0.132128523,0.042966235,0.037910106,0.012327804
27-03-2020,MAHARASHTRA,SANGLI,0.713439564,0.210377056,0.343052908,0.101158479
27-03-2020,MAHARASHTRA,WARDHA,0.487571917,0.104773432,0.199199927,0.042805706
27-03-2020,MAHARASHTRA,BULDANA,0.231506697,0.076929542,0.116487703,0.038708797
27-03-2020,MAHARASHTRA,SINDHUDURG,0.201117615,0.035276082,0.098297445,0.017241398
26-03-2020,MAHARASHTRA,WASHIM,0.27184732,0.048164638,0.166517404,0.029502776
26-03-2020,MAHARASHTRA,SATARA,0.492801077,0.177918364,0.183864199,0.066381384
26-03-2020,MAHARASHTRA,PUNE,0.376522827,0.201921582,0.149550336,0.080200822
26-03-2020,MAHARASHTRA,PARBHANI,0.270509041,0.058600467,0.120726742,0.026153076
26-03-2020,MAHARASHTRA,JALNA,0.254349793,0.067457737,0.107208789,0.02843353
26-03-2020,MAHARASHTRA,GONDIYA,1.983772316,0.369460775,0.70428073,0.131166315
26-03-2020,MAHARASHTRA,MUMBAI,0.00400834,2.05E-05,9.25E-05,4.72E-07
26-03-2020,MAHARASHTRA,NASHIK,0.308869145,0.163844169,0.167150156,0.088667252
26-03-2020,MAHARASHTRA,GARHCHIROLI,2.019241847,0.995903828,0.413933211,0.204154678
26-03-2020,MAHARASHTRA,RATNAGIRI,0.30232378,0.085955613,0.130286928,0.037042712
26-03-2020,MAHARASHTRA,OSMANABAD,0.631069713,0.163739873,0.288611476,0.074884289
26-03-2020,MAHARASHTRA,BID,0.912242066,0.344753843,0.426929529,0.16134489
26-03-2020,MAHARASHTRA,LATUR,0.772702809,0.178810256,0.387969712,0.089779619
26-03-2020,MAHARASHTRA,YAVATMAL,0.47600849,0.219694368,0.216866437,0.100091355
26-03-2020,MAHARASHTRA,BHANDARA,1.82725624,0.240009918,0.748678153,0.098338798
26-03-2020,MAHARASHTRA,MUMBAI SUBURBAN,0.07993713,0.001237237,0.007565116,0.00011709
26-03-2020,MAHARASHTRA,NANDURBAR,0.653671617,0.131215089,0.227454863,0.045658262
26-03-2020,MAHARASHTRA,NAGPUR,1.189137116,0.401651151,0.381324884,0.128798922
26-03-2020,MAHARASHTRA,CHANDRAPUR,1.843482456,0.710735731,0.710653338,0.273985097
26-03-2020,MAHARASHTRA,JALGAON,0.23554995,0.094411341,0.086471963,0.034659035
26-03-2020,MAHARASHTRA,HINGOLI,0.284556802,0.04557773,0.099900649,0.016001181
26-03-2020,MAHARASHTRA,AKOLA,0.351798084,0.064788673,0.179776983,0.033108515
26-03-2020,MAHARASHTRA,AURANGABAD,0.4018403,0.138677056,0.17841293,0.061571176
26-03-2020,MAHARASHTRA,DHULE,0.472209682,0.115489287,0.165921958,0.040579873
26-03-2020,MAHARASHTRA,KOLHAPUR,0.553070091,0.146492157,0.165710856,0.043891979
26-03-2020,MAHARASHTRA,RAIGARH,0.159848246,0.039191306,0.032741653,0.00802754
26-03-2020,MAHARASHTRA,AMRAVATI,0.351508694,0.146045139,0.1340206,0.055682996
26-03-2020,MAHARASHTRA,NANDED,0.656090883,0.237737461,0.307749618,0.111514448
26-03-2020,MAHARASHTRA,SOLAPUR,0.652358262,0.333953137,0.320617159,0.164129302
26-03-2020,MAHARASHTRA,AHMADNAGAR,0.551004642,0.321268476,0.309056649,0.180198407
26-03-2020,MAHARASHTRA,THANE,0.150041155,0.048791157,0.038826247,0.012625719
26-03-2020,MAHARASHTRA,SANGLI,0.768159729,0.226512785,0.365173198,0.107681248
26-03-2020,MAHARASHTRA,WARDHA,0.535788527,0.11513461,0.212616707,0.045688813
26-03-2020,MAHARASHTRA,BULDANA,0.307566767,0.10220426,0.151952287,0.050493658
26-03-2020,MAHARASHTRA,SINDHUDURG,0.288418357,0.050588655,0.122380113,0.021465504
25-03-2020,MAHARASHTRA,WASHIM,0.214081413,0.037929945,0.13267308,0.023506396
25-03-2020,MAHARASHTRA,SATARA,0.204289016,0.073755455,0.074477785,0.026889076
25-03-2020,MAHARASHTRA,PUNE,0.320489799,0.171872201,0.15705527,0.084225567
25-03-2020,MAHARASHTRA,PARBHANI,0.177643765,0.038483031,0.079578461,0.01723911
25-03-2020,MAHARASHTRA,JALNA,0.117645124,0.031201417,0.052690135,0.013974288
25-03-2020,MAHARASHTRA,GONDIYA,1.177486318,0.219296844,0.390672383,0.072759419
25-03-2020,MAHARASHTRA,MUMBAI,0.004034768,2.06E-05,0.000077966,3.98E-07
25-03-2020,MAHARASHTRA,NASHIK,0.384361559,0.203890227,0.198462736,0.105277469
25-03-2020,MAHARASHTRA,GARHCHIROLI,1.38660822,0.683884616,0.286810468,0.141456876
25-03-2020,MAHARASHTRA,RATNAGIRI,0.194138301,0.055196706,0.097232929,0.027644918
25-03-2020,MAHARASHTRA,OSMANABAD,1.376585968,0.357174505,0.739243071,0.191806966
25-03-2020,MAHARASHTRA,BID,1.712651342,0.64724392,0.864883718,0.326856211
25-03-2020,MAHARASHTRA,LATUR,0.635616201,0.147087204,0.316267467,0.073187086
25-03-2020,MAHARASHTRA,YAVATMAL,0.322617764,0.148899248,0.146258299,0.06750326
25-03-2020,MAHARASHTRA,BHANDARA,1.096973689,0.14408738,0.447087385,0.058724882
25-03-2020,MAHARASHTRA,MUMBAI SUBURBAN,0.077330275,0.001196889,0.007632179,0.000118128
25-03-2020,MAHARASHTRA,NANDURBAR,0.286162513,0.057442971,0.111850143,0.022452293
25-03-2020,MAHARASHTRA,NAGPUR,0.75258461,0.254198167,0.241965307,0.08172787
25-03-2020,MAHARASHTRA,CHANDRAPUR,1.353911514,0.521986681,0.522856614,0.201581998
25-03-2020,MAHARASHTRA,JALGAON,0.073105193,0.029301468,0.026510648,0.010625796
25-03-2020,MAHARASHTRA,HINGOLI,0.237280645,0.038005464,0.082950543,0.013286266
25-03-2020,MAHARASHTRA,AKOLA,0.198718181,0.036596809,0.106207472,0.019559632
25-03-2020,MAHARASHTRA,AURANGABAD,0.056472181,0.019488826,0.024328744,0.008395969
25-03-2020,MAHARASHTRA,DHULE,0.052987685,0.012959307,0.018378604,0.004494893
25-03-2020,MAHARASHTRA,KOLHAPUR,0.706583166,0.187153299,0.224846651,0.059555328
25-03-2020,MAHARASHTRA,RAIGARH,0.100002915,0.024518535,0.021408171,0.005248817
25-03-2020,MAHARASHTRA,AMRAVATI,0.232905885,0.09676794,0.095084957,0.039505981
25-03-2020,MAHARASHTRA,NANDED,0.558200421,0.202266415,0.261624642,0.094800857
25-03-2020,MAHARASHTRA,SOLAPUR,1.330573016,0.681142647,0.665390771,0.340624697
25-03-2020,MAHARASHTRA,AHMADNAGAR,0.959136389,0.559233556,0.528707293,0.308267795
25-03-2020,MAHARASHTRA,THANE,0.119164134,0.038750408,0.033635688,0.010937827
25-03-2020,MAHARASHTRA,SANGLI,1.350916523,0.398354472,0.711786418,0.209889581
25-03-2020,MAHARASHTRA,WARDHA,0.34880318,0.074953673,0.140062771,0.030097831
25-03-2020,MAHARASHTRA,BULDANA,0.124533718,0.041382483,0.059985802,0.019933247
25-03-2020,MAHARASHTRA,SINDHUDURG,0.160776335,0.028200211,0.075017623,0.013158111
24-03-2020,MAHARASHTRA,WASHIM,0.286290276,0.050723573,0.177268351,0.031407578
24-03-2020,MAHARASHTRA,SATARA,0.089675928,0.032376136,0.031575732,0.01139994
24-03-2020,MAHARASHTRA,PUNE,0.091965634,0.049319311,0.038414448,0.020600892
24-03-2020,MAHARASHTRA,PARBHANI,0.252804276,0.054765078,0.112432663,0.024356327
24-03-2020,MAHARASHTRA,JALNA,0.144093967,0.038216084,0.062487583,0.016572732
24-03-2020,MAHARASHTRA,GONDIYA,2.076130186,0.386661646,0.711819021,0.132570258
24-03-2020,MAHARASHTRA,MUMBAI,0.005146844,2.63E-05,9.98E-05,5.10E-07
24-03-2020,MAHARASHTRA,NASHIK,0.069842641,0.037049054,0.036648282,0.019440619
24-03-2020,MAHARASHTRA,GARHCHIROLI,2.088892879,1.030256191,0.430327468,0.212240437
24-03-2020,MAHARASHTRA,RATNAGIRI,0.250301004,0.071164684,0.130058305,0.036977711
24-03-2020,MAHARASHTRA,OSMANABAD,0.103152412,0.026764338,0.048982831,0.012709281
24-03-2020,MAHARASHTRA,BID,0.207564527,0.078442632,0.091127023,0.034438657
24-03-2020,MAHARASHTRA,LATUR,0.45051053,0.104252116,0.261516391,0.060517203
24-03-2020,MAHARASHTRA,YAVATMAL,0.442778891,0.20435776,0.207200847,0.095630351
24-03-2020,MAHARASHTRA,BHANDARA,1.883153911,0.247352071,0.773037913,0.10153845
24-03-2020,MAHARASHTRA,MUMBAI SUBURBAN,0.10145335,0.001570257,0.009939118,0.000153834
24-03-2020,MAHARASHTRA,NANDURBAR,0.070632222,0.014178393,0.027199486,0.005459902
24-03-2020,MAHARASHTRA,NAGPUR,1.252966602,0.423210638,0.398625878,0.134642625
24-03-2020,MAHARASHTRA,CHANDRAPUR,1.989707443,0.767111273,0.765698406,0.295207158
24-03-2020,MAHARASHTRA,JALGAON,0.126562021,0.050727628,0.04574682,0.018335893
24-03-2020,MAHARASHTRA,HINGOLI,0.319643932,0.051197669,0.112257634,0.017980411
24-03-2020,MAHARASHTRA,AKOLA,0.285315052,0.052544868,0.149838808,0.02759497
24-03-2020,MAHARASHTRA,AURANGABAD,0.085994203,0.029677021,0.036756341,0.012684793
24-03-2020,MAHARASHTRA,DHULE,0.078865398,0.019288272,0.027272647,0.006670127
24-03-2020,MAHARASHTRA,KOLHAPUR,0.159576965,0.04226729,0.042729766,0.01131787
24-03-2020,MAHARASHTRA,RAIGARH,0.130239214,0.031931817,0.027918601,0.006845032
24-03-2020,MAHARASHTRA,AMRAVATI,0.359215394,0.149247125,0.14565705,0.060517718
24-03-2020,MAHARASHTRA,NANDED,0.678625159,0.245902856,0.322308294,0.116789849
24-03-2020,MAHARASHTRA,SOLAPUR,0.120939258,0.061910835,0.067070843,0.03433469
24-03-2020,MAHARASHTRA,AHMADNAGAR,0.078555187,0.045802346,0.04462895,0.026021332
24-03-2020,MAHARASHTRA,THANE,0.127943311,0.041605266,0.038837231,0.012629291
24-03-2020,MAHARASHTRA,SANGLI,0.083513153,0.024626124,0.039317853,0.011593938
24-03-2020,MAHARASHTRA,WARDHA,0.543414064,0.116773248,0.21956165,0.047181199
24-03-2020,MAHARASHTRA,BULDANA,0.192756964,0.064053029,0.094819093,0.03150833
24-03-2020,MAHARASHTRA,SINDHUDURG,0.23311178,0.040887867,0.114042841,0.020003144
23-03-2020,MAHARASHTRA,WASHIM,0.294128967,0.052112396,0.182050916,0.032254931
23-03-2020,MAHARASHTRA,SATARA,0.09289503,0.033538343,0.032668196,0.011794357
23-03-2020,MAHARASHTRA,PUNE,0.096465847,0.051732684,0.040278457,0.021600522
23-03-2020,MAHARASHTRA,PARBHANI,0.263917726,0.057172589,0.117587605,0.025473044
23-03-2020,MAHARASHTRA,JALNA,0.146848803,0.038946711,0.064075001,0.016993741
23-03-2020,MAHARASHTRA,GONDIYA,2.259714451,0.420852658,0.780633837,0.145386434
23-03-2020,MAHARASHTRA,MUMBAI,0.005691567,2.91E-05,0.000106574,5.44E-07
23-03-2020,MAHARASHTRA,NASHIK,0.075316153,0.039952558,0.039144132,0.020764579
23-03-2020,MAHARASHTRA,GARHCHIROLI,2.299874251,1.134313641,0.465670056,0.229671642
23-03-2020,MAHARASHTRA,RATNAGIRI,0.258505526,0.073497364,0.135418525,0.038501709
23-03-2020,MAHARASHTRA,OSMANABAD,0.13099626,0.033988814,0.061856317,0.016049488
23-03-2020,MAHARASHTRA,BID,0.257794139,0.097425369,0.113474488,0.042884194
23-03-2020,MAHARASHTRA,LATUR,0.498229297,0.115294661,0.285213125,0.066000837
23-03-2020,MAHARASHTRA,YAVATMAL,0.471068202,0.217414255,0.218998665,0.101075452
23-03-2020,MAHARASHTRA,BHANDARA,2.018908713,0.26518345,0.821751083,0.10793692
23-03-2020,MAHARASHTRA,MUMBAI SUBURBAN,0.10881922,0.001684263,0.010718418,0.000165896
23-03-2020,MAHARASHTRA,NANDURBAR,0.074016054,0.014857649,0.028455989,0.005712127
23-03-2020,MAHARASHTRA,NAGPUR,1.303385124,0.440240346,0.414206586,0.139905272
23-03-2020,MAHARASHTRA,CHANDRAPUR,2.135204352,0.823206112,0.814991664,0.314211667
23-03-2020,MAHARASHTRA,JALGAON,0.127815963,0.051230223,0.0459984,0.018436729
23-03-2020,MAHARASHTRA,HINGOLI,0.329542856,0.052783189,0.116763603,0.018702136
23-03-2020,MAHARASHTRA,AKOLA,0.29203013,0.053781546,0.152834032,0.028146584
23-03-2020,MAHARASHTRA,AURANGABAD,0.083680133,0.028878424,0.035640994,0.012299882
23-03-2020,MAHARASHTRA,DHULE,0.079404624,0.019420151,0.02720928,0.006654629
23-03-2020,MAHARASHTRA,KOLHAPUR,0.182685855,0.048388162,0.049554402,0.013125518
23-03-2020,MAHARASHTRA,RAIGARH,0.136042241,0.033354593,0.029260891,0.007174133
23-03-2020,MAHARASHTRA,AMRAVATI,0.372609728,0.154812215,0.150337973,0.062462552
23-03-2020,MAHARASHTRA,NANDED,0.698907134,0.253252121,0.330953191,0.119922366
23-03-2020,MAHARASHTRA,SOLAPUR,0.143739333,0.073582576,0.07954231,0.040719043
23-03-2020,MAHARASHTRA,AHMADNAGAR,0.088390978,0.051537197,0.050169065,0.029251548
23-03-2020,MAHARASHTRA,THANE,0.140861736,0.045806146,0.042408363,0.01379057
23-03-2020,MAHARASHTRA,SANGLI,0.089877844,0.026502926,0.042673441,0.012583424
23-03-2020,MAHARASHTRA,WARDHA,0.578680159,0.124351514,0.232795852,0.050025072
23-03-2020,MAHARASHTRA,BULDANA,0.198211068,0.065865424,0.096839946,0.032179859
23-03-2020,MAHARASHTRA,SINDHUDURG,0.242373607,0.042512394,0.118272615,0.020745048
22-03-2020,MAHARASHTRA,WASHIM,0.29754073,0.052716876,0.183878802,0.032578787
22-03-2020,MAHARASHTRA,SATARA,0.093624709,0.033801783,0.032431935,0.011709059
22-03-2020,MAHARASHTRA,PUNE,0.097321536,0.052191572,0.039889547,0.021391958
22-03-2020,MAHARASHTRA,PARBHANI,0.266963546,0.057832406,0.119023189,0.025784035
22-03-2020,MAHARASHTRA,JALNA,0.14426526,0.038261513,0.063158776,0.016750743
22-03-2020,MAHARASHTRA,GONDIYA,2.347708363,0.437240778,0.806322632,0.150170754
22-03-2020,MAHARASHTRA,MUMBAI,0.006384803,3.26E-05,0.00011467,5.86E-07
22-03-2020,MAHARASHTRA,NASHIK,0.077045351,0.040869837,0.039445858,0.020924634
22-03-2020,MAHARASHTRA,GARHCHIROLI,2.421593501,1.194346404,0.491502069,0.242412167
22-03-2020,MAHARASHTRA,RATNAGIRI,0.272197887,0.077390327,0.142356621,0.040474324
22-03-2020,MAHARASHTRA,OSMANABAD,0.132418692,0.034357884,0.062050841,0.016099959
22-03-2020,MAHARASHTRA,BID,0.256074746,0.096775577,0.112566583,0.042541079
22-03-2020,MAHARASHTRA,LATUR,0.494723176,0.114483313,0.282300068,0.065326729
22-03-2020,MAHARASHTRA,YAVATMAL,0.490245047,0.226265031,0.227011427,0.104773619
22-03-2020,MAHARASHTRA,BHANDARA,2.099464374,0.275764428,0.855317355,0.112345846
22-03-2020,MAHARASHTRA,MUMBAI SUBURBAN,0.116254449,0.001799343,0.011517784,0.000178268
22-03-2020,MAHARASHTRA,NANDURBAR,0.076418529,0.015339911,0.029267174,0.00587496
22-03-2020,MAHARASHTRA,NAGPUR,1.349774027,0.455908982,0.430659911,0.145462661
22-03-2020,MAHARASHTRA,CHANDRAPUR,2.269875594,0.875127226,0.856770064,0.3303189
22-03-2020,MAHARASHTRA,JALGAON,0.132325168,0.053037568,0.047443565,0.019015969
22-03-2020,MAHARASHTRA,HINGOLI,0.335819606,0.053788542,0.119214421,0.019094686
22-03-2020,MAHARASHTRA,AKOLA,0.301580264,0.05554034,0.157114647,0.02893492
22-03-2020,MAHARASHTRA,AURANGABAD,0.081724064,0.028203375,0.034624538,0.011949098
22-03-2020,MAHARASHTRA,DHULE,0.081396194,0.019907234,0.027669692,0.006767233
22-03-2020,MAHARASHTRA,KOLHAPUR,0.188936131,0.050043678,0.050991767,0.013506234
22-03-2020,MAHARASHTRA,RAIGARH,0.144181884,0.035350255,0.031070984,0.007617928
22-03-2020,MAHARASHTRA,AMRAVATI,0.397279896,0.165062198,0.159328518,0.066197952
22-03-2020,MAHARASHTRA,NANDED,0.700742789,0.253917278,0.329323955,0.119332005
22-03-2020,MAHARASHTRA,SOLAPUR,0.146483529,0.074987376,0.080654877,0.041288584
22-03-2020,MAHARASHTRA,AHMADNAGAR,0.086470358,0.050417361,0.048775902,0.028439252
22-03-2020,MAHARASHTRA,THANE,0.156438786,0.050871571,0.04642278,0.015095999
22-03-2020,MAHARASHTRA,SANGLI,0.089990384,0.026536112,0.042598815,0.012561419
22-03-2020,MAHARASHTRA,WARDHA,0.618328652,0.132871506,0.247398553,0.05316302
22-03-2020,MAHARASHTRA,BULDANA,0.202543283,0.067305017,0.097987171,0.032561081
22-03-2020,MAHARASHTRA,SINDHUDURG,0.252437356,0.044277578,0.122575075,0.0214997
21-03-2020,MAHARASHTRA,WASHIM,0.294317726,0.05214584,0.181748633,0.032201374
21-03-2020,MAHARASHTRA,SATARA,0.094526042,0.034127196,0.0318374,0.011494411
21-03-2020,MAHARASHTRA,PUNE,0.096409271,0.051702344,0.038859734,0.02083969
21-03-2020,MAHARASHTRA,PARBHANI,0.267868339,0.058028411,0.119754402,0.025942438
21-03-2020,MAHARASHTRA,JALNA,0.140993487,0.037393786,0.061867892,0.01640838
21-03-2020,MAHARASHTRA,GONDIYA,2.374463845,0.44222376,0.813815128,0.151566168
21-03-2020,MAHARASHTRA,MUMBAI,0.005335208,2.72E-05,0.000112832,5.76E-07
21-03-2020,MAHARASHTRA,NASHIK,0.076342124,0.040496799,0.038514602,0.020430635
21-03-2020,MAHARASHTRA,GARHCHIROLI,2.534798829,1.250180042,0.512383496,0.252711029
21-03-2020,MAHARASHTRA,RATNAGIRI,0.295822178,0.084107101,0.151874701,0.04318047
21-03-2020,MAHARASHTRA,OSMANABAD,0.139633357,0.03622983,0.064681322,0.016782475
21-03-2020,MAHARASHTRA,BID,0.254266604,0.096092246,0.111657911,0.042197675
21-03-2020,MAHARASHTRA,LATUR,0.494175209,0.114356509,0.281265957,0.065087427
21-03-2020,MAHARASHTRA,YAVATMAL,0.501319638,0.231376338,0.231089824,0.10665594
21-03-2020,MAHARASHTRA,BHANDARA,2.091639766,0.274736666,0.849457479,0.111576152
21-03-2020,MAHARASHTRA,MUMBAI SUBURBAN,0.103868726,0.001607641,0.010069798,0.000155857
21-03-2020,MAHARASHTRA,NANDURBAR,0.075329382,0.01512128,0.0288517,0.00579156
21-03-2020,MAHARASHTRA,NAGPUR,1.34441089,0.454097492,0.427699799,0.144462833
21-03-2020,MAHARASHTRA,CHANDRAPUR,2.237807156,0.862763569,0.848523688,0.327139595
21-03-2020,MAHARASHTRA,JALGAON,0.130527718,0.052317128,0.046785422,0.018752177
21-03-2020,MAHARASHTRA,HINGOLI,0.329306368,0.05274531,0.116995522,0.018739283
21-03-2020,MAHARASHTRA,AKOLA,0.297528997,0.054794241,0.153677226,0.02830187
21-03-2020,MAHARASHTRA,AURANGABAD,0.080086402,0.02763821,0.033706719,0.011632354
21-03-2020,MAHARASHTRA,DHULE,0.078173295,0.019119003,0.026445908,0.00646793
21-03-2020,MAHARASHTRA,KOLHAPUR,0.196707113,0.052101984,0.053064248,0.014055174
21-03-2020,MAHARASHTRA,RAIGARH,0.152549863,0.037401902,0.032690446,0.008014985
21-03-2020,MAHARASHTRA,AMRAVATI,0.394473595,0.163896233,0.15581448,0.064737936
21-03-2020,MAHARASHTRA,NANDED,0.693850884,0.251419966,0.324210242,0.117479029
21-03-2020,MAHARASHTRA,SOLAPUR,0.150731897,0.077162187,0.082895862,0.042435782
21-03-2020,MAHARASHTRA,AHMADNAGAR,0.084668733,0.049366907,0.047489894,0.027689433
21-03-2020,MAHARASHTRA,THANE,0.154008641,0.050081324,0.04401567,0.014313243
21-03-2020,MAHARASHTRA,SANGLI,0.089439435,0.026373649,0.042086487,0.012410345
21-03-2020,MAHARASHTRA,WARDHA,0.627263526,0.134791504,0.251329807,0.0540078
21-03-2020,MAHARASHTRA,BULDANA,0.201274354,0.066883352,0.096695774,0.03213195
21-03-2020,MAHARASHTRA,SINDHUDURG,0.260202926,0.045639661,0.125403608,0.021995826
20-03-2020,MAHARASHTRA,WASHIM,0.325832943,0.057729558,0.201017122,0.035615275
20-03-2020,MAHARASHTRA,SATARA,0.09767075,0.035262545,0.032817493,0.011848259
20-03-2020,MAHARASHTRA,PUNE,0.100807215,0.054060872,0.040614353,0.021780656
20-03-2020,MAHARASHTRA,PARBHANI,0.305411851,0.066161475,0.136710791,0.029615706
20-03-2020,MAHARASHTRA,JALNA,0.160139665,0.042471666,0.070468316,0.018689353
20-03-2020,MAHARASHTRA,GONDIYA,4.702132979,0.875732402,1.488957256,0.277305665
20-03-2020,MAHARASHTRA,MUMBAI,0.005370346,0.000027424,0.000114478,5.85E-07
20-03-2020,MAHARASHTRA,NASHIK,0.079548873,0.042197866,0.040107735,0.021275736
20-03-2020,MAHARASHTRA,GARHCHIROLI,5.701096433,2.81181958,0.974773451,0.480764903
20-03-2020,MAHARASHTRA,RATNAGIRI,0.29854077,0.084880041,0.152985775,0.043496367
20-03-2020,MAHARASHTRA,OSMANABAD,0.162024402,0.0420395,0.074266407,0.019269459
20-03-2020,MAHARASHTRA,BID,0.280783904,0.106113644,0.123417931,0.046642013
20-03-2020,MAHARASHTRA,LATUR,0.550211191,0.12732373,0.312693575,0.072360055
20-03-2020,MAHARASHTRA,YAVATMAL,0.546070035,0.252030193,0.251866909,0.116245283
20-03-2020,MAHARASHTRA,BHANDARA,3.568149771,0.468676102,1.419722572,0.186480413
20-03-2020,MAHARASHTRA,MUMBAI SUBURBAN,0.103151006,0.001596533,0.009974999,0.000154389
20-03-2020,MAHARASHTRA,NANDURBAR,0.079178614,0.015893957,0.030081298,0.006038384
20-03-2020,MAHARASHTRA,NAGPUR,2.458052844,0.830248876,0.681769355,0.230279118
20-03-2020,MAHARASHTRA,CHANDRAPUR,2.717494374,1.047702051,1.03370872,0.398535782
20-03-2020,MAHARASHTRA,JALGAON,0.142611801,0.057160578,0.050713684,0.020326674
20-03-2020,MAHARASHTRA,HINGOLI,0.370693661,0.059374352,0.132018151,0.021145471
20-03-2020,MAHARASHTRA,AKOLA,0.330121245,0.060796572,0.1709456,0.031482089
20-03-2020,MAHARASHTRA,AURANGABAD,0.085932008,0.029655557,0.036280241,0.012520489
20-03-2020,MAHARASHTRA,DHULE,0.084314283,0.020620917,0.028374904,0.006939708
20-03-2020,MAHARASHTRA,KOLHAPUR,0.203088541,0.053792239,0.054836504,0.014524593
20-03-2020,MAHARASHTRA,RAIGARH,0.157318886,0.038571162,0.033639324,0.008247629
20-03-2020,MAHARASHTRA,AMRAVATI,0.423250453,0.175852467,0.169259539,0.070324101
20-03-2020,MAHARASHTRA,NANDED,0.764129034,0.276885567,0.356568022,0.129204015
20-03-2020,MAHARASHTRA,SOLAPUR,0.176998762,0.090608635,0.095830348,0.049057163
20-03-2020,MAHARASHTRA,AHMADNAGAR,0.090504188,0.052769324,0.05087317,0.029662084
20-03-2020,MAHARASHTRA,THANE,0.149777689,0.048705481,0.041488391,0.013491409
20-03-2020,MAHARASHTRA,SANGLI,0.093968792,0.027709254,0.044323055,0.013069858
20-03-2020,MAHARASHTRA,WARDHA,0.677012953,0.145482067,0.270865487,0.058205786
20-03-2020,MAHARASHTRA,BULDANA,0.223784402,0.074363428,0.108634477,0.036099174
20-03-2020,MAHARASHTRA,SINDHUDURG,0.265673967,0.046599283,0.127254467,0.022320467
19-03-2020,MAHARASHTRA,WASHIM,0.349779853,0.06197236,0.214335968,0.037975045
19-03-2020,MAHARASHTRA,SATARA,0.097414515,0.035170035,0.032824739,0.011850875
19-03-2020,MAHARASHTRA,PUNE,0.102442846,0.054938028,0.041188462,0.02208854
19-03-2020,MAHARASHTRA,PARBHANI,0.321218316,0.069585635,0.142910236,0.030958694
19-03-2020,MAHARASHTRA,JALNA,0.173960849,0.046137271,0.076360638,0.020252094
19-03-2020,MAHARASHTRA,GONDIYA,1.570157688,0.292428557,0.524372335,0.097659902
19-03-2020,MAHARASHTRA,MUMBAI,0.005484065,2.80E-05,0.000119775,6.12E-07
19-03-2020,MAHARASHTRA,NASHIK,0.083346488,0.044212367,0.041908139,0.022230787
19-03-2020,MAHARASHTRA,GARHCHIROLI,2.871910719,1.416445922,0.490772189,0.242052185
19-03-2020,MAHARASHTRA,RATNAGIRI,0.273369104,0.077723323,0.141111851,0.040120415
19-03-2020,MAHARASHTRA,OSMANABAD,0.242517889,0.062924662,0.127835826,0.033168795
19-03-2020,MAHARASHTRA,BID,0.294578496,0.111326886,0.128890635,0.048710253
19-03-2020,MAHARASHTRA,LATUR,0.565506064,0.130863099,0.318039024,0.07359704
19-03-2020,MAHARASHTRA,YAVATMAL,1.176606187,0.543044417,0.554288887,0.255823477
19-03-2020,MAHARASHTRA,BHANDARA,1.350481253,0.177385572,0.557323578,0.073204394
19-03-2020,MAHARASHTRA,MUMBAI SUBURBAN,0.107180637,0.001658902,0.010349702,0.000160189
19-03-2020,MAHARASHTRA,NANDURBAR,0.081533534,0.016366674,0.030903255,0.00620338
19-03-2020,MAHARASHTRA,NAGPUR,0.945933271,0.319504944,0.324671914,0.109663424
19-03-2020,MAHARASHTRA,CHANDRAPUR,2.453179796,0.945798279,1.038582022,0.400414634
19-03-2020,MAHARASHTRA,JALGAON,0.158965151,0.063715204,0.056143406,0.022502973
19-03-2020,MAHARASHTRA,HINGOLI,0.39555313,0.063356117,0.140380292,0.022484843
19-03-2020,MAHARASHTRA,AKOLA,0.341516799,0.062895227,0.17662753,0.032528498
19-03-2020,MAHARASHTRA,AURANGABAD,0.089817527,0.030996469,0.037648717,0.012992756
19-03-2020,MAHARASHTRA,DHULE,0.08817923,0.021566175,0.029700106,0.007263816
19-03-2020,MAHARASHTRA,KOLHAPUR,0.220638425,0.058440692,0.061855036,0.016383597
19-03-2020,MAHARASHTRA,RAIGARH,0.158056425,0.038751991,0.033656894,0.008251937
19-03-2020,MAHARASHTRA,AMRAVATI,0.439136412,0.182452779,0.177680689,0.073822928
19-03-2020,MAHARASHTRA,NANDED,0.8716666,0.315852284,0.398465787,0.144385857
19-03-2020,MAHARASHTRA,SOLAPUR,0.249723527,0.127837663,0.152660244,0.07814934
19-03-2020,MAHARASHTRA,AHMADNAGAR,0.092011471,0.05364816,0.051482915,0.030017601
19-03-2020,MAHARASHTRA,THANE,0.154862331,0.050358931,0.044032259,0.014318637
19-03-2020,MAHARASHTRA,SANGLI,0.095955249,0.028295015,0.045543781,0.013429822
19-03-2020,MAHARASHTRA,WARDHA,1.068838305,0.229680696,0.500689539,0.107592253
19-03-2020,MAHARASHTRA,BULDANA,0.237083641,0.078782758,0.114922566,0.038188703
19-03-2020,MAHARASHTRA,SINDHUDURG,0.261845525,0.045927773,0.124867348,0.021901766
18-03-2020,MAHARASHTRA,WASHIM,1.242825137,0.220197951,0.792076049,0.140336334
18-03-2020,MAHARASHTRA,SATARA,0.094215027,0.034014908,0.032199468,0.01162513
18-03-2020,MAHARASHTRA,PUNE,0.104833779,0.056220237,0.042616929,0.022854598
18-03-2020,MAHARASHTRA,PARBHANI,1.680106758,0.36396211,0.776655711,0.168247196
18-03-2020,MAHARASHTRA,JALNA,0.269182154,0.071391523,0.12225978,0.032425299
18-03-2020,MAHARASHTRA,GONDIYA,2.122880827,0.395368556,0.672427667,0.125233952
18-03-2020,MAHARASHTRA,MUMBAI,0.006119105,3.12E-05,0.000118105,6.03E-07
18-03-2020,MAHARASHTRA,NASHIK,0.084389496,0.044765646,0.042567746,0.022580685
18-03-2020,MAHARASHTRA,GARHCHIROLI,1.659430326,0.818442336,0.43555659,0.214819476
18-03-2020,MAHARASHTRA,RATNAGIRI,0.243462943,0.069220511,0.126360763,0.035926439
18-03-2020,MAHARASHTRA,OSMANABAD,0.109203125,0.02833428,0.051063934,0.013249253
18-03-2020,MAHARASHTRA,BID,0.347256587,0.131234951,0.166030154,0.062745992
18-03-2020,MAHARASHTRA,LATUR,0.382287891,0.088464795,0.226656798,0.052450385
18-03-2020,MAHARASHTRA,YAVATMAL,1.406343397,0.649076079,0.657418882,0.303421534
18-03-2020,MAHARASHTRA,BHANDARA,2.101062334,0.27597432,0.86731744,0.113922056
18-03-2020,MAHARASHTRA,MUMBAI SUBURBAN,0.114031361,0.001764935,0.0111575,0.000172692
18-03-2020,MAHARASHTRA,NANDURBAR,0.083132908,0.016687725,0.031468356,0.006316816
18-03-2020,MAHARASHTRA,NAGPUR,1.520540487,0.513588239,0.544783309,0.184009766
18-03-2020,MAHARASHTRA,CHANDRAPUR,3.346929168,1.290374172,1.235611684,0.476377397
18-03-2020,MAHARASHTRA,JALGAON,0.672498796,0.269545857,0.243423065,0.097566983
18-03-2020,MAHARASHTRA,HINGOLI,1.127296735,0.180560177,0.530505939,0.084971635
18-03-2020,MAHARASHTRA,AKOLA,1.552291982,0.285876879,0.810359284,0.149239309
18-03-2020,MAHARASHTRA,AURANGABAD,0.088714335,0.030615751,0.037559447,0.012961949
18-03-2020,MAHARASHTRA,DHULE,0.08857221,0.021662287,0.029671993,0.00725694
18-03-2020,MAHARASHTRA,KOLHAPUR,0.190674187,0.050504038,0.049074486,0.012998402
18-03-2020,MAHARASHTRA,RAIGARH,0.147516136,0.036167741,0.031360919,0.007689014
18-03-2020,MAHARASHTRA,AMRAVATI,0.992116028,0.412205232,0.363954301,0.15121605
18-03-2020,MAHARASHTRA,NANDED,0.462004752,0.167409485,0.22061732,0.079941671
18-03-2020,MAHARASHTRA,SOLAPUR,0.132845974,0.068006083,0.073307074,0.037527121
18-03-2020,MAHARASHTRA,AHMADNAGAR,0.095813722,0.055865098,0.053611245,0.031258544
18-03-2020,MAHARASHTRA,THANE,0.151157069,0.049154035,0.0444441,0.014452562
18-03-2020,MAHARASHTRA,SANGLI,0.089918879,0.026515027,0.042619626,0.012567556
18-03-2020,MAHARASHTRA,WARDHA,1.96285595,0.421794502,0.834485008,0.179320947
18-03-2020,MAHARASHTRA,BULDANA,0.878045238,0.291773928,0.460604693,0.153058675
18-03-2020,MAHARASHTRA,SINDHUDURG,0.258197531,0.045287914,0.12174255,0.021353675
17-03-2020,MAHARASHTRA,WASHIM,0.183908831,0.032584107,0.116012791,0.020554604
17-03-2020,MAHARASHTRA,SATARA,0.098825704,0.035679523,0.03372697,0.012176611
17-03-2020,MAHARASHTRA,PUNE,0.109381775,0.058659235,0.044475797,0.023851471
17-03-2020,MAHARASHTRA,PARBHANI,0.202251066,0.043813719,0.090213841,0.019543056
17-03-2020,MAHARASHTRA,JALNA,0.14169427,0.037579645,0.062854269,0.016669983
17-03-2020,MAHARASHTRA,GONDIYA,1.083544662,0.201801007,0.369665294,0.068847027
17-03-2020,MAHARASHTRA,MUMBAI,0.005312715,2.71E-05,0.000123926,6.33E-07
17-03-2020,MAHARASHTRA,NASHIK,0.085420325,0.045312464,0.043273942,0.022955297
17-03-2020,MAHARASHTRA,GARHCHIROLI,0.992015236,0.489268669,0.24045387,0.118593486
17-03-2020,MAHARASHTRA,RATNAGIRI,0.257233031,0.073135573,0.13413735,0.03813745
17-03-2020,MAHARASHTRA,OSMANABAD,0.121023517,0.031401246,0.056283816,0.014603624
17-03-2020,MAHARASHTRA,BID,0.254354611,0.096125505,0.119080551,0.045002833
17-03-2020,MAHARASHTRA,LATUR,0.480745181,0.111248682,0.280291191,0.064861858
17-03-2020,MAHARASHTRA,YAVATMAL,0.21657068,0.099954853,0.104102146,0.048046738
17-03-2020,MAHARASHTRA,BHANDARA,0.754154543,0.099058121,0.306948588,0.040317665
17-03-2020,MAHARASHTRA,MUMBAI SUBURBAN,0.098815867,0.001529435,0.009351192,0.000144734
17-03-2020,MAHARASHTRA,NANDURBAR,0.086663659,0.017396471,0.032727279,0.006569526
17-03-2020,MAHARASHTRA,NAGPUR,0.377203173,0.127406744,0.131766654,0.044506414
17-03-2020,MAHARASHTRA,CHANDRAPUR,1.053657068,0.406226663,0.436886697,0.16843718
17-03-2020,MAHARASHTRA,JALGAON,0.08268581,0.033141498,0.030775875,0.012335353
17-03-2020,MAHARASHTRA,HINGOLI,0.281236091,0.045045849,0.090789446,0.014541831
17-03-2020,MAHARASHTRA,AKOLA,0.127831114,0.023541937,0.072095783,0.013277475
17-03-2020,MAHARASHTRA,AURANGABAD,0.086918005,0.029995829,0.037096221,0.012802088
17-03-2020,MAHARASHTRA,DHULE,0.09290304,0.022721487,0.031251934,0.00764335
17-03-2020,MAHARASHTRA,KOLHAPUR,0.214428283,0.056795806,0.056984357,0.015093496
17-03-2020,MAHARASHTRA,RAIGARH,0.156479248,0.038365301,0.033122599,0.008120939
17-03-2020,MAHARASHTRA,AMRAVATI,0.188791907,0.078439426,0.094733185,0.039359826
17-03-2020,MAHARASHTRA,NANDED,0.608219047,0.220390887,0.292285312,0.105910888
17-03-2020,MAHARASHTRA,SOLAPUR,0.137392806,0.070333682,0.075955267,0.038882775
17-03-2020,MAHARASHTRA,AHMADNAGAR,0.103825948,0.060536702,0.058383233,0.034040897
17-03-2020,MAHARASHTRA,THANE,0.149875876,0.04873741,0.043958285,0.014294582
17-03-2020,MAHARASHTRA,SANGLI,0.091518205,0.026986631,0.043122384,0.012715808
17-03-2020,MAHARASHTRA,WARDHA,0.260548683,0.055988827,0.109317474,0.023491031
17-03-2020,MAHARASHTRA,BULDANA,0.083583127,0.027774625,0.040294542,0.013389853
17-03-2020,MAHARASHTRA,SINDHUDURG,0.272793075,0.047847977,0.129193539,0.022660581
16-03-2020,MAHARASHTRA,WASHIM,0.20937158,0.037095478,0.133035274,0.023570568
16-03-2020,MAHARASHTRA,SATARA,0.100864027,0.036415429,0.033887385,0.012234527
16-03-2020,MAHARASHTRA,PUNE,0.111613603,0.059856119,0.044959099,0.024110656
16-03-2020,MAHARASHTRA,PARBHANI,0.227863751,0.049362203,0.101606709,0.022011097
16-03-2020,MAHARASHTRA,JALNA,0.163139241,0.043267203,0.072782488,0.01930311
16-03-2020,MAHARASHTRA,GONDIYA,1.371755792,0.255477886,0.462380353,0.086114421
16-03-2020,MAHARASHTRA,MUMBAI,0.005395769,2.76E-05,0.000127847,6.53E-07
16-03-2020,MAHARASHTRA,NASHIK,0.085904219,0.045569153,0.043109695,0.02286817
16-03-2020,MAHARASHTRA,GARHCHIROLI,1.130688834,0.557663432,0.280753007,0.138469295
16-03-2020,MAHARASHTRA,RATNAGIRI,0.273363747,0.0777218,0.139457269,0.039649991
16-03-2020,MAHARASHTRA,OSMANABAD,0.123434387,0.03202678,0.057182365,0.014836765
16-03-2020,MAHARASHTRA,BID,0.271667574,0.102668407,0.126835762,0.047933677
16-03-2020,MAHARASHTRA,LATUR,0.465188778,0.107648792,0.270594413,0.062617938
16-03-2020,MAHARASHTRA,YAVATMAL,0.243262038,0.112273837,0.117641804,0.054295758
16-03-2020,MAHARASHTRA,BHANDARA,0.967116518,0.127030654,0.392952589,0.051614282
16-03-2020,MAHARASHTRA,MUMBAI SUBURBAN,0.10079639,0.001560089,0.009522958,0.000147393
16-03-2020,MAHARASHTRA,NANDURBAR,0.088520943,0.017769294,0.033483029,0.006721232
16-03-2020,MAHARASHTRA,NAGPUR,0.481041585,0.162479923,0.163343758,0.055172114
16-03-2020,MAHARASHTRA,CHANDRAPUR,1.231381273,0.474746405,0.512855775,0.197726278
16-03-2020,MAHARASHTRA,JALGAON,0.087268672,0.034978366,0.032468035,0.013013591
16-03-2020,MAHARASHTRA,HINGOLI,0.278892223,0.044670429,0.090941261,0.014566147
16-03-2020,MAHARASHTRA,AKOLA,0.154943216,0.02853502,0.086692246,0.015965623
16-03-2020,MAHARASHTRA,AURANGABAD,0.087691182,0.030262656,0.037212253,0.012842131
16-03-2020,MAHARASHTRA,DHULE,0.090225059,0.022066527,0.030245427,0.007397186
16-03-2020,MAHARASHTRA,KOLHAPUR,0.21081633,0.055839105,0.053432105,0.014152608
16-03-2020,MAHARASHTRA,RAIGARH,0.163819769,0.040165037,0.034517538,0.008462948
16-03-2020,MAHARASHTRA,AMRAVATI,0.244405751,0.101545914,0.118540355,0.04925125
16-03-2020,MAHARASHTRA,NANDED,0.587543286,0.212898933,0.280955646,0.101805533
16-03-2020,MAHARASHTRA,SOLAPUR,0.140645518,0.0719988,0.078146287,0.040004395
16-03-2020,MAHARASHTRA,AHMADNAGAR,0.112888057,0.065820451,0.064584577,0.03765665
16-03-2020,MAHARASHTRA,THANE,0.155937028,0.050708407,0.045767078,0.014882775
16-03-2020,MAHARASHTRA,SANGLI,0.09235832,0.027234362,0.043283718,0.012763381
16-03-2020,MAHARASHTRA,WARDHA,0.304916965,0.065523045,0.126884431,0.027265962
16-03-2020,MAHARASHTRA,BULDANA,0.093409048,0.031039773,0.044368803,0.014743728
16-03-2020,MAHARASHTRA,SINDHUDURG,0.295927788,0.051905811,0.139160993,0.024408874
15-03-2020,MAHARASHTRA,WASHIM,0.215403431,0.038164173,0.136751267,0.024228951
15-03-2020,MAHARASHTRA,SATARA,0.104058619,0.037568788,0.034153937,0.012330762
15-03-2020,MAHARASHTRA,PUNE,0.115484286,0.061931889,0.04589346,0.024611735
15-03-2020,MAHARASHTRA,PARBHANI,0.236781532,0.051294065,0.105337685,0.022819339
15-03-2020,MAHARASHTRA,JALNA,0.165661113,0.043936045,0.074259913,0.019694947
15-03-2020,MAHARASHTRA,GONDIYA,1.17047626,0.21799128,0.399341042,0.074373883
15-03-2020,MAHARASHTRA,MUMBAI,0.007382872,3.77E-05,0.000143934,0.000000735
15-03-2020,MAHARASHTRA,NASHIK,0.086637479,0.045958121,0.04247934,0.022533789
15-03-2020,MAHARASHTRA,GARHCHIROLI,1.229096384,0.606198706,0.295253945,0.145621256
15-03-2020,MAHARASHTRA,RATNAGIRI,0.31204057,0.088718256,0.159831592,0.045442745
15-03-2020,MAHARASHTRA,OSMANABAD,0.127780377,0.033154408,0.059000116,0.015308406
15-03-2020,MAHARASHTRA,BID,0.277330833,0.104808662,0.129751586,0.049035623
15-03-2020,MAHARASHTRA,LATUR,0.471449299,0.109097532,0.274526423,0.063527839
15-03-2020,MAHARASHTRA,YAVATMAL,0.258512899,0.119312637,0.124127819,0.057289278
15-03-2020,MAHARASHTRA,BHANDARA,0.830548648,0.109092479,0.339891335,0.044644692
15-03-2020,MAHARASHTRA,MUMBAI SUBURBAN,0.135596149,0.002098706,0.01336922,0.000206924
15-03-2020,MAHARASHTRA,NANDURBAR,0.089084293,0.017882379,0.033721412,0.006769084
15-03-2020,MAHARASHTRA,NAGPUR,0.433155289,0.146305517,0.15230393,0.051443225
15-03-2020,MAHARASHTRA,CHANDRAPUR,1.281134197,0.493928134,0.522093376,0.20128774
15-03-2020,MAHARASHTRA,JALGAON,0.083285825,0.033381991,0.031086834,0.012459989
15-03-2020,MAHARASHTRA,HINGOLI,0.291052217,0.046618107,0.095410528,0.015281994
15-03-2020,MAHARASHTRA,AKOLA,0.157204778,0.028951519,0.08877837,0.016349813
15-03-2020,MAHARASHTRA,AURANGABAD,0.084205158,0.029059613,0.035576285,0.01227755
15-03-2020,MAHARASHTRA,DHULE,0.089992412,0.022009628,0.030021541,0.00734243
15-03-2020,MAHARASHTRA,KOLHAPUR,0.224464904,0.059454215,0.057431055,0.015211814
15-03-2020,MAHARASHTRA,RAIGARH,0.17770711,0.04356991,0.037555738,0.009207849
15-03-2020,MAHARASHTRA,AMRAVATI,0.210938782,0.087641029,0.108926518,0.045256885
15-03-2020,MAHARASHTRA,NANDED,0.605659406,0.21946339,0.288465494,0.10452676
15-03-2020,MAHARASHTRA,SOLAPUR,0.148492195,0.076015646,0.082971968,0.042474742
15-03-2020,MAHARASHTRA,AHMADNAGAR,0.117530407,0.068527217,0.067998159,0.039646971
15-03-2020,MAHARASHTRA,THANE,0.1827192,0.059417572,0.053925098,0.017535642
15-03-2020,MAHARASHTRA,SANGLI,0.093888665,0.027685626,0.043622971,0.012863419
15-03-2020,MAHARASHTRA,WARDHA,0.310161868,0.066650113,0.129833534,0.027899689
15-03-2020,MAHARASHTRA,BULDANA,0.087409001,0.029045961,0.042253506,0.014040816
15-03-2020,MAHARASHTRA,SINDHUDURG,0.30869377,0.054144968,0.144359111,0.025320626
14-03-2020,MAHARASHTRA,WASHIM,0.178217164,0.031575685,0.113134091,0.02004457
14-03-2020,MAHARASHTRA,SATARA,0.079035269,0.028534487,0.025218775,0.009104857
14-03-2020,MAHARASHTRA,PUNE,0.087467091,0.046906833,0.035118975,0.018833596
14-03-2020,MAHARASHTRA,PARBHANI,0.245597429,0.053203856,0.109905568,0.023808881
14-03-2020,MAHARASHTRA,JALNA,0.142935776,0.037908913,0.064298673,0.017053063
14-03-2020,MAHARASHTRA,GONDIYA,1.065680989,0.198474049,0.347016197,0.064628825
14-03-2020,MAHARASHTRA,MUMBAI,0.004409203,2.25E-05,9.97E-05,0.000000509
14-03-2020,MAHARASHTRA,NASHIK,0.052240693,0.027711842,0.027627971,0.014655662
14-03-2020,MAHARASHTRA,GARHCHIROLI,2.536213348,1.250877693,0.45857517,0.226172397
14-03-2020,MAHARASHTRA,RATNAGIRI,0.282835838,0.080414871,0.142670478,0.040563559
14-03-2020,MAHARASHTRA,OSMANABAD,0.126742573,0.032885135,0.057784577,0.014993018
14-03-2020,MAHARASHTRA,BID,0.269229281,0.10174693,0.125971137,0.047606919
14-03-2020,MAHARASHTRA,LATUR,0.449060693,0.103916611,0.259424069,0.060033021
14-03-2020,MAHARASHTRA,YAVATMAL,0.291477332,0.134526862,0.137037374,0.063247484
14-03-2020,MAHARASHTRA,BHANDARA,1.060544291,0.139302383,0.426702978,0.056047392
14-03-2020,MAHARASHTRA,MUMBAI SUBURBAN,0.088419837,0.001368529,0.008770111,0.000135741
14-03-2020,MAHARASHTRA,NANDURBAR,0.058618557,0.011766825,0.021977977,0.00441176
14-03-2020,MAHARASHTRA,NAGPUR,0.356453416,0.120398163,0.125232254,0.042299309
14-03-2020,MAHARASHTRA,CHANDRAPUR,1.740757446,0.671131158,0.653291685,0.251869901
14-03-2020,MAHARASHTRA,JALGAON,0.070049441,0.028076685,0.026331684,0.010554065
14-03-2020,MAHARASHTRA,HINGOLI,0.255565119,0.040934105,0.0835943,0.013389378
14-03-2020,MAHARASHTRA,AKOLA,0.120882415,0.022262234,0.06781143,0.01248845
14-03-2020,MAHARASHTRA,AURANGABAD,0.077064714,0.02659541,0.032518061,0.011222142
14-03-2020,MAHARASHTRA,DHULE,0.069861037,0.017086057,0.022983987,0.005621241
14-03-2020,MAHARASHTRA,KOLHAPUR,0.143482089,0.038004226,0.03615497,0.009576398
14-03-2020,MAHARASHTRA,RAIGARH,0.14302738,0.035067196,0.03080858,0.007553592
14-03-2020,MAHARASHTRA,AMRAVATI,0.160107473,0.066521593,0.082671216,0.034348309
14-03-2020,MAHARASHTRA,NANDED,0.555377782,0.201243619,0.262321996,0.095053546
14-03-2020,MAHARASHTRA,SOLAPUR,0.129773026,0.066432989,0.070970784,0.036331135
14-03-2020,MAHARASHTRA,AHMADNAGAR,0.112525185,0.065608875,0.066200297,0.03859871
14-03-2020,MAHARASHTRA,THANE,0.138850534,0.045152133,0.038837618,0.012629417
14-03-2020,MAHARASHTRA,SANGLI,0.073291282,0.021611928,0.034057715,0.010042843
14-03-2020,MAHARASHTRA,WARDHA,0.233463724,0.05016859,0.097048428,0.020854558
14-03-2020,MAHARASHTRA,BULDANA,0.066548338,0.022113974,0.031859458,0.01058688
14-03-2020,MAHARASHTRA,SINDHUDURG,0.213491541,0.037446472,0.0976834,0.017133694
13-03-2020,MAHARASHTRA,WASHIM,0.173776254,0.030788865,0.110114908,0.019509645
13-03-2020,MAHARASHTRA,SATARA,0.058619253,0.021163593,0.019043144,0.006875239
13-03-2020,MAHARASHTRA,PUNE,0.064157285,0.034406255,0.025155605,0.013490443
13-03-2020,MAHARASHTRA,PARBHANI,0.156616176,0.033927816,0.07114577,0.015412333
13-03-2020,MAHARASHTRA,JALNA,0.119134482,0.031596419,0.05305894,0.014072101
13-03-2020,MAHARASHTRA,GONDIYA,1.817041959,0.33840866,0.515288785,0.095968168
13-03-2020,MAHARASHTRA,MUMBAI,0.004779492,2.44E-05,9.81E-05,5.01E-07
13-03-2020,MAHARASHTRA,NASHIK,0.04833431,0.025639644,0.02378813,0.012618763
13-03-2020,MAHARASHTRA,GARHCHIROLI,1.555117418,0.7669945,0.324524713,0.160057798
13-03-2020,MAHARASHTRA,RATNAGIRI,0.203140344,0.057756134,0.100951449,0.028702154
13-03-2020,MAHARASHTRA,OSMANABAD,0.108816326,0.028233919,0.048748525,0.012648488
13-03-2020,MAHARASHTRA,BID,0.168277476,0.063595298,0.076590375,0.028944978
13-03-2020,MAHARASHTRA,LATUR,0.354390608,0.082009117,0.200075389,0.046299212
13-03-2020,MAHARASHTRA,YAVATMAL,0.17055145,0.078715388,0.081996079,0.037844024
13-03-2020,MAHARASHTRA,BHANDARA,0.41185517,0.054097134,0.165919298,0.021793483
13-03-2020,MAHARASHTRA,MUMBAI SUBURBAN,0.087810637,0.0013591,0.008429801,0.000130473
13-03-2020,MAHARASHTRA,NANDURBAR,0.048661745,0.009768139,0.018105961,0.003634509
13-03-2020,MAHARASHTRA,NAGPUR,0.224921845,0.075971153,0.079051759,0.026701067
13-03-2020,MAHARASHTRA,CHANDRAPUR,1.157593813,0.446298407,0.390011069,0.150364763
13-03-2020,MAHARASHTRA,JALGAON,0.069270352,0.027764416,0.026053297,0.010442485
13-03-2020,MAHARASHTRA,HINGOLI,0.163058499,0.026117233,0.05397015,0.00864445
13-03-2020,MAHARASHTRA,AKOLA,0.121232728,0.022326749,0.068048397,0.01253209
13-03-2020,MAHARASHTRA,AURANGABAD,0.066006559,0.022779187,0.027350101,0.009438654
13-03-2020,MAHARASHTRA,DHULE,0.060043772,0.014685028,0.0194887,0.004766391
13-03-2020,MAHARASHTRA,KOLHAPUR,0.10412348,0.027579277,0.025659731,0.006796515
13-03-2020,MAHARASHTRA,RAIGARH,0.110684546,0.027137438,0.023695841,0.005809704
13-03-2020,MAHARASHTRA,AMRAVATI,0.151943734,0.063129715,0.078845748,0.0327589
13-03-2020,MAHARASHTRA,NANDED,0.305966874,0.110868463,0.148955618,0.053974733
13-03-2020,MAHARASHTRA,SOLAPUR,0.118859179,0.060846007,0.065506453,0.033533852
13-03-2020,MAHARASHTRA,AHMADNAGAR,0.058795974,0.03428155,0.032154055,0.018747727
13-03-2020,MAHARASHTRA,THANE,0.127052415,0.041315559,0.034932355,0.011359483
13-03-2020,MAHARASHTRA,SANGLI,0.053624985,0.015812785,0.02487065,0.007333788
13-03-2020,MAHARASHTRA,WARDHA,0.18959824,0.040742417,0.077998267,0.016760904
13-03-2020,MAHARASHTRA,BULDANA,0.069821013,0.023201482,0.033398227,0.011098212
13-03-2020,MAHARASHTRA,SINDHUDURG,0.181293046,0.031798848,0.083915054,0.014718722
12-03-2020,MAHARASHTRA,WASHIM,0.180823911,0.032037536,0.114402444,0.020269291
12-03-2020,MAHARASHTRA,SATARA,0.062836923,0.022686319,0.020151193,0.007275283
12-03-2020,MAHARASHTRA,PUNE,0.065889978,0.035335464,0.026111083,0.014002846
12-03-2020,MAHARASHTRA,PARBHANI,0.19851469,0.043004306,0.089769766,0.019446855
12-03-2020,MAHARASHTRA,JALNA,0.139817225,0.037081822,0.062826124,0.016662519
12-03-2020,MAHARASHTRA,GONDIYA,0.659516567,0.122829369,0.242195791,0.045106913
12-03-2020,MAHARASHTRA,MUMBAI,0.003981608,2.03E-05,8.50E-05,4.34E-07
12-03-2020,MAHARASHTRA,NASHIK,0.041650284,0.022094004,0.020959727,0.011118395
12-03-2020,MAHARASHTRA,GARHCHIROLI,0.692041399,0.34131953,0.146190565,0.072102182
12-03-2020,MAHARASHTRA,RATNAGIRI,0.228032264,0.064833315,0.113042294,0.03213978
12-03-2020,MAHARASHTRA,OSMANABAD,0.117309631,0.030437626,0.052632348,0.0136562
12-03-2020,MAHARASHTRA,BID,0.216994209,0.08200629,0.099516682,0.03760927
12-03-2020,MAHARASHTRA,LATUR,0.434896628,0.100638921,0.25082956,0.058044176
12-03-2020,MAHARASHTRA,YAVATMAL,0.211723427,0.097717679,0.100753161,0.046501066
12-03-2020,MAHARASHTRA,BHANDARA,0.544120631,0.071470188,0.218809842,0.02874065
12-03-2020,MAHARASHTRA,MUMBAI SUBURBAN,0.073030035,0.001130332,0.007021803,0.000108681
12-03-2020,MAHARASHTRA,NANDURBAR,0.047384959,0.009511843,0.017602693,0.003533485
12-03-2020,MAHARASHTRA,NAGPUR,0.329314507,0.111231538,0.115836771,0.039125826
12-03-2020,MAHARASHTRA,CHANDRAPUR,0.685792555,0.264400277,0.279641914,0.107813068
12-03-2020,MAHARASHTRA,JALGAON,0.067534121,0.027068513,0.0254526,0.010201718
12-03-2020,MAHARASHTRA,HINGOLI,0.247439056,0.039632546,0.079420884,0.012720918
12-03-2020,MAHARASHTRA,AKOLA,0.12452309,0.022932717,0.069482221,0.01279615
12-03-2020,MAHARASHTRA,AURANGABAD,0.068396579,0.023603994,0.028184717,0.009726684
12-03-2020,MAHARASHTRA,DHULE,0.057381931,0.014034016,0.018436237,0.004508988
12-03-2020,MAHARASHTRA,KOLHAPUR,0.123595395,0.03273682,0.030467698,0.008070006
12-03-2020,MAHARASHTRA,RAIGARH,0.113617043,0.027856423,0.023861423,0.005850301
12-03-2020,MAHARASHTRA,AMRAVATI,0.155719747,0.064698576,0.07986955,0.03318427
12-03-2020,MAHARASHTRA,NANDED,0.508158872,0.184133636,0.243968544,0.088403091
12-03-2020,MAHARASHTRA,SOLAPUR,0.124791847,0.06388304,0.068827345,0.035233873
12-03-2020,MAHARASHTRA,AHMADNAGAR,0.067776109,0.039517503,0.03773163,0.021999784
12-03-2020,MAHARASHTRA,THANE,0.101280404,0.032934884,0.028095173,0.009136133
12-03-2020,MAHARASHTRA,SANGLI,0.057895903,0.017072181,0.026707091,0.007875312
12-03-2020,MAHARASHTRA,WARDHA,0.248752967,0.053454067,0.103244256,0.022185968
12-03-2020,MAHARASHTRA,BULDANA,0.06950496,0.023096458,0.033206609,0.011034537
12-03-2020,MAHARASHTRA,SINDHUDURG,0.20931401,0.036713732,0.096598959,0.016943483
11-03-2020,MAHARASHTRA,WASHIM,0.197256134,0.03494892,0.124281774,0.022019664
11-03-2020,MAHARASHTRA,SATARA,0.06129802,0.022130722,0.018945044,0.006839821
11-03-2020,MAHARASHTRA,PUNE,0.06442698,0.034550887,0.025250177,0.01354116
11-03-2020,MAHARASHTRA,PARBHANI,0.210717232,0.045647747,0.095179281,0.020618721
11-03-2020,MAHARASHTRA,JALNA,0.141930959,0.037642419,0.063782271,0.016916105
11-03-2020,MAHARASHTRA,GONDIYA,0.457809892,0.085263211,0.149316063,0.027808851
11-03-2020,MAHARASHTRA,MUMBAI,0.00462699,0.000023628,8.57E-05,4.38E-07
11-03-2020,MAHARASHTRA,NASHIK,0.049649928,0.026337533,0.024638197,0.013069693
11-03-2020,MAHARASHTRA,GARHCHIROLI,0.515845896,0.254418708,0.127996005,0.063128501
11-03-2020,MAHARASHTRA,RATNAGIRI,0.218498599,0.062122738,0.106709654,0.030339306
11-03-2020,MAHARASHTRA,OSMANABAD,0.118629483,0.030780081,0.052575101,0.013641346
11-03-2020,MAHARASHTRA,BID,0.21589218,0.081589812,0.098228533,0.037122454
11-03-2020,MAHARASHTRA,LATUR,0.45221166,0.104645773,0.259795552,0.060118986
11-03-2020,MAHARASHTRA,YAVATMAL,0.195587017,0.090270168,0.093149615,0.042991766
11-03-2020,MAHARASHTRA,BHANDARA,0.409608766,0.053802069,0.167692988,0.022026457
11-03-2020,MAHARASHTRA,MUMBAI SUBURBAN,0.089242424,0.001381261,0.008832817,0.000136711
11-03-2020,MAHARASHTRA,NANDURBAR,0.054822564,0.011004834,0.02055206,0.004125528
11-03-2020,MAHARASHTRA,NAGPUR,0.33959588,0.114704246,0.113193107,0.038232884
11-03-2020,MAHARASHTRA,CHANDRAPUR,0.580883991,0.223953858,0.244579233,0.094295012
11-03-2020,MAHARASHTRA,JALGAON,0.072382185,0.029011678,0.027242868,0.010919279
11-03-2020,MAHARASHTRA,HINGOLI,0.249732996,0.039999969,0.080260968,0.012855475
11-03-2020,MAHARASHTRA,AKOLA,0.144536149,0.026618409,0.080730911,0.014867758
11-03-2020,MAHARASHTRA,AURANGABAD,0.068394102,0.02360314,0.028118986,0.009704
11-03-2020,MAHARASHTRA,DHULE,0.066103668,0.016167109,0.021464441,0.005249602
11-03-2020,MAHARASHTRA,KOLHAPUR,0.111424855,0.029513198,0.027833362,0.007372247
11-03-2020,MAHARASHTRA,RAIGARH,0.1112833,0.02728424,0.023499745,0.005761625
11-03-2020,MAHARASHTRA,AMRAVATI,0.165255577,0.068660531,0.084190758,0.03497965
11-03-2020,MAHARASHTRA,NANDED,0.495390811,0.179507072,0.237553283,0.086078493
11-03-2020,MAHARASHTRA,SOLAPUR,0.12497139,0.063974951,0.069382433,0.035518031
11-03-2020,MAHARASHTRA,AHMADNAGAR,0.066021404,0.038494405,0.03641756,0.021233603
11-03-2020,MAHARASHTRA,THANE,0.12205353,0.039689997,0.034584404,0.011246335
11-03-2020,MAHARASHTRA,SANGLI,0.056132459,0.016552182,0.025908616,0.00763986
11-03-2020,MAHARASHTRA,WARDHA,0.221601372,0.047619511,0.090105592,0.019362625
11-03-2020,MAHARASHTRA,BULDANA,0.075984854,0.025249723,0.036395347,0.012094153
11-03-2020,MAHARASHTRA,SINDHUDURG,0.172891478,0.03032521,0.078444327,0.013759156
10-03-2020,MAHARASHTRA,WASHIM,0.213556705,0.037836979,0.13358537,0.023668032
10-03-2020,MAHARASHTRA,SATARA,0.063702667,0.022998883,0.019073937,0.006886356
10-03-2020,MAHARASHTRA,PUNE,0.065694926,0.035230861,0.024977218,0.013394777
10-03-2020,MAHARASHTRA,PARBHANI,0.222090386,0.048111517,0.100628185,0.021799119
10-03-2020,MAHARASHTRA,JALNA,0.139518649,0.037002634,0.062573042,0.016595397
10-03-2020,MAHARASHTRA,GONDIYA,1.848285803,0.344227561,0.607613307,0.113162827
10-03-2020,MAHARASHTRA,MUMBAI,0.003827452,1.95E-05,8.31E-05,4.24E-07
10-03-2020,MAHARASHTRA,NASHIK,0.047740056,0.025324413,0.023465169,0.012447443
10-03-2020,MAHARASHTRA,GARHCHIROLI,0.631212104,0.311318108,0.152158539,0.075045627
10-03-2020,MAHARASHTRA,RATNAGIRI,0.232877236,0.066210821,0.112292433,0.031926582
10-03-2020,MAHARASHTRA,OSMANABAD,0.13241288,0.034356376,0.059077757,0.015328551
10-03-2020,MAHARASHTRA,BID,0.233450548,0.088225457,0.106950755,0.04041875
10-03-2020,MAHARASHTRA,LATUR,0.417673477,0.096653332,0.236171686,0.054652214
10-03-2020,MAHARASHTRA,YAVATMAL,0.210473777,0.097140922,0.100020416,0.046162879
10-03-2020,MAHARASHTRA,BHANDARA,0.576338953,0.075702062,0.20214793,0.02655211
10-03-2020,MAHARASHTRA,MUMBAI SUBURBAN,0.065791036,0.001018289,0.006316112,9.78E-05
10-03-2020,MAHARASHTRA,NANDURBAR,0.063678927,0.01278262,0.023845779,0.004786694
10-03-2020,MAHARASHTRA,NAGPUR,0.283375286,0.095714791,0.102805674,0.034724353
10-03-2020,MAHARASHTRA,CHANDRAPUR,0.585156311,0.225601007,0.247144815,0.095284146
10-03-2020,MAHARASHTRA,JALGAON,0.074483789,0.029854026,0.028238234,0.011318234
10-03-2020,MAHARASHTRA,HINGOLI,0.255016543,0.040846239,0.081773621,0.013097758
10-03-2020,MAHARASHTRA,AKOLA,0.158161982,0.029127802,0.086382184,0.015908521
10-03-2020,MAHARASHTRA,AURANGABAD,0.072011752,0.024851608,0.02926141,0.010098256
10-03-2020,MAHARASHTRA,DHULE,0.069011509,0.016878286,0.021996203,0.005379656
10-03-2020,MAHARASHTRA,KOLHAPUR,0.12860099,0.034062656,0.031045878,0.008223149
10-03-2020,MAHARASHTRA,RAIGARH,0.117508062,0.028810416,0.024535247,0.006015508
10-03-2020,MAHARASHTRA,AMRAVATI,0.162476566,0.067505905,0.084106065,0.034944461
10-03-2020,MAHARASHTRA,NANDED,0.448759483,0.162610002,0.210454441,0.076259106
10-03-2020,MAHARASHTRA,SOLAPUR,0.139727556,0.07152888,0.077875745,0.0398659
10-03-2020,MAHARASHTRA,AHMADNAGAR,0.067780646,0.039520148,0.03759686,0.021921206
10-03-2020,MAHARASHTRA,THANE,0.111993692,0.036418686,0.030909205,0.010051215
10-03-2020,MAHARASHTRA,SANGLI,0.056109659,0.016545459,0.025560652,0.007537253
10-03-2020,MAHARASHTRA,WARDHA,0.253949928,0.054570833,0.102831272,0.022097223
10-03-2020,MAHARASHTRA,BULDANA,0.082985571,0.027576058,0.039153806,0.013010787
10-03-2020,MAHARASHTRA,SINDHUDURG,0.203531925,0.035699553,0.091305987,0.016015094
09-03-2020,MAHARASHTRA,WASHIM,0.207043425,0.036682987,0.132160373,0.023415558
09-03-2020,MAHARASHTRA,SATARA,0.109378859,0.03948958,0.033495257,0.012092955
09-03-2020,MAHARASHTRA,PUNE,0.122334895,0.065605732,0.047323796,0.025378795
09-03-2020,MAHARASHTRA,PARBHANI,0.181746836,0.03937188,0.080768825,0.017496979
09-03-2020,MAHARASHTRA,JALNA,0.159976854,0.042428486,0.071961044,0.019085249
09-03-2020,MAHARASHTRA,GONDIYA,0.618525096,0.115195055,0.206255306,0.038413302
09-03-2020,MAHARASHTRA,MUMBAI,0.006670907,3.41E-05,0.000149396,7.63E-07
09-03-2020,MAHARASHTRA,NASHIK,0.097062376,0.051488161,0.047566337,0.025232261
09-03-2020,MAHARASHTRA,GARHCHIROLI,1.605042595,0.791617937,0.374289149,0.184601957
09-03-2020,MAHARASHTRA,RATNAGIRI,0.361576142,0.102802032,0.180105577,0.051206972
09-03-2020,MAHARASHTRA,OSMANABAD,0.148978787,0.038654632,0.066593125,0.017278519
09-03-2020,MAHARASHTRA,BID,0.269091221,0.101694754,0.123485035,0.046667372
09-03-2020,MAHARASHTRA,LATUR,0.531833422,0.123070952,0.304381585,0.070436588
09-03-2020,MAHARASHTRA,YAVATMAL,0.260524036,0.120240846,0.126028806,0.058166649
09-03-2020,MAHARASHTRA,BHANDARA,0.454853382,0.059744945,0.18620112,0.024457498
09-03-2020,MAHARASHTRA,MUMBAI SUBURBAN,0.137631842,0.002130214,0.01333047,0.000206324
09-03-2020,MAHARASHTRA,NANDURBAR,0.100694606,0.02021298,0.037848391,0.007597515
09-03-2020,MAHARASHTRA,NAGPUR,0.404833761,0.136739442,0.142901956,0.04826755
09-03-2020,MAHARASHTRA,CHANDRAPUR,1.938299666,0.747291533,0.695586716,0.268176315
09-03-2020,MAHARASHTRA,JALGAON,0.083584732,0.033501797,0.031555624,0.012647886
09-03-2020,MAHARASHTRA,HINGOLI,0.236918299,0.037947427,0.076139579,0.012195348
09-03-2020,MAHARASHTRA,AKOLA,0.145969089,0.026882306,0.081276405,0.014968218
09-03-2020,MAHARASHTRA,AURANGABAD,0.087445779,0.030177967,0.036699627,0.012665221
09-03-2020,MAHARASHTRA,DHULE,0.109065356,0.026674337,0.035184136,0.008605056
09-03-2020,MAHARASHTRA,KOLHAPUR,0.244715147,0.064817914,0.061374908,0.016256425
09-03-2020,MAHARASHTRA,RAIGARH,0.201882969,0.049497304,0.042293757,0.010369507
09-03-2020,MAHARASHTRA,AMRAVATI,0.232882197,0.096758098,0.119449485,0.049628976
09-03-2020,MAHARASHTRA,NANDED,0.569333016,0.20630036,0.274572487,0.099492567
09-03-2020,MAHARASHTRA,SOLAPUR,0.161829509,0.08284324,0.08973749,0.045938126
09-03-2020,MAHARASHTRA,AHMADNAGAR,0.103322212,0.060242994,0.05628661,0.032818441
09-03-2020,MAHARASHTRA,THANE,0.201368086,0.065481913,0.056339362,0.018320724
09-03-2020,MAHARASHTRA,SANGLI,0.091761701,0.027058433,0.041665113,0.012286092
09-03-2020,MAHARASHTRA,WARDHA,0.314398101,0.067560429,0.12895561,0.027711034
09-03-2020,MAHARASHTRA,BULDANA,0.077466972,0.02574223,0.037272559,0.01238565
09-03-2020,MAHARASHTRA,SINDHUDURG,0.337004498,0.059110677,0.153542625,0.026931417
08-03-2020,MAHARASHTRA,WASHIM,0.231139674,0.040952248,0.14770281,0.026169294
08-03-2020,MAHARASHTRA,SATARA,0.110924945,0.040047771,0.033553607,0.012114022
08-03-2020,MAHARASHTRA,PUNE,0.126850962,0.068027607,0.048936374,0.026243588
08-03-2020,MAHARASHTRA,PARBHANI,0.152295921,0.032991918,0.067817175,0.014691258
08-03-2020,MAHARASHTRA,JALNA,0.149228483,0.039577842,0.066795671,0.017715308
08-03-2020,MAHARASHTRA,GONDIYA,0.655892623,0.12215444,0.230472708,0.042923588
08-03-2020,MAHARASHTRA,MUMBAI,0.00628854,3.21E-05,0.000149026,0.000000761
08-03-2020,MAHARASHTRA,NASHIK,0.099972196,0.053031718,0.048642074,0.025802902
08-03-2020,MAHARASHTRA,GARHCHIROLI,0.609402839,0.30056163,0.137529858,0.067830662
08-03-2020,MAHARASHTRA,RATNAGIRI,0.36700062,0.1043443,0.1824474,0.051872791
08-03-2020,MAHARASHTRA,OSMANABAD,0.104067495,0.027001769,0.046457498,0.012054048
08-03-2020,MAHARASHTRA,BID,0.205684996,0.077732321,0.096104445,0.03631972
08-03-2020,MAHARASHTRA,LATUR,0.475135128,0.109950466,0.274108329,0.063431089
08-03-2020,MAHARASHTRA,YAVATMAL,0.240922105,0.111193877,0.115817229,0.053453653
08-03-2020,MAHARASHTRA,BHANDARA,0.486700734,0.063928091,0.200500422,0.02633571
08-03-2020,MAHARASHTRA,MUMBAI SUBURBAN,0.129232983,0.00200022,0.012386099,0.000191707
08-03-2020,MAHARASHTRA,NANDURBAR,0.100902,0.020254612,0.038013887,0.007630736
08-03-2020,MAHARASHTRA,NAGPUR,0.418315706,0.141293197,0.148221832,0.050064428
08-03-2020,MAHARASHTRA,CHANDRAPUR,0.477063347,0.183926875,0.211246439,0.081443895
08-03-2020,MAHARASHTRA,JALGAON,0.08894567,0.035650528,0.033529334,0.013438973
08-03-2020,MAHARASHTRA,HINGOLI,0.228210696,0.036552722,0.073527683,0.011776998
08-03-2020,MAHARASHTRA,AKOLA,0.171640225,0.031610014,0.095172413,0.017527368
08-03-2020,MAHARASHTRA,AURANGABAD,0.091510159,0.031580604,0.038265783,0.013205709
08-03-2020,MAHARASHTRA,DHULE,0.108346846,0.02649861,0.03483917,0.008520687
08-03-2020,MAHARASHTRA,KOLHAPUR,0.257119083,0.068103355,0.064406682,0.017059454
08-03-2020,MAHARASHTRA,RAIGARH,0.20634791,0.05059201,0.043052479,0.01055553
08-03-2020,MAHARASHTRA,AMRAVATI,0.250042648,0.103887937,0.128306411,0.053308859
08-03-2020,MAHARASHTRA,NANDED,0.539318832,0.195424587,0.256754078,0.093035987
08-03-2020,MAHARASHTRA,SOLAPUR,0.119243672,0.061042836,0.065844684,0.033706998
08-03-2020,MAHARASHTRA,AHMADNAGAR,0.105223675,0.06135166,0.056409706,0.032890213
08-03-2020,MAHARASHTRA,THANE,0.208160336,0.067690652,0.058811833,0.019124735
08-03-2020,MAHARASHTRA,SANGLI,0.085119701,0.025099858,0.038021855,0.011211778
08-03-2020,MAHARASHTRA,WARDHA,0.314656674,0.067615994,0.127568595,0.027412981
08-03-2020,MAHARASHTRA,BULDANA,0.08756172,0.029096709,0.042336545,0.01406841
08-03-2020,MAHARASHTRA,SINDHUDURG,0.346854609,0.060838389,0.156968056,0.027532238
07-03-2020,MAHARASHTRA,WASHIM,0.23485203,0.041609985,0.149649441,0.026514189
07-03-2020,MAHARASHTRA,SATARA,0.114551824,0.041357201,0.034497892,0.012454941
07-03-2020,MAHARASHTRA,PUNE,0.127835617,0.068555658,0.048847543,0.02619595
07-03-2020,MAHARASHTRA,PARBHANI,0.21145485,0.045807538,0.09478834,0.020534031
07-03-2020,MAHARASHTRA,JALNA,0.170007974,0.045088903,0.076657611,0.020330856
07-03-2020,MAHARASHTRA,GONDIYA,0.75956524,0.141462586,0.258388518,0.048122671
07-03-2020,MAHARASHTRA,MUMBAI,0.006294929,3.21E-05,0.00014934,7.63E-07
07-03-2020,MAHARASHTRA,NASHIK,0.094097516,0.049915407,0.045021593,0.023882364
07-03-2020,MAHARASHTRA,GARHCHIROLI,0.693820423,0.342196957,0.147588277,0.072791543
07-03-2020,MAHARASHTRA,RATNAGIRI,0.378627686,0.107650066,0.186634294,0.053063193
07-03-2020,MAHARASHTRA,OSMANABAD,0.144305662,0.037442125,0.063831441,0.016561961
07-03-2020,MAHARASHTRA,BID,0.282954362,0.106933902,0.129262027,0.048850609
07-03-2020,MAHARASHTRA,LATUR,0.495692852,0.114707705,0.282240634,0.065312976
07-03-2020,MAHARASHTRA,YAVATMAL,0.254144443,0.117296443,0.121470717,0.056062934
07-03-2020,MAHARASHTRA,BHANDARA,0.541013239,0.071062033,0.221535424,0.029098655
07-03-2020,MAHARASHTRA,MUMBAI SUBURBAN,0.119634582,0.001851659,0.011391723,0.000176317
07-03-2020,MAHARASHTRA,NANDURBAR,0.098450546,0.019762518,0.037054191,0.007438091
07-03-2020,MAHARASHTRA,NAGPUR,0.428988323,0.144898054,0.151906493,0.051308985
07-03-2020,MAHARASHTRA,CHANDRAPUR,0.476548194,0.183728263,0.200559716,0.077323739
07-03-2020,MAHARASHTRA,JALGAON,0.083769259,0.033575758,0.031659063,0.012689345
07-03-2020,MAHARASHTRA,HINGOLI,0.281087234,0.045022006,0.089207816,0.0142885
07-03-2020,MAHARASHTRA,AKOLA,0.163392178,0.030091018,0.09039277,0.016647128
07-03-2020,MAHARASHTRA,AURANGABAD,0.08695553,0.030008779,0.03613521,0.012470438
07-03-2020,MAHARASHTRA,DHULE,0.1032718,0.025257395,0.033016261,0.008074855
07-03-2020,MAHARASHTRA,KOLHAPUR,0.267439035,0.07083681,0.067069228,0.017764685
07-03-2020,MAHARASHTRA,RAIGARH,0.211363381,0.051821694,0.04401285,0.010790992
07-03-2020,MAHARASHTRA,AMRAVATI,0.237522988,0.098686258,0.121715672,0.050570533
07-03-2020,MAHARASHTRA,NANDED,0.595967718,0.215951564,0.281176554,0.10188558
07-03-2020,MAHARASHTRA,SOLAPUR,0.15256452,0.078100337,0.083270815,0.042627727
07-03-2020,MAHARASHTRA,AHMADNAGAR,0.103709313,0.060468697,0.056075475,0.032695337
07-03-2020,MAHARASHTRA,THANE,0.190316648,0.061888149,0.051175874,0.016641635
07-03-2020,MAHARASHTRA,SANGLI,0.093724327,0.027637166,0.042074441,0.012406793
07-03-2020,MAHARASHTRA,WARDHA,0.324738988,0.069782563,0.131873196,0.028337988
07-03-2020,MAHARASHTRA,BULDANA,0.08307577,0.027606031,0.039922981,0.013266384
07-03-2020,MAHARASHTRA,SINDHUDURG,0.362647952,0.063608545,0.16403457,0.028771706
06-03-2020,MAHARASHTRA,WASHIM,0.249240019,0.044159182,0.158824444,0.028139773
06-03-2020,MAHARASHTRA,SATARA,0.116403182,0.042025606,0.035011037,0.012640204
06-03-2020,MAHARASHTRA,PUNE,0.128501518,0.068912767,0.049549709,0.026572508
06-03-2020,MAHARASHTRA,PARBHANI,0.219392249,0.047527019,0.098225127,0.021278543
06-03-2020,MAHARASHTRA,JALNA,0.180839164,0.047961513,0.081626767,0.021648758
06-03-2020,MAHARASHTRA,GONDIYA,0.57561619,0.107203635,0.201425209,0.037513738
06-03-2020,MAHARASHTRA,MUMBAI,0.00611969,3.13E-05,0.00014648,0.000000748
06-03-2020,MAHARASHTRA,NASHIK,0.096148434,0.051003347,0.046793401,0.024822246
06-03-2020,MAHARASHTRA,GARHCHIROLI,0.543171286,0.267895777,0.123081807,0.060704785
06-03-2020,MAHARASHTRA,RATNAGIRI,0.388385009,0.110424233,0.189329332,0.053829437
06-03-2020,MAHARASHTRA,OSMANABAD,0.155061435,0.040232861,0.068378404,0.017741735
06-03-2020,MAHARASHTRA,BID,0.298541298,0.112824505,0.13657144,0.051612977
06-03-2020,MAHARASHTRA,LATUR,0.551986975,0.127734662,0.314666404,0.072816586
06-03-2020,MAHARASHTRA,YAVATMAL,0.272061707,0.12556588,0.130064884,0.060029439
06-03-2020,MAHARASHTRA,BHANDARA,0.438272208,0.057567009,0.176167871,0.023139632
06-03-2020,MAHARASHTRA,MUMBAI SUBURBAN,0.117639855,0.001820786,0.011207327,0.000173463
06-03-2020,MAHARASHTRA,NANDURBAR,0.105334048,0.021144281,0.039341926,0.007897321
06-03-2020,MAHARASHTRA,NAGPUR,0.44266753,0.149518437,0.15778925,0.053295985
06-03-2020,MAHARASHTRA,CHANDRAPUR,0.486348571,0.187506697,0.203441482,0.078434774
06-03-2020,MAHARASHTRA,JALGAON,0.086597854,0.034709494,0.032760453,0.013130796
06-03-2020,MAHARASHTRA,HINGOLI,0.293945813,0.047081577,0.093411559,0.014961817
06-03-2020,MAHARASHTRA,AKOLA,0.175090857,0.032245498,0.097039723,0.01787126
06-03-2020,MAHARASHTRA,AURANGABAD,0.092601081,0.031957086,0.038522195,0.013294198
06-03-2020,MAHARASHTRA,DHULE,0.111422593,0.027250852,0.035506425,0.008683879
06-03-2020,MAHARASHTRA,KOLHAPUR,0.268251192,0.071051927,0.06687617,0.017713549
06-03-2020,MAHARASHTRA,RAIGARH,0.212111536,0.052005126,0.043995418,0.010786718
06-03-2020,MAHARASHTRA,AMRAVATI,0.253140055,0.105174851,0.127892819,0.05313702
06-03-2020,MAHARASHTRA,NANDED,0.656155628,0.237760921,0.310318965,0.112445463
06-03-2020,MAHARASHTRA,SOLAPUR,0.168149073,0.086078331,0.091983306,0.047087797
06-03-2020,MAHARASHTRA,AHMADNAGAR,0.111360144,0.064929587,0.060254064,0.035131703
06-03-2020,MAHARASHTRA,THANE,0.188367907,0.061254448,0.050311597,0.016360585
06-03-2020,MAHARASHTRA,SANGLI,0.096384143,0.028421486,0.043255288,0.012754998
06-03-2020,MAHARASHTRA,WARDHA,0.352675001,0.075785682,0.142849378,0.03069664
06-03-2020,MAHARASHTRA,BULDANA,0.087959904,0.029229025,0.04237842,0.014082325
06-03-2020,MAHARASHTRA,SINDHUDURG,0.371946515,0.065239516,0.167815083,0.029434809
05-03-2020,MAHARASHTRA,WASHIM,0.26915261,0.047687202,0.171818076,0.030441924
05-03-2020,MAHARASHTRA,SATARA,0.122613983,0.044267921,0.03668149,0.013243296
05-03-2020,MAHARASHTRA,PUNE,0.139859564,0.075003858,0.0536767,0.028785729
05-03-2020,MAHARASHTRA,PARBHANI,0.229153739,0.049641654,0.102699855,0.022247905
05-03-2020,MAHARASHTRA,JALNA,0.181135644,0.048040144,0.081810591,0.021697511
05-03-2020,MAHARASHTRA,GONDIYA,0.735071019,0.136900745,0.258536697,0.048150268
05-03-2020,MAHARASHTRA,MUMBAI,0.006908569,3.53E-05,0.000160559,8.20E-07
05-03-2020,MAHARASHTRA,NASHIK,0.103996118,0.055166266,0.050458078,0.026766227
05-03-2020,MAHARASHTRA,GARHCHIROLI,0.609509834,0.3006144,0.138501187,0.068309729
05-03-2020,MAHARASHTRA,RATNAGIRI,0.400503166,0.113869624,0.195336059,0.055537248
05-03-2020,MAHARASHTRA,OSMANABAD,0.171361654,0.044462181,0.075499846,0.019589492
05-03-2020,MAHARASHTRA,BID,0.306464968,0.115819012,0.140044632,0.052925563
05-03-2020,MAHARASHTRA,LATUR,0.566374596,0.131064085,0.320455584,0.074156253
05-03-2020,MAHARASHTRA,YAVATMAL,0.292072931,0.134801752,0.139997098,0.064613499
05-03-2020,MAHARASHTRA,BHANDARA,0.53165168,0.069832393,0.218985992,0.028763787
05-03-2020,MAHARASHTRA,MUMBAI SUBURBAN,0.137336952,0.00212565,0.0131871,0.000204105
05-03-2020,MAHARASHTRA,NANDURBAR,0.115359206,0.023156686,0.042902381,0.00861203
05-03-2020,MAHARASHTRA,NAGPUR,0.471493775,0.159254988,0.169329475,0.057193891
05-03-2020,MAHARASHTRA,CHANDRAPUR,0.521683505,0.201129718,0.220433169,0.084985745
05-03-2020,MAHARASHTRA,JALGAON,0.08987789,0.036024173,0.034007931,0.013630801
05-03-2020,MAHARASHTRA,HINGOLI,0.305978102,0.0490088,0.097182912,0.015565878
05-03-2020,MAHARASHTRA,AKOLA,0.186174522,0.034286714,0.102990958,0.018967265
05-03-2020,MAHARASHTRA,AURANGABAD,0.092465999,0.031910469,0.038213515,0.013187671
05-03-2020,MAHARASHTRA,DHULE,0.121450961,0.02970351,0.038611671,0.009443335
05-03-2020,MAHARASHTRA,KOLHAPUR,0.285956475,0.075741541,0.071365565,0.018902659
05-03-2020,MAHARASHTRA,RAIGARH,0.223107122,0.054701004,0.04636557,0.011367827
05-03-2020,MAHARASHTRA,AMRAVATI,0.266074494,0.110548863,0.135357077,0.056238277
05-03-2020,MAHARASHTRA,NANDED,0.67165225,0.243376192,0.316345184,0.11462909
05-03-2020,MAHARASHTRA,SOLAPUR,0.184273115,0.094332499,0.100837835,0.05162058
05-03-2020,MAHARASHTRA,AHMADNAGAR,0.116570491,0.067967529,0.06290506,0.036677391
05-03-2020,MAHARASHTRA,THANE,0.20561838,0.066864045,0.055425709,0.018023618
05-03-2020,MAHARASHTRA,SANGLI,0.10027463,0.029568701,0.04471803,0.013186327
05-03-2020,MAHARASHTRA,WARDHA,0.385719301,0.08288651,0.158238979,0.034003683
05-03-2020,MAHARASHTRA,BULDANA,0.089908947,0.029876692,0.043386731,0.014417386
05-03-2020,MAHARASHTRA,SINDHUDURG,0.382846441,0.067151366,0.171411995,0.030065709
04-03-2020,MAHARASHTRA,WASHIM,0.276519245,0.048992388,0.176752246,0.031316137
04-03-2020,MAHARASHTRA,SATARA,0.124690823,0.045017733,0.037122669,0.013402577
04-03-2020,MAHARASHTRA,PUNE,0.139534177,0.074829359,0.05301852,0.028432761
04-03-2020,MAHARASHTRA,PARBHANI,0.23954139,0.051891934,0.107470877,0.023281453
04-03-2020,MAHARASHTRA,JALNA,0.191433124,0.050771205,0.086509449,0.022943725
04-03-2020,MAHARASHTRA,GONDIYA,0.763662093,0.142225591,0.26940075,0.050173606
04-03-2020,MAHARASHTRA,MUMBAI,0.006540257,3.34E-05,0.000160848,8.21E-07
04-03-2020,MAHARASHTRA,NASHIK,0.107643246,0.057100939,0.052279498,0.027732427
04-03-2020,MAHARASHTRA,GARHCHIROLI,0.731046087,0.360556908,0.152514041,0.075220964
04-03-2020,MAHARASHTRA,RATNAGIRI,0.402037154,0.114305762,0.195210084,0.055501431
04-03-2020,MAHARASHTRA,OSMANABAD,0.182069335,0.047240438,0.080865546,0.020981698
04-03-2020,MAHARASHTRA,BID,0.324000355,0.122445973,0.148335206,0.056058731
04-03-2020,MAHARASHTRA,LATUR,0.586885262,0.135810434,0.33160179,0.076735583
04-03-2020,MAHARASHTRA,YAVATMAL,0.291995728,0.13476612,0.139998256,0.064614033
04-03-2020,MAHARASHTRA,BHANDARA,0.556238892,0.073061921,0.22914085,0.030097627
04-03-2020,MAHARASHTRA,MUMBAI SUBURBAN,0.127752785,0.00197731,0.012140938,0.000187913
04-03-2020,MAHARASHTRA,NANDURBAR,0.117949828,0.023676716,0.043766864,0.008785563
04-03-2020,MAHARASHTRA,NAGPUR,0.495983953,0.16752696,0.177181105,0.059845912
04-03-2020,MAHARASHTRA,CHANDRAPUR,0.543999998,0.209733613,0.228963993,0.088274716
04-03-2020,MAHARASHTRA,JALGAON,0.094159112,0.03774014,0.035678521,0.014300394
04-03-2020,MAHARASHTRA,HINGOLI,0.303990038,0.04869037,0.096634664,0.015478065
04-03-2020,MAHARASHTRA,AKOLA,0.195430335,0.035991305,0.107957961,0.01988201
04-03-2020,MAHARASHTRA,AURANGABAD,0.100193617,0.034577308,0.041531311,0.014332659
04-03-2020,MAHARASHTRA,DHULE,0.128043999,0.031315983,0.040621329,0.009934842
04-03-2020,MAHARASHTRA,KOLHAPUR,0.297521119,0.078804678,0.074371479,0.019698838
04-03-2020,MAHARASHTRA,RAIGARH,0.228752765,0.056085192,0.047372723,0.011614759
04-03-2020,MAHARASHTRA,AMRAVATI,0.27332282,0.113560404,0.137941943,0.057312239
04-03-2020,MAHARASHTRA,NANDED,0.680721135,0.246662343,0.321423185,0.116469126
04-03-2020,MAHARASHTRA,SOLAPUR,0.196384345,0.10053244,0.107215139,0.054885228
04-03-2020,MAHARASHTRA,AHMADNAGAR,0.122426762,0.071382083,0.066417833,0.038725547
04-03-2020,MAHARASHTRA,THANE,0.207564699,0.067496959,0.055562515,0.018068105
04-03-2020,MAHARASHTRA,SANGLI,0.108031232,0.031855947,0.048236227,0.014223763
04-03-2020,MAHARASHTRA,WARDHA,0.393758331,0.084614003,0.160830792,0.034560633
04-03-2020,MAHARASHTRA,BULDANA,0.092023811,0.030579459,0.044375107,0.014745823
04-03-2020,MAHARASHTRA,SINDHUDURG,0.391958708,0.06874966,0.175135477,0.030718808
03-03-2020,MAHARASHTRA,WASHIM,0.299528561,0.053069071,0.19175146,0.033973628
03-03-2020,MAHARASHTRA,SATARA,0.128366417,0.04634475,0.03825931,0.013812944
03-03-2020,MAHARASHTRA,PUNE,0.151221179,0.081096862,0.058168583,0.031194636
03-03-2020,MAHARASHTRA,PARBHANI,0.249862717,0.054127847,0.111640077,0.024184629
03-03-2020,MAHARASHTRA,JALNA,0.204765557,0.054307185,0.092610193,0.024561742
03-03-2020,MAHARASHTRA,GONDIYA,0.777030993,0.144715435,0.276901305,0.05157052
03-03-2020,MAHARASHTRA,MUMBAI,0.007719736,3.94E-05,0.000171944,0.000000878
03-03-2020,MAHARASHTRA,NASHIK,0.11739667,0.062274785,0.05749134,0.030497125
03-03-2020,MAHARASHTRA,GARHCHIROLI,0.610410304,0.301058518,0.1405366,0.069313608
03-03-2020,MAHARASHTRA,RATNAGIRI,0.392569654,0.111613996,0.189974128,0.054012763
03-03-2020,MAHARASHTRA,OSMANABAD,0.194890427,0.05056705,0.087107304,0.02260121
03-03-2020,MAHARASHTRA,BID,0.354934104,0.134136433,0.162859226,0.061547638
03-03-2020,MAHARASHTRA,LATUR,0.597344867,0.138230879,0.335553598,0.077650067
03-03-2020,MAHARASHTRA,YAVATMAL,0.305379496,0.140943191,0.147339074,0.068002074
03-03-2020,MAHARASHTRA,BHANDARA,0.576762204,0.075757656,0.238394513,0.031313095
03-03-2020,MAHARASHTRA,MUMBAI SUBURBAN,0.148745285,0.002302224,0.014317885,0.000221607
03-03-2020,MAHARASHTRA,NANDURBAR,0.127004087,0.025494227,0.04682156,0.009398749
03-03-2020,MAHARASHTRA,NAGPUR,0.511676825,0.172827492,0.183925416,0.062123917
03-03-2020,MAHARASHTRA,CHANDRAPUR,0.560336609,0.216032026,0.235037843,0.090616427
03-03-2020,MAHARASHTRA,JALGAON,0.097342749,0.039016181,0.036910198,0.014794065
03-03-2020,MAHARASHTRA,HINGOLI,0.312919248,0.05012057,0.099853867,0.015993688
03-03-2020,MAHARASHTRA,AKOLA,0.214810239,0.039560393,0.118854972,0.021888851
03-03-2020,MAHARASHTRA,AURANGABAD,0.10532504,0.036348187,0.044047548,0.015201025
03-03-2020,MAHARASHTRA,DHULE,0.14071017,0.034413774,0.044912458,0.010984332
03-03-2020,MAHARASHTRA,KOLHAPUR,0.309272936,0.081917392,0.077301468,0.020474907
03-03-2020,MAHARASHTRA,RAIGARH,0.239925648,0.05882454,0.049627114,0.012167487
03-03-2020,MAHARASHTRA,AMRAVATI,0.291874394,0.121268228,0.146972668,0.061064332
03-03-2020,MAHARASHTRA,NANDED,0.680480386,0.246575106,0.320011105,0.115957453
03-03-2020,MAHARASHTRA,SOLAPUR,0.198523191,0.101627352,0.108897417,0.055746415
03-03-2020,MAHARASHTRA,AHMADNAGAR,0.13946577,0.081316838,0.075485837,0.044012732
03-03-2020,MAHARASHTRA,THANE,0.230935246,0.075096714,0.06405603,0.02083007
03-03-2020,MAHARASHTRA,SANGLI,0.107280507,0.031634575,0.047673254,0.014057755
03-03-2020,MAHARASHTRA,WARDHA,0.417846613,0.089790289,0.171526168,0.036858943
03-03-2020,MAHARASHTRA,BULDANA,0.098460241,0.032718281,0.047592425,0.015814936
03-03-2020,MAHARASHTRA,SINDHUDURG,0.391771949,0.068716902,0.173403877,0.030415085
02-03-2020,MAHARASHTRA,WASHIM,0.267739761,0.04743688,0.167839001,0.02973693
02-03-2020,MAHARASHTRA,SATARA,0.07010784,0.025311374,0.021393033,0.00772363
02-03-2020,MAHARASHTRA,PUNE,0.084671212,0.04540746,0.031812398,0.017060346
02-03-2020,MAHARASHTRA,PARBHANI,0.295787428,0.064076533,0.132468075,0.028696605
02-03-2020,MAHARASHTRA,JALNA,0.172152227,0.045657595,0.078247901,0.020752627
02-03-2020,MAHARASHTRA,GONDIYA,0.291122173,0.054219037,0.103203772,0.019220828
02-03-2020,MAHARASHTRA,MUMBAI,0.00494416,2.52E-05,9.15E-05,0.000000467
02-03-2020,MAHARASHTRA,NASHIK,0.070685925,0.037496386,0.034571019,0.018338704
02-03-2020,MAHARASHTRA,GARHCHIROLI,0.425126059,0.209675067,0.098406521,0.048534766
02-03-2020,MAHARASHTRA,RATNAGIRI,0.207674325,0.059045219,0.096605108,0.027466418
02-03-2020,MAHARASHTRA,OSMANABAD,0.198666217,0.051546732,0.089404703,0.023197302
02-03-2020,MAHARASHTRA,BID,0.337005107,0.127360719,0.156914057,0.059300844
02-03-2020,MAHARASHTRA,LATUR,0.409974982,0.094871832,0.231363421,0.05353954
02-03-2020,MAHARASHTRA,YAVATMAL,0.235759275,0.108811053,0.110141841,0.050834266
02-03-2020,MAHARASHTRA,BHANDARA,0.336611867,0.044213934,0.136380547,0.017913571
02-03-2020,MAHARASHTRA,MUMBAI SUBURBAN,0.093820155,0.001452113,0.009385683,0.000145268
02-03-2020,MAHARASHTRA,NANDURBAR,0.105931002,0.021264111,0.039223722,0.007873593
02-03-2020,MAHARASHTRA,NAGPUR,0.439504707,0.14845014,0.151292963,0.051101754
02-03-2020,MAHARASHTRA,CHANDRAPUR,0.384551541,0.148259898,0.159943259,0.061664481
02-03-2020,MAHARASHTRA,JALGAON,0.086319893,0.034598084,0.032918979,0.013194335
02-03-2020,MAHARASHTRA,HINGOLI,0.23353878,0.037406126,0.07830745,0.012542578
02-03-2020,MAHARASHTRA,AKOLA,0.186566384,0.034358881,0.100060471,0.018427574
02-03-2020,MAHARASHTRA,AURANGABAD,0.093390093,0.032229379,0.03839561,0.013250513
02-03-2020,MAHARASHTRA,DHULE,0.108769963,0.026602092,0.03458616,0.008458808
02-03-2020,MAHARASHTRA,KOLHAPUR,0.166234414,0.044030654,0.04693061,0.012430552
02-03-2020,MAHARASHTRA,RAIGARH,0.120221537,0.029475701,0.024891662,0.006102893
02-03-2020,MAHARASHTRA,AMRAVATI,0.250412405,0.104041565,0.114998108,0.047779514
02-03-2020,MAHARASHTRA,NANDED,0.522726257,0.189412193,0.247537861,0.089696449
02-03-2020,MAHARASHTRA,SOLAPUR,0.18476953,0.094586622,0.102263574,0.052350439
02-03-2020,MAHARASHTRA,AHMADNAGAR,0.143371946,0.083594371,0.087575256,0.051061583
02-03-2020,MAHARASHTRA,THANE,0.160551385,0.052208927,0.043595618,0.014176648
02-03-2020,MAHARASHTRA,SANGLI,0.073923921,0.021798478,0.032528121,0.009591801
02-03-2020,MAHARASHTRA,WARDHA,0.489152239,0.105113024,0.19430862,0.041754622
02-03-2020,MAHARASHTRA,BULDANA,0.077257753,0.025672707,0.037027907,0.012304352
02-03-2020,MAHARASHTRA,SINDHUDURG,0.20148314,0.035340195,0.084868903,0.014886028
01-03-2020,MAHARASHTRA,WASHIM,0.073828034,0.013080506,0.042706431,0.007566526
01-03-2020,MAHARASHTRA,SATARA,0.071343166,0.025757369,0.021142528,0.007633189
01-03-2020,MAHARASHTRA,PUNE,0.070059808,0.037571659,0.025452234,0.013649519
01-03-2020,MAHARASHTRA,PARBHANI,0.060170184,0.013034688,0.025041779,0.005424809
01-03-2020,MAHARASHTRA,JALNA,0.134049218,0.035552051,0.060950113,0.01616497
01-03-2020,MAHARASHTRA,GONDIYA,0.499782263,0.093080209,0.170250443,0.031707702
01-03-2020,MAHARASHTRA,MUMBAI,0.004893909,2.50E-05,0.000110466,5.64E-07
01-03-2020,MAHARASHTRA,NASHIK,0.06615627,0.035093564,0.033383721,0.017708884
01-03-2020,MAHARASHTRA,GARHCHIROLI,0.387127335,0.190933837,0.085474997,0.042156851
01-03-2020,MAHARASHTRA,RATNAGIRI,0.189038978,0.053746884,0.087783839,0.024958386
01-03-2020,MAHARASHTRA,OSMANABAD,0.067320447,0.017467233,0.032504269,0.008433688
01-03-2020,MAHARASHTRA,BID,0.060769363,0.022965912,0.028449625,0.010751661
01-03-2020,MAHARASHTRA,LATUR,0.073905566,0.017102401,0.036515963,0.008450116
01-03-2020,MAHARASHTRA,YAVATMAL,0.15394899,0.071052779,0.065411835,0.030189822
01-03-2020,MAHARASHTRA,BHANDARA,0.376734192,0.049483997,0.154139607,0.020246221
01-03-2020,MAHARASHTRA,MUMBAI SUBURBAN,0.087024538,0.001346933,0.008398643,0.000129991
01-03-2020,MAHARASHTRA,NANDURBAR,0.099273512,0.019927716,0.036427686,0.007312329
01-03-2020,MAHARASHTRA,NAGPUR,0.300803132,0.10160134,0.104577711,0.035322889
01-03-2020,MAHARASHTRA,CHANDRAPUR,0.371675406,0.143295636,0.153096523,0.059024792
01-03-2020,MAHARASHTRA,JALGAON,0.079452462,0.031845532,0.030786258,0.012339514
01-03-2020,MAHARASHTRA,HINGOLI,0.137358695,0.022000871,0.048552496,0.007776699
01-03-2020,MAHARASHTRA,AKOLA,0.086760166,0.015978132,0.042657785,0.007856044
01-03-2020,MAHARASHTRA,AURANGABAD,0.164870659,0.056897672,0.064189935,0.022152261
01-03-2020,MAHARASHTRA,DHULE,0.10917074,0.026700111,0.034459359,0.008427796
01-03-2020,MAHARASHTRA,KOLHAPUR,0.313001006,0.082904849,0.085996803,0.022778048
01-03-2020,MAHARASHTRA,RAIGARH,0.153887749,0.037729922,0.03208906,0.007867538
01-03-2020,MAHARASHTRA,AMRAVATI,0.117730393,0.048914726,0.055781471,0.023176134
01-03-2020,MAHARASHTRA,NANDED,0.187733342,0.068026015,0.07216566,0.026149549
01-03-2020,MAHARASHTRA,SOLAPUR,0.063442114,0.032477082,0.032729969,0.01675502
01-03-2020,MAHARASHTRA,AHMADNAGAR,0.082784323,0.048268183,0.042547099,0.024807489
01-03-2020,MAHARASHTRA,THANE,0.132386055,0.04304998,0.036899765,0.011999256
01-03-2020,MAHARASHTRA,SANGLI,0.061277723,0.018069403,0.02922364,0.008617385
01-03-2020,MAHARASHTRA,WARDHA,0.200184543,0.043017288,0.08318785,0.017876084
01-03-2020,MAHARASHTRA,BULDANA,0.082813883,0.027519006,0.039573325,0.013150193
01-03-2020,MAHARASHTRA,SINDHUDURG,0.246388398,0.043216589,0.106981345,0.018764556
30-04-2020,MAHARASHTRA,WASHIM,0.190497112,0.033751388,0.118595548,0.021012205
30-04-2020,MAHARASHTRA,SATARA,1.776896024,0.641521393,0.611214845,0.220669861
30-04-2020,MAHARASHTRA,PUNE,1.175950579,0.630638527,0.48265826,0.25883987
30-04-2020,MAHARASHTRA,PARBHANI,0.221682063,0.048023062,0.096538333,0.020913133
30-04-2020,MAHARASHTRA,JALNA,0.25175792,0.06677033,0.103976926,0.027576387
30-04-2020,MAHARASHTRA,GONDIYA,1.732782196,0.322715993,0.613413093,0.114242988
30-04-2020,MAHARASHTRA,MUMBAI,0.003077545,1.57E-05,3.87E-05,1.98E-07
30-04-2020,MAHARASHTRA,NASHIK,0.147888194,0.078449462,0.081055256,0.04299695
30-04-2020,MAHARASHTRA,GARHCHIROLI,1.819909675,0.897591844,0.405609672,0.200049452
30-04-2020,MAHARASHTRA,RATNAGIRI,1.971454258,0.560516804,0.710786392,0.202088238
30-04-2020,MAHARASHTRA,OSMANABAD,0.92463498,0.239909492,0.454521957,0.117932086
30-04-2020,MAHARASHTRA,BID,0.462667534,0.17485097,0.216307655,0.081746828
30-04-2020,MAHARASHTRA,LATUR,0.586565056,0.135736335,0.279590476,0.064699706
30-04-2020,MAHARASHTRA,YAVATMAL,0.404237662,0.186569651,0.188798647,0.0871371
30-04-2020,MAHARASHTRA,BHANDARA,2.077169304,0.272835973,0.878362991,0.115372888
30-04-2020,MAHARASHTRA,MUMBAI SUBURBAN,0.030366833,0.000470007,0.002921527,4.52E-05
30-04-2020,MAHARASHTRA,NANDURBAR,0.06581322,0.013211049,0.026022616,0.005223662
30-04-2020,MAHARASHTRA,NAGPUR,0.996993533,0.33675141,0.33686787,0.113782815
30-04-2020,MAHARASHTRA,CHANDRAPUR,1.632498531,0.629393045,0.675696376,0.260507799
30-04-2020,MAHARASHTRA,JALGAON,0.106119792,0.042534128,0.040079117,0.016064207
30-04-2020,MAHARASHTRA,HINGOLI,0.195956409,0.031386522,0.07053522,0.011297692
30-04-2020,MAHARASHTRA,AKOLA,0.252983685,0.046590582,0.146813009,0.027037726
30-04-2020,MAHARASHTRA,AURANGABAD,0.303545851,0.10475516,0.116057852,0.040052133
30-04-2020,MAHARASHTRA,DHULE,0.068757487,0.016816159,0.025349029,0.006199664
30-04-2020,MAHARASHTRA,KOLHAPUR,2.814038356,0.745356791,0.790607756,0.209408965
30-04-2020,MAHARASHTRA,RAIGARH,0.475602706,0.116607418,0.091086977,0.022332542
30-04-2020,MAHARASHTRA,AMRAVATI,0.269369391,0.111917829,0.12109074,0.050310886
30-04-2020,MAHARASHTRA,NANDED,0.375239546,0.135969725,0.16302709,0.059073594
30-04-2020,MAHARASHTRA,SOLAPUR,1.201951478,0.615299124,0.628301988,0.321638328
30-04-2020,MAHARASHTRA,AHMADNAGAR,0.660156375,0.384910427,0.356590419,0.207913421
30-04-2020,MAHARASHTRA,THANE,0.07971085,0.025920785,0.018041128,0.005866707
30-04-2020,MAHARASHTRA,SANGLI,2.610795276,0.769863982,1.253998462,0.369775546
30-04-2020,MAHARASHTRA,WARDHA,0.809623048,0.173978406,0.352217721,0.075687418
30-04-2020,MAHARASHTRA,BULDANA,0.225604383,0.074968207,0.112632466,0.037427704
30-04-2020,MAHARASHTRA,SINDHUDURG,0.648195758,0.113693705,0.220596044,0.038692604
29-04-2020,MAHARASHTRA,WASHIM,0.21509304,0.03810918,0.134713511,0.02386791
29-04-2020,MAHARASHTRA,SATARA,0.956554954,0.345349676,0.334538699,0.12078013
29-04-2020,MAHARASHTRA,PUNE,0.354196606,0.189948481,0.140666702,0.075436709
29-04-2020,MAHARASHTRA,PARBHANI,0.23864478,0.051697701,0.104898271,0.022724149
29-04-2020,MAHARASHTRA,JALNA,0.249165475,0.066082771,0.103021934,0.027323107
29-04-2020,MAHARASHTRA,GONDIYA,2.026426296,0.377404717,0.744482152,0.138653489
29-04-2020,MAHARASHTRA,MUMBAI,0.003174569,1.62E-05,0.000041795,2.13E-07
29-04-2020,MAHARASHTRA,NASHIK,0.065965607,0.034992424,0.037851391,0.020078826
29-04-2020,MAHARASHTRA,GARHCHIROLI,1.965759549,0.969525995,0.441899352,0.217947769
29-04-2020,MAHARASHTRA,RATNAGIRI,0.516833537,0.146944258,0.184416624,0.052432673
29-04-2020,MAHARASHTRA,OSMANABAD,0.819902359,0.212735148,0.39929431,0.1036025
29-04-2020,MAHARASHTRA,BID,0.386460576,0.146050893,0.177678705,0.067148204
29-04-2020,MAHARASHTRA,LATUR,0.543870141,0.125856355,0.262693363,0.060789565
29-04-2020,MAHARASHTRA,YAVATMAL,0.429117539,0.198052574,0.200274937,0.092433805
29-04-2020,MAHARASHTRA,BHANDARA,2.522916158,0.331384776,1.072077671,0.140817291
29-04-2020,MAHARASHTRA,MUMBAI SUBURBAN,0.033396459,0.000516898,0.003203799,4.96E-05
29-04-2020,MAHARASHTRA,NANDURBAR,0.073091729,0.014672104,0.028866232,0.005794477
29-04-2020,MAHARASHTRA,NAGPUR,1.137052934,0.384058839,0.386878171,0.130674638
29-04-2020,MAHARASHTRA,CHANDRAPUR,1.808120651,0.69710235,0.752069978,0.289952857
29-04-2020,MAHARASHTRA,JALGAON,0.102784185,0.041197176,0.038695811,0.015509761
29-04-2020,MAHARASHTRA,HINGOLI,0.206522242,0.033078862,0.075105382,0.0120297
29-04-2020,MAHARASHTRA,AKOLA,0.282973408,0.05211362,0.163013451,0.03002127
29-04-2020,MAHARASHTRA,AURANGABAD,0.323766982,0.111733571,0.125155585,0.043191805
29-04-2020,MAHARASHTRA,DHULE,0.073791412,0.018047317,0.027204298,0.006653411
29-04-2020,MAHARASHTRA,KOLHAPUR,0.944830154,0.250257986,0.295244149,0.078201575
29-04-2020,MAHARASHTRA,RAIGARH,0.266093779,0.065240395,0.052284462,0.012819011
29-04-2020,MAHARASHTRA,AMRAVATI,0.292707797,0.121614491,0.131445459,0.054613074
29-04-2020,MAHARASHTRA,NANDED,0.374202455,0.13559393,0.162261873,0.058796314
29-04-2020,MAHARASHTRA,SOLAPUR,0.9111618,0.46643901,0.480955574,0.246209226
29-04-2020,MAHARASHTRA,AHMADNAGAR,0.264306711,0.154106531,0.159571433,0.093039635
29-04-2020,MAHARASHTRA,THANE,0.050292099,0.016354244,0.016068466,0.005225227
29-04-2020,MAHARASHTRA,SANGLI,1.245114738,0.367155939,0.578840537,0.170686873
29-04-2020,MAHARASHTRA,WARDHA,0.948590687,0.203840907,0.415173062,0.089215775
29-04-2020,MAHARASHTRA,BULDANA,0.225912326,0.075070536,0.112169929,0.037274003
29-04-2020,MAHARASHTRA,SINDHUDURG,0.127628104,0.022386003,0.065694996,0.01152292
28-04-2020,MAHARASHTRA,WASHIM,0.196452921,0.034806611,0.121904921,0.021598544
28-04-2020,MAHARASHTRA,SATARA,1.368319008,0.494010851,0.481498951,0.173837902
28-04-2020,MAHARASHTRA,PUNE,0.513726187,0.275500971,0.206285827,0.110626919
28-04-2020,MAHARASHTRA,PARBHANI,0.193621899,0.041944379,0.083350886,0.018056331
28-04-2020,MAHARASHTRA,JALNA,0.246736449,0.065438554,0.102354725,0.027146152
28-04-2020,MAHARASHTRA,GONDIYA,1.952245152,0.363589108,0.714693947,0.133105688
28-04-2020,MAHARASHTRA,MUMBAI,0.003736426,1.91E-05,4.65E-05,2.37E-07
28-04-2020,MAHARASHTRA,NASHIK,0.068287134,0.036223912,0.039054157,0.02071685
28-04-2020,MAHARASHTRA,GARHCHIROLI,2.146088254,1.05846534,0.469093789,0.231360251
28-04-2020,MAHARASHTRA,RATNAGIRI,0.585819872,0.166558205,0.201988362,0.057428607
28-04-2020,MAHARASHTRA,OSMANABAD,0.986011434,0.255834473,0.485291417,0.125915653
28-04-2020,MAHARASHTRA,BID,0.443247613,0.167511808,0.206939168,0.078206296
28-04-2020,MAHARASHTRA,LATUR,0.608003208,0.140697313,0.288816036,0.066834582
28-04-2020,MAHARASHTRA,YAVATMAL,0.399411378,0.184342154,0.182912334,0.084420363
28-04-2020,MAHARASHTRA,BHANDARA,2.691346345,0.353508063,1.144135761,0.150282114
28-04-2020,MAHARASHTRA,MUMBAI SUBURBAN,0.042948845,0.000664746,0.004238924,6.56E-05
28-04-2020,MAHARASHTRA,NANDURBAR,0.068014041,0.013652831,0.026790896,0.005377884
28-04-2020,MAHARASHTRA,NAGPUR,1.854225391,0.626295953,0.640412546,0.216310157
28-04-2020,MAHARASHTRA,CHANDRAPUR,1.809748874,0.697730095,0.729269566,0.281162393
28-04-2020,MAHARASHTRA,JALGAON,0.099293947,0.039798245,0.037301064,0.014950729
28-04-2020,MAHARASHTRA,HINGOLI,0.185884555,0.029773304,0.0687885,0.011017919
28-04-2020,MAHARASHTRA,AKOLA,0.259131553,0.0477228,0.14729052,0.027125666
28-04-2020,MAHARASHTRA,AURANGABAD,0.323777399,0.111737166,0.125090941,0.043169496
28-04-2020,MAHARASHTRA,DHULE,0.070414573,0.017221436,0.02594223,0.006344744
28-04-2020,MAHARASHTRA,KOLHAPUR,1.29255522,0.342360227,0.4070462,0.107814682
28-04-2020,MAHARASHTRA,RAIGARH,0.347786926,0.085269774,0.06832909,0.016752804
28-04-2020,MAHARASHTRA,AMRAVATI,0.248121067,0.103089557,0.106845617,0.04439231
28-04-2020,MAHARASHTRA,NANDED,0.372282241,0.134898132,0.160784058,0.058260821
28-04-2020,MAHARASHTRA,SOLAPUR,1.231784705,0.630571254,0.65276124,0.334159429
28-04-2020,MAHARASHTRA,AHMADNAGAR,0.335835097,0.195811834,0.202021792,0.11779072
28-04-2020,MAHARASHTRA,THANE,0.056407773,0.018342971,0.018024018,0.005861143
28-04-2020,MAHARASHTRA,SANGLI,1.666558718,0.491430156,0.774121527,0.228270783
28-04-2020,MAHARASHTRA,WARDHA,0.954641703,0.205141198,0.416218424,0.089440411
28-04-2020,MAHARASHTRA,BULDANA,0.223328756,0.074212017,0.110779977,0.036812123
28-04-2020,MAHARASHTRA,SINDHUDURG,0.121038094,0.021230113,0.05718517,0.010030294
27-04-2020,MAHARASHTRA,WASHIM,0.202660063,0.035906363,0.126360722,0.022388002
27-04-2020,MAHARASHTRA,SATARA,1.435888662,0.518405851,0.499402024,0.180301536
27-04-2020,MAHARASHTRA,PUNE,0.519989878,0.278860062,0.205805546,0.110369354
27-04-2020,MAHARASHTRA,PARBHANI,0.217528443,0.047123262,0.093415432,0.020236618
27-04-2020,MAHARASHTRA,JALNA,0.249662331,0.066214546,0.103619747,0.027481657
27-04-2020,MAHARASHTRA,GONDIYA,2.751280826,0.512402728,1.069699626,0.199222486
27-04-2020,MAHARASHTRA,MUMBAI,0.002884373,1.47E-05,4.54E-05,2.32E-07
27-04-2020,MAHARASHTRA,NASHIK,0.066858616,0.035466134,0.038221037,0.02027491
27-04-2020,MAHARASHTRA,GARHCHIROLI,1.607882966,0.793018827,0.329570415,0.162546373
27-04-2020,MAHARASHTRA,RATNAGIRI,0.649236481,0.184588588,0.22166939,0.063024246
27-04-2020,MAHARASHTRA,OSMANABAD,1.064963026,0.276319569,0.518533916,0.134540885
27-04-2020,MAHARASHTRA,BID,0.449396417,0.169835559,0.207529044,0.078429222
27-04-2020,MAHARASHTRA,LATUR,0.668239889,0.154636613,0.315700732,0.073055938
27-04-2020,MAHARASHTRA,YAVATMAL,0.430184216,0.198544882,0.198631999,0.091675532
27-04-2020,MAHARASHTRA,BHANDARA,3.64953227,0.479365685,1.518485056,0.199452855
27-04-2020,MAHARASHTRA,MUMBAI SUBURBAN,0.035788437,0.00055392,0.003379208,5.23E-05
27-04-2020,MAHARASHTRA,NANDURBAR,0.065627706,0.013173809,0.025739148,0.00516676
27-04-2020,MAHARASHTRA,NAGPUR,0.868104218,0.293216866,0.282509415,0.095422328
27-04-2020,MAHARASHTRA,CHANDRAPUR,1.834354095,0.707216385,0.738596573,0.284758324
27-04-2020,MAHARASHTRA,JALGAON,0.097563064,0.039104486,0.036772408,0.014738837
27-04-2020,MAHARASHTRA,HINGOLI,0.197570392,0.031645035,0.072408364,0.011597716
27-04-2020,MAHARASHTRA,AKOLA,0.265008337,0.048805094,0.151063854,0.02782058
27-04-2020,MAHARASHTRA,AURANGABAD,0.31394558,0.108344157,0.120836865,0.041701394
27-04-2020,MAHARASHTRA,DHULE,0.068961983,0.016866173,0.025197952,0.006162715
27-04-2020,MAHARASHTRA,KOLHAPUR,1.35239406,0.358209793,0.423730573,0.112233886
27-04-2020,MAHARASHTRA,RAIGARH,0.36291959,0.088979973,0.071081608,0.017427661
27-04-2020,MAHARASHTRA,AMRAVATI,0.251255476,0.104391844,0.110117241,0.045751607
27-04-2020,MAHARASHTRA,NANDED,0.38751566,0.14041803,0.167597606,0.060729741
27-04-2020,MAHARASHTRA,SOLAPUR,1.269262634,0.649756834,0.674227326,0.345148278
27-04-2020,MAHARASHTRA,AHMADNAGAR,0.335315616,0.195508946,0.201151534,0.117283307
27-04-2020,MAHARASHTRA,THANE,0.05236675,0.01702889,0.016525428,0.005373824
27-04-2020,MAHARASHTRA,SANGLI,1.724098454,0.508397312,0.797429893,0.235143888
27-04-2020,MAHARASHTRA,WARDHA,0.955540913,0.205334428,0.417047424,0.089618553
27-04-2020,MAHARASHTRA,BULDANA,0.227666309,0.075653384,0.112770858,0.037473691
27-04-2020,MAHARASHTRA,SINDHUDURG,0.124708833,0.021873962,0.05857742,0.010274495
26-04-2020,MAHARASHTRA,WASHIM,0.219690646,0.038923762,0.1372301,0.024313788
26-04-2020,MAHARASHTRA,SATARA,1.540495156,0.556172441,0.529890603,0.191308975
26-04-2020,MAHARASHTRA,PUNE,0.550912457,0.295443216,0.217140348,0.11644798
26-04-2020,MAHARASHTRA,PARBHANI,0.222261633,0.048148615,0.095125891,0.020607155
26-04-2020,MAHARASHTRA,JALNA,0.260874094,0.069188089,0.108371991,0.02874203
26-04-2020,MAHARASHTRA,GONDIYA,0.967483428,0.180185586,0.368676177,0.068662812
26-04-2020,MAHARASHTRA,MUMBAI,0.003057696,1.56E-05,4.82E-05,0.000000246
26-04-2020,MAHARASHTRA,NASHIK,0.070062772,0.037165825,0.040097418,0.021270263
26-04-2020,MAHARASHTRA,GARHCHIROLI,1.808123481,0.891778813,0.37496282,0.184934216
26-04-2020,MAHARASHTRA,RATNAGIRI,0.698975152,0.198730109,0.236538878,0.067251886
26-04-2020,MAHARASHTRA,OSMANABAD,1.104318995,0.286531026,0.539660709,0.140022527
26-04-2020,MAHARASHTRA,BID,0.457996557,0.173085718,0.211764004,0.080029695
26-04-2020,MAHARASHTRA,LATUR,0.678126768,0.156924524,0.319901533,0.074028041
26-04-2020,MAHARASHTRA,YAVATMAL,0.467163201,0.215611962,0.21621969,0.099792859
26-04-2020,MAHARASHTRA,BHANDARA,1.239180359,0.162766212,0.518888284,0.068155922
26-04-2020,MAHARASHTRA,MUMBAI SUBURBAN,0.038857597,0.000601423,0.00367268,5.68E-05
26-04-2020,MAHARASHTRA,NANDURBAR,0.06771462,0.013592727,0.026494132,0.005318312
26-04-2020,MAHARASHTRA,NAGPUR,0.778576979,0.262977529,0.270624994,0.091408164
26-04-2020,MAHARASHTRA,CHANDRAPUR,2.017590882,0.777861447,0.816745877,0.314887986
26-04-2020,MAHARASHTRA,JALGAON,0.099441851,0.039857527,0.037407726,0.01499348
26-04-2020,MAHARASHTRA,HINGOLI,0.201884561,0.03233604,0.074130606,0.011873569
26-04-2020,MAHARASHTRA,AKOLA,0.28290235,0.052100534,0.161346577,0.029714291
26-04-2020,MAHARASHTRA,AURANGABAD,0.32822726,0.113272835,0.126475809,0.043647421
26-04-2020,MAHARASHTRA,DHULE,0.072490736,0.017729207,0.026429188,0.006463841
26-04-2020,MAHARASHTRA,KOLHAPUR,1.461946907,0.387227151,0.456950229,0.121032805
26-04-2020,MAHARASHTRA,RAIGARH,0.390475008,0.095735961,0.076244681,0.018693534
26-04-2020,MAHARASHTRA,AMRAVATI,0.277894167,0.115459711,0.122341228,0.05083044
26-04-2020,MAHARASHTRA,NANDED,0.396593362,0.143707376,0.17074218,0.061869191
26-04-2020,MAHARASHTRA,SOLAPUR,1.273979792,0.652171626,0.678258446,0.347211876
26-04-2020,MAHARASHTRA,AHMADNAGAR,0.354092562,0.206457022,0.21147957,0.123305167
26-04-2020,MAHARASHTRA,THANE,0.055731642,0.018123103,0.017512355,0.005694758
26-04-2020,MAHARASHTRA,SANGLI,1.791322013,0.528220007,0.823785529,0.242915564
26-04-2020,MAHARASHTRA,WARDHA,1.020007083,0.219187444,0.443015691,0.095198826
26-04-2020,MAHARASHTRA,BULDANA,0.239355644,0.079537743,0.118153177,0.039262233
26-04-2020,MAHARASHTRA,SINDHUDURG,0.130786166,0.022939928,0.060748197,0.01065525
25-04-2020,MAHARASHTRA,WASHIM,0.209099144,0.037047209,0.130531777,0.02312701
25-04-2020,MAHARASHTRA,SATARA,1.618543643,0.584350665,0.551467997,0.199099167
25-04-2020,MAHARASHTRA,PUNE,0.569819059,0.305582444,0.223137951,0.119664373
25-04-2020,MAHARASHTRA,PARBHANI,0.227446023,0.049271711,0.096915594,0.020994859
25-04-2020,MAHARASHTRA,JALNA,0.266895988,0.070785194,0.111119587,0.029470737
25-04-2020,MAHARASHTRA,GONDIYA,1.087856712,0.20260409,0.426131813,0.079363437
25-04-2020,MAHARASHTRA,MUMBAI,0.003599969,1.84E-05,5.07E-05,0.000000259
25-04-2020,MAHARASHTRA,NASHIK,0.069890772,0.037074585,0.039946352,0.021190128
25-04-2020,MAHARASHTRA,GARHCHIROLI,1.961042967,0.967199744,0.403329625,0.198924917
25-04-2020,MAHARASHTRA,RATNAGIRI,0.73645087,0.20938507,0.245932675,0.069922696
25-04-2020,MAHARASHTRA,OSMANABAD,1.141965057,0.296298824,0.556370739,0.144358179
25-04-2020,MAHARASHTRA,BID,0.473005579,0.178757916,0.218267421,0.082487461
25-04-2020,MAHARASHTRA,LATUR,0.697873746,0.161494149,0.329521868,0.076254271
25-04-2020,MAHARASHTRA,YAVATMAL,0.477493283,0.220379652,0.220832095,0.101921643
25-04-2020,MAHARASHTRA,BHANDARA,1.428246869,0.187600078,0.607978709,0.07985794
25-04-2020,MAHARASHTRA,MUMBAI SUBURBAN,0.044883384,0.000694688,0.004334664,6.71E-05
25-04-2020,MAHARASHTRA,NANDURBAR,0.069895524,0.014030512,0.027360885,0.0054923
25-04-2020,MAHARASHTRA,NAGPUR,0.828011741,0.279674955,0.289701429,0.097851552
25-04-2020,MAHARASHTRA,CHANDRAPUR,2.128083074,0.820460577,0.862146001,0.332391538
25-04-2020,MAHARASHTRA,JALGAON,0.099306455,0.039803259,0.037453522,0.015011836
25-04-2020,MAHARASHTRA,HINGOLI,0.195481159,0.031310401,0.071820245,0.011503516
25-04-2020,MAHARASHTRA,AKOLA,0.276167027,0.050860127,0.15635621,0.028795243
25-04-2020,MAHARASHTRA,AURANGABAD,0.332881849,0.114879156,0.128305973,0.04427902
25-04-2020,MAHARASHTRA,DHULE,0.073236527,0.017911607,0.026650102,0.00651787
25-04-2020,MAHARASHTRA,KOLHAPUR,1.487820806,0.394080393,0.462638285,0.122539406
25-04-2020,MAHARASHTRA,RAIGARH,0.410204381,0.100573174,0.079835105,0.019573828
25-04-2020,MAHARASHTRA,AMRAVATI,0.273517555,0.113641312,0.119218066,0.049532826
25-04-2020,MAHARASHTRA,NANDED,0.403427349,0.146183701,0.174377868,0.063186599
25-04-2020,MAHARASHTRA,SOLAPUR,1.319406611,0.675426377,0.702120302,0.35942716
25-04-2020,MAHARASHTRA,AHMADNAGAR,0.371737227,0.216744911,0.221427856,0.129105608
25-04-2020,MAHARASHTRA,THANE,0.058103939,0.018894539,0.01810376,0.005887074
25-04-2020,MAHARASHTRA,SANGLI,1.859513537,0.548328132,0.855682416,0.252321229
25-04-2020,MAHARASHTRA,WARDHA,1.049993666,0.225631206,0.454736402,0.097717468
25-04-2020,MAHARASHTRA,BULDANA,0.241110298,0.080120814,0.119220053,0.039616755
25-04-2020,MAHARASHTRA,SINDHUDURG,0.133653065,0.023442782,0.061064182,0.010710673
24-04-2020,MAHARASHTRA,WASHIM,0.220141883,0.03900371,0.137484049,0.024358781
24-04-2020,MAHARASHTRA,SATARA,1.761488747,0.635958829,0.59684883,0.215483229
24-04-2020,MAHARASHTRA,PUNE,0.620712733,0.332875693,0.242632314,0.130118806
24-04-2020,MAHARASHTRA,PARBHANI,0.250054097,0.054169306,0.106274434,0.023022267
24-04-2020,MAHARASHTRA,JALNA,0.286141459,0.075889409,0.119418774,0.031671818
24-04-2020,MAHARASHTRA,GONDIYA,1.145621432,0.213362279,0.448064479,0.083448211
24-04-2020,MAHARASHTRA,MUMBAI,0.00316841,1.62E-05,4.80E-05,2.45E-07
24-04-2020,MAHARASHTRA,NASHIK,0.074721336,0.039637029,0.042647712,0.022623104
24-04-2020,MAHARASHTRA,GARHCHIROLI,2.226316446,1.098034431,0.438230341,0.216138188
24-04-2020,MAHARASHTRA,RATNAGIRI,0.789031764,0.224334681,0.260709106,0.074123878
24-04-2020,MAHARASHTRA,OSMANABAD,1.240387638,0.321835941,0.600471969,0.15580086
24-04-2020,MAHARASHTRA,BID,0.507312096,0.19172301,0.233260594,0.08815367
24-04-2020,MAHARASHTRA,LATUR,0.777641609,0.179953138,0.367001593,0.084927411
24-04-2020,MAHARASHTRA,YAVATMAL,0.525965465,0.242751239,0.242996286,0.112151184
24-04-2020,MAHARASHTRA,BHANDARA,1.483348767,0.194837707,0.630876848,0.082865609
24-04-2020,MAHARASHTRA,MUMBAI SUBURBAN,0.041688562,0.00064524,0.003994254,6.18E-05
24-04-2020,MAHARASHTRA,NANDURBAR,0.07280714,0.014614977,0.028490471,0.005719049
24-04-2020,MAHARASHTRA,NAGPUR,0.896965911,0.30296539,0.317235818,0.107151757
24-04-2020,MAHARASHTRA,CHANDRAPUR,2.126445505,0.819829229,0.858060883,0.330816562
24-04-2020,MAHARASHTRA,JALGAON,0.10298515,0.041277725,0.038999035,0.015631297
24-04-2020,MAHARASHTRA,HINGOLI,0.203675701,0.032622928,0.07506261,0.012022849
24-04-2020,MAHARASHTRA,AKOLA,0.292115944,0.05379735,0.165376655,0.030456488
24-04-2020,MAHARASHTRA,AURANGABAD,0.361334084,0.124698162,0.139338111,0.048086264
24-04-2020,MAHARASHTRA,DHULE,0.076560311,0.018724512,0.027791283,0.006796971
24-04-2020,MAHARASHTRA,KOLHAPUR,1.639995706,0.434387092,0.510227781,0.135144477
24-04-2020,MAHARASHTRA,RAIGARH,0.437797684,0.10733845,0.084628909,0.020749164
24-04-2020,MAHARASHTRA,AMRAVATI,0.289669516,0.120352143,0.126138518,0.052408141
24-04-2020,MAHARASHTRA,NANDED,0.446383872,0.161749189,0.194098318,0.070332392
24-04-2020,MAHARASHTRA,SOLAPUR,1.426494554,0.730246491,0.758984939,0.388537122
24-04-2020,MAHARASHTRA,AHMADNAGAR,0.409497128,0.238761179,0.24355052,0.142004438
24-04-2020,MAHARASHTRA,THANE,0.057030256,0.018545393,0.01782194,0.00579543
24-04-2020,MAHARASHTRA,SANGLI,1.986570194,0.585794242,0.914222109,0.269583249
24-04-2020,MAHARASHTRA,WARDHA,1.143230981,0.245666801,0.49588027,0.106558798
24-04-2020,MAHARASHTRA,BULDANA,0.253450775,0.084221547,0.12561166,0.041740682
24-04-2020,MAHARASHTRA,SINDHUDURG,0.142437348,0.024983548,0.064313089,0.011280533
23-04-2020,MAHARASHTRA,WASHIM,0.236103894,0.041831785,0.147219316,0.026083631
23-04-2020,MAHARASHTRA,SATARA,1.912534587,0.690491642,0.641518373,0.231610491
23-04-2020,MAHARASHTRA,PUNE,0.662264651,0.355159147,0.257153843,0.137906408
23-04-2020,MAHARASHTRA,PARBHANI,0.279634567,0.060577333,0.118431543,0.025655866
23-04-2020,MAHARASHTRA,JALNA,0.298674284,0.079213319,0.124883895,0.033121257
23-04-2020,MAHARASHTRA,GONDIYA,1.216858968,0.226629666,0.472326713,0.087966846
23-04-2020,MAHARASHTRA,MUMBAI,0.003415599,0.000017442,5.28E-05,2.70E-07
23-04-2020,MAHARASHTRA,NASHIK,0.076761052,0.040719026,0.043775625,0.023221422
23-04-2020,MAHARASHTRA,GARHCHIROLI,2.20805374,1.08902714,0.452029442,0.222943999
23-04-2020,MAHARASHTRA,RATNAGIRI,0.841653104,0.239295792,0.276235941,0.078538412
23-04-2020,MAHARASHTRA,OSMANABAD,1.324079755,0.343551033,0.63851662,0.165672078
23-04-2020,MAHARASHTRA,BID,0.541456035,0.204626662,0.247429975,0.093508552
23-04-2020,MAHARASHTRA,LATUR,0.838523635,0.194041776,0.392924608,0.090926225
23-04-2020,MAHARASHTRA,YAVATMAL,0.569963087,0.263057662,0.2635837,0.121652987
23-04-2020,MAHARASHTRA,BHANDARA,1.55163527,0.203807132,0.659623135,0.08664143
23-04-2020,MAHARASHTRA,MUMBAI SUBURBAN,0.044368782,0.000686723,0.004247881,6.57E-05
23-04-2020,MAHARASHTRA,NANDURBAR,0.074664141,0.014987743,0.029208041,0.00586309
23-04-2020,MAHARASHTRA,NAGPUR,0.942792755,0.318444181,0.331789934,0.112067656
23-04-2020,MAHARASHTRA,CHANDRAPUR,2.34006669,0.902188683,0.939984279,0.362401286
23-04-2020,MAHARASHTRA,JALGAON,0.104826106,0.042015603,0.039766957,0.015939089
23-04-2020,MAHARASHTRA,HINGOLI,0.218611673,0.035015237,0.081515931,0.013056483
23-04-2020,MAHARASHTRA,AKOLA,0.308767972,0.05686406,0.1745942,0.032154031
23-04-2020,MAHARASHTRA,AURANGABAD,0.376690782,0.129997834,0.144929964,0.050016041
23-04-2020,MAHARASHTRA,DHULE,0.078114288,0.019104571,0.02823422,0.006905301
23-04-2020,MAHARASHTRA,KOLHAPUR,1.7474223,0.462841267,0.541137225,0.143331488
23-04-2020,MAHARASHTRA,RAIGARH,0.466658599,0.114414517,0.090106341,0.022092111
23-04-2020,MAHARASHTRA,AMRAVATI,0.308456241,0.128157668,0.134650456,0.055944689
23-04-2020,MAHARASHTRA,NANDED,0.484571613,0.175586688,0.211476098,0.076629308
23-04-2020,MAHARASHTRA,SOLAPUR,1.518846475,0.777522989,0.807241403,0.413240416
23-04-2020,MAHARASHTRA,AHMADNAGAR,0.435031232,0.25364908,0.257184227,0.1499537
23-04-2020,MAHARASHTRA,THANE,0.057428685,0.018674956,0.017781684,0.00578234
23-04-2020,MAHARASHTRA,SANGLI,2.110912821,0.622460047,0.971410696,0.286446859
23-04-2020,MAHARASHTRA,WARDHA,1.157841464,0.248806421,0.502463832,0.107973528
23-04-2020,MAHARASHTRA,BULDANA,0.264432376,0.087870727,0.131004377,0.043532679
23-04-2020,MAHARASHTRA,SINDHUDURG,0.152792179,0.026799788,0.068462709,0.012008377
22-04-2020,MAHARASHTRA,WASHIM,0.232380605,0.04117211,0.144819447,0.025658433
22-04-2020,MAHARASHTRA,SATARA,2.080812645,0.751245885,0.689811087,0.249045844
22-04-2020,MAHARASHTRA,PUNE,0.717681884,0.384878289,0.274610555,0.14726809
22-04-2020,MAHARASHTRA,PARBHANI,0.290187933,0.062863513,0.123398998,0.026731968
22-04-2020,MAHARASHTRA,JALNA,0.306872466,0.081387612,0.128741789,0.034144434
22-04-2020,MAHARASHTRA,GONDIYA,1.265790178,0.235742689,0.499500179,0.093027674
22-04-2020,MAHARASHTRA,MUMBAI,0.003828238,1.95E-05,5.63E-05,2.88E-07
22-04-2020,MAHARASHTRA,NASHIK,0.079861818,0.042363873,0.045529519,0.024151801
22-04-2020,MAHARASHTRA,GARHCHIROLI,2.169050711,1.06979058,0.437655776,0.215854809
22-04-2020,MAHARASHTRA,RATNAGIRI,0.895460469,0.254594109,0.289155709,0.082211714
22-04-2020,MAHARASHTRA,OSMANABAD,1.360475749,0.352994483,0.655236199,0.170010207
22-04-2020,MAHARASHTRA,BID,0.56242254,0.212550308,0.257475586,0.097304982
22-04-2020,MAHARASHTRA,LATUR,0.874459621,0.202357681,0.411741554,0.095280633
22-04-2020,MAHARASHTRA,YAVATMAL,0.588318442,0.271529293,0.271866826,0.125475936
22-04-2020,MAHARASHTRA,BHANDARA,1.603593818,0.210631882,0.683338057,0.089756383
22-04-2020,MAHARASHTRA,MUMBAI SUBURBAN,0.047547786,0.000735927,0.004596046,7.11E-05
22-04-2020,MAHARASHTRA,NANDURBAR,0.077224154,0.015501628,0.030128938,0.006047947
22-04-2020,MAHARASHTRA,NAGPUR,1.004704161,0.339355805,0.353360492,0.119353476
22-04-2020,MAHARASHTRA,CHANDRAPUR,2.39419129,0.923055866,0.95372923,0.367700511
22-04-2020,MAHARASHTRA,JALGAON,0.10493538,0.042059402,0.039811308,0.015956866
22-04-2020,MAHARASHTRA,HINGOLI,0.219896578,0.035221042,0.082391264,0.013196686
22-04-2020,MAHARASHTRA,AKOLA,0.317432535,0.058459764,0.17833676,0.032843277
22-04-2020,MAHARASHTRA,AURANGABAD,0.393055227,0.135645284,0.150842138,0.052056361
22-04-2020,MAHARASHTRA,DHULE,0.079655201,0.019481435,0.028651991,0.007007476
22-04-2020,MAHARASHTRA,KOLHAPUR,1.902679055,0.503964259,0.585303977,0.155029974
22-04-2020,MAHARASHTRA,RAIGARH,0.515452229,0.126377652,0.098582285,0.024170228
22-04-2020,MAHARASHTRA,AMRAVATI,0.304500919,0.126514307,0.132083575,0.054878199
22-04-2020,MAHARASHTRA,NANDED,0.49829967,0.18056111,0.218322446,0.079110113
22-04-2020,MAHARASHTRA,SOLAPUR,1.556544642,0.796821313,0.824625105,0.422139424
22-04-2020,MAHARASHTRA,AHMADNAGAR,0.459586045,0.267965997,0.270307175,0.157605158
22-04-2020,MAHARASHTRA,THANE,0.062752812,0.020406283,0.019671402,0.006396848
22-04-2020,MAHARASHTRA,SANGLI,2.22610638,0.656428,1.01637212,0.299704958
22-04-2020,MAHARASHTRA,WARDHA,1.181694013,0.253932051,0.512729346,0.110179465
22-04-2020,MAHARASHTRA,BULDANA,0.267506222,0.088892164,0.132453317,0.044014161
22-04-2020,MAHARASHTRA,SINDHUDURG,0.161267258,0.028286319,0.070968907,0.012447965
21-04-2020,MAHARASHTRA,WASHIM,0.242017004,0.042879442,0.151037342,0.026760091
21-04-2020,MAHARASHTRA,SATARA,2.098429297,0.757606111,0.694880468,0.250876067
21-04-2020,MAHARASHTRA,PUNE,0.757411869,0.406184677,0.291587189,0.156372316
21-04-2020,MAHARASHTRA,PARBHANI,0.309412039,0.067028037,0.132192655,0.028636941
21-04-2020,MAHARASHTRA,JALNA,0.322782665,0.085607258,0.135424305,0.035916747
21-04-2020,MAHARASHTRA,GONDIYA,1.293442165,0.240892637,0.502379469,0.093563917
21-04-2020,MAHARASHTRA,MUMBAI,0.003572951,1.82E-05,5.50E-05,2.81E-07
21-04-2020,MAHARASHTRA,NASHIK,0.085301154,0.045249249,0.048713924,0.025841016
21-04-2020,MAHARASHTRA,GARHCHIROLI,2.357661537,1.162814724,0.480485101,0.236978523
21-04-2020,MAHARASHTRA,RATNAGIRI,0.924157912,0.262753263,0.288059174,0.081899951
21-04-2020,MAHARASHTRA,OSMANABAD,1.343696628,0.348640905,0.645647416,0.167522263
21-04-2020,MAHARASHTRA,BID,0.582693185,0.220210975,0.266981532,0.100897462
21-04-2020,MAHARASHTRA,LATUR,0.907101683,0.209911342,0.430060026,0.099519689
21-04-2020,MAHARASHTRA,YAVATMAL,0.606212604,0.279788067,0.279482588,0.128990873
21-04-2020,MAHARASHTRA,BHANDARA,1.666386782,0.218879731,0.708992187,0.09312605
21-04-2020,MAHARASHTRA,MUMBAI SUBURBAN,0.045678306,0.000706992,0.004381358,0.000067813
21-04-2020,MAHARASHTRA,NANDURBAR,0.077458803,0.01554873,0.030209068,0.006064032
21-04-2020,MAHARASHTRA,NAGPUR,1.042252285,0.352038318,0.365597541,0.123486746
21-04-2020,MAHARASHTRA,CHANDRAPUR,2.528696588,0.974913003,1.004485327,0.387269003
21-04-2020,MAHARASHTRA,JALGAON,0.108251401,0.043388504,0.04115091,0.016493795
21-04-2020,MAHARASHTRA,HINGOLI,0.228253386,0.036559559,0.086041521,0.013781351
21-04-2020,MAHARASHTRA,AKOLA,0.332803302,0.061290511,0.186213708,0.034293931
21-04-2020,MAHARASHTRA,AURANGABAD,0.414856923,0.143169156,0.159061154,0.054892783
21-04-2020,MAHARASHTRA,DHULE,0.082192596,0.020102011,0.029485862,0.007211418
21-04-2020,MAHARASHTRA,KOLHAPUR,2.083927042,0.551971571,0.620564467,0.164369451
21-04-2020,MAHARASHTRA,RAIGARH,0.535513428,0.131296221,0.102390191,0.025103843
21-04-2020,MAHARASHTRA,AMRAVATI,0.309531843,0.12860456,0.133626796,0.055519378
21-04-2020,MAHARASHTRA,NANDED,0.521474151,0.188958487,0.229271508,0.083077555
21-04-2020,MAHARASHTRA,SOLAPUR,1.543648837,0.790219734,0.814273174,0.416840097
21-04-2020,MAHARASHTRA,AHMADNAGAR,0.496082743,0.289245742,0.289491803,0.168790938
21-04-2020,MAHARASHTRA,THANE,0.062094031,0.020192057,0.019373878,0.006300098
21-04-2020,MAHARASHTRA,SANGLI,2.254577378,0.664823448,1.030887818,0.303985306
21-04-2020,MAHARASHTRA,WARDHA,1.213271536,0.260717687,0.524500397,0.112708925
21-04-2020,MAHARASHTRA,BULDANA,0.281122882,0.093416972,0.139325919,0.046297923
21-04-2020,MAHARASHTRA,SINDHUDURG,0.344314381,0.060392832,0.104077922,0.018255295
20-04-2020,MAHARASHTRA,WASHIM,0.249637782,0.044229656,0.155365446,0.027526924
20-04-2020,MAHARASHTRA,SATARA,2.17188966,0.784127862,0.717406385,0.259008708
20-04-2020,MAHARASHTRA,PUNE,0.803658178,0.430985637,0.305564853,0.163868255
20-04-2020,MAHARASHTRA,PARBHANI,0.345896017,0.074931574,0.147483927,0.031949494
20-04-2020,MAHARASHTRA,JALNA,0.357494048,0.094813286,0.150358007,0.03987741
20-04-2020,MAHARASHTRA,GONDIYA,1.38182047,0.257352347,0.547377041,0.101944333
20-04-2020,MAHARASHTRA,MUMBAI,0.003846953,1.96E-05,5.19E-05,2.65E-07
20-04-2020,MAHARASHTRA,NASHIK,0.093128016,0.049401122,0.053100524,0.028167952
20-04-2020,MAHARASHTRA,GARHCHIROLI,2.805011591,1.383450816,0.561818802,0.277092859
20-04-2020,MAHARASHTRA,RATNAGIRI,0.97683894,0.277731344,0.319381789,0.090805485
20-04-2020,MAHARASHTRA,OSMANABAD,1.600876903,0.415369928,0.784289922,0.203495002
20-04-2020,MAHARASHTRA,BID,0.613393728,0.231813301,0.281260183,0.106293639
20-04-2020,MAHARASHTRA,LATUR,1.016040623,0.235120775,0.488581492,0.113062073
20-04-2020,MAHARASHTRA,YAVATMAL,0.6399774,0.295371687,0.294113014,0.13574332
20-04-2020,MAHARASHTRA,BHANDARA,1.761314456,0.231348471,0.749827782,0.098489801
20-04-2020,MAHARASHTRA,MUMBAI SUBURBAN,0.045642176,0.000706433,0.004481689,6.94E-05
20-04-2020,MAHARASHTRA,NANDURBAR,0.079422066,0.015942827,0.030963186,0.00621541
20-04-2020,MAHARASHTRA,NAGPUR,1.124385812,0.379780304,0.391338392,0.132181153
20-04-2020,MAHARASHTRA,CHANDRAPUR,2.656520181,1.024194077,1.065865589,0.410933533
20-04-2020,MAHARASHTRA,JALGAON,0.110728352,0.044381297,0.041916851,0.016800794
20-04-2020,MAHARASHTRA,HINGOLI,0.248471832,0.039797967,0.094865197,0.015194648
20-04-2020,MAHARASHTRA,AKOLA,0.355690542,0.065505525,0.200266674,0.036881986
20-04-2020,MAHARASHTRA,AURANGABAD,0.435073726,0.150146074,0.16794571,0.057958887
20-04-2020,MAHARASHTRA,DHULE,0.084846561,0.020751097,0.03043064,0.007442484
20-04-2020,MAHARASHTRA,KOLHAPUR,1.965948503,0.520722493,0.593307388,0.157149845
20-04-2020,MAHARASHTRA,RAIGARH,0.564335125,0.138362673,0.106584979,0.026132314
20-04-2020,MAHARASHTRA,AMRAVATI,0.325528783,0.135250983,0.138546815,0.057563552
20-04-2020,MAHARASHTRA,NANDED,0.564435838,0.204525846,0.253608781,0.091896274
20-04-2020,MAHARASHTRA,SOLAPUR,1.641885502,0.840508731,0.885337256,0.453218993
20-04-2020,MAHARASHTRA,AHMADNAGAR,0.509545267,0.297095194,0.293159214,0.170929257
20-04-2020,MAHARASHTRA,THANE,0.063729957,0.020724036,0.019850045,0.00645494
20-04-2020,MAHARASHTRA,SANGLI,2.251666339,0.663965049,1.028181993,0.30318742
20-04-2020,MAHARASHTRA,WARDHA,1.252422863,0.269130844,0.537216807,0.115441531
20-04-2020,MAHARASHTRA,BULDANA,0.303583911,0.100880759,0.150047201,0.049860599
20-04-2020,MAHARASHTRA,SINDHUDURG,0.14153209,0.024824766,0.065754722,0.011533395
19-04-2020,MAHARASHTRA,WASHIM,0.260445292,0.04614448,0.161394099,0.028595052
19-04-2020,MAHARASHTRA,SATARA,3.250827393,1.173661987,1.210006924,0.436854671
19-04-2020,MAHARASHTRA,PUNE,1.112386527,0.596550411,0.485720676,0.260482181
19-04-2020,MAHARASHTRA,PARBHANI,0.368797951,0.079892828,0.170085378,0.036845655
19-04-2020,MAHARASHTRA,JALNA,0.269988998,0.071605511,0.111605634,0.029599645
19-04-2020,MAHARASHTRA,GONDIYA,4.306677447,0.802082162,1.380329225,0.257074616
19-04-2020,MAHARASHTRA,MUMBAI,0.004238089,2.16E-05,5.23E-05,0.000000267
19-04-2020,MAHARASHTRA,NASHIK,0.106345634,0.056412602,0.061133624,0.032429228
19-04-2020,MAHARASHTRA,GARHCHIROLI,9.247006847,4.560686741,1.584496742,0.781484582
19-04-2020,MAHARASHTRA,RATNAGIRI,0.915136478,0.260188321,0.209368345,0.059526857
19-04-2020,MAHARASHTRA,OSMANABAD,3.425867277,0.888889235,1.702103643,0.441634624
19-04-2020,MAHARASHTRA,BID,0.977404972,0.36938016,0.396044051,0.149672673
19-04-2020,MAHARASHTRA,LATUR,3.362851798,0.778193612,1.535056172,0.355225558
19-04-2020,MAHARASHTRA,YAVATMAL,0.752238846,0.347184224,0.364797634,0.168366715
19-04-2020,MAHARASHTRA,BHANDARA,3.64464607,0.478723883,1.532645758,0.201312861
19-04-2020,MAHARASHTRA,MUMBAI SUBURBAN,0.049017202,0.00075867,0.004870711,0.000075387
19-04-2020,MAHARASHTRA,NANDURBAR,0.080301258,0.016119312,0.031263718,0.006275738
19-04-2020,MAHARASHTRA,NAGPUR,1.913325918,0.646258154,0.70222418,0.237188081
19-04-2020,MAHARASHTRA,CHANDRAPUR,4.276189365,1.648640899,1.708304074,0.658619094
19-04-2020,MAHARASHTRA,JALGAON,0.116973104,0.046884271,0.043027079,0.017245787
19-04-2020,MAHARASHTRA,HINGOLI,0.261591546,0.041899364,0.101865504,0.016315894
19-04-2020,MAHARASHTRA,AKOLA,0.385414553,0.070979629,0.215893457,0.039759883
19-04-2020,MAHARASHTRA,AURANGABAD,0.452513426,0.1561646,0.173319173,0.059813295
19-04-2020,MAHARASHTRA,DHULE,0.086366133,0.021122742,0.030533192,0.007467565
19-04-2020,MAHARASHTRA,KOLHAPUR,3.34474983,0.885926801,0.936661321,0.2480943
19-04-2020,MAHARASHTRA,RAIGARH,0.703617985,0.172511794,0.133266918,0.032674144
19-04-2020,MAHARASHTRA,AMRAVATI,0.324555369,0.134846548,0.136633104,0.056768441
19-04-2020,MAHARASHTRA,NANDED,0.714219996,0.258800804,0.337302003,0.122222887
19-04-2020,MAHARASHTRA,SOLAPUR,4.138403138,2.118517987,2.17044463,1.111087015
19-04-2020,MAHARASHTRA,AHMADNAGAR,0.617438776,0.360003526,0.388545268,0.226544999
19-04-2020,MAHARASHTRA,THANE,0.065721187,0.021371555,0.020273429,0.006592618
19-04-2020,MAHARASHTRA,SANGLI,4.385945181,1.293315203,2.124250796,0.626393111
19-04-2020,MAHARASHTRA,WARDHA,1.428021185,0.306864844,0.701450081,0.150733317
19-04-2020,MAHARASHTRA,BULDANA,0.334225168,0.111062831,0.163710386,0.054400867
19-04-2020,MAHARASHTRA,SINDHUDURG,0.335830731,0.058904798,0.128201282,0.022486538
18-04-2020,MAHARASHTRA,WASHIM,0.19424868,0.034416073,0.120150671,0.021287734
18-04-2020,MAHARASHTRA,SATARA,0.531397231,0.191852921,0.194311571,0.070153249
18-04-2020,MAHARASHTRA,PUNE,0.151959358,0.081492732,0.060514665,0.032452792
18-04-2020,MAHARASHTRA,PARBHANI,0.214988654,0.046573067,0.090108501,0.019520236
18-04-2020,MAHARASHTRA,JALNA,0.184634674,0.048968144,0.077415569,0.020531879
18-04-2020,MAHARASHTRA,GONDIYA,0.7992992,0.1488627,0.318024463,0.05922936
18-04-2020,MAHARASHTRA,MUMBAI,0.002171609,1.11E-05,3.34E-05,1.71E-07
18-04-2020,MAHARASHTRA,NASHIK,0.030625875,0.016245944,0.017729797,0.009405031
18-04-2020,MAHARASHTRA,GARHCHIROLI,0.681009686,0.335878614,0.150651764,0.074302476
18-04-2020,MAHARASHTRA,RATNAGIRI,0.264570109,0.075221625,0.111041413,0.031570896
18-04-2020,MAHARASHTRA,OSMANABAD,0.807411912,0.209494326,0.41467399,0.107592973
18-04-2020,MAHARASHTRA,BID,0.404652348,0.152925914,0.186419115,0.070451373
18-04-2020,MAHARASHTRA,LATUR,0.455484319,0.105403095,0.221257185,0.051200867
18-04-2020,MAHARASHTRA,YAVATMAL,0.442282293,0.204128563,0.197087578,0.090962728
18-04-2020,MAHARASHTRA,BHANDARA,1.047759547,0.137623108,0.429800465,0.056454247
18-04-2020,MAHARASHTRA,MUMBAI SUBURBAN,0.023593675,0.000365174,0.00226053,3.50E-05
18-04-2020,MAHARASHTRA,NANDURBAR,0.050807285,0.010198825,0.019430899,0.003900471
18-04-2020,MAHARASHTRA,NAGPUR,0.715259113,0.24159085,0.231718849,0.078266956
18-04-2020,MAHARASHTRA,CHANDRAPUR,0.988092254,0.380948822,0.408195541,0.157375599
18-04-2020,MAHARASHTRA,JALGAON,0.069295385,0.02777445,0.026268832,0.010528874
18-04-2020,MAHARASHTRA,HINGOLI,0.193434818,0.030982637,0.075300632,0.012060973
18-04-2020,MAHARASHTRA,AKOLA,0.237828879,0.043799606,0.136024102,0.025050793
18-04-2020,MAHARASHTRA,AURANGABAD,0.278954213,0.096268465,0.104637088,0.036110771
18-04-2020,MAHARASHTRA,DHULE,0.04736043,0.011583037,0.016545988,0.004046686
18-04-2020,MAHARASHTRA,KOLHAPUR,0.574358928,0.15213095,0.175178966,0.046399805
18-04-2020,MAHARASHTRA,RAIGARH,0.192924416,0.047300862,0.035078299,0.008600434
18-04-2020,MAHARASHTRA,AMRAVATI,0.235388312,0.097799341,0.104828776,0.043554351
18-04-2020,MAHARASHTRA,NANDED,0.405983777,0.147110034,0.17623289,0.063858775
18-04-2020,MAHARASHTRA,SOLAPUR,0.685200055,0.350765402,0.377697605,0.19334974
18-04-2020,MAHARASHTRA,AHMADNAGAR,0.37946382,0.221249974,0.203325237,0.118550705
18-04-2020,MAHARASHTRA,THANE,0.028815182,0.00937027,0.008692384,0.002826634
18-04-2020,MAHARASHTRA,SANGLI,0.765090883,0.225607852,0.366143053,0.107967236
18-04-2020,MAHARASHTRA,WARDHA,0.41269477,0.088683219,0.176309094,0.037886737
18-04-2020,MAHARASHTRA,BULDANA,0.169847628,0.056440269,0.082367429,0.027370649
18-04-2020,MAHARASHTRA,SINDHUDURG,0.109816284,0.019261805,0.054465222,0.009553214
17-04-2020,MAHARASHTRA,WASHIM,0.215988025,0.038267749,0.132830542,0.023534295
17-04-2020,MAHARASHTRA,SATARA,0.614382618,0.221813538,0.229591045,0.082890369
17-04-2020,MAHARASHTRA,PUNE,0.18764827,0.100631974,0.075127109,0.04028915
17-04-2020,MAHARASHTRA,PARBHANI,0.236105721,0.051147664,0.099389743,0.021530834
17-04-2020,MAHARASHTRA,JALNA,0.210881105,0.055929128,0.088184674,0.023388022
17-04-2020,MAHARASHTRA,GONDIYA,0.911454812,0.169750731,0.364001654,0.067792222
17-04-2020,MAHARASHTRA,MUMBAI,0.002432559,0.000012422,3.65E-05,1.87E-07
17-04-2020,MAHARASHTRA,NASHIK,0.035775063,0.018977407,0.020720216,0.010991342
17-04-2020,MAHARASHTRA,GARHCHIROLI,0.729588417,0.359837975,0.159018091,0.078428805
17-04-2020,MAHARASHTRA,RATNAGIRI,0.258304955,0.073440338,0.109617516,0.031166059
17-04-2020,MAHARASHTRA,OSMANABAD,0.912085488,0.236653351,0.464857046,0.12061367
17-04-2020,MAHARASHTRA,BID,0.449956383,0.170047181,0.205862037,0.077799228
17-04-2020,MAHARASHTRA,LATUR,0.543607619,0.125795605,0.263408025,0.060954944
17-04-2020,MAHARASHTRA,YAVATMAL,0.488869956,0.225630379,0.220314711,0.101682853
17-04-2020,MAHARASHTRA,BHANDARA,1.187341904,0.155957236,0.484519088,0.063641532
17-04-2020,MAHARASHTRA,MUMBAI SUBURBAN,0.025812961,0.000399523,0.002492664,3.86E-05
17-04-2020,MAHARASHTRA,NANDURBAR,0.057785625,0.011599626,0.022102783,0.004436813
17-04-2020,MAHARASHTRA,NAGPUR,0.805319239,0.272010179,0.259241129,0.087563071
17-04-2020,MAHARASHTRA,CHANDRAPUR,1.110790014,0.428253684,0.460749211,0.177637127
17-04-2020,MAHARASHTRA,JALGAON,0.081207759,0.032549077,0.03079393,0.012342589
17-04-2020,MAHARASHTRA,HINGOLI,0.208848721,0.033451496,0.081986724,0.013131891
17-04-2020,MAHARASHTRA,AKOLA,0.268622928,0.049470773,0.153611298,0.028289728
17-04-2020,MAHARASHTRA,AURANGABAD,0.341320315,0.117791312,0.12841088,0.044315224
17-04-2020,MAHARASHTRA,DHULE,0.055698703,0.013622346,0.019453955,0.004757894
17-04-2020,MAHARASHTRA,KOLHAPUR,0.709959664,0.188047635,0.217760463,0.057678404
17-04-2020,MAHARASHTRA,RAIGARH,0.211736297,0.051913125,0.038471928,0.009432478
17-04-2020,MAHARASHTRA,AMRAVATI,0.269562271,0.111997967,0.118851472,0.049380513
17-04-2020,MAHARASHTRA,NANDED,0.409149103,0.148257004,0.177855688,0.064446803
17-04-2020,MAHARASHTRA,SOLAPUR,0.575385537,0.294549508,0.327602827,0.167705383
17-04-2020,MAHARASHTRA,AHMADNAGAR,0.316623793,0.184610502,0.181381387,0.105756135
17-04-2020,MAHARASHTRA,THANE,0.033174114,0.01078773,0.00985331,0.00320415
17-04-2020,MAHARASHTRA,SANGLI,0.973199605,0.286974368,0.467434762,0.137835851
17-04-2020,MAHARASHTRA,WARDHA,0.450070932,0.096714914,0.195054796,0.041914966
17-04-2020,MAHARASHTRA,BULDANA,0.204989947,0.068118042,0.100115696,0.033268388
17-04-2020,MAHARASHTRA,SINDHUDURG,0.11935299,0.020934546,0.057781798,0.010134943
16-04-2020,MAHARASHTRA,WASHIM,0.263884894,0.046753893,0.161627691,0.028636439
16-04-2020,MAHARASHTRA,SATARA,0.614785269,0.221958909,0.22936451,0.082808582
16-04-2020,MAHARASHTRA,PUNE,0.196739155,0.105507233,0.078565723,0.042133209
16-04-2020,MAHARASHTRA,PARBHANI,0.26635309,0.057700162,0.111521852,0.024159018
16-04-2020,MAHARASHTRA,JALNA,0.224215216,0.059465553,0.094274552,0.025003158
16-04-2020,MAHARASHTRA,GONDIYA,0.811278707,0.151093781,0.31487823,0.058643401
16-04-2020,MAHARASHTRA,MUMBAI,0.002744518,1.40E-05,4.59E-05,2.34E-07
16-04-2020,MAHARASHTRA,NASHIK,0.047170818,0.025022452,0.027062286,0.014355586
16-04-2020,MAHARASHTRA,GARHCHIROLI,0.811733185,0.400352334,0.17814,0.087859861
16-04-2020,MAHARASHTRA,RATNAGIRI,0.297910568,0.084700864,0.122223117,0.034750038
16-04-2020,MAHARASHTRA,OSMANABAD,0.921175664,0.239011925,0.470046126,0.121960049
16-04-2020,MAHARASHTRA,BID,0.505761441,0.191136987,0.229900254,0.086883733
16-04-2020,MAHARASHTRA,LATUR,0.569305577,0.131742339,0.275699413,0.06379928
16-04-2020,MAHARASHTRA,YAVATMAL,0.517466595,0.238828716,0.232409063,0.107264815
16-04-2020,MAHARASHTRA,BHANDARA,1.055810443,0.138680592,0.431986843,0.056741427
16-04-2020,MAHARASHTRA,MUMBAI SUBURBAN,0.029788905,0.000461062,0.002814961,4.36E-05
16-04-2020,MAHARASHTRA,NANDURBAR,0.065058111,0.013059471,0.02511854,0.005042182
16-04-2020,MAHARASHTRA,NAGPUR,0.775111623,0.261807046,0.252955227,0.085439902
16-04-2020,MAHARASHTRA,CHANDRAPUR,1.235927487,0.476499151,0.506975095,0.195459042
16-04-2020,MAHARASHTRA,JALGAON,0.084280854,0.033780811,0.031905439,0.012788096
16-04-2020,MAHARASHTRA,HINGOLI,0.243735405,0.039039329,0.09710234,0.015552973
16-04-2020,MAHARASHTRA,AKOLA,0.313350299,0.057707961,0.180898204,0.033315004
16-04-2020,MAHARASHTRA,AURANGABAD,0.348824921,0.120381189,0.132044679,0.045569265
16-04-2020,MAHARASHTRA,DHULE,0.066198875,0.016190394,0.023381806,0.005718536
16-04-2020,MAHARASHTRA,KOLHAPUR,0.916941857,0.242871189,0.286272968,0.07582537
16-04-2020,MAHARASHTRA,RAIGARH,0.233984852,0.057367986,0.042587974,0.010441643
16-04-2020,MAHARASHTRA,AMRAVATI,0.277448125,0.115274389,0.124119757,0.051569385
16-04-2020,MAHARASHTRA,NANDED,0.452587603,0.163997139,0.201051523,0.072851917
16-04-2020,MAHARASHTRA,SOLAPUR,0.533808193,0.273265368,0.295212659,0.151124312
16-04-2020,MAHARASHTRA,AHMADNAGAR,0.314053578,0.183111913,0.182704391,0.106527526
16-04-2020,MAHARASHTRA,THANE,0.041335632,0.013441734,0.012024423,0.003910164
16-04-2020,MAHARASHTRA,SANGLI,0.922706522,0.272085109,0.4257631,0.125547828
16-04-2020,MAHARASHTRA,WARDHA,0.477592175,0.102628903,0.201107368,0.043215592
16-04-2020,MAHARASHTRA,BULDANA,0.223156703,0.074154844,0.10934669,0.036335842
16-04-2020,MAHARASHTRA,SINDHUDURG,0.133622831,0.02343748,0.064932593,0.011389194
15-04-2020,MAHARASHTRA,WASHIM,0.258388581,0.045780081,0.15769601,0.027939842
15-04-2020,MAHARASHTRA,SATARA,0.906693726,0.327348035,0.311176337,0.112345503
15-04-2020,MAHARASHTRA,PUNE,0.193447379,0.103741919,0.077691934,0.041664614
15-04-2020,MAHARASHTRA,PARBHANI,0.237990445,0.051555953,0.100794448,0.021835136
15-04-2020,MAHARASHTRA,JALNA,0.244744882,0.064910357,0.103058879,0.027332905
15-04-2020,MAHARASHTRA,GONDIYA,1.558345955,0.290228722,0.623295302,0.116083466
15-04-2020,MAHARASHTRA,MUMBAI,0.002674881,1.37E-05,4.26E-05,2.18E-07
15-04-2020,MAHARASHTRA,NASHIK,0.054905352,0.029125349,0.031271162,0.016588246
15-04-2020,MAHARASHTRA,GARHCHIROLI,0.879482547,0.433766781,0.18941608,0.0934213
15-04-2020,MAHARASHTRA,RATNAGIRI,0.363858617,0.103450977,0.138189443,0.039289527
15-04-2020,MAHARASHTRA,OSMANABAD,0.972156853,0.252239708,0.487134288,0.126393812
15-04-2020,MAHARASHTRA,BID,0.50681865,0.191536527,0.231718504,0.087570885
15-04-2020,MAHARASHTRA,LATUR,0.608784444,0.140878098,0.295373731,0.06835209
15-04-2020,MAHARASHTRA,YAVATMAL,0.520480591,0.24021978,0.230261349,0.10627357
15-04-2020,MAHARASHTRA,BHANDARA,1.818476226,0.238856664,0.752320115,0.098817169
15-04-2020,MAHARASHTRA,MUMBAI SUBURBAN,0.032916072,0.000509463,0.003205997,4.96E-05
15-04-2020,MAHARASHTRA,NANDURBAR,0.071983095,0.014449561,0.027768449,0.005574113
15-04-2020,MAHARASHTRA,NAGPUR,0.980706021,0.331250027,0.313635103,0.105935555
15-04-2020,MAHARASHTRA,CHANDRAPUR,1.248867585,0.481488073,0.506221506,0.195168503
15-04-2020,MAHARASHTRA,JALGAON,0.087378544,0.035022404,0.033123147,0.013276168
15-04-2020,MAHARASHTRA,HINGOLI,0.23026243,0.03688135,0.09131178,0.014625494
15-04-2020,MAHARASHTRA,AKOLA,0.333314715,0.061384695,0.192294401,0.035413778
15-04-2020,MAHARASHTRA,AURANGABAD,0.366859869,0.126605138,0.139474155,0.048133214
15-04-2020,MAHARASHTRA,DHULE,0.072495052,0.017730263,0.025575953,0.006255163
15-04-2020,MAHARASHTRA,KOLHAPUR,1.067900444,0.282855721,0.333846684,0.088426262
15-04-2020,MAHARASHTRA,RAIGARH,0.17988481,0.044103835,0.033605356,0.008239301
15-04-2020,MAHARASHTRA,AMRAVATI,0.2740327,0.113855345,0.124337379,0.051659802
15-04-2020,MAHARASHTRA,NANDED,0.482693748,0.174906235,0.21451513,0.077730515
15-04-2020,MAHARASHTRA,SOLAPUR,0.52968525,0.271154765,0.292589166,0.149781302
15-04-2020,MAHARASHTRA,AHMADNAGAR,0.343735314,0.200418131,0.197449174,0.115124611
15-04-2020,MAHARASHTRA,THANE,0.050353793,0.016374306,0.015099264,0.004910057
15-04-2020,MAHARASHTRA,SANGLI,1.167318174,0.344215506,0.516638787,0.152344995
15-04-2020,MAHARASHTRA,WARDHA,0.344537916,0.074037119,0.142793285,0.030684586
15-04-2020,MAHARASHTRA,BULDANA,0.243030248,0.080758812,0.119378224,0.039669315
15-04-2020,MAHARASHTRA,SINDHUDURG,0.1425763,0.02500792,0.068488433,0.012012889
14-04-2020,MAHARASHTRA,WASHIM,0.181652788,0.032184392,0.111597311,0.01977229
14-04-2020,MAHARASHTRA,SATARA,1.360085405,0.491038233,0.423866087,0.15303043
14-04-2020,MAHARASHTRA,PUNE,0.222721073,0.11944081,0.088925112,0.04768874
14-04-2020,MAHARASHTRA,PARBHANI,0.230459844,0.049924596,0.099146391,0.021478117
14-04-2020,MAHARASHTRA,JALNA,0.231254856,0.061332581,0.097337148,0.025815408
14-04-2020,MAHARASHTRA,GONDIYA,1.111620441,0.207029883,0.37247093,0.069369553
14-04-2020,MAHARASHTRA,MUMBAI,0.003349214,0.000017103,5.67E-05,2.90E-07
14-04-2020,MAHARASHTRA,NASHIK,0.06290543,0.033369108,0.03497449,0.018552731
14-04-2020,MAHARASHTRA,GARHCHIROLI,1.025039333,0.505556379,0.226776435,0.111847682
14-04-2020,MAHARASHTRA,RATNAGIRI,0.635988291,0.18082191,0.157711632,0.044840006
14-04-2020,MAHARASHTRA,OSMANABAD,1.337074724,0.346922759,0.688202088,0.178563668
14-04-2020,MAHARASHTRA,BID,0.450335404,0.170190421,0.209252296,0.079080472
14-04-2020,MAHARASHTRA,LATUR,0.607617135,0.140607972,0.293906658,0.068012597
14-04-2020,MAHARASHTRA,YAVATMAL,1.199456202,0.553590489,0.485183099,0.223928768
14-04-2020,MAHARASHTRA,BHANDARA,1.515117502,0.199010527,0.673835823,0.088508266
14-04-2020,MAHARASHTRA,MUMBAI SUBURBAN,0.049298495,0.000763024,0.004858281,7.52E-05
14-04-2020,MAHARASHTRA,NANDURBAR,0.071042299,0.01426071,0.027424884,0.005505147
14-04-2020,MAHARASHTRA,NAGPUR,0.770404833,0.260217248,0.26923482,0.090938609
14-04-2020,MAHARASHTRA,CHANDRAPUR,1.528612539,0.589340867,0.584880207,0.225494558
14-04-2020,MAHARASHTRA,JALGAON,0.088011952,0.035276282,0.033486657,0.013421868
14-04-2020,MAHARASHTRA,HINGOLI,0.214264828,0.034318999,0.070952577,0.011364541
14-04-2020,MAHARASHTRA,AKOLA,0.30827249,0.05677281,0.175343724,0.032292067
14-04-2020,MAHARASHTRA,AURANGABAD,0.375660706,0.129642349,0.142790263,0.049277619
14-04-2020,MAHARASHTRA,DHULE,0.07138837,0.0174596,0.025085372,0.006135181
14-04-2020,MAHARASHTRA,KOLHAPUR,1.393094596,0.368990179,0.393598016,0.104252649
14-04-2020,MAHARASHTRA,RAIGARH,0.225801369,0.055361574,0.04163366,0.010207666
14-04-2020,MAHARASHTRA,AMRAVATI,0.243868131,0.101322544,0.110517471,0.045917895
14-04-2020,MAHARASHTRA,NANDED,0.965796116,0.349960535,0.38335896,0.138911831
14-04-2020,MAHARASHTRA,SOLAPUR,0.568700796,0.291127477,0.310553134,0.158977359
14-04-2020,MAHARASHTRA,AHMADNAGAR,0.36678007,0.213854594,0.208910338,0.121807151
14-04-2020,MAHARASHTRA,THANE,0.068464306,0.022263576,0.020208803,0.006571603
14-04-2020,MAHARASHTRA,SANGLI,1.334629271,0.393551733,0.602028304,0.177524416
14-04-2020,MAHARASHTRA,WARDHA,0.503083873,0.108106767,0.22009255,0.047295283
14-04-2020,MAHARASHTRA,BULDANA,0.235453018,0.078240903,0.115714877,0.038451987
14-04-2020,MAHARASHTRA,SINDHUDURG,0.241024071,0.042275685,0.076382905,0.013397581
13-04-2020,MAHARASHTRA,WASHIM,0.210031233,0.037212353,0.128532778,0.022772837
13-04-2020,MAHARASHTRA,SATARA,1.25612855,0.453506185,0.49221181,0.177705618
13-04-2020,MAHARASHTRA,PUNE,0.22962224,0.123141766,0.091968617,0.049320911
13-04-2020,MAHARASHTRA,PARBHANI,0.256128102,0.055485119,0.109601468,0.023743004
13-04-2020,MAHARASHTRA,JALNA,0.235196783,0.062378045,0.09952168,0.026394782
13-04-2020,MAHARASHTRA,GONDIYA,0.589961227,0.109875277,0.206845757,0.038523269
13-04-2020,MAHARASHTRA,MUMBAI,0.003369658,1.72E-05,5.77E-05,2.95E-07
13-04-2020,MAHARASHTRA,NASHIK,0.057916605,0.030722713,0.032054549,0.017003806
13-04-2020,MAHARASHTRA,GARHCHIROLI,1.023275845,0.504686615,0.228021761,0.112461885
13-04-2020,MAHARASHTRA,RATNAGIRI,0.207708435,0.059054917,0.098674,0.028054638
13-04-2020,MAHARASHTRA,OSMANABAD,2.365414365,0.613739878,1.119505883,0.290471477
13-04-2020,MAHARASHTRA,BID,0.533351396,0.201563763,0.240726245,0.090975083
13-04-2020,MAHARASHTRA,LATUR,1.335609057,0.309071734,0.623118531,0.144195132
13-04-2020,MAHARASHTRA,YAVATMAL,0.343715718,0.158636682,0.154328736,0.071228045
13-04-2020,MAHARASHTRA,BHANDARA,0.723127906,0.094982775,0.302085896,0.039678951
13-04-2020,MAHARASHTRA,MUMBAI SUBURBAN,0.050712211,0.000784905,0.004996589,7.73E-05
13-04-2020,MAHARASHTRA,NANDURBAR,0.070047082,0.014060935,0.026880883,0.005395947
13-04-2020,MAHARASHTRA,NAGPUR,0.590914167,0.199591243,0.192593434,0.065051686
13-04-2020,MAHARASHTRA,CHANDRAPUR,1.367570035,0.527252584,0.536112974,0.206692852
13-04-2020,MAHARASHTRA,JALGAON,0.08547604,0.034259857,0.03261519,0.013072572
13-04-2020,MAHARASHTRA,HINGOLI,0.242480764,0.038838372,0.083157569,0.013319426
13-04-2020,MAHARASHTRA,AKOLA,0.295160126,0.054357979,0.168636761,0.031056883
13-04-2020,MAHARASHTRA,AURANGABAD,0.356446513,0.123011437,0.135188216,0.046654115
13-04-2020,MAHARASHTRA,DHULE,0.070422197,0.017223301,0.024584079,0.006012578
13-04-2020,MAHARASHTRA,KOLHAPUR,1.474495942,0.390551025,0.425880744,0.112803404
13-04-2020,MAHARASHTRA,RAIGARH,0.189988068,0.046580933,0.035993027,0.008824706
13-04-2020,MAHARASHTRA,AMRAVATI,0.268179363,0.111423396,0.124306837,0.051647113
13-04-2020,MAHARASHTRA,NANDED,0.854678822,0.309696687,0.352141431,0.12760002
13-04-2020,MAHARASHTRA,SOLAPUR,1.310181363,0.670703818,0.786242665,0.402490809
13-04-2020,MAHARASHTRA,AHMADNAGAR,0.369939343,0.215696638,0.220500528,0.128564921
13-04-2020,MAHARASHTRA,THANE,0.068973626,0.0224292,0.020359692,0.00662067
13-04-2020,MAHARASHTRA,SANGLI,0.528827519,0.155939174,0.254485493,0.075041968
13-04-2020,MAHARASHTRA,WARDHA,0.344239137,0.073972914,0.142638922,0.030651415
13-04-2020,MAHARASHTRA,BULDANA,0.223541485,0.074282707,0.109316128,0.036325687
13-04-2020,MAHARASHTRA,SINDHUDURG,0.440833863,0.077322375,0.099146791,0.017390373
12-04-2020,MAHARASHTRA,WASHIM,0.390399031,0.069169076,0.232584229,0.041208187
12-04-2020,MAHARASHTRA,SATARA,1.575589044,0.568842558,0.481447411,0.173819295
12-04-2020,MAHARASHTRA,PUNE,0.550367062,0.295150731,0.21156688,0.113459041
12-04-2020,MAHARASHTRA,PARBHANI,0.266508769,0.057733887,0.107603484,0.02331018
12-04-2020,MAHARASHTRA,JALNA,0.251228187,0.066629836,0.101699053,0.026972257
12-04-2020,MAHARASHTRA,GONDIYA,0.99625511,0.185544068,0.399900629,0.074478102
12-04-2020,MAHARASHTRA,MUMBAI,0.004138482,2.11E-05,5.46E-05,2.79E-07
12-04-2020,MAHARASHTRA,NASHIK,0.088806441,0.047108679,0.049948687,0.026496014
12-04-2020,MAHARASHTRA,GARHCHIROLI,1.463707889,0.721910697,0.281104858,0.13864283
12-04-2020,MAHARASHTRA,RATNAGIRI,0.684275197,0.19455067,0.249469035,0.070928141
12-04-2020,MAHARASHTRA,OSMANABAD,0.733075853,0.190206795,0.438516235,0.113779177
12-04-2020,MAHARASHTRA,BID,0.929285873,0.351195025,0.501631915,0.18957636
12-04-2020,MAHARASHTRA,LATUR,0.588424904,0.136166721,0.295349764,0.068346544
12-04-2020,MAHARASHTRA,YAVATMAL,0.538852566,0.248699081,0.237261446,0.109504357
12-04-2020,MAHARASHTRA,BHANDARA,1.359862589,0.17861781,0.580291075,0.076221173
12-04-2020,MAHARASHTRA,MUMBAI SUBURBAN,0.057898305,0.000896128,0.006004434,9.29E-05
12-04-2020,MAHARASHTRA,NANDURBAR,0.105883865,0.021254649,0.04092939,0.008215981
12-04-2020,MAHARASHTRA,NAGPUR,0.957936045,0.323559083,0.310560582,0.104897084
12-04-2020,MAHARASHTRA,CHANDRAPUR,1.526372553,0.588477264,0.633101549,0.244085801
12-04-2020,MAHARASHTRA,JALGAON,0.125557171,0.050324871,0.047728205,0.019130057
12-04-2020,MAHARASHTRA,HINGOLI,0.514836593,0.082461861,0.223080119,0.035730952
12-04-2020,MAHARASHTRA,AKOLA,0.454502274,0.083703126,0.25857266,0.047619872
12-04-2020,MAHARASHTRA,AURANGABAD,0.537333872,0.185436551,0.203454358,0.070213095
12-04-2020,MAHARASHTRA,DHULE,0.103774474,0.025380335,0.036320791,0.00888305
12-04-2020,MAHARASHTRA,KOLHAPUR,0.679192349,0.179898269,0.177520408,0.047019985
12-04-2020,MAHARASHTRA,RAIGARH,0.579426138,0.14206266,0.113138063,0.027738987
12-04-2020,MAHARASHTRA,AMRAVATI,0.447581814,0.185961682,0.201306598,0.083639041
12-04-2020,MAHARASHTRA,NANDED,0.690470886,0.250195208,0.29778126,0.107902369
12-04-2020,MAHARASHTRA,SOLAPUR,0.709955674,0.363438219,0.39369891,0.201541076
12-04-2020,MAHARASHTRA,AHMADNAGAR,0.938155232,0.547000294,0.589605039,0.343774802
12-04-2020,MAHARASHTRA,THANE,0.082703327,0.026893895,0.023721015,0.007713722
12-04-2020,MAHARASHTRA,SANGLI,1.006083752,0.296671152,0.464342427,0.136923991
12-04-2020,MAHARASHTRA,WARDHA,0.545893753,0.117306104,0.229307537,0.049275475
12-04-2020,MAHARASHTRA,BULDANA,0.339975124,0.112973538,0.16708812,0.055523286
12-04-2020,MAHARASHTRA,SINDHUDURG,0.22787869,0.039969982,0.088985483,0.015608077
11-04-2020,MAHARASHTRA,WASHIM,0.270944571,0.048004693,0.171992884,0.030472896
11-04-2020,MAHARASHTRA,SATARA,1.750425723,0.631964692,0.605704018,0.21868026
11-04-2020,MAHARASHTRA,PUNE,0.663266023,0.355696162,0.183540478,0.098429048
11-04-2020,MAHARASHTRA,PARBHANI,0.186075259,0.040309548,0.081641608,0.01768605
11-04-2020,MAHARASHTRA,JALNA,0.283108256,0.075084953,0.115681455,0.03068062
11-04-2020,MAHARASHTRA,GONDIYA,1.137568598,0.211862507,0.435766284,0.081157776
11-04-2020,MAHARASHTRA,MUMBAI,0.003911292,2.00E-05,6.02E-05,3.08E-07
11-04-2020,MAHARASHTRA,NASHIK,0.093666135,0.049686575,0.052574775,0.02788906
11-04-2020,MAHARASHTRA,GARHCHIROLI,1.220602927,0.602009675,0.277118717,0.136676838
11-04-2020,MAHARASHTRA,RATNAGIRI,0.251009549,0.071366135,0.09713064,0.027615835
11-04-2020,MAHARASHTRA,OSMANABAD,1.273511488,0.330430388,0.759842167,0.19715169
11-04-2020,MAHARASHTRA,BID,0.724406486,0.27376716,0.35263859,0.133268913
11-04-2020,MAHARASHTRA,LATUR,0.620676217,0.143629959,0.30901434,0.071508648
11-04-2020,MAHARASHTRA,YAVATMAL,0.517835635,0.238999041,0.23353738,0.107785572
11-04-2020,MAHARASHTRA,BHANDARA,1.439819716,0.18912017,0.604895761,0.079452996
11-04-2020,MAHARASHTRA,MUMBAI SUBURBAN,0.062043302,0.000960283,0.006312811,9.77E-05
11-04-2020,MAHARASHTRA,NANDURBAR,0.113353621,0.022754094,0.043714027,0.008774956
11-04-2020,MAHARASHTRA,NAGPUR,1.018542275,0.344029862,0.326439472,0.110260447
11-04-2020,MAHARASHTRA,CHANDRAPUR,1.909064869,0.736020356,0.756016301,0.291474322
11-04-2020,MAHARASHTRA,JALGAON,0.128477058,0.051495198,0.048870349,0.019587842
11-04-2020,MAHARASHTRA,HINGOLI,0.19717534,0.03158176,0.06888226,0.011032936
11-04-2020,MAHARASHTRA,AKOLA,0.464864974,0.085611566,0.264166882,0.048650128
11-04-2020,MAHARASHTRA,AURANGABAD,0.567043789,0.195689588,0.214653349,0.074077922
11-04-2020,MAHARASHTRA,DHULE,0.108326233,0.026493568,0.037708794,0.009222517
11-04-2020,MAHARASHTRA,KOLHAPUR,1.294886418,0.342977694,0.390310703,0.103381936
11-04-2020,MAHARASHTRA,RAIGARH,0.266673372,0.065382498,0.053194334,0.013042091
11-04-2020,MAHARASHTRA,AMRAVATI,0.435535237,0.18095656,0.198718849,0.082563881
11-04-2020,MAHARASHTRA,NANDED,0.708610339,0.25676812,0.314518925,0.113967337
11-04-2020,MAHARASHTRA,SOLAPUR,0.854434065,0.437399131,0.479644916,0.245538278
11-04-2020,MAHARASHTRA,AHMADNAGAR,0.454220056,0.264837306,0.27138318,0.158232533
11-04-2020,MAHARASHTRA,THANE,0.215693383,0.070140287,0.046755427,0.015204171
11-04-2020,MAHARASHTRA,SANGLI,1.414750108,0.41717754,0.671233971,0.197931589
11-04-2020,MAHARASHTRA,WARDHA,0.570477508,0.122588861,0.237134522,0.050957401
11-04-2020,MAHARASHTRA,BULDANA,0.322657778,0.107218994,0.160507227,0.053336459
11-04-2020,MAHARASHTRA,SINDHUDURG,0.15195613,0.026653145,0.078186089,0.01371386
10-04-2020,MAHARASHTRA,WASHIM,0.291631231,0.051669859,0.184422116,0.032675049
10-04-2020,MAHARASHTRA,SATARA,0.182978366,0.066061567,0.073765947,0.026632078
10-04-2020,MAHARASHTRA,PUNE,0.19944308,0.106957293,0.088244738,0.04732387
10-04-2020,MAHARASHTRA,PARBHANI,0.179430732,0.038870142,0.077499781,0.016788804
10-04-2020,MAHARASHTRA,JALNA,0.292583955,0.077598064,0.119663533,0.031736732
10-04-2020,MAHARASHTRA,GONDIYA,0.830969169,0.154760963,0.315722853,0.058800705
10-04-2020,MAHARASHTRA,MUMBAI,0.00438956,2.24E-05,6.64E-05,0.000000339
10-04-2020,MAHARASHTRA,NASHIK,0.09759962,0.05177315,0.054591406,0.028958812
10-04-2020,MAHARASHTRA,GARHCHIROLI,1.04184033,0.513842745,0.217902469,0.107470982
10-04-2020,MAHARASHTRA,RATNAGIRI,0.173329168,0.049280328,0.096126397,0.027330313
10-04-2020,MAHARASHTRA,OSMANABAD,0.249158571,0.06464768,0.116160987,0.030139595
10-04-2020,MAHARASHTRA,BID,0.479982847,0.18139476,0.223761594,0.084563815
10-04-2020,MAHARASHTRA,LATUR,0.420426432,0.09729039,0.215837973,0.049946814
10-04-2020,MAHARASHTRA,YAVATMAL,0.474197613,0.218858586,0.222623217,0.102748308
10-04-2020,MAHARASHTRA,BHANDARA,0.980311884,0.128763864,0.412597483,0.054194637
10-04-2020,MAHARASHTRA,MUMBAI SUBURBAN,0.065410174,0.001012394,0.006590314,0.000102002
10-04-2020,MAHARASHTRA,NANDURBAR,0.114942313,0.023073001,0.044201645,0.008872839
10-04-2020,MAHARASHTRA,NAGPUR,0.954384575,0.322359514,0.304872066,0.102975691
10-04-2020,MAHARASHTRA,CHANDRAPUR,1.531802686,0.590570796,0.626040888,0.241363636
10-04-2020,MAHARASHTRA,JALGAON,0.126418195,0.05066998,0.048007217,0.019241888
10-04-2020,MAHARASHTRA,HINGOLI,0.205312659,0.032885122,0.072392892,0.011595238
10-04-2020,MAHARASHTRA,AKOLA,0.508661845,0.09367739,0.289225818,0.053265091
10-04-2020,MAHARASHTRA,AURANGABAD,0.582828324,0.201136909,0.221139154,0.076316205
10-04-2020,MAHARASHTRA,DHULE,0.11285382,0.027600889,0.039069281,0.009555254
10-04-2020,MAHARASHTRA,KOLHAPUR,0.230133039,0.060955539,0.073052893,0.019349583
10-04-2020,MAHARASHTRA,RAIGARH,0.074926812,0.018370421,0.016694048,0.004093017
10-04-2020,MAHARASHTRA,AMRAVATI,0.432682243,0.179771195,0.197957579,0.082247588
10-04-2020,MAHARASHTRA,NANDED,0.572859356,0.207578145,0.265727729,0.096287629
10-04-2020,MAHARASHTRA,SOLAPUR,0.339806055,0.17395242,0.173969207,0.089057756
10-04-2020,MAHARASHTRA,AHMADNAGAR,0.308616997,0.179942063,0.178623677,0.104148227
10-04-2020,MAHARASHTRA,THANE,0.076149943,0.024762831,0.023702038,0.007707551
10-04-2020,MAHARASHTRA,SANGLI,0.560075776,0.165153573,0.27913898,0.082311719
10-04-2020,MAHARASHTRA,WARDHA,0.453740924,0.097503552,0.190726241,0.040984811
10-04-2020,MAHARASHTRA,BULDANA,0.341662654,0.113534304,0.169987852,0.056486865
10-04-2020,MAHARASHTRA,SINDHUDURG,0.148091403,0.025975271,0.078599288,0.013786336
09-04-2020,MAHARASHTRA,WASHIM,0.290375174,0.051447317,0.182853293,0.032397092
09-04-2020,MAHARASHTRA,SATARA,0.219498518,0.079246615,0.088845105,0.032076179
09-04-2020,MAHARASHTRA,PUNE,0.212697305,0.114065265,0.092271951,0.049483582
09-04-2020,MAHARASHTRA,PARBHANI,0.184713548,0.04001456,0.080305719,0.017396656
09-04-2020,MAHARASHTRA,JALNA,0.282947922,0.07504243,0.11591828,0.030743429
09-04-2020,MAHARASHTRA,GONDIYA,1.020306159,0.190023372,0.403271472,0.075105893
09-04-2020,MAHARASHTRA,MUMBAI,0.00401013,0.000020478,7.02E-05,3.59E-07
09-04-2020,MAHARASHTRA,NASHIK,0.101468151,0.053825269,0.056409695,0.02992335
09-04-2020,MAHARASHTRA,GARHCHIROLI,1.075226562,0.530309062,0.21332044,0.105211094
09-04-2020,MAHARASHTRA,RATNAGIRI,0.188866814,0.053697935,0.104092708,0.029595265
09-04-2020,MAHARASHTRA,OSMANABAD,0.326638137,0.084750838,0.151874174,0.039405881
09-04-2020,MAHARASHTRA,BID,0.538723218,0.203593878,0.247158648,0.093406012
09-04-2020,MAHARASHTRA,LATUR,0.539079587,0.124747778,0.2776129,0.064242077
09-04-2020,MAHARASHTRA,YAVATMAL,0.526075968,0.24280224,0.245566977,0.113337647
09-04-2020,MAHARASHTRA,BHANDARA,1.215330389,0.159633521,0.518565262,0.068113493
09-04-2020,MAHARASHTRA,MUMBAI SUBURBAN,0.064980619,0.001005746,0.006428089,9.95E-05
09-04-2020,MAHARASHTRA,NANDURBAR,0.115481258,0.023181186,0.044256532,0.008883856
09-04-2020,MAHARASHTRA,NAGPUR,1.051019693,0.354999658,0.335092475,0.113183145
09-04-2020,MAHARASHTRA,CHANDRAPUR,1.58936761,0.612764361,0.650192185,0.25067492
09-04-2020,MAHARASHTRA,JALGAON,0.126541952,0.050719584,0.047782488,0.019151814
09-04-2020,MAHARASHTRA,HINGOLI,0.210748784,0.033755831,0.073798096,0.01182031
09-04-2020,MAHARASHTRA,AKOLA,0.504416795,0.092895602,0.287312815,0.052912784
09-04-2020,MAHARASHTRA,AURANGABAD,0.591291844,0.204057711,0.223610419,0.077169051
09-04-2020,MAHARASHTRA,DHULE,0.114552604,0.028016365,0.039341286,0.009621779
09-04-2020,MAHARASHTRA,KOLHAPUR,0.302090669,0.080015019,0.097063682,0.025709342
09-04-2020,MAHARASHTRA,RAIGARH,0.080900159,0.019834956,0.017924909,0.004394797
09-04-2020,MAHARASHTRA,AMRAVATI,0.468400418,0.194611414,0.213372015,0.088651991
09-04-2020,MAHARASHTRA,NANDED,0.621712576,0.225280328,0.28587652,0.103588634
09-04-2020,MAHARASHTRA,SOLAPUR,0.407971549,0.208847479,0.207263859,0.106101846
09-04-2020,MAHARASHTRA,AHMADNAGAR,0.314183307,0.183187553,0.180154128,0.105040571
09-04-2020,MAHARASHTRA,THANE,0.080623227,0.026217477,0.024562427,0.007987337
09-04-2020,MAHARASHTRA,SANGLI,0.686184882,0.202340272,0.340663317,0.100453843
09-04-2020,MAHARASHTRA,WARDHA,0.565563168,0.121532828,0.238098148,0.051164473
09-04-2020,MAHARASHTRA,BULDANA,0.331102194,0.110025069,0.164360816,0.054617005
09-04-2020,MAHARASHTRA,SINDHUDURG,0.157787915,0.027676041,0.08330005,0.014610851
08-04-2020,MAHARASHTRA,WASHIM,0.298499935,0.052886824,0.187872847,0.033286433
08-04-2020,MAHARASHTRA,SATARA,0.221965345,0.080137226,0.089631418,0.032360066
08-04-2020,MAHARASHTRA,PUNE,0.216366724,0.116033101,0.092998547,0.049873241
08-04-2020,MAHARASHTRA,PARBHANI,0.18733982,0.04058349,0.081461957,0.017647132
08-04-2020,MAHARASHTRA,JALNA,0.284944893,0.07557206,0.117006518,0.031032048
08-04-2020,MAHARASHTRA,GONDIYA,1.026020861,0.191087687,0.409463663,0.076259136
08-04-2020,MAHARASHTRA,MUMBAI,0.004408626,0.000022513,7.45E-05,3.81E-07
08-04-2020,MAHARASHTRA,NASHIK,0.104106352,0.055224741,0.057852231,0.030688564
08-04-2020,MAHARASHTRA,GARHCHIROLI,0.853187787,0.420798026,0.198527934,0.097915329
08-04-2020,MAHARASHTRA,RATNAGIRI,0.202860113,0.05767646,0.110858174,0.031518799
08-04-2020,MAHARASHTRA,OSMANABAD,0.341147443,0.088515481,0.158247755,0.041059596
08-04-2020,MAHARASHTRA,BID,0.552997205,0.208988292,0.253401414,0.095765274
08-04-2020,MAHARASHTRA,LATUR,0.560506244,0.129706096,0.289236151,0.0669318
08-04-2020,MAHARASHTRA,YAVATMAL,0.540307618,0.249370638,0.252144281,0.116373299
08-04-2020,MAHARASHTRA,BHANDARA,1.245894462,0.163648108,0.531140297,0.069765223
08-04-2020,MAHARASHTRA,MUMBAI SUBURBAN,0.066894793,0.001035373,0.006597197,0.000102109
08-04-2020,MAHARASHTRA,NANDURBAR,0.122761198,0.024642529,0.046922662,0.009419043
08-04-2020,MAHARASHTRA,NAGPUR,1.085504365,0.366647439,0.344452467,0.11634464
08-04-2020,MAHARASHTRA,CHANDRAPUR,1.638728779,0.631795053,0.667976745,0.257531575
08-04-2020,MAHARASHTRA,JALGAON,0.126360836,0.05064699,0.047639548,0.019094522
08-04-2020,MAHARASHTRA,HINGOLI,0.217429933,0.034825957,0.076363512,0.012231216
08-04-2020,MAHARASHTRA,AKOLA,0.520101189,0.095784109,0.296643602,0.054631183
08-04-2020,MAHARASHTRA,AURANGABAD,0.602411833,0.207895274,0.227332158,0.078453441
08-04-2020,MAHARASHTRA,DHULE,0.120504057,0.029471924,0.041119154,0.010056596
08-04-2020,MAHARASHTRA,KOLHAPUR,0.309241416,0.081909043,0.09862915,0.026123989
08-04-2020,MAHARASHTRA,RAIGARH,0.083860464,0.020560758,0.018586714,0.004557057
08-04-2020,MAHARASHTRA,AMRAVATI,0.488102654,0.202797316,0.223572919,0.092890271
08-04-2020,MAHARASHTRA,NANDED,0.629167699,0.227981725,0.287919336,0.104328857
08-04-2020,MAHARASHTRA,SOLAPUR,0.418155227,0.214060675,0.212021169,0.108537193
08-04-2020,MAHARASHTRA,AHMADNAGAR,0.320330704,0.186771851,0.182504471,0.106410961
08-04-2020,MAHARASHTRA,THANE,0.082698644,0.026892372,0.024602455,0.008000353
08-04-2020,MAHARASHTRA,SANGLI,0.707659857,0.208672752,0.350697352,0.103412651
08-04-2020,MAHARASHTRA,WARDHA,0.576568477,0.123897739,0.24268597,0.052150341
08-04-2020,MAHARASHTRA,BULDANA,0.336374304,0.111776988,0.16719062,0.055557347
08-04-2020,MAHARASHTRA,SINDHUDURG,0.167983222,0.029464301,0.088023601,0.015439363
07-04-2020,MAHARASHTRA,WASHIM,0.342118226,0.060614909,0.214460621,0.037997131
07-04-2020,MAHARASHTRA,SATARA,0.247280137,0.089276748,0.100305968,0.03621395
07-04-2020,MAHARASHTRA,PUNE,0.238408763,0.127853801,0.102853083,0.055158029
07-04-2020,MAHARASHTRA,PARBHANI,0.207735677,0.045001852,0.090149762,0.019529174
07-04-2020,MAHARASHTRA,JALNA,0.320256566,0.084937295,0.131822115,0.034961387
07-04-2020,MAHARASHTRA,GONDIYA,1.111117456,0.206936206,0.443816974,0.082657149
07-04-2020,MAHARASHTRA,MUMBAI,0.004065074,2.08E-05,7.28E-05,3.72E-07
07-04-2020,MAHARASHTRA,NASHIK,0.113699756,0.060313703,0.063310679,0.033584078
07-04-2020,MAHARASHTRA,GARHCHIROLI,1.113010241,0.54894423,0.247047207,0.121845365
07-04-2020,MAHARASHTRA,RATNAGIRI,0.202766104,0.057649731,0.110915389,0.031535066
07-04-2020,MAHARASHTRA,OSMANABAD,0.365376418,0.094802028,0.170447391,0.044224962
07-04-2020,MAHARASHTRA,BID,0.603678836,0.228141856,0.278947344,0.105419573
07-04-2020,MAHARASHTRA,LATUR,0.580160327,0.134254224,0.299363155,0.069275278
07-04-2020,MAHARASHTRA,YAVATMAL,0.597668524,0.275844679,0.277290504,0.12797915
07-04-2020,MAHARASHTRA,BHANDARA,1.332421344,0.175013405,0.570447045,0.07492816
07-04-2020,MAHARASHTRA,MUMBAI SUBURBAN,0.066795316,0.001033833,0.006606913,0.000102259
07-04-2020,MAHARASHTRA,NANDURBAR,0.131661748,0.026429185,0.050336432,0.010104308
07-04-2020,MAHARASHTRA,NAGPUR,1.16925681,0.394936242,0.373355289,0.126107057
07-04-2020,MAHARASHTRA,CHANDRAPUR,1.876841948,0.72359714,0.758009468,0.292242766
07-04-2020,MAHARASHTRA,JALGAON,0.135769165,0.054417965,0.051337507,0.020576709
07-04-2020,MAHARASHTRA,HINGOLI,0.248420212,0.039789699,0.087443885,0.014005969
07-04-2020,MAHARASHTRA,AKOLA,0.579161258,0.10666087,0.330079866,0.060788951
07-04-2020,MAHARASHTRA,AURANGABAD,0.668716759,0.230777428,0.253184074,0.087375064
07-04-2020,MAHARASHTRA,DHULE,0.130775289,0.03198398,0.044542209,0.010893779
07-04-2020,MAHARASHTRA,KOLHAPUR,0.326474519,0.08647359,0.10393556,0.027529502
07-04-2020,MAHARASHTRA,RAIGARH,0.085435641,0.020946957,0.0188428,0.004619844
07-04-2020,MAHARASHTRA,AMRAVATI,0.554502569,0.230385211,0.256971988,0.106766946
07-04-2020,MAHARASHTRA,NANDED,0.673135398,0.243913617,0.308929493,0.111941981
07-04-2020,MAHARASHTRA,SOLAPUR,0.446311264,0.228474223,0.226591047,0.115995758
07-04-2020,MAHARASHTRA,AHMADNAGAR,0.362121242,0.21113822,0.2053759,0.119746364
07-04-2020,MAHARASHTRA,THANE,0.082328066,0.026771865,0.02450765,0.007969524
07-04-2020,MAHARASHTRA,SANGLI,0.766556958,0.226040164,0.380237476,0.112123359
07-04-2020,MAHARASHTRA,WARDHA,0.624320006,0.134158977,0.261641428,0.056223645
07-04-2020,MAHARASHTRA,BULDANA,0.381805116,0.126873621,0.190157288,0.063189158
07-04-2020,MAHARASHTRA,SINDHUDURG,0.170613895,0.029925722,0.089116491,0.015631056
06-04-2020,MAHARASHTRA,WASHIM,0.317839475,0.056313313,0.200330457,0.035493614
06-04-2020,MAHARASHTRA,SATARA,0.257968549,0.093135637,0.104038176,0.037561408
06-04-2020,MAHARASHTRA,PUNE,0.25270735,0.135521844,0.108466403,0.05816834
06-04-2020,MAHARASHTRA,PARBHANI,0.196464487,0.04256017,0.084395215,0.018282565
06-04-2020,MAHARASHTRA,JALNA,0.336699693,0.089298282,0.138471661,0.036724956
06-04-2020,MAHARASHTRA,GONDIYA,1.132534663,0.210924979,0.44827228,0.083486912
06-04-2020,MAHARASHTRA,MUMBAI,0.00394605,2.02E-05,7.21E-05,3.68E-07
06-04-2020,MAHARASHTRA,NASHIK,0.121783177,0.064601672,0.06769294,0.035908713
06-04-2020,MAHARASHTRA,GARHCHIROLI,0.869440432,0.428813941,0.197387185,0.097352704
06-04-2020,MAHARASHTRA,RATNAGIRI,0.201292116,0.057230653,0.109514104,0.031136657
06-04-2020,MAHARASHTRA,OSMANABAD,0.367143114,0.095260422,0.172594888,0.044782161
06-04-2020,MAHARASHTRA,BID,0.61081086,0.230837185,0.285874484,0.108037472
06-04-2020,MAHARASHTRA,LATUR,0.569351797,0.131753035,0.307445853,0.071145686
06-04-2020,MAHARASHTRA,YAVATMAL,0.487729095,0.225103833,0.23057729,0.106419388
06-04-2020,MAHARASHTRA,BHANDARA,1.369903922,0.179936738,0.583634619,0.076660347
06-04-2020,MAHARASHTRA,MUMBAI SUBURBAN,0.066607341,0.001030924,0.006460997,0.000100001
06-04-2020,MAHARASHTRA,NANDURBAR,0.142079108,0.028520319,0.054393765,0.010918759
06-04-2020,MAHARASHTRA,NAGPUR,1.156023974,0.390466628,0.366154542,0.123674883
06-04-2020,MAHARASHTRA,CHANDRAPUR,1.357028606,0.523188444,0.565595603,0.218059577
06-04-2020,MAHARASHTRA,JALGAON,0.144647383,0.057976465,0.054808758,0.02196803
06-04-2020,MAHARASHTRA,HINGOLI,0.195170937,0.031260712,0.070973179,0.011367841
06-04-2020,MAHARASHTRA,AKOLA,0.612947007,0.112883001,0.350942534,0.064631112
06-04-2020,MAHARASHTRA,AURANGABAD,0.716223501,0.247172238,0.271404574,0.093663048
06-04-2020,MAHARASHTRA,DHULE,0.139362873,0.034084263,0.04735228,0.011581044
06-04-2020,MAHARASHTRA,KOLHAPUR,0.325923839,0.086327731,0.103462983,0.027404331
06-04-2020,MAHARASHTRA,RAIGARH,0.086354594,0.021172264,0.018959928,0.004648561
06-04-2020,MAHARASHTRA,AMRAVATI,0.564325563,0.234466477,0.267680161,0.111215987
06-04-2020,MAHARASHTRA,NANDED,0.947452311,0.343313575,0.454989278,0.164867396
06-04-2020,MAHARASHTRA,SOLAPUR,0.446223099,0.228429089,0.226013625,0.115700166
06-04-2020,MAHARASHTRA,AHMADNAGAR,0.38390945,0.223842041,0.217021684,0.126536549
06-04-2020,MAHARASHTRA,THANE,0.080947404,0.026322894,0.024098692,0.007836537
06-04-2020,MAHARASHTRA,SANGLI,0.731590232,0.215729274,0.362621565,0.106928829
06-04-2020,MAHARASHTRA,WARDHA,0.549402932,0.118060185,0.227360847,0.048857154
06-04-2020,MAHARASHTRA,BULDANA,0.406323997,0.135021231,0.20292205,0.067430881
06-04-2020,MAHARASHTRA,SINDHUDURG,0.161853581,0.02838916,0.084367094,0.01479801
05-04-2020,MAHARASHTRA,WASHIM,0.350144079,0.062036892,0.219900765,0.03896099
05-04-2020,MAHARASHTRA,SATARA,0.274073053,0.098949924,0.110623512,0.039938943
05-04-2020,MAHARASHTRA,PUNE,0.26686678,0.14311526,0.11412699,0.061203998
05-04-2020,MAHARASHTRA,PARBHANI,0.218327952,0.04729646,0.094514105,0.020474623
05-04-2020,MAHARASHTRA,JALNA,0.355378069,0.094252094,0.146166409,0.038765729
05-04-2020,MAHARASHTRA,GONDIYA,1.186222549,0.220923893,0.459465784,0.085571607
05-04-2020,MAHARASHTRA,MUMBAI,0.004279379,0.000021853,7.32E-05,3.74E-07
05-04-2020,MAHARASHTRA,NASHIK,0.132813436,0.070452835,0.073706474,0.03909868
05-04-2020,MAHARASHTRA,GARHCHIROLI,0.924665051,0.456051099,0.215775328,0.106421861
05-04-2020,MAHARASHTRA,RATNAGIRI,0.18706957,0.053186949,0.101060924,0.028733279
05-04-2020,MAHARASHTRA,OSMANABAD,0.358560806,0.093033622,0.168386104,0.043690132
05-04-2020,MAHARASHTRA,BID,0.643348591,0.243133821,0.299180329,0.113066007
05-04-2020,MAHARASHTRA,LATUR,0.571447016,0.132237887,0.293114877,0.067829372
05-04-2020,MAHARASHTRA,YAVATMAL,0.574388733,0.26510025,0.272517261,0.125776134
05-04-2020,MAHARASHTRA,BHANDARA,1.419733958,0.186481908,0.601197652,0.078967249
05-04-2020,MAHARASHTRA,MUMBAI SUBURBAN,0.071519708,0.001106955,0.007002335,0.00010838
05-04-2020,MAHARASHTRA,NANDURBAR,0.156283919,0.031371728,0.059744774,0.011992896
05-04-2020,MAHARASHTRA,NAGPUR,1.239032866,0.418504284,0.392795285,0.132673244
05-04-2020,MAHARASHTRA,CHANDRAPUR,1.601363363,0.617389201,0.668708217,0.257813586
05-04-2020,MAHARASHTRA,JALGAON,0.150924841,0.060492548,0.057196764,0.022925172
05-04-2020,MAHARASHTRA,HINGOLI,0.22041645,0.03530431,0.079003513,0.012654067
05-04-2020,MAHARASHTRA,AKOLA,0.668591149,0.123130669,0.382143805,0.070377274
05-04-2020,MAHARASHTRA,AURANGABAD,0.76553715,0.264190619,0.290531252,0.100263758
05-04-2020,MAHARASHTRA,DHULE,0.152139068,0.037208963,0.05139031,0.012568633
05-04-2020,MAHARASHTRA,KOLHAPUR,0.397234627,0.105215882,0.122565761,0.0324641
05-04-2020,MAHARASHTRA,RAIGARH,0.088075442,0.021594179,0.019317973,0.004736346
05-04-2020,MAHARASHTRA,AMRAVATI,0.609453558,0.253216296,0.287426668,0.119420282
05-04-2020,MAHARASHTRA,NANDED,0.815602002,0.295537027,0.373593818,0.135373388
05-04-2020,MAHARASHTRA,SOLAPUR,0.389076348,0.199174709,0.194180334,0.09940417
05-04-2020,MAHARASHTRA,AHMADNAGAR,0.401520007,0.234110043,0.225938617,0.131735651
05-04-2020,MAHARASHTRA,THANE,0.085254112,0.027723372,0.025900173,0.008422352
05-04-2020,MAHARASHTRA,SANGLI,0.426702858,0.125824941,0.205501306,0.060597648
05-04-2020,MAHARASHTRA,WARDHA,0.638637494,0.137235635,0.266981926,0.057371255
05-04-2020,MAHARASHTRA,BULDANA,0.430219313,0.142961631,0.214852732,0.071395439
05-04-2020,MAHARASHTRA,SINDHUDURG,0.18907852,0.033164422,0.089803869,0.015751622
04-04-2020,MAHARASHTRA,WASHIM,0.324760787,0.057539599,0.201203076,0.035648221
04-04-2020,MAHARASHTRA,SATARA,0.282454646,0.101975971,0.113595781,0.041012036
04-04-2020,MAHARASHTRA,PUNE,0.27732599,0.148724323,0.118134841,0.063353328
04-04-2020,MAHARASHTRA,PARBHANI,0.23002235,0.049829821,0.100421919,0.021754435
04-04-2020,MAHARASHTRA,JALNA,0.35697878,0.094676628,0.147254068,0.039054194
04-04-2020,MAHARASHTRA,GONDIYA,1.117344824,0.208096001,0.404142068,0.075268034
04-04-2020,MAHARASHTRA,MUMBAI,0.003797003,1.94E-05,7.03E-05,3.59E-07
04-04-2020,MAHARASHTRA,NASHIK,0.13771553,0.073053223,0.076237284,0.040441185
04-04-2020,MAHARASHTRA,GARHCHIROLI,1.911542601,0.942785827,0.400357065,0.19745883
04-04-2020,MAHARASHTRA,RATNAGIRI,0.188358133,0.053553309,0.102741794,0.029211179
04-04-2020,MAHARASHTRA,OSMANABAD,0.409819324,0.106333362,0.191517021,0.049691773
04-04-2020,MAHARASHTRA,BID,0.684955605,0.258857912,0.317655398,0.120048091
04-04-2020,MAHARASHTRA,LATUR,0.601280385,0.139141593,0.303937982,0.070333934
04-04-2020,MAHARASHTRA,YAVATMAL,0.699116822,0.322666574,0.327614759,0.151205533
04-04-2020,MAHARASHTRA,BHANDARA,1.659270893,0.21794506,0.676992211,0.088922857
04-04-2020,MAHARASHTRA,MUMBAI SUBURBAN,0.066158312,0.001023974,0.006394098,9.90E-05
04-04-2020,MAHARASHTRA,NANDURBAR,0.162746385,0.032668974,0.062113192,0.012468322
04-04-2020,MAHARASHTRA,NAGPUR,1.009217044,0.340880107,0.325693213,0.110008385
04-04-2020,MAHARASHTRA,CHANDRAPUR,2.510764779,0.967999578,0.978140089,0.377111867
04-04-2020,MAHARASHTRA,JALGAON,0.151083785,0.060556255,0.057264238,0.022952217
04-04-2020,MAHARASHTRA,HINGOLI,0.223252814,0.035758613,0.079594468,0.012748721
04-04-2020,MAHARASHTRA,AKOLA,0.606459303,0.111688197,0.351452034,0.064724943
04-04-2020,MAHARASHTRA,AURANGABAD,0.772571358,0.266618159,0.292822536,0.101054491
04-04-2020,MAHARASHTRA,DHULE,0.157807137,0.038595214,0.053136515,0.012995706
04-04-2020,MAHARASHTRA,KOLHAPUR,0.26490517,0.070165663,0.086091545,0.022803143
04-04-2020,MAHARASHTRA,RAIGARH,0.089355054,0.021907912,0.019434146,0.004764829
04-04-2020,MAHARASHTRA,AMRAVATI,0.564150345,0.234393677,0.263637588,0.109536375
04-04-2020,MAHARASHTRA,NANDED,0.583933188,0.211590798,0.279686747,0.101345742
04-04-2020,MAHARASHTRA,SOLAPUR,0.442636518,0.226593059,0.221386918,0.113331677
04-04-2020,MAHARASHTRA,AHMADNAGAR,0.41500984,0.241975418,0.232119956,0.135339739
04-04-2020,MAHARASHTRA,THANE,0.080952691,0.026324614,0.024115232,0.007841915
04-04-2020,MAHARASHTRA,SANGLI,0.492490025,0.145224076,0.237919593,0.070157062
04-04-2020,MAHARASHTRA,WARDHA,0.612060224,0.131524495,0.251869245,0.054123718
04-04-2020,MAHARASHTRA,BULDANA,0.421881349,0.14019093,0.210410619,0.069919328
04-04-2020,MAHARASHTRA,SINDHUDURG,0.171407304,0.030064886,0.088722474,0.015561945
03-04-2020,MAHARASHTRA,WASHIM,0.366832104,0.064993598,0.229141607,0.040598239
03-04-2020,MAHARASHTRA,SATARA,0.30748335,0.111012206,0.12406932,0.044793348
03-04-2020,MAHARASHTRA,PUNE,0.291339956,0.15623973,0.123788095,0.066385053
03-04-2020,MAHARASHTRA,PARBHANI,0.219759803,0.047606642,0.094316371,0.020431788
03-04-2020,MAHARASHTRA,JALNA,0.361993212,0.096006538,0.149358809,0.039612406
03-04-2020,MAHARASHTRA,GONDIYA,1.150756802,0.214318698,0.444671901,0.082816372
03-04-2020,MAHARASHTRA,MUMBAI,0.004230186,2.16E-05,7.09E-05,3.62E-07
03-04-2020,MAHARASHTRA,NASHIK,0.145412774,0.077136339,0.080442606,0.04267196
03-04-2020,MAHARASHTRA,GARHCHIROLI,0.926948683,0.457177402,0.208253926,0.102712255
03-04-2020,MAHARASHTRA,RATNAGIRI,0.189341158,0.053832799,0.103134015,0.029322693
03-04-2020,MAHARASHTRA,OSMANABAD,0.360146517,0.093445057,0.170846559,0.044328532
03-04-2020,MAHARASHTRA,BID,0.642427185,0.242785604,0.305134339,0.115316142
03-04-2020,MAHARASHTRA,LATUR,0.575593415,0.133197401,0.303608694,0.070257734
03-04-2020,MAHARASHTRA,YAVATMAL,0.318235897,0.146876865,0.151901085,0.0701076
03-04-2020,MAHARASHTRA,BHANDARA,1.055845849,0.138685243,0.446352112,0.058628304
03-04-2020,MAHARASHTRA,MUMBAI SUBURBAN,0.073174409,0.001132566,0.007218337,0.000111723
03-04-2020,MAHARASHTRA,NANDURBAR,0.173163375,0.034760034,0.065920076,0.013232498
03-04-2020,MAHARASHTRA,NAGPUR,1.131328493,0.382125312,0.367861092,0.124251299
03-04-2020,MAHARASHTRA,CHANDRAPUR,1.392789754,0.536975787,0.56203151,0.216685478
03-04-2020,MAHARASHTRA,JALGAON,0.155917806,0.06249379,0.059110593,0.023692259
03-04-2020,MAHARASHTRA,HINGOLI,0.21833108,0.034970294,0.078456335,0.012566425
03-04-2020,MAHARASHTRA,AKOLA,0.696555607,0.128280726,0.400574714,0.073771591
03-04-2020,MAHARASHTRA,AURANGABAD,0.810184822,0.27959875,0.307583017,0.106148406
03-04-2020,MAHARASHTRA,DHULE,0.169121701,0.04136244,0.056574159,0.013836458
03-04-2020,MAHARASHTRA,KOLHAPUR,0.299524521,0.079335321,0.097680531,0.025872727
03-04-2020,MAHARASHTRA,RAIGARH,0.090768604,0.022254483,0.019696067,0.004829046
03-04-2020,MAHARASHTRA,AMRAVATI,0.658318375,0.273518692,0.310027324,0.128810423
03-04-2020,MAHARASHTRA,NANDED,0.562188731,0.203711597,0.268711251,0.097368722
03-04-2020,MAHARASHTRA,SOLAPUR,0.45621526,0.233544244,0.224814852,0.115086494
03-04-2020,MAHARASHTRA,AHMADNAGAR,0.43320529,0.252584447,0.242014177,0.141108658
03-04-2020,MAHARASHTRA,THANE,0.086149943,0.028014683,0.025782024,0.008383932
03-04-2020,MAHARASHTRA,SANGLI,0.535869923,0.158015819,0.259187963,0.076428619
03-04-2020,MAHARASHTRA,WARDHA,0.544396643,0.116984392,0.210493379,0.045232535
03-04-2020,MAHARASHTRA,BULDANA,0.454334389,0.150975057,0.226611349,0.075302821
03-04-2020,MAHARASHTRA,SINDHUDURG,0.179121575,0.031417971,0.092064163,0.016148078
02-04-2020,MAHARASHTRA,WASHIM,0.400805838,0.071012906,0.250145222,0.044319562
02-04-2020,MAHARASHTRA,SATARA,0.32279965,0.116541924,0.130031701,0.046945976
02-04-2020,MAHARASHTRA,PUNE,0.311604012,0.167106934,0.132105161,0.070845328
02-04-2020,MAHARASHTRA,PARBHANI,0.246446238,0.053387734,0.106214124,0.023009202
02-04-2020,MAHARASHTRA,JALNA,0.374760694,0.099392684,0.15502851,0.041116104
02-04-2020,MAHARASHTRA,GONDIYA,1.290093672,0.240269009,0.504714113,0.093998725
02-04-2020,MAHARASHTRA,MUMBAI,0.00465351,2.38E-05,7.45E-05,3.80E-07
02-04-2020,MAHARASHTRA,NASHIK,0.158485372,0.084070891,0.087454303,0.046391418
02-04-2020,MAHARASHTRA,GARHCHIROLI,1.02820306,0.50711675,0.236193771,0.116492376
02-04-2020,MAHARASHTRA,RATNAGIRI,0.190409554,0.054136562,0.103768478,0.029503082
02-04-2020,MAHARASHTRA,OSMANABAD,0.405004915,0.105084196,0.190278669,0.049370465
02-04-2020,MAHARASHTRA,BID,0.719514873,0.271918525,0.336322353,0.127102693
02-04-2020,MAHARASHTRA,LATUR,0.586263066,0.135666452,0.300518462,0.069542627
02-04-2020,MAHARASHTRA,YAVATMAL,0.417125133,0.192517664,0.199572601,0.092109652
02-04-2020,MAHARASHTRA,BHANDARA,1.289437391,0.169367468,0.550219745,0.072271307
02-04-2020,MAHARASHTRA,MUMBAI SUBURBAN,0.077780202,0.001203853,0.007755449,0.000120036
02-04-2020,MAHARASHTRA,NANDURBAR,0.181870408,0.036507844,0.069262019,0.013903345
02-04-2020,MAHARASHTRA,NAGPUR,1.301308273,0.439538854,0.426849928,0.144175775
02-04-2020,MAHARASHTRA,CHANDRAPUR,1.598760981,0.616385879,0.667840799,0.257479162
02-04-2020,MAHARASHTRA,JALGAON,0.158906354,0.063691637,0.060125829,0.024099178
02-04-2020,MAHARASHTRA,HINGOLI,0.245874108,0.039381887,0.08817091,0.014122418
02-04-2020,MAHARASHTRA,AKOLA,0.730252673,0.134486525,0.419883169,0.07732752
02-04-2020,MAHARASHTRA,AURANGABAD,0.834368006,0.287944485,0.317154864,0.109451697
02-04-2020,MAHARASHTRA,DHULE,0.175420108,0.042902854,0.058513125,0.014310675
02-04-2020,MAHARASHTRA,KOLHAPUR,0.313152481,0.082944971,0.102024556,0.027023333
02-04-2020,MAHARASHTRA,RAIGARH,0.093930875,0.023029803,0.020398985,0.005001386
02-04-2020,MAHARASHTRA,AMRAVATI,0.732417754,0.304305567,0.347639888,0.144437724
02-04-2020,MAHARASHTRA,NANDED,0.643123875,0.233038808,0.306996523,0.111241561
02-04-2020,MAHARASHTRA,SOLAPUR,0.470908513,0.241065967,0.231426895,0.11847131
02-04-2020,MAHARASHTRA,AHMADNAGAR,0.457411021,0.266697828,0.253967108,0.148077928
02-04-2020,MAHARASHTRA,THANE,0.0936736,0.030461264,0.028020033,0.009111699
02-04-2020,MAHARASHTRA,SANGLI,0.555168066,0.163706401,0.268257544,0.079103032
02-04-2020,MAHARASHTRA,WARDHA,0.652808846,0.140280891,0.256967505,0.055219274
02-04-2020,MAHARASHTRA,BULDANA,0.465319122,0.154625277,0.231884473,0.077055077
02-04-2020,MAHARASHTRA,SINDHUDURG,0.185803028,0.0325899,0.095402,0.016733536
01-04-2020,MAHARASHTRA,WASHIM,0.397436205,0.07041589,0.247258531,0.043808111
01-04-2020,MAHARASHTRA,SATARA,0.328051883,0.118438163,0.131420696,0.047447452
01-04-2020,MAHARASHTRA,PUNE,0.327401701,0.175578915,0.138021001,0.074017873
01-04-2020,MAHARASHTRA,PARBHANI,0.26612251,0.057650212,0.11453261,0.024811239
01-04-2020,MAHARASHTRA,JALNA,0.408987675,0.10847024,0.16906169,0.044837933
01-04-2020,MAHARASHTRA,GONDIYA,1.364994445,0.254218643,0.530515229,0.098803964
01-04-2020,MAHARASHTRA,MUMBAI,0.004793819,0.00002448,7.95E-05,4.06E-07
01-04-2020,MAHARASHTRA,NASHIK,0.174037337,0.092320658,0.096099281,0.050977273
01-04-2020,MAHARASHTRA,GARHCHIROLI,1.077714965,0.531536359,0.252212887,0.124393113
01-04-2020,MAHARASHTRA,RATNAGIRI,0.199184585,0.056631447,0.10936109,0.031093153
01-04-2020,MAHARASHTRA,OSMANABAD,0.40753076,0.105739562,0.19282865,0.050032093
01-04-2020,MAHARASHTRA,BID,0.739866305,0.279609723,0.346552293,0.130968785
01-04-2020,MAHARASHTRA,LATUR,0.595948418,0.137907728,0.304545242,0.070474459
01-04-2020,MAHARASHTRA,YAVATMAL,0.430704692,0.1987851,0.206101148,0.095122802
01-04-2020,MAHARASHTRA,BHANDARA,1.358696792,0.178464683,0.577796516,0.075893512
01-04-2020,MAHARASHTRA,MUMBAI SUBURBAN,0.080260851,0.001242247,0.007953481,0.000123101
01-04-2020,MAHARASHTRA,NANDURBAR,0.19467778,0.039078738,0.073989013,0.01485222
01-04-2020,MAHARASHTRA,NAGPUR,1.372368727,0.463540723,0.449055247,0.151675996
01-04-2020,MAHARASHTRA,CHANDRAPUR,1.707806231,0.658427155,0.706777855,0.272490944
01-04-2020,MAHARASHTRA,JALGAON,0.169503494,0.067939102,0.064054357,0.025673781
01-04-2020,MAHARASHTRA,HINGOLI,0.242611487,0.03885931,0.087351219,0.013991127
01-04-2020,MAHARASHTRA,AKOLA,0.728622663,0.134186336,0.415156065,0.076456956
01-04-2020,MAHARASHTRA,AURANGABAD,0.914377641,0.315556202,0.347616769,0.119964249
01-04-2020,MAHARASHTRA,DHULE,0.192420085,0.047060574,0.063945052,0.015639172
01-04-2020,MAHARASHTRA,KOLHAPUR,0.349412109,0.09254909,0.114130239,0.030229776
01-04-2020,MAHARASHTRA,RAIGARH,0.099878473,0.024488025,0.021648272,0.005307685
01-04-2020,MAHARASHTRA,AMRAVATI,0.731716028,0.304014013,0.343337219,0.142650047
01-04-2020,MAHARASHTRA,NANDED,0.633844421,0.229676356,0.300653752,0.108943229
01-04-2020,MAHARASHTRA,SOLAPUR,0.473216724,0.242247579,0.232145181,0.118839012
01-04-2020,MAHARASHTRA,AHMADNAGAR,0.482926157,0.28157467,0.266514366,0.155393726
01-04-2020,MAHARASHTRA,THANE,0.098450041,0.032014492,0.028830158,0.00937514
01-04-2020,MAHARASHTRA,SANGLI,0.561483702,0.165568738,0.270090543,0.079643541
01-04-2020,MAHARASHTRA,WARDHA,0.663064455,0.1424847,0.259751649,0.055817554
01-04-2020,MAHARASHTRA,BULDANA,0.500121287,0.166190016,0.248130876,0.082453748
01-04-2020,MAHARASHTRA,SINDHUDURG,0.185023871,0.032453235,0.094515292,0.016578007
31-05-2020,MAHARASHTRA,WASHIM,0.58409571,0.103487349,0.349791411,0.061974408
31-05-2020,MAHARASHTRA,SATARA,1.177796907,0.425225732,0.430176303,0.155308638
31-05-2020,MAHARASHTRA,PUNE,0.667592798,0.358016524,0.296464823,0.158988092
31-05-2020,MAHARASHTRA,PARBHANI,0.220389359,0.047743023,0.090873831,0.01968603
31-05-2020,MAHARASHTRA,JALNA,0.533294257,0.141438385,0.214466893,0.056880138
31-05-2020,MAHARASHTRA,GONDIYA,1.395634133,0.259925025,0.528802947,0.098485066
31-05-2020,MAHARASHTRA,MUMBAI,0.001012565,5.17E-06,1.46E-05,7.45E-08
31-05-2020,MAHARASHTRA,NASHIK,0.328198206,0.174097553,0.17664168,0.09370217
31-05-2020,MAHARASHTRA,GARHCHIROLI,1.778076973,0.876959671,0.365013811,0.180027297
31-05-2020,MAHARASHTRA,RATNAGIRI,1.083433535,0.308037937,0.385765539,0.109679475
31-05-2020,MAHARASHTRA,OSMANABAD,0.777464398,0.201724024,0.351790489,0.091276968
31-05-2020,MAHARASHTRA,BID,0.365743989,0.138221696,0.174695493,0.066020791
31-05-2020,MAHARASHTRA,LATUR,0.94831022,0.219447362,0.505250923,0.116919527
31-05-2020,MAHARASHTRA,YAVATMAL,0.377201545,0.174091549,0.168804109,0.07790893
31-05-2020,MAHARASHTRA,BHANDARA,1.366851183,0.179535761,0.569457134,0.074798136
31-05-2020,MAHARASHTRA,MUMBAI SUBURBAN,0.012628134,0.000195454,0.00116105,1.80E-05
31-05-2020,MAHARASHTRA,NANDURBAR,0.046674071,0.009369142,0.018338803,0.003681248
31-05-2020,MAHARASHTRA,NAGPUR,1.183795273,0.399846853,0.375508528,0.12683435
31-05-2020,MAHARASHTRA,CHANDRAPUR,1.143068804,0.440698439,0.487535934,0.187964473
31-05-2020,MAHARASHTRA,JALGAON,0.105652673,0.042346902,0.036068054,0.014456523
31-05-2020,MAHARASHTRA,HINGOLI,0.248540867,0.039809024,0.094638679,0.015158366
31-05-2020,MAHARASHTRA,AKOLA,0.440843883,0.081187737,0.231632521,0.042658458
31-05-2020,MAHARASHTRA,AURANGABAD,0.301863642,0.104174621,0.121567726,0.041953618
31-05-2020,MAHARASHTRA,DHULE,0.152654026,0.037334907,0.06782916,0.016589116
31-05-2020,MAHARASHTRA,KOLHAPUR,1.255210002,0.332468567,0.322753549,0.085488014
31-05-2020,MAHARASHTRA,RAIGARH,0.127036335,0.031146541,0.025498892,0.006251773
31-05-2020,MAHARASHTRA,AMRAVATI,0.551193542,0.229010373,0.207229169,0.086099756
31-05-2020,MAHARASHTRA,NANDED,0.737019729,0.26706239,0.3215473,0.1165141
31-05-2020,MAHARASHTRA,SOLAPUR,0.854939024,0.437657628,0.459004732,0.234972222
31-05-2020,MAHARASHTRA,AHMADNAGAR,0.393815166,0.229617663,0.214907264,0.125303716
31-05-2020,MAHARASHTRA,THANE,0.097010856,0.031546491,0.01938734,0.006304475
31-05-2020,MAHARASHTRA,SANGLI,1.308928221,0.385973079,0.586771865,0.173025641
31-05-2020,MAHARASHTRA,WARDHA,0.742040491,0.159455715,0.278020821,0.059743382
31-05-2020,MAHARASHTRA,BULDANA,0.423891905,0.140859037,0.199497185,0.0662928
31-05-2020,MAHARASHTRA,SINDHUDURG,3.400504485,0.596449374,1.211911245,0.212569549
30-05-2020,MAHARASHTRA,WASHIM,0.705732776,0.125038436,0.422407555,0.074840197
30-05-2020,MAHARASHTRA,SATARA,1.170862644,0.422722222,0.455614983,0.164492888
30-05-2020,MAHARASHTRA,PUNE,0.861601053,0.46205923,0.38337163,0.205594456
30-05-2020,MAHARASHTRA,PARBHANI,0.276226674,0.05983908,0.113628135,0.024615302
30-05-2020,MAHARASHTRA,JALNA,0.679590125,0.180238449,0.274076251,0.072689518
30-05-2020,MAHARASHTRA,GONDIYA,1.808091852,0.336741778,0.690037775,0.128513685
30-05-2020,MAHARASHTRA,MUMBAI,0.001041953,5.32E-06,1.59E-05,8.13E-08
30-05-2020,MAHARASHTRA,NASHIK,0.373537657,0.198148529,0.201240472,0.10675096
30-05-2020,MAHARASHTRA,GARHCHIROLI,3.386683994,1.670335606,0.537953875,0.265322514
30-05-2020,MAHARASHTRA,RATNAGIRI,0.526306957,0.149637707,0.202058114,0.057448438
30-05-2020,MAHARASHTRA,OSMANABAD,0.927005927,0.240524668,0.42192282,0.109473783
30-05-2020,MAHARASHTRA,BID,0.466118042,0.176154984,0.223700432,0.084540701
30-05-2020,MAHARASHTRA,LATUR,0.815454385,0.188703348,0.404509844,0.093607151
30-05-2020,MAHARASHTRA,YAVATMAL,0.655417275,0.302497723,0.294804972,0.136062683
30-05-2020,MAHARASHTRA,BHANDARA,1.844148532,0.242228718,0.769081212,0.101018737
30-05-2020,MAHARASHTRA,MUMBAI SUBURBAN,0.016981793,0.000262838,0.001602445,0.000024802
30-05-2020,MAHARASHTRA,NANDURBAR,0.055628253,0.011166564,0.021988116,0.004413795
30-05-2020,MAHARASHTRA,NAGPUR,0.860147251,0.290529266,0.29726927,0.100407718
30-05-2020,MAHARASHTRA,CHANDRAPUR,1.518935598,0.585610022,0.634677907,0.24469355
30-05-2020,MAHARASHTRA,JALGAON,0.126065872,0.050528765,0.042982748,0.017228018
30-05-2020,MAHARASHTRA,HINGOLI,0.301670132,0.048318788,0.118419435,0.018967352
30-05-2020,MAHARASHTRA,AKOLA,0.522303608,0.096189716,0.280915669,0.051734658
30-05-2020,MAHARASHTRA,AURANGABAD,0.394581419,0.13617198,0.159329769,0.054985484
30-05-2020,MAHARASHTRA,DHULE,0.175620484,0.042951861,0.077514724,0.018957935
30-05-2020,MAHARASHTRA,KOLHAPUR,1.603923471,0.424832607,0.451060552,0.119472801
30-05-2020,MAHARASHTRA,RAIGARH,0.157266881,0.038558411,0.031583114,0.007743491
30-05-2020,MAHARASHTRA,AMRAVATI,0.592563543,0.246198818,0.219876027,0.091354284
30-05-2020,MAHARASHTRA,NANDED,0.709325531,0.257027273,0.31236485,0.113186798
30-05-2020,MAHARASHTRA,SOLAPUR,1.029481688,0.527008945,0.551590214,0.282368283
30-05-2020,MAHARASHTRA,AHMADNAGAR,0.513344974,0.299310649,0.278731882,0.162517264
30-05-2020,MAHARASHTRA,THANE,0.10872758,0.035356595,0.021481936,0.006985607
30-05-2020,MAHARASHTRA,SANGLI,1.30181328,0.383875046,0.628068064,0.185202948
30-05-2020,MAHARASHTRA,WARDHA,0.805194738,0.173026815,0.323251166,0.069462848
30-05-2020,MAHARASHTRA,BULDANA,0.5136991,0.170701916,0.241832209,0.080360704
30-05-2020,MAHARASHTRA,SINDHUDURG,1.016028928,0.178211739,0.286065134,0.050175899
29-05-2020,MAHARASHTRA,WASHIM,0.755907167,0.1339281,0.451681558,0.080026828
29-05-2020,MAHARASHTRA,SATARA,1.263820961,0.456283414,0.490577838,0.177115697
29-05-2020,MAHARASHTRA,PUNE,0.918103161,0.492360168,0.408808678,0.219235831
29-05-2020,MAHARASHTRA,PARBHANI,0.312396638,0.067674592,0.128430425,0.027821928
29-05-2020,MAHARASHTRA,JALNA,0.736979777,0.195459126,0.297904551,0.079009174
29-05-2020,MAHARASHTRA,GONDIYA,1.156185803,0.215329804,0.410821314,0.076511987
29-05-2020,MAHARASHTRA,MUMBAI,0.001291797,6.60E-06,1.69E-05,8.64E-08
29-05-2020,MAHARASHTRA,NASHIK,0.406504185,0.215636108,0.219820129,0.116606812
29-05-2020,MAHARASHTRA,GARHCHIROLI,1.393395406,0.687232102,0.306628181,0.151231107
29-05-2020,MAHARASHTRA,RATNAGIRI,0.555347452,0.157894396,0.211593267,0.060159439
29-05-2020,MAHARASHTRA,OSMANABAD,1.014617157,0.263256628,0.463393752,0.120233998
29-05-2020,MAHARASHTRA,BID,0.517589961,0.195607213,0.248357461,0.093859067
29-05-2020,MAHARASHTRA,LATUR,0.919156923,0.212701031,0.456879198,0.105725882
29-05-2020,MAHARASHTRA,YAVATMAL,0.260654104,0.120300877,0.11946441,0.055136954
29-05-2020,MAHARASHTRA,BHANDARA,1.145275497,0.150431818,0.49509747,0.065031001
29-05-2020,MAHARASHTRA,MUMBAI SUBURBAN,0.020507936,0.000317414,0.00200069,3.10E-05
29-05-2020,MAHARASHTRA,NANDURBAR,0.05858559,0.011760207,0.023131816,0.004643376
29-05-2020,MAHARASHTRA,NAGPUR,0.802318084,0.270996488,0.27647461,0.093383971
29-05-2020,MAHARASHTRA,CHANDRAPUR,1.035342722,0.399165755,0.45149501,0.174069265
29-05-2020,MAHARASHTRA,JALGAON,0.137983889,0.055305654,0.047011829,0.018842924
29-05-2020,MAHARASHTRA,HINGOLI,0.310743354,0.049772055,0.119557105,0.019149574
29-05-2020,MAHARASHTRA,AKOLA,0.567665895,0.104543833,0.307124609,0.056561411
29-05-2020,MAHARASHTRA,AURANGABAD,0.438007825,0.151158645,0.177572398,0.061281104
29-05-2020,MAHARASHTRA,DHULE,0.192492148,0.047078198,0.084708607,0.020717357
29-05-2020,MAHARASHTRA,KOLHAPUR,1.64592305,0.435957072,0.460161704,0.121883431
29-05-2020,MAHARASHTRA,RAIGARH,0.160225606,0.039283826,0.032094766,0.007868937
29-05-2020,MAHARASHTRA,AMRAVATI,0.659577328,0.274041763,0.245117753,0.101841738
29-05-2020,MAHARASHTRA,NANDED,0.721271966,0.261356117,0.326007103,0.118130129
29-05-2020,MAHARASHTRA,SOLAPUR,1.113009872,0.569768424,0.594470157,0.304319246
29-05-2020,MAHARASHTRA,AHMADNAGAR,0.570164729,0.332439946,0.309669998,0.180556026
29-05-2020,MAHARASHTRA,THANE,0.112547473,0.036598768,0.022122131,0.007193789
29-05-2020,MAHARASHTRA,SANGLI,1.419108015,0.418462588,0.683443728,0.201531968
29-05-2020,MAHARASHTRA,WARDHA,0.640056655,0.137540596,0.252887492,0.054342528
29-05-2020,MAHARASHTRA,BULDANA,0.563738583,0.187330007,0.264810208,0.08799628
29-05-2020,MAHARASHTRA,SINDHUDURG,1.148044073,0.20136723,0.318944813,0.055943003
28-05-2020,MAHARASHTRA,WASHIM,0.830733029,0.147185397,0.496673318,0.087998258
28-05-2020,MAHARASHTRA,SATARA,1.320746516,0.476835523,0.509817045,0.184061722
28-05-2020,MAHARASHTRA,PUNE,0.966356586,0.518237505,0.428070612,0.229565617
28-05-2020,MAHARASHTRA,PARBHANI,0.336785818,0.072958029,0.138313302,0.029962859
28-05-2020,MAHARASHTRA,JALNA,0.7978422,0.211600839,0.323183499,0.085713565
28-05-2020,MAHARASHTRA,GONDIYA,1.334185177,0.248480678,0.476933476,0.088824816
28-05-2020,MAHARASHTRA,MUMBAI,0.001422954,7.27E-06,1.78E-05,9.07E-08
28-05-2020,MAHARASHTRA,NASHIK,0.435838462,0.231196905,0.234597453,0.12444566
28-05-2020,MAHARASHTRA,GARHCHIROLI,1.551188524,0.765056742,0.345936892,0.170618431
28-05-2020,MAHARASHTRA,RATNAGIRI,0.607956886,0.172852121,0.233314402,0.066335114
28-05-2020,MAHARASHTRA,OSMANABAD,1.065739537,0.276521046,0.48749932,0.126488525
28-05-2020,MAHARASHTRA,BID,0.559051877,0.211276469,0.268113792,0.101325365
28-05-2020,MAHARASHTRA,LATUR,0.954152001,0.220799202,0.474314231,0.109760503
28-05-2020,MAHARASHTRA,YAVATMAL,0.310319593,0.143223217,0.141563622,0.065336504
28-05-2020,MAHARASHTRA,BHANDARA,1.307910498,0.171793908,0.56613963,0.074362382
28-05-2020,MAHARASHTRA,MUMBAI SUBURBAN,0.022083364,0.000341798,0.00216862,3.36E-05
28-05-2020,MAHARASHTRA,NANDURBAR,0.05882229,0.011807721,0.023172936,0.004651631
28-05-2020,MAHARASHTRA,NAGPUR,0.880739465,0.297484634,0.303080035,0.102370402
28-05-2020,MAHARASHTRA,CHANDRAPUR,1.172733045,0.452135183,0.511929063,0.197368993
28-05-2020,MAHARASHTRA,JALGAON,0.143865202,0.057662957,0.048889624,0.019595568
28-05-2020,MAHARASHTRA,HINGOLI,0.353893792,0.056683501,0.137126004,0.021963601
28-05-2020,MAHARASHTRA,AKOLA,0.606182233,0.111637171,0.329236947,0.060633716
28-05-2020,MAHARASHTRA,AURANGABAD,0.465235329,0.160554991,0.189789633,0.065497332
28-05-2020,MAHARASHTRA,DHULE,0.204466342,0.050006751,0.090054171,0.022024733
28-05-2020,MAHARASHTRA,KOLHAPUR,1.786677615,0.473238857,0.49605391,0.131390231
28-05-2020,MAHARASHTRA,RAIGARH,0.16808815,0.041211551,0.033712234,0.008265505
28-05-2020,MAHARASHTRA,AMRAVATI,0.708720967,0.294460005,0.260640215,0.108291024
28-05-2020,MAHARASHTRA,NANDED,0.778313446,0.282025352,0.349712475,0.126719877
28-05-2020,MAHARASHTRA,SOLAPUR,1.1652617,0.596517011,0.62173491,0.31827653
28-05-2020,MAHARASHTRA,AHMADNAGAR,0.613219586,0.357543488,0.332567601,0.19390669
28-05-2020,MAHARASHTRA,THANE,0.121578422,0.039535498,0.02372811,0.007716029
28-05-2020,MAHARASHTRA,SANGLI,1.474579721,0.434819929,0.709262337,0.209145287
28-05-2020,MAHARASHTRA,WARDHA,0.721762076,0.155098124,0.286850165,0.061640704
28-05-2020,MAHARASHTRA,BULDANA,0.594594264,0.197583332,0.279676844,0.092936454
28-05-2020,MAHARASHTRA,SINDHUDURG,1.280639246,0.224624458,0.35590533,0.062425888
27-05-2020,MAHARASHTRA,WASHIM,0.881717397,0.156218569,0.523676704,0.092782592
27-05-2020,MAHARASHTRA,SATARA,1.400517636,0.505635677,0.537812532,0.194169068
27-05-2020,MAHARASHTRA,PUNE,1.020691735,0.547376347,0.449963463,0.24130631
27-05-2020,MAHARASHTRA,PARBHANI,0.333944362,0.072342483,0.137122486,0.029704892
27-05-2020,MAHARASHTRA,JALNA,0.874527113,0.231938936,0.35376197,0.093823477
27-05-2020,MAHARASHTRA,GONDIYA,1.39104032,0.259069466,0.498020273,0.092752054
27-05-2020,MAHARASHTRA,MUMBAI,0.001437009,7.34E-06,1.84E-05,9.41E-08
27-05-2020,MAHARASHTRA,NASHIK,0.482855817,0.256137951,0.260104835,0.137976425
27-05-2020,MAHARASHTRA,GARHCHIROLI,1.656361782,0.816928909,0.36574776,0.180389286
27-05-2020,MAHARASHTRA,RATNAGIRI,0.6508706,0.185053195,0.247734641,0.070435025
27-05-2020,MAHARASHTRA,OSMANABAD,1.144577974,0.296976782,0.530848783,0.13773615
27-05-2020,MAHARASHTRA,BID,0.580763742,0.219481801,0.27893644,0.105415452
27-05-2020,MAHARASHTRA,LATUR,1.00042348,0.231506831,0.496791392,0.114961917
27-05-2020,MAHARASHTRA,YAVATMAL,0.322480684,0.14883598,0.146985379,0.067838832
27-05-2020,MAHARASHTRA,BHANDARA,1.361809316,0.178873513,0.588922121,0.077354859
27-05-2020,MAHARASHTRA,MUMBAI SUBURBAN,0.024804815,0.00038392,0.002455269,3.80E-05
27-05-2020,MAHARASHTRA,NANDURBAR,0.063038273,0.012654018,0.024760815,0.004970374
27-05-2020,MAHARASHTRA,NAGPUR,0.929513288,0.313958817,0.319845608,0.108033258
27-05-2020,MAHARASHTRA,CHANDRAPUR,1.23366674,0.475627543,0.540747047,0.208479471
27-05-2020,MAHARASHTRA,JALGAON,0.154710574,0.062009917,0.052665448,0.021108965
27-05-2020,MAHARASHTRA,HINGOLI,0.359058647,0.057510761,0.138924677,0.022251696
27-05-2020,MAHARASHTRA,AKOLA,0.647236146,0.119197839,0.351327864,0.064702076
27-05-2020,MAHARASHTRA,AURANGABAD,0.510864188,0.176301733,0.208484619,0.071949063
27-05-2020,MAHARASHTRA,DHULE,0.223010476,0.054542128,0.098270455,0.024034206
27-05-2020,MAHARASHTRA,KOLHAPUR,1.885456241,0.499402437,0.523322429,0.138612868
27-05-2020,MAHARASHTRA,RAIGARH,0.180942051,0.044363047,0.036278127,0.008894606
27-05-2020,MAHARASHTRA,AMRAVATI,0.780721145,0.324374702,0.287599295,0.119492006
27-05-2020,MAHARASHTRA,NANDED,0.818380144,0.296543699,0.36866359,0.133586898
27-05-2020,MAHARASHTRA,SOLAPUR,1.267654773,0.648933743,0.673921433,0.344991687
27-05-2020,MAHARASHTRA,AHMADNAGAR,0.666182048,0.388423753,0.36021688,0.210027864
27-05-2020,MAHARASHTRA,THANE,0.128833503,0.041894743,0.025037832,0.008141931
27-05-2020,MAHARASHTRA,SANGLI,1.568005576,0.462369083,0.753027522,0.222050642
27-05-2020,MAHARASHTRA,WARDHA,0.768486988,0.165138754,0.306036281,0.065763573
27-05-2020,MAHARASHTRA,BULDANA,0.659537123,0.219163807,0.31302913,0.1040194
27-05-2020,MAHARASHTRA,SINDHUDURG,1.353943589,0.237482059,0.371285916,0.065123647
26-05-2020,MAHARASHTRA,WASHIM,0.941946,0.166889591,0.555696274,0.09845567
26-05-2020,MAHARASHTRA,SATARA,1.479131968,0.534018191,0.561437308,0.202698436
26-05-2020,MAHARASHTRA,PUNE,1.086976319,0.58292343,0.478030187,0.256357928
26-05-2020,MAHARASHTRA,PARBHANI,0.362593826,0.078548826,0.148994949,0.032276827
26-05-2020,MAHARASHTRA,JALNA,0.900144724,0.238733146,0.363725094,0.096465861
26-05-2020,MAHARASHTRA,GONDIYA,1.433893787,0.267050561,0.520046423,0.096854237
26-05-2020,MAHARASHTRA,MUMBAI,0.001429982,7.30E-06,1.81E-05,9.24E-08
26-05-2020,MAHARASHTRA,NASHIK,0.521224315,0.276491084,0.279250947,0.148132761
26-05-2020,MAHARASHTRA,GARHCHIROLI,1.794539906,0.885079301,0.388466154,0.191594152
26-05-2020,MAHARASHTRA,RATNAGIRI,0.820703691,0.23333953,0.318533491,0.0905643
26-05-2020,MAHARASHTRA,OSMANABAD,1.272416153,0.330146188,0.595819254,0.154593648
26-05-2020,MAHARASHTRA,BID,0.628690626,0.237594293,0.30115832,0.113813528
26-05-2020,MAHARASHTRA,LATUR,1.097970881,0.254080161,0.54318643,0.125698138
26-05-2020,MAHARASHTRA,YAVATMAL,0.342021516,0.157854749,0.155795228,0.071904882
26-05-2020,MAHARASHTRA,BHANDARA,1.439911689,0.189132251,0.623924025,0.081952356
26-05-2020,MAHARASHTRA,MUMBAI SUBURBAN,0.024821806,0.000384183,0.002464371,3.81E-05
26-05-2020,MAHARASHTRA,NANDURBAR,0.067457197,0.013541053,0.026459939,0.005311449
26-05-2020,MAHARASHTRA,NAGPUR,0.992701302,0.335301636,0.342084776,0.115544913
26-05-2020,MAHARASHTRA,CHANDRAPUR,1.345638588,0.51879714,0.586660673,0.226180998
26-05-2020,MAHARASHTRA,JALGAON,0.166068826,0.066562445,0.056567557,0.022672978
26-05-2020,MAHARASHTRA,HINGOLI,0.390259148,0.062508175,0.150284703,0.024071242
26-05-2020,MAHARASHTRA,AKOLA,0.666926822,0.12282416,0.360722696,0.066432269
26-05-2020,MAHARASHTRA,AURANGABAD,0.539685728,0.186248188,0.220066567,0.07594605
26-05-2020,MAHARASHTRA,DHULE,0.241927467,0.059168695,0.106189338,0.025970944
26-05-2020,MAHARASHTRA,KOLHAPUR,2.106616909,0.557981456,0.568994702,0.150710123
26-05-2020,MAHARASHTRA,RAIGARH,0.191304024,0.046903577,0.038354441,0.009403673
26-05-2020,MAHARASHTRA,AMRAVATI,0.844579544,0.350906645,0.314440337,0.130643946
26-05-2020,MAHARASHTRA,NANDED,0.878013958,0.318152278,0.397066651,0.143878874
26-05-2020,MAHARASHTRA,SOLAPUR,1.387396597,0.710231591,0.735351625,0.376438832
26-05-2020,MAHARASHTRA,AHMADNAGAR,0.708407457,0.413043678,0.382278503,0.222891102
26-05-2020,MAHARASHTRA,THANE,0.141204771,0.045917696,0.027497634,0.008941822
26-05-2020,MAHARASHTRA,SANGLI,1.653088598,0.487458125,0.791113555,0.233281344
26-05-2020,MAHARASHTRA,WARDHA,0.810875311,0.174247503,0.323255143,0.069463703
26-05-2020,MAHARASHTRA,BULDANA,0.677533143,0.225143874,0.322036693,0.107012608
26-05-2020,MAHARASHTRA,SINDHUDURG,1.766435062,0.309833171,0.517542734,0.090777131
25-05-2020,MAHARASHTRA,WASHIM,0.983912893,0.174325089,0.581028034,0.102943832
25-05-2020,MAHARASHTRA,SATARA,1.481725522,0.534954555,0.565162147,0.204043232
25-05-2020,MAHARASHTRA,PUNE,1.147983677,0.615640443,0.502860904,0.269674139
25-05-2020,MAHARASHTRA,PARBHANI,0.385422801,0.083494275,0.159179944,0.034483207
25-05-2020,MAHARASHTRA,JALNA,0.93352865,0.247587111,0.377202403,0.100040265
25-05-2020,MAHARASHTRA,GONDIYA,1.496784229,0.278763373,0.541561775,0.100861289
25-05-2020,MAHARASHTRA,MUMBAI,0.001305852,6.67E-06,1.76E-05,8.98E-08
25-05-2020,MAHARASHTRA,NASHIK,0.574519938,0.304762528,0.307237819,0.162978808
25-05-2020,MAHARASHTRA,GARHCHIROLI,1.825739954,0.900467377,0.40137933,0.197963019
25-05-2020,MAHARASHTRA,RATNAGIRI,0.615946119,0.175123592,0.232553773,0.066118855
25-05-2020,MAHARASHTRA,OSMANABAD,1.363090147,0.353672825,0.642932747,0.166817904
25-05-2020,MAHARASHTRA,BID,0.667295992,0.252184004,0.320972174,0.121301565
25-05-2020,MAHARASHTRA,LATUR,1.15484816,0.267242066,0.571612166,0.132276104
25-05-2020,MAHARASHTRA,YAVATMAL,0.363923508,0.167963276,0.165487072,0.076378003
25-05-2020,MAHARASHTRA,BHANDARA,1.514153106,0.198883853,0.653731941,0.085867623
25-05-2020,MAHARASHTRA,MUMBAI SUBURBAN,0.02221239,0.000343795,0.00219422,3.40E-05
25-05-2020,MAHARASHTRA,NANDURBAR,0.063795269,0.012805974,0.02492209,0.005002748
25-05-2020,MAHARASHTRA,NAGPUR,1.049923213,0.354629303,0.362582755,0.122468451
25-05-2020,MAHARASHTRA,CHANDRAPUR,1.339281329,0.516346164,0.589074335,0.227111561
25-05-2020,MAHARASHTRA,JALGAON,0.182392529,0.073105187,0.061511424,0.024654541
25-05-2020,MAHARASHTRA,HINGOLI,0.412778548,0.066115128,0.159662468,0.025573288
25-05-2020,MAHARASHTRA,AKOLA,0.71583636,0.131831554,0.384487745,0.070808944
25-05-2020,MAHARASHTRA,AURANGABAD,0.568534844,0.196204159,0.23149942,0.079891583
25-05-2020,MAHARASHTRA,DHULE,0.263371223,0.064413239,0.114918719,0.028105906
25-05-2020,MAHARASHTRA,KOLHAPUR,1.642977078,0.43517677,0.446369917,0.118230389
25-05-2020,MAHARASHTRA,RAIGARH,0.201680989,0.049447783,0.040370802,0.009898041
25-05-2020,MAHARASHTRA,AMRAVATI,0.938416349,0.389894043,0.347099514,0.144213209
25-05-2020,MAHARASHTRA,NANDED,0.943828293,0.342000396,0.426673056,0.154606887
25-05-2020,MAHARASHTRA,SOLAPUR,1.420695313,0.727277763,0.755740702,0.386876343
25-05-2020,MAHARASHTRA,AHMADNAGAR,0.757930985,0.44191884,0.409036186,0.238492422
25-05-2020,MAHARASHTRA,THANE,0.150282045,0.04886949,0.029329691,0.00953758
25-05-2020,MAHARASHTRA,SANGLI,1.35531835,0.39965247,0.647049652,0.190800185
25-05-2020,MAHARASHTRA,WARDHA,0.867648182,0.18644732,0.34410076,0.073943179
25-05-2020,MAHARASHTRA,BULDANA,0.733416964,0.243714036,0.347895813,0.115605579
25-05-2020,MAHARASHTRA,SINDHUDURG,1.231578972,0.216019273,0.307991085,0.054021717
24-05-2020,MAHARASHTRA,WASHIM,1.034585322,0.183302994,0.610973602,0.108249448
24-05-2020,MAHARASHTRA,SATARA,1.61330365,0.582458845,0.608739954,0.219776339
24-05-2020,MAHARASHTRA,PUNE,1.232587283,0.661011647,0.538580777,0.288829985
24-05-2020,MAHARASHTRA,PARBHANI,0.398655353,0.086360847,0.1644143,0.035617127
24-05-2020,MAHARASHTRA,JALNA,0.99116861,0.262874174,0.400107141,0.106114977
24-05-2020,MAHARASHTRA,GONDIYA,1.570107394,0.292419191,0.56431329,0.105098566
24-05-2020,MAHARASHTRA,MUMBAI,0.001444676,7.38E-06,1.88E-05,9.58E-08
24-05-2020,MAHARASHTRA,NASHIK,0.623654808,0.330826841,0.333015582,0.176653
24-05-2020,MAHARASHTRA,GARHCHIROLI,1.933948118,0.953836381,0.424055468,0.209147044
24-05-2020,MAHARASHTRA,RATNAGIRI,0.730207054,0.207609851,0.273278356,0.077697522
24-05-2020,MAHARASHTRA,OSMANABAD,1.447054655,0.375458592,0.6922318,0.179609233
24-05-2020,MAHARASHTRA,BID,0.714020674,0.269842162,0.346296304,0.130872042
24-05-2020,MAHARASHTRA,LATUR,1.141098084,0.264060177,0.563739538,0.130454309
24-05-2020,MAHARASHTRA,YAVATMAL,0.383992365,0.177225747,0.174009502,0.080311399
24-05-2020,MAHARASHTRA,BHANDARA,1.590191918,0.208871544,0.68382111,0.089819832
24-05-2020,MAHARASHTRA,MUMBAI SUBURBAN,0.026114242,0.000404187,0.002621711,4.06E-05
24-05-2020,MAHARASHTRA,NANDURBAR,0.072299588,0.014513093,0.028056007,0.005631836
24-05-2020,MAHARASHTRA,NAGPUR,1.107607148,0.374113027,0.383264191,0.129453956
24-05-2020,MAHARASHTRA,CHANDRAPUR,1.406685084,0.542332989,0.619259718,0.238749225
24-05-2020,MAHARASHTRA,JALGAON,0.189816522,0.076080816,0.063838141,0.025587118
24-05-2020,MAHARASHTRA,HINGOLI,0.434790937,0.069640873,0.168912309,0.027054843
24-05-2020,MAHARASHTRA,AKOLA,0.748169584,0.137786182,0.402426148,0.074112559
24-05-2020,MAHARASHTRA,AURANGABAD,0.606467897,0.209295041,0.24699461,0.08523905
24-05-2020,MAHARASHTRA,DHULE,0.279078794,0.068254871,0.121359889,0.029681236
24-05-2020,MAHARASHTRA,KOLHAPUR,2.103615757,0.557186538,0.573307776,0.15185253
24-05-2020,MAHARASHTRA,RAIGARH,0.211090888,0.051754885,0.042272979,0.010364413
24-05-2020,MAHARASHTRA,AMRAVATI,1.001040103,0.415913015,0.380459395,0.158073601
24-05-2020,MAHARASHTRA,NANDED,0.963367486,0.34908051,0.431408851,0.156322923
24-05-2020,MAHARASHTRA,SOLAPUR,1.532472588,0.784498425,0.815540331,0.417488776
24-05-2020,MAHARASHTRA,AHMADNAGAR,0.8449572,0.492660299,0.457238883,0.266597462
24-05-2020,MAHARASHTRA,THANE,0.158773439,0.051630766,0.030844406,0.010030143
24-05-2020,MAHARASHTRA,SANGLI,1.653941475,0.487709619,0.790857669,0.233205889
24-05-2020,MAHARASHTRA,WARDHA,0.902570402,0.193951692,0.357253268,0.076769497
24-05-2020,MAHARASHTRA,BULDANA,0.777806215,0.258464558,0.368804574,0.122553548
24-05-2020,MAHARASHTRA,SINDHUDURG,1.523230763,0.267175073,0.372824548,0.065393523
23-05-2020,MAHARASHTRA,WASHIM,1.050242133,0.186076994,0.621319004,0.110082398
23-05-2020,MAHARASHTRA,SATARA,1.7207917,0.621265777,0.646414542,0.233378178
23-05-2020,MAHARASHTRA,PUNE,1.327000872,0.711643746,0.577897127,0.309914549
23-05-2020,MAHARASHTRA,PARBHANI,0.421193074,0.091243202,0.17372818,0.037634796
23-05-2020,MAHARASHTRA,JALNA,1.034343658,0.274324905,0.417958826,0.110849537
23-05-2020,MAHARASHTRA,GONDIYA,1.69022045,0.314789229,0.59494635,0.110803714
23-05-2020,MAHARASHTRA,MUMBAI,0.001773555,9.06E-06,2.58E-05,1.32E-07
23-05-2020,MAHARASHTRA,NASHIK,0.667680301,0.354180809,0.35540018,0.188527239
23-05-2020,MAHARASHTRA,GARHCHIROLI,2.083192255,1.027444605,0.456066908,0.224935304
23-05-2020,MAHARASHTRA,RATNAGIRI,0.814866511,0.231679924,0.308339373,0.087665945
23-05-2020,MAHARASHTRA,OSMANABAD,1.527779892,0.396403885,0.731851501,0.18988912
23-05-2020,MAHARASHTRA,BID,0.780451037,0.294947475,0.380014212,0.143614688
23-05-2020,MAHARASHTRA,LATUR,1.187230361,0.274735593,0.586322501,0.135680206
23-05-2020,MAHARASHTRA,YAVATMAL,0.39998955,0.184609,0.180736862,0.083416308
23-05-2020,MAHARASHTRA,BHANDARA,1.662045215,0.218309467,0.711830017,0.093498799
23-05-2020,MAHARASHTRA,MUMBAI SUBURBAN,0.029900271,0.000462785,0.002958944,4.58E-05
23-05-2020,MAHARASHTRA,NANDURBAR,0.07465479,0.014985866,0.028896024,0.005800457
23-05-2020,MAHARASHTRA,NAGPUR,1.159446691,0.391622708,0.401503467,0.135614579
23-05-2020,MAHARASHTRA,CHANDRAPUR,1.476515669,0.569255454,0.645589054,0.24890023
23-05-2020,MAHARASHTRA,JALGAON,0.199000874,0.079762018,0.06694185,0.026831123
23-05-2020,MAHARASHTRA,HINGOLI,0.453328506,0.072610053,0.175169595,0.028057079
23-05-2020,MAHARASHTRA,AKOLA,0.760952405,0.140140322,0.407724742,0.075088371
23-05-2020,MAHARASHTRA,AURANGABAD,0.650944299,0.224644066,0.263779077,0.091031451
23-05-2020,MAHARASHTRA,DHULE,0.295361167,0.072237085,0.128034912,0.03131376
23-05-2020,MAHARASHTRA,KOLHAPUR,2.315203148,0.613229875,0.624854206,0.165505678
23-05-2020,MAHARASHTRA,RAIGARH,0.233305063,0.057201316,0.046262821,0.011342635
23-05-2020,MAHARASHTRA,AMRAVATI,1.068735513,0.444039163,0.416704953,0.173132937
23-05-2020,MAHARASHTRA,NANDED,1.006951379,0.364873328,0.448656263,0.1625726
23-05-2020,MAHARASHTRA,SOLAPUR,1.592198537,0.81507314,0.843209117,0.431652891
23-05-2020,MAHARASHTRA,AHMADNAGAR,0.895938473,0.522385413,0.483344912,0.281818829
23-05-2020,MAHARASHTRA,THANE,0.173174707,0.056313844,0.03402644,0.011064893
23-05-2020,MAHARASHTRA,SANGLI,1.741173318,0.5134323,0.830908471,0.245015957
23-05-2020,MAHARASHTRA,WARDHA,0.941157136,0.202243524,0.373320257,0.080222103
23-05-2020,MAHARASHTRA,BULDANA,0.793400811,0.263646634,0.375383189,0.124739618
23-05-2020,MAHARASHTRA,SINDHUDURG,1.85656841,0.325642584,0.479974593,0.084187669
22-05-2020,MAHARASHTRA,WASHIM,1.079849392,0.19132267,0.640484225,0.113478003
22-05-2020,MAHARASHTRA,SATARA,1.705336272,0.615685828,0.640818373,0.231357766
22-05-2020,MAHARASHTRA,PUNE,1.320336941,0.708070015,0.572035194,0.306770913
22-05-2020,MAHARASHTRA,PARBHANI,0.444657901,0.096326395,0.18366143,0.039786639
22-05-2020,MAHARASHTRA,JALNA,1.067073831,0.283005484,0.432188368,0.114623445
22-05-2020,MAHARASHTRA,GONDIYA,1.839844648,0.342655467,0.628190448,0.116995145
22-05-2020,MAHARASHTRA,MUMBAI,0.001597282,8.16E-06,0.000024451,1.25E-07
22-05-2020,MAHARASHTRA,NASHIK,0.697724622,0.37011826,0.371837459,0.197246634
22-05-2020,MAHARASHTRA,GARHCHIROLI,2.358779221,1.163365973,0.503892524,0.248523224
22-05-2020,MAHARASHTRA,RATNAGIRI,0.780393904,0.221878796,0.290683866,0.082646194
22-05-2020,MAHARASHTRA,OSMANABAD,1.530266615,0.3970491,0.730498374,0.189538032
22-05-2020,MAHARASHTRA,BID,0.827934328,0.312892325,0.404142714,0.152733314
22-05-2020,MAHARASHTRA,LATUR,1.203718482,0.27855109,0.594344047,0.137536463
22-05-2020,MAHARASHTRA,YAVATMAL,0.424104627,0.195738942,0.19106532,0.088183248
22-05-2020,MAHARASHTRA,BHANDARA,1.741892441,0.228797391,0.741207462,0.097357523
22-05-2020,MAHARASHTRA,MUMBAI SUBURBAN,0.02597972,0.000402104,0.002526997,3.91E-05
22-05-2020,MAHARASHTRA,NANDURBAR,0.077963546,0.01565005,0.030054574,0.006033019
22-05-2020,MAHARASHTRA,NAGPUR,1.229234857,0.415194841,0.426425734,0.144032496
22-05-2020,MAHARASHTRA,CHANDRAPUR,1.559123633,0.601104107,0.674874771,0.260191038
22-05-2020,MAHARASHTRA,JALGAON,0.209416813,0.083936856,0.069993718,0.02805435
22-05-2020,MAHARASHTRA,HINGOLI,0.477599581,0.076497574,0.184834111,0.029605053
22-05-2020,MAHARASHTRA,AKOLA,0.783959063,0.144377329,0.420331153,0.077410023
22-05-2020,MAHARASHTRA,AURANGABAD,0.684764285,0.236315508,0.276236699,0.095330638
22-05-2020,MAHARASHTRA,DHULE,0.309727008,0.075750568,0.134024261,0.032778587
22-05-2020,MAHARASHTRA,KOLHAPUR,2.14868079,0.569122953,0.589551709,0.156155075
22-05-2020,MAHARASHTRA,RAIGARH,0.224299611,0.054993376,0.044599776,0.010934893
22-05-2020,MAHARASHTRA,AMRAVATI,1.106722649,0.459822091,0.435814252,0.181072485
22-05-2020,MAHARASHTRA,NANDED,1.036590101,0.375613051,0.460290273,0.166788236
22-05-2020,MAHARASHTRA,SOLAPUR,1.543274327,0.790028016,0.816227966,0.417840788
22-05-2020,MAHARASHTRA,AHMADNAGAR,0.938497425,0.547199813,0.504471496,0.294136884
22-05-2020,MAHARASHTRA,THANE,0.171542438,0.055783055,0.032542607,0.010582373
22-05-2020,MAHARASHTRA,SANGLI,1.700883879,0.501551863,0.809201018,0.238614925
22-05-2020,MAHARASHTRA,WARDHA,0.983454239,0.211332671,0.391334994,0.084093256
22-05-2020,MAHARASHTRA,BULDANA,0.80981526,0.269101146,0.381634104,0.126816793
22-05-2020,MAHARASHTRA,SINDHUDURG,1.57743254,0.276682079,0.404555736,0.070959182
21-05-2020,MAHARASHTRA,WASHIM,1.118470157,0.198165317,0.664955037,0.117813627
21-05-2020,MAHARASHTRA,SATARA,1.797898701,0.649104092,0.66991859,0.241863959
21-05-2020,MAHARASHTRA,PUNE,1.397642789,0.749527579,0.603638082,0.323718903
21-05-2020,MAHARASHTRA,PARBHANI,0.456996742,0.098999363,0.188869907,0.040914953
21-05-2020,MAHARASHTRA,JALNA,1.111637879,0.2948246,0.450280011,0.119421645
21-05-2020,MAHARASHTRA,GONDIYA,1.980231196,0.368801272,0.661948543,0.123282304
21-05-2020,MAHARASHTRA,MUMBAI,0.001618365,8.26E-06,2.54E-05,1.30E-07
21-05-2020,MAHARASHTRA,NASHIK,0.757604164,0.401882241,0.402498258,0.213511105
21-05-2020,MAHARASHTRA,GARHCHIROLI,2.500007018,1.233020484,0.533411575,0.263082221
21-05-2020,MAHARASHTRA,RATNAGIRI,0.825219742,0.234623518,0.305307793,0.086804017
21-05-2020,MAHARASHTRA,OSMANABAD,1.649772929,0.428056687,0.782979289,0.20315494
21-05-2020,MAHARASHTRA,BID,0.899622384,0.339984622,0.443382314,0.167562714
21-05-2020,MAHARASHTRA,LATUR,1.242769339,0.287587803,0.613890503,0.142059685
21-05-2020,MAHARASHTRA,YAVATMAL,0.436290987,0.201363368,0.196518996,0.090700308
21-05-2020,MAHARASHTRA,BHANDARA,1.845318828,0.242382437,0.776714555,0.102021376
21-05-2020,MAHARASHTRA,MUMBAI SUBURBAN,0.027071274,0.000418999,0.002631841,4.07E-05
21-05-2020,MAHARASHTRA,NANDURBAR,0.080327531,0.016124586,0.030870094,0.006196723
21-05-2020,MAHARASHTRA,NAGPUR,1.290413257,0.435858879,0.445972837,0.15063486
21-05-2020,MAHARASHTRA,CHANDRAPUR,1.635987474,0.630738171,0.694737505,0.267848911
21-05-2020,MAHARASHTRA,JALGAON,0.226645941,0.090842504,0.075027734,0.030072046
21-05-2020,MAHARASHTRA,HINGOLI,0.488063742,0.078173628,0.189469931,0.030347577
21-05-2020,MAHARASHTRA,AKOLA,0.832957294,0.153401057,0.448098879,0.082523849
21-05-2020,MAHARASHTRA,AURANGABAD,0.730866168,0.252225494,0.29356267,0.101309915
21-05-2020,MAHARASHTRA,DHULE,0.330969023,0.080945771,0.142903903,0.0349503
21-05-2020,MAHARASHTRA,KOLHAPUR,2.467155637,0.653477663,0.667658489,0.176843286
21-05-2020,MAHARASHTRA,RAIGARH,0.237693845,0.05827735,0.047494481,0.011644612
21-05-2020,MAHARASHTRA,AMRAVATI,1.143231468,0.474990807,0.457394327,0.190038594
21-05-2020,MAHARASHTRA,NANDED,1.059641043,0.383965663,0.46991076,0.170274262
21-05-2020,MAHARASHTRA,SOLAPUR,1.659636265,0.849595644,0.876821064,0.448859411
21-05-2020,MAHARASHTRA,AHMADNAGAR,1.010972012,0.589456807,0.542187359,0.316127475
21-05-2020,MAHARASHTRA,THANE,0.186661001,0.060699387,0.035578894,0.011569728
21-05-2020,MAHARASHTRA,SANGLI,1.771264969,0.522305642,0.841520585,0.248145228
21-05-2020,MAHARASHTRA,WARDHA,0.99500546,0.213814892,0.395550021,0.084999016
21-05-2020,MAHARASHTRA,BULDANA,0.859894825,0.285742556,0.405946332,0.134895733
21-05-2020,MAHARASHTRA,SINDHUDURG,1.876410352,0.329122865,0.462395333,0.081104262
20-05-2020,MAHARASHTRA,WASHIM,1.164429969,0.206308261,0.693788095,0.122922133
20-05-2020,MAHARASHTRA,SATARA,1.889970924,0.682345373,0.70063745,0.252954538
20-05-2020,MAHARASHTRA,PUNE,1.438032748,0.771187897,0.61894621,0.331928342
20-05-2020,MAHARASHTRA,PARBHANI,0.467176305,0.101204565,0.192077692,0.041609857
20-05-2020,MAHARASHTRA,JALNA,1.140965262,0.302602704,0.462560423,0.122678612
20-05-2020,MAHARASHTRA,GONDIYA,2.071641259,0.385825621,0.693726516,0.129200682
20-05-2020,MAHARASHTRA,MUMBAI,0.002011198,1.03E-05,2.79E-05,1.43E-07
20-05-2020,MAHARASHTRA,NASHIK,0.799872252,0.424303969,0.424946304,0.225419
20-05-2020,MAHARASHTRA,GARHCHIROLI,2.664183477,1.313993432,0.559641047,0.276018775
20-05-2020,MAHARASHTRA,RATNAGIRI,0.890525617,0.25319105,0.329415021,0.093658097
20-05-2020,MAHARASHTRA,OSMANABAD,1.628767542,0.422606545,0.77288189,0.200535029
20-05-2020,MAHARASHTRA,BID,0.92965836,0.351335795,0.459582819,0.173685197
20-05-2020,MAHARASHTRA,LATUR,1.208411519,0.2796371,0.60315944,0.139576422
20-05-2020,MAHARASHTRA,YAVATMAL,0.471955432,0.217823742,0.212120314,0.097900855
20-05-2020,MAHARASHTRA,BHANDARA,1.839117509,0.241567894,0.777571476,0.102133933
20-05-2020,MAHARASHTRA,MUMBAI SUBURBAN,0.026522848,0.000410511,0.002560924,0.000039637
20-05-2020,MAHARASHTRA,NANDURBAR,0.084933719,0.017049211,0.032474176,0.00651872
20-05-2020,MAHARASHTRA,NAGPUR,1.361870203,0.45999467,0.47099303,0.159085853
20-05-2020,MAHARASHTRA,CHANDRAPUR,1.714121688,0.660862015,0.734007335,0.282988991
20-05-2020,MAHARASHTRA,JALGAON,0.24325823,0.097500915,0.080309905,0.032189206
20-05-2020,MAHARASHTRA,HINGOLI,0.521316008,0.083499675,0.201764578,0.032316822
20-05-2020,MAHARASHTRA,AKOLA,0.881051056,0.162258215,0.474938426,0.087466737
20-05-2020,MAHARASHTRA,AURANGABAD,0.772927406,0.266741033,0.30833914,0.106409347
20-05-2020,MAHARASHTRA,DHULE,0.349145242,0.085391166,0.150162549,0.036725562
20-05-2020,MAHARASHTRA,KOLHAPUR,2.540773217,0.672976816,0.687992884,0.182229275
20-05-2020,MAHARASHTRA,RAIGARH,0.24880893,0.061002527,0.049568997,0.012153238
20-05-2020,MAHARASHTRA,AMRAVATI,1.203487882,0.500026194,0.488035844,0.202769558
20-05-2020,MAHARASHTRA,NANDED,1.121340232,0.40632264,0.495408023,0.179513309
20-05-2020,MAHARASHTRA,SOLAPUR,1.636038131,0.837515363,0.863209274,0.441891308
20-05-2020,MAHARASHTRA,AHMADNAGAR,1.04744814,0.610724559,0.558538718,0.32566129
20-05-2020,MAHARASHTRA,THANE,0.193943119,0.063067424,0.036588154,0.011897925
20-05-2020,MAHARASHTRA,SANGLI,1.793464492,0.528851775,0.849422185,0.25047523
20-05-2020,MAHARASHTRA,WARDHA,1.064329287,0.228711761,0.422486466,0.090787339
20-05-2020,MAHARASHTRA,BULDANA,0.89735386,0.298190172,0.423924138,0.140869748
20-05-2020,MAHARASHTRA,SINDHUDURG,1.848973966,0.324310516,0.461550554,0.080956088
19-05-2020,MAHARASHTRA,WASHIM,1.230427009,0.218001308,0.733794816,0.130010337
19-05-2020,MAHARASHTRA,SATARA,1.865176648,0.673393775,0.689327902,0.248871397
19-05-2020,MAHARASHTRA,PUNE,1.43224035,0.768081551,0.61867917,0.331785134
19-05-2020,MAHARASHTRA,PARBHANI,0.496587349,0.10757589,0.204814809,0.044369103
19-05-2020,MAHARASHTRA,JALNA,1.191614833,0.3160358,0.484162577,0.128407858
19-05-2020,MAHARASHTRA,GONDIYA,2.423158641,0.451292753,0.792443186,0.147585825
19-05-2020,MAHARASHTRA,MUMBAI,0.001813843,9.26E-06,2.56E-05,1.31E-07
19-05-2020,MAHARASHTRA,NASHIK,0.78138095,0.414494986,0.417877588,0.221669296
19-05-2020,MAHARASHTRA,GARHCHIROLI,4.881530181,2.407603925,0.92978428,0.458575938
19-05-2020,MAHARASHTRA,RATNAGIRI,0.925420482,0.263112232,0.347054112,0.09867318
19-05-2020,MAHARASHTRA,OSMANABAD,1.605468427,0.416561264,0.757566849,0.196561327
19-05-2020,MAHARASHTRA,BID,0.965552395,0.364900842,0.475372376,0.179652375
19-05-2020,MAHARASHTRA,LATUR,1.253913026,0.290166551,0.615826209,0.142507625
19-05-2020,MAHARASHTRA,YAVATMAL,0.561117848,0.258975278,0.251743487,0.116188319
19-05-2020,MAHARASHTRA,BHANDARA,3.707362007,0.486961615,1.533937658,0.201482552
19-05-2020,MAHARASHTRA,MUMBAI SUBURBAN,0.021646104,0.00033503,0.002074789,3.21E-05
19-05-2020,MAHARASHTRA,NANDURBAR,0.091260146,0.01831915,0.034704782,0.006966481
19-05-2020,MAHARASHTRA,NAGPUR,2.403204759,0.811723009,0.844910564,0.285382818
19-05-2020,MAHARASHTRA,CHANDRAPUR,2.839372677,1.094690979,1.181297184,0.455436999
19-05-2020,MAHARASHTRA,JALGAON,0.262006848,0.105015594,0.086788075,0.034785737
19-05-2020,MAHARASHTRA,HINGOLI,0.543755091,0.087093764,0.20952944,0.033560527
19-05-2020,MAHARASHTRA,AKOLA,0.929186933,0.171123128,0.502147853,0.092477744
19-05-2020,MAHARASHTRA,AURANGABAD,0.814201902,0.280985064,0.32360181,0.111676569
19-05-2020,MAHARASHTRA,DHULE,0.371393628,0.090832499,0.158849893,0.038850243
19-05-2020,MAHARASHTRA,KOLHAPUR,2.250910271,0.596200564,0.580675735,0.153804088
19-05-2020,MAHARASHTRA,RAIGARH,0.240618612,0.058994439,0.047639524,0.011680173
19-05-2020,MAHARASHTRA,AMRAVATI,1.223143782,0.508192845,0.4932292,0.204927298
19-05-2020,MAHARASHTRA,NANDED,1.136640847,0.411866886,0.500852485,0.181486134
19-05-2020,MAHARASHTRA,SOLAPUR,1.453867073,0.744258943,0.768254152,0.393282188
19-05-2020,MAHARASHTRA,AHMADNAGAR,1.039651904,0.60617889,0.5554572,0.323864581
19-05-2020,MAHARASHTRA,THANE,0.192383224,0.062560169,0.03559027,0.011573428
19-05-2020,MAHARASHTRA,SANGLI,1.764602785,0.520341116,0.837774883,0.247040706
19-05-2020,MAHARASHTRA,WARDHA,1.224310546,0.263089839,0.511129513,0.10983568
19-05-2020,MAHARASHTRA,BULDANA,0.946897434,0.314653473,0.446808147,0.148474091
19-05-2020,MAHARASHTRA,SINDHUDURG,2.063418099,0.361924073,0.51090357,0.08961262
18-05-2020,MAHARASHTRA,WASHIM,1.279666382,0.226725311,0.763286379,0.135235514
18-05-2020,MAHARASHTRA,SATARA,1.943275512,0.701590187,0.709205807,0.256048014
18-05-2020,MAHARASHTRA,PUNE,1.470754108,0.788735701,0.629395945,0.337532324
18-05-2020,MAHARASHTRA,PARBHANI,0.487602087,0.105629409,0.201891754,0.043735881
18-05-2020,MAHARASHTRA,JALNA,1.100824916,0.291956825,0.448375313,0.118916488
18-05-2020,MAHARASHTRA,GONDIYA,1.972623344,0.367384374,0.6591611,0.122763166
18-05-2020,MAHARASHTRA,MUMBAI,0.001976699,1.01E-05,2.63E-05,1.34E-07
18-05-2020,MAHARASHTRA,NASHIK,0.815642513,0.432669535,0.430047607,0.228125061
18-05-2020,MAHARASHTRA,GARHCHIROLI,3.152624553,1.554895896,0.597730033,0.294804522
18-05-2020,MAHARASHTRA,RATNAGIRI,0.973799533,0.276867191,0.358450908,0.101913477
18-05-2020,MAHARASHTRA,OSMANABAD,1.333115169,0.345895397,0.643527783,0.166972294
18-05-2020,MAHARASHTRA,BID,0.836751764,0.316224604,0.418708019,0.158237823
18-05-2020,MAHARASHTRA,LATUR,1.087495844,0.251656145,0.536918999,0.124247799
18-05-2020,MAHARASHTRA,YAVATMAL,0.45972087,0.212177069,0.208224239,0.096102682
18-05-2020,MAHARASHTRA,BHANDARA,1.634800823,0.214730919,0.685476205,0.090037229
18-05-2020,MAHARASHTRA,MUMBAI SUBURBAN,0.026423015,0.000408966,0.002595036,0.000040165
18-05-2020,MAHARASHTRA,NANDURBAR,0.094520987,0.018973716,0.03598632,0.007223731
18-05-2020,MAHARASHTRA,NAGPUR,1.405431475,0.474708225,0.466935175,0.157715244
18-05-2020,MAHARASHTRA,CHANDRAPUR,1.470052656,0.566763706,0.629670528,0.242763006
18-05-2020,MAHARASHTRA,JALGAON,0.268400612,0.107578294,0.087935049,0.035245458
18-05-2020,MAHARASHTRA,HINGOLI,0.557071923,0.089226733,0.216693492,0.034708
18-05-2020,MAHARASHTRA,AKOLA,0.975795444,0.179706756,0.526149384,0.096897971
18-05-2020,MAHARASHTRA,AURANGABAD,0.75566305,0.260783019,0.300441006,0.103683662
18-05-2020,MAHARASHTRA,DHULE,0.369361033,0.090335383,0.157720977,0.038574142
18-05-2020,MAHARASHTRA,KOLHAPUR,2.639902888,0.699233378,0.690600561,0.182919972
18-05-2020,MAHARASHTRA,RAIGARH,0.257422925,0.063114491,0.050842782,0.012465542
18-05-2020,MAHARASHTRA,AMRAVATI,1.23935141,0.514926805,0.497767573,0.206812905
18-05-2020,MAHARASHTRA,NANDED,1.114099046,0.403698764,0.489682926,0.177438795
18-05-2020,MAHARASHTRA,SOLAPUR,1.62984385,0.834344407,0.857960693,0.439204471
18-05-2020,MAHARASHTRA,AHMADNAGAR,1.02912774,0.600042677,0.544275328,0.317344885
18-05-2020,MAHARASHTRA,THANE,0.214031709,0.069599935,0.039631217,0.012887484
18-05-2020,MAHARASHTRA,SANGLI,1.814337129,0.535006639,0.872501589,0.257280819
18-05-2020,MAHARASHTRA,WARDHA,1.041055338,0.223710465,0.406012002,0.087247172
18-05-2020,MAHARASHTRA,BULDANA,0.938137222,0.31174246,0.441792743,0.146807475
18-05-2020,MAHARASHTRA,SINDHUDURG,2.298210397,0.403106704,0.540829221,0.094861586
17-05-2020,MAHARASHTRA,WASHIM,1.256124496,0.222554269,0.744655758,0.131934628
17-05-2020,MAHARASHTRA,SATARA,2.238101972,0.808032815,0.803860717,0.290221735
17-05-2020,MAHARASHTRA,PUNE,1.773911922,0.951313109,0.756837002,0.405876387
17-05-2020,MAHARASHTRA,PARBHANI,1.494489293,0.323751734,0.648226816,0.1404256
17-05-2020,MAHARASHTRA,JALNA,1.382367863,0.366626633,0.567462357,0.150500325
17-05-2020,MAHARASHTRA,GONDIYA,2.06745011,0.385045055,0.675965992,0.125892935
17-05-2020,MAHARASHTRA,MUMBAI,0.017505189,8.94E-05,0.000145792,7.45E-07
17-05-2020,MAHARASHTRA,NASHIK,0.749695805,0.397687136,0.386220422,0.204876288
17-05-2020,MAHARASHTRA,GARHCHIROLI,2.514135251,1.239988625,0.541435088,0.267039472
17-05-2020,MAHARASHTRA,RATNAGIRI,1.16182957,0.330327217,0.428098162,0.121715334
17-05-2020,MAHARASHTRA,OSMANABAD,2.689980536,0.697953116,1.210959199,0.31420032
17-05-2020,MAHARASHTRA,BID,1.480881015,0.559653451,0.658606345,0.24890002
17-05-2020,MAHARASHTRA,LATUR,2.99170529,0.692307031,1.411948244,0.326737296
17-05-2020,MAHARASHTRA,YAVATMAL,0.877267904,0.404889455,0.363936232,0.167969148
17-05-2020,MAHARASHTRA,BHANDARA,1.846868372,0.242585969,0.780012345,0.102454541
17-05-2020,MAHARASHTRA,MUMBAI SUBURBAN,0.08281456,0.001281773,0.007058874,0.000109255
17-05-2020,MAHARASHTRA,NANDURBAR,0.101965191,0.020468032,0.039429103,0.00791482
17-05-2020,MAHARASHTRA,NAGPUR,1.56902837,0.52996584,0.556452671,0.187951291
17-05-2020,MAHARASHTRA,CHANDRAPUR,1.900067032,0.732551333,0.813755725,0.313735164
17-05-2020,MAHARASHTRA,JALGAON,0.290815669,0.116562527,0.095190291,0.038153449
17-05-2020,MAHARASHTRA,HINGOLI,1.555762483,0.249187939,0.581739962,0.093177836
17-05-2020,MAHARASHTRA,AKOLA,1.068240144,0.196731776,0.56925528,0.104836541
17-05-2020,MAHARASHTRA,AURANGABAD,0.909753638,0.313960436,0.362323809,0.125039721
17-05-2020,MAHARASHTRA,DHULE,0.310230149,0.075873622,0.130146043,0.031830084
17-05-2020,MAHARASHTRA,KOLHAPUR,2.670850511,0.707430502,0.687138221,0.182002899
17-05-2020,MAHARASHTRA,RAIGARH,0.61859621,0.151666308,0.110058104,0.026983848
17-05-2020,MAHARASHTRA,AMRAVATI,1.359416776,0.564811667,0.546633298,0.227115679
17-05-2020,MAHARASHTRA,NANDED,2.300727299,0.833678809,0.979133662,0.354793454
17-05-2020,MAHARASHTRA,SOLAPUR,2.095671766,1.072809532,1.120388837,0.57354584
17-05-2020,MAHARASHTRA,AHMADNAGAR,1.155199387,0.673549944,0.609154804,0.355173478
17-05-2020,MAHARASHTRA,THANE,0.241281184,0.07846106,0.044276967,0.014398212
17-05-2020,MAHARASHTRA,SANGLI,1.916219632,0.565049466,0.907298539,0.267541646
17-05-2020,MAHARASHTRA,WARDHA,1.480933781,0.318235134,0.575915238,0.123757365
17-05-2020,MAHARASHTRA,BULDANA,1.037960698,0.344913744,0.488024913,0.162170398
17-05-2020,MAHARASHTRA,SINDHUDURG,2.442994082,0.4285018,0.550476427,0.096553709
16-05-2020,MAHARASHTRA,WASHIM,1.545862362,0.273888671,0.898060302,0.159114128
16-05-2020,MAHARASHTRA,SATARA,2.024333611,0.730854986,0.713522093,0.257606343
16-05-2020,MAHARASHTRA,PUNE,1.463676726,0.784940244,0.605245263,0.324580801
16-05-2020,MAHARASHTRA,PARBHANI,2.440955303,0.528784994,0.96323325,0.208665553
16-05-2020,MAHARASHTRA,JALNA,1.492365399,0.395799784,0.616393286,0.16347761
16-05-2020,MAHARASHTRA,GONDIYA,2.474094219,0.460779073,0.782573669,0.145747711
16-05-2020,MAHARASHTRA,MUMBAI,0.001947311,9.94E-06,2.50E-05,1.28E-07
16-05-2020,MAHARASHTRA,NASHIK,1.400362703,0.742842937,0.692006895,0.367085208
16-05-2020,MAHARASHTRA,GARHCHIROLI,3.35433906,1.654382865,0.77391031,0.381697834
16-05-2020,MAHARASHTRA,RATNAGIRI,1.09427818,0.311121247,0.447409772,0.127205942
16-05-2020,MAHARASHTRA,OSMANABAD,2.808054892,0.728589161,1.393427572,0.361544295
16-05-2020,MAHARASHTRA,BID,1.048066252,0.396084418,0.494435243,0.186856599
16-05-2020,MAHARASHTRA,LATUR,2.407441868,0.557103314,1.096422441,0.253721838
16-05-2020,MAHARASHTRA,YAVATMAL,1.324226999,0.611176524,0.501631812,0.231520417
16-05-2020,MAHARASHTRA,BHANDARA,2.372626334,0.311644223,0.952986178,0.125174636
16-05-2020,MAHARASHTRA,MUMBAI SUBURBAN,0.02284488,0.000353585,0.002266545,3.51E-05
16-05-2020,MAHARASHTRA,NANDURBAR,0.106011688,0.021280308,0.039862247,0.008001768
16-05-2020,MAHARASHTRA,NAGPUR,2.115415231,0.714517234,0.619493726,0.209244472
16-05-2020,MAHARASHTRA,CHANDRAPUR,3.7741932,1.455101432,1.343386696,0.517928946
16-05-2020,MAHARASHTRA,JALGAON,0.327808885,0.131389866,0.110527474,0.044300782
16-05-2020,MAHARASHTRA,HINGOLI,1.417128929,0.226982872,0.506497198,0.081126132
16-05-2020,MAHARASHTRA,AKOLA,1.198908529,0.220796237,0.651485257,0.119980374
16-05-2020,MAHARASHTRA,AURANGABAD,0.892569621,0.308030147,0.353438413,0.121973327
16-05-2020,MAHARASHTRA,DHULE,0.417686888,0.102154536,0.175476417,0.042916626
16-05-2020,MAHARASHTRA,KOLHAPUR,2.078526111,0.550541022,0.527054693,0.139601436
16-05-2020,MAHARASHTRA,RAIGARH,0.500917088,0.122813952,0.093017759,0.022805927
16-05-2020,MAHARASHTRA,AMRAVATI,1.258637312,0.522939728,0.48717668,0.202412592
16-05-2020,MAHARASHTRA,NANDED,1.479621052,0.536147295,0.589838005,0.213730435
16-05-2020,MAHARASHTRA,SOLAPUR,2.465497346,1.262129449,1.360166647,0.696292123
16-05-2020,MAHARASHTRA,AHMADNAGAR,1.447183476,0.843794033,0.777147145,0.453123004
16-05-2020,MAHARASHTRA,THANE,0.659154355,0.214347213,0.083542584,0.027166808
16-05-2020,MAHARASHTRA,SANGLI,1.439968763,0.424613947,0.687740601,0.202799018
16-05-2020,MAHARASHTRA,WARDHA,1.017497711,0.21864821,0.398854332,0.085709073
16-05-2020,MAHARASHTRA,BULDANA,1.117368269,0.371300834,0.53978988,0.179371867
16-05-2020,MAHARASHTRA,SINDHUDURG,1.976034144,0.346596905,0.450051686,0.078939183
15-05-2020,MAHARASHTRA,WASHIM,1.258746762,0.22301887,0.754420093,0.133664627
15-05-2020,MAHARASHTRA,SATARA,3.173668723,1.145805018,1.050997372,0.379446681
15-05-2020,MAHARASHTRA,PUNE,2.019605067,1.083073377,0.814302284,0.436693856
15-05-2020,MAHARASHTRA,PARBHANI,0.541284062,0.117258554,0.231371047,0.05012199
15-05-2020,MAHARASHTRA,JALNA,1.324650439,0.351319025,0.542273169,0.14381974
15-05-2020,MAHARASHTRA,GONDIYA,2.283422066,0.425268001,0.771926048,0.143764682
15-05-2020,MAHARASHTRA,MUMBAI,0.002303849,1.18E-05,2.79E-05,1.43E-07
15-05-2020,MAHARASHTRA,NASHIK,0.787052487,0.417503536,0.389293576,0.206506488
15-05-2020,MAHARASHTRA,GARHCHIROLI,2.332088741,1.150202047,0.511460544,0.252255823
15-05-2020,MAHARASHTRA,RATNAGIRI,1.510744991,0.429529598,0.502679387,0.142920001
15-05-2020,MAHARASHTRA,OSMANABAD,2.864729833,0.743294268,1.436152392,0.372629847
15-05-2020,MAHARASHTRA,BID,1.111471455,0.420046465,0.561428064,0.212174476
15-05-2020,MAHARASHTRA,LATUR,1.542564686,0.356963095,0.717853149,0.16611756
15-05-2020,MAHARASHTRA,YAVATMAL,0.562342227,0.259540371,0.256253115,0.118269669
15-05-2020,MAHARASHTRA,BHANDARA,1.840005807,0.241684572,0.773984888,0.101662835
15-05-2020,MAHARASHTRA,MUMBAI SUBURBAN,0.03178071,0.00049189,0.003182905,4.93E-05
15-05-2020,MAHARASHTRA,NANDURBAR,0.126172421,0.025327282,0.048120203,0.009659432
15-05-2020,MAHARASHTRA,NAGPUR,1.357472656,0.458509324,0.473786285,0.160029322
15-05-2020,MAHARASHTRA,CHANDRAPUR,1.631715873,0.629091299,0.690354647,0.266159145
15-05-2020,MAHARASHTRA,JALGAON,0.368984962,0.147893749,0.108424074,0.043457713
15-05-2020,MAHARASHTRA,HINGOLI,1.814094736,0.290565258,0.634883235,0.101689844
15-05-2020,MAHARASHTRA,AKOLA,1.115808334,0.205492141,0.585505372,0.107829229
15-05-2020,MAHARASHTRA,AURANGABAD,1.053415176,0.363538736,0.397974614,0.137342988
15-05-2020,MAHARASHTRA,DHULE,0.468043983,0.114470474,0.198011933,0.048428183
15-05-2020,MAHARASHTRA,KOLHAPUR,2.84104975,0.752511323,0.782768624,0.207332607
15-05-2020,MAHARASHTRA,RAIGARH,0.690376732,0.169265328,0.128897582,0.031602878
15-05-2020,MAHARASHTRA,AMRAVATI,1.356068828,0.563420659,0.554784963,0.23050254
15-05-2020,MAHARASHTRA,NANDED,1.371470533,0.496958471,0.574948247,0.208335064
15-05-2020,MAHARASHTRA,SOLAPUR,3.17349635,1.624566016,1.673024355,0.856449232
15-05-2020,MAHARASHTRA,AHMADNAGAR,1.213860579,0.707752908,0.691328055,0.403085371
15-05-2020,MAHARASHTRA,THANE,0.775182596,0.252077875,0.127092924,0.041328733
15-05-2020,MAHARASHTRA,SANGLI,2.70716528,0.798281298,1.30106228,0.383653593
15-05-2020,MAHARASHTRA,WARDHA,1.218392716,0.261818168,0.479993557,0.103144932
15-05-2020,MAHARASHTRA,BULDANA,1.084548484,0.360394838,0.513486333,0.170631214
15-05-2020,MAHARASHTRA,SINDHUDURG,1.725356035,0.302627899,0.37894777,0.066467538
14-05-2020,MAHARASHTRA,WASHIM,1.83919652,0.325860246,1.046642009,0.185439141
14-05-2020,MAHARASHTRA,SATARA,1.463584143,0.528404885,0.564873047,0.203938857
14-05-2020,MAHARASHTRA,PUNE,1.584616424,0.84979776,0.675994865,0.362522383
14-05-2020,MAHARASHTRA,PARBHANI,1.601433017,0.34691899,0.646254643,0.139998367
14-05-2020,MAHARASHTRA,JALNA,3.399773492,0.901675699,1.416835893,0.37576812
14-05-2020,MAHARASHTRA,GONDIYA,2.527248841,0.47067867,0.822565559,0.153195862
14-05-2020,MAHARASHTRA,MUMBAI,0.002634438,1.35E-05,3.13E-05,0.00000016
14-05-2020,MAHARASHTRA,NASHIK,2.072964186,1.099634259,1.149954345,0.61001015
14-05-2020,MAHARASHTRA,GARHCHIROLI,2.54792006,1.256651523,0.568702231,0.280487813
14-05-2020,MAHARASHTRA,RATNAGIRI,1.019190524,0.289772595,0.389324633,0.110691383
14-05-2020,MAHARASHTRA,OSMANABAD,3.846438069,0.998012216,1.872444702,0.485831996
14-05-2020,MAHARASHTRA,BID,3.195507616,1.20764386,1.586545883,0.599586239
14-05-2020,MAHARASHTRA,LATUR,1.78244081,0.412472549,0.85691018,0.198296585
14-05-2020,MAHARASHTRA,YAVATMAL,1.794656783,0.828296127,0.711173155,0.328230988
14-05-2020,MAHARASHTRA,BHANDARA,2.06957669,0.271838684,0.852300662,0.111949604
14-05-2020,MAHARASHTRA,MUMBAI SUBURBAN,0.035352318,0.00054717,0.003536369,5.47E-05
14-05-2020,MAHARASHTRA,NANDURBAR,0.23167636,0.046505666,0.086689558,0.01740167
14-05-2020,MAHARASHTRA,NAGPUR,2.162944829,0.730571159,0.760063713,0.25672436
14-05-2020,MAHARASHTRA,CHANDRAPUR,2.189198377,0.844022954,0.904093483,0.348563959
14-05-2020,MAHARASHTRA,JALGAON,0.561918211,0.225223787,0.191864428,0.076901642
14-05-2020,MAHARASHTRA,HINGOLI,1.786086989,0.286079231,0.591065641,0.094671539
14-05-2020,MAHARASHTRA,AKOLA,1.363621505,0.251130499,0.755024357,0.139048587
14-05-2020,MAHARASHTRA,AURANGABAD,2.673209534,0.922537701,1.159626029,0.400192621
14-05-2020,MAHARASHTRA,DHULE,1.21312782,0.296697151,0.514487948,0.125829369
14-05-2020,MAHARASHTRA,KOLHAPUR,2.824713982,0.748184453,0.685989928,0.18169875
14-05-2020,MAHARASHTRA,RAIGARH,0.238445608,0.058461666,0.049524627,0.012142359
14-05-2020,MAHARASHTRA,AMRAVATI,1.446557852,0.601017118,0.5957942,0.247541094
14-05-2020,MAHARASHTRA,NANDED,2.232052699,0.808794261,0.844610266,0.306048301
14-05-2020,MAHARASHTRA,SOLAPUR,2.960067952,1.515308439,1.592594286,0.81527573
14-05-2020,MAHARASHTRA,AHMADNAGAR,3.3626523,1.960626274,1.834657032,1.06971416
14-05-2020,MAHARASHTRA,THANE,0.306281698,0.099598262,0.040410652,0.013140944
14-05-2020,MAHARASHTRA,SANGLI,2.962572022,0.873594921,1.426583497,0.420666937
14-05-2020,MAHARASHTRA,WARDHA,1.33447029,0.286761864,0.515178507,0.110705761
14-05-2020,MAHARASHTRA,BULDANA,2.222735938,0.738613875,1.03134273,0.342714597
14-05-2020,MAHARASHTRA,SINDHUDURG,2.095141679,0.367488397,0.451424002,0.079179888
13-05-2020,MAHARASHTRA,WASHIM,0.310652567,0.05503997,0.188882927,0.033465395
13-05-2020,MAHARASHTRA,SATARA,1.436180375,0.518511169,0.558711825,0.201714441
13-05-2020,MAHARASHTRA,PUNE,0.530166033,0.284317328,0.214295925,0.114922573
13-05-2020,MAHARASHTRA,PARBHANI,0.35014757,0.075852589,0.144950657,0.031400711
13-05-2020,MAHARASHTRA,JALNA,0.744207297,0.197375983,0.304063625,0.080642661
13-05-2020,MAHARASHTRA,GONDIYA,2.710142623,0.504741087,0.85357897,0.158971847
13-05-2020,MAHARASHTRA,MUMBAI,0.002366459,1.21E-05,3.09E-05,1.58E-07
13-05-2020,MAHARASHTRA,NASHIK,0.081954471,0.043473951,0.045306242,0.024033361
13-05-2020,MAHARASHTRA,GARHCHIROLI,2.762067541,1.362270519,0.59802799,0.294951477
13-05-2020,MAHARASHTRA,RATNAGIRI,1.039535759,0.295557079,0.410863827,0.11681533
13-05-2020,MAHARASHTRA,OSMANABAD,1.136629195,0.29491436,0.518009662,0.13440486
13-05-2020,MAHARASHTRA,BID,0.70745792,0.26736197,0.330591066,0.12493673
13-05-2020,MAHARASHTRA,LATUR,1.090613921,0.252377695,0.544134191,0.125917458
13-05-2020,MAHARASHTRA,YAVATMAL,0.354959284,0.163825976,0.16106221,0.074335776
13-05-2020,MAHARASHTRA,BHANDARA,2.476384837,0.325272892,1.100886453,0.144601321
13-05-2020,MAHARASHTRA,MUMBAI SUBURBAN,0.035540147,0.000550077,0.003525412,0.000054565
13-05-2020,MAHARASHTRA,NANDURBAR,0.18320597,0.036775939,0.075034347,0.015062056
13-05-2020,MAHARASHTRA,NAGPUR,1.206180725,0.407407918,0.422755053,0.142792661
13-05-2020,MAHARASHTRA,CHANDRAPUR,1.806737135,0.696568949,0.752546144,0.290136438
13-05-2020,MAHARASHTRA,JALGAON,0.188201666,0.075433561,0.050918744,0.020408864
13-05-2020,MAHARASHTRA,HINGOLI,0.412664121,0.0660968,0.189328937,0.030324994
13-05-2020,MAHARASHTRA,AKOLA,0.556527139,0.102492471,0.280592995,0.051675233
13-05-2020,MAHARASHTRA,AURANGABAD,0.226994284,0.078336839,0.091339099,0.031521571
13-05-2020,MAHARASHTRA,DHULE,0.080465,0.01967949,0.027672695,0.006767968
13-05-2020,MAHARASHTRA,KOLHAPUR,2.928454851,0.775662388,0.795743172,0.210769187
13-05-2020,MAHARASHTRA,RAIGARH,0.28082288,0.06885165,0.057859097,0.014185789
13-05-2020,MAHARASHTRA,AMRAVATI,1.181265917,0.490793393,0.476889102,0.1981383
13-05-2020,MAHARASHTRA,NANDED,1.024393353,0.371193505,0.467555397,0.169420786
13-05-2020,MAHARASHTRA,SOLAPUR,1.783344563,0.912923997,0.968347804,0.495713485
13-05-2020,MAHARASHTRA,AHMADNAGAR,0.33828137,0.197238157,0.186763183,0.108894043
13-05-2020,MAHARASHTRA,THANE,0.103854354,0.033771894,0.026488266,0.008613591
13-05-2020,MAHARASHTRA,SANGLI,1.648231028,0.486025739,0.777312408,0.229211701
13-05-2020,MAHARASHTRA,WARDHA,1.192905494,0.256341265,0.473833168,0.101821137
13-05-2020,MAHARASHTRA,BULDANA,0.606294132,0.201471192,0.285133493,0.094749696
13-05-2020,MAHARASHTRA,SINDHUDURG,2.450050031,0.429739415,0.546417703,0.095841808
12-05-2020,MAHARASHTRA,WASHIM,0.40993979,0.072631217,0.248750772,0.0440725
12-05-2020,MAHARASHTRA,SATARA,1.533872921,0.553781583,0.579390421,0.209180135
12-05-2020,MAHARASHTRA,PUNE,0.65496013,0.35124188,0.25714164,0.137899864
12-05-2020,MAHARASHTRA,PARBHANI,0.467308636,0.101233232,0.192667271,0.041737578
12-05-2020,MAHARASHTRA,JALNA,1.008759959,0.267539688,0.411289503,0.109080723
12-05-2020,MAHARASHTRA,GONDIYA,2.274490294,0.423604534,0.786521156,0.146482897
12-05-2020,MAHARASHTRA,MUMBAI,0.00241429,1.23E-05,3.16E-05,1.62E-07
12-05-2020,MAHARASHTRA,NASHIK,0.120730895,0.064043474,0.065789858,0.034899195
12-05-2020,MAHARASHTRA,GARHCHIROLI,2.807940003,1.384895129,0.609675714,0.300696214
12-05-2020,MAHARASHTRA,RATNAGIRI,1.288780923,0.36642157,0.513061556,0.145871822
12-05-2020,MAHARASHTRA,OSMANABAD,1.215062857,0.315265072,0.564909023,0.146573556
12-05-2020,MAHARASHTRA,BID,0.895762435,0.338525873,0.419401544,0.158499919
12-05-2020,MAHARASHTRA,LATUR,1.266733398,0.293133298,0.625446759,0.144733905
12-05-2020,MAHARASHTRA,YAVATMAL,0.445624196,0.205670967,0.202553107,0.093485259
12-05-2020,MAHARASHTRA,BHANDARA,1.942454844,0.255141242,0.827806,0.108732232
12-05-2020,MAHARASHTRA,MUMBAI SUBURBAN,0.035876756,0.000555287,0.003542393,5.48E-05
12-05-2020,MAHARASHTRA,NANDURBAR,0.067980826,0.013646164,0.026267544,0.005272828
12-05-2020,MAHARASHTRA,NAGPUR,1.318155981,0.445229452,0.475693103,0.160673382
12-05-2020,MAHARASHTRA,CHANDRAPUR,1.995136984,0.769204577,0.838239089,0.323174473
12-05-2020,MAHARASHTRA,JALGAON,0.206133132,0.082620716,0.061814681,0.024776091
12-05-2020,MAHARASHTRA,HINGOLI,0.37738581,0.06044624,0.146828722,0.023517694
12-05-2020,MAHARASHTRA,AKOLA,0.699030121,0.128736443,0.355739787,0.065514595
12-05-2020,MAHARASHTRA,AURANGABAD,0.321572194,0.110976139,0.129263352,0.044609416
12-05-2020,MAHARASHTRA,DHULE,0.081812431,0.020009033,0.030420629,0.007440036
12-05-2020,MAHARASHTRA,KOLHAPUR,2.089313821,0.553398372,0.576203279,0.152619465
12-05-2020,MAHARASHTRA,RAIGARH,0.37310365,0.091476883,0.074804664,0.018340473
12-05-2020,MAHARASHTRA,AMRAVATI,1.452872267,0.603640636,0.595503413,0.247420277
12-05-2020,MAHARASHTRA,NANDED,1.067821063,0.38692973,0.480985818,0.174287359
12-05-2020,MAHARASHTRA,SOLAPUR,1.270486146,0.65038317,0.660575073,0.338159461
12-05-2020,MAHARASHTRA,AHMADNAGAR,0.459826496,0.268106194,0.249763044,0.145626709
12-05-2020,MAHARASHTRA,THANE,0.127688572,0.041522429,0.030631037,0.009960759
12-05-2020,MAHARASHTRA,SANGLI,1.883390932,0.555369031,0.884356872,0.260776672
12-05-2020,MAHARASHTRA,WARDHA,1.375846607,0.295653144,0.54453445,0.117014006
12-05-2020,MAHARASHTRA,BULDANA,0.812172031,0.269884299,0.384015667,0.127608186
12-05-2020,MAHARASHTRA,SINDHUDURG,0.505812759,0.08871969,0.141830565,0.024877118
11-05-2020,MAHARASHTRA,WASHIM,0.41440519,0.073422375,0.249985911,0.044291336
11-05-2020,MAHARASHTRA,SATARA,1.836496839,0.663039365,0.730211096,0.263631655
11-05-2020,MAHARASHTRA,PUNE,0.418169883,0.224256056,0.174539561,0.093602039
11-05-2020,MAHARASHTRA,PARBHANI,0.481525307,0.104312994,0.195607646,0.042374552
11-05-2020,MAHARASHTRA,JALNA,1.003759054,0.266213366,0.411460913,0.109126184
11-05-2020,MAHARASHTRA,GONDIYA,2.443224183,0.45502979,0.836564064,0.155802965
11-05-2020,MAHARASHTRA,MUMBAI,0.002972694,1.52E-05,3.51E-05,1.79E-07
11-05-2020,MAHARASHTRA,NASHIK,0.076566032,0.040615575,0.044917798,0.023827305
11-05-2020,MAHARASHTRA,GARHCHIROLI,3.024054448,1.491484245,0.653778024,0.322447773
11-05-2020,MAHARASHTRA,RATNAGIRI,1.096192265,0.311665453,0.430458064,0.122386293
11-05-2020,MAHARASHTRA,OSMANABAD,1.445337589,0.375013076,0.654187149,0.169738016
11-05-2020,MAHARASHTRA,BID,0.908878977,0.343482867,0.423732003,0.160136483
11-05-2020,MAHARASHTRA,LATUR,1.63688057,0.378788623,0.787044698,0.182129096
11-05-2020,MAHARASHTRA,YAVATMAL,0.461301492,0.212906581,0.207912184,0.095958658
11-05-2020,MAHARASHTRA,BHANDARA,2.041674635,0.268173752,0.865794885,0.113722068
11-05-2020,MAHARASHTRA,MUMBAI SUBURBAN,0.03851052,0.000596051,0.003828225,5.93E-05
11-05-2020,MAHARASHTRA,NANDURBAR,0.073120614,0.014677902,0.027441158,0.005508414
11-05-2020,MAHARASHTRA,NAGPUR,1.380959473,0.466442393,0.496404791,0.167669105
11-05-2020,MAHARASHTRA,CHANDRAPUR,2.12996383,0.821185683,0.882505234,0.340240831
11-05-2020,MAHARASHTRA,JALGAON,0.223403595,0.089542931,0.06719648,0.026933183
11-05-2020,MAHARASHTRA,HINGOLI,0.300458897,0.048124784,0.123804939,0.019829953
11-05-2020,MAHARASHTRA,AKOLA,0.68073926,0.125367919,0.341450084,0.06288294
11-05-2020,MAHARASHTRA,AURANGABAD,0.359971602,0.124227963,0.144106559,0.049731879
11-05-2020,MAHARASHTRA,DHULE,0.084512023,0.020669278,0.030850401,0.007545146
11-05-2020,MAHARASHTRA,KOLHAPUR,2.163871764,0.573146599,0.586516984,0.155351265
11-05-2020,MAHARASHTRA,RAIGARH,0.215088386,0.052734984,0.042645083,0.010455645
11-05-2020,MAHARASHTRA,AMRAVATI,1.376661784,0.571976638,0.550804743,0.228848835
11-05-2020,MAHARASHTRA,NANDED,1.123138706,0.406974325,0.505834434,0.183291366
11-05-2020,MAHARASHTRA,SOLAPUR,1.197710651,0.613128174,0.616059127,0.315371002
11-05-2020,MAHARASHTRA,AHMADNAGAR,0.390379309,0.227614354,0.221383972,0.129080022
11-05-2020,MAHARASHTRA,THANE,0.04778151,0.015537838,0.015518961,0.005046536
11-05-2020,MAHARASHTRA,SANGLI,1.902243021,0.560928082,0.897656043,0.264698294
11-05-2020,MAHARASHTRA,WARDHA,1.413823702,0.303813973,0.559264915,0.120179408
11-05-2020,MAHARASHTRA,BULDANA,0.875942536,0.291075202,0.415430531,0.138047327
11-05-2020,MAHARASHTRA,SINDHUDURG,0.61788899,0.10837789,0.160395979,0.028133497
10-05-2020,MAHARASHTRA,WASHIM,0.225936363,0.040030349,0.13196727,0.023381344
10-05-2020,MAHARASHTRA,SATARA,1.017977982,0.36752553,0.350176023,0.126425749
10-05-2020,MAHARASHTRA,PUNE,0.445979607,0.239169849,0.186400289,0.099962707
10-05-2020,MAHARASHTRA,PARBHANI,0.74652875,0.161720782,0.361321888,0.078273286
10-05-2020,MAHARASHTRA,JALNA,0.151915171,0.040290395,0.062295352,0.016521749
10-05-2020,MAHARASHTRA,GONDIYA,2.984853947,0.555903742,0.950591366,0.177039583
10-05-2020,MAHARASHTRA,MUMBAI,0.003504351,1.79E-05,3.88E-05,1.98E-07
10-05-2020,MAHARASHTRA,NASHIK,0.068870801,0.036533527,0.038617465,0.020485201
10-05-2020,MAHARASHTRA,GARHCHIROLI,3.950219925,1.948275365,0.886734785,0.437343634
10-05-2020,MAHARASHTRA,RATNAGIRI,1.271009264,0.361368796,0.495034003,0.140746292
10-05-2020,MAHARASHTRA,OSMANABAD,0.611372948,0.158629272,0.304001112,0.078877345
10-05-2020,MAHARASHTRA,BID,0.504179291,0.190539062,0.206333065,0.077977238
10-05-2020,MAHARASHTRA,LATUR,1.158644664,0.26812061,0.634398717,0.146805467
10-05-2020,MAHARASHTRA,YAVATMAL,0.875101803,0.403889725,0.346065589,0.159721229
10-05-2020,MAHARASHTRA,BHANDARA,2.287605939,0.300476803,0.943686876,0.123953173
10-05-2020,MAHARASHTRA,MUMBAI SUBURBAN,0.039208201,0.00060685,0.003884391,6.01E-05
10-05-2020,MAHARASHTRA,NANDURBAR,0.057736264,0.011589717,0.023340989,0.004685365
10-05-2020,MAHARASHTRA,NAGPUR,1.898650077,0.641301141,0.693033287,0.234083701
10-05-2020,MAHARASHTRA,CHANDRAPUR,2.678903416,1.032823703,1.068759632,0.412049301
10-05-2020,MAHARASHTRA,JALGAON,0.078444421,0.031441497,0.030120149,0.012072529
10-05-2020,MAHARASHTRA,HINGOLI,0.286949788,0.045961017,0.106413823,0.017044402
10-05-2020,MAHARASHTRA,AKOLA,0.195109283,0.035932179,0.114252502,0.02104124
10-05-2020,MAHARASHTRA,AURANGABAD,0.184035699,0.063511621,0.07603396,0.026239692
10-05-2020,MAHARASHTRA,DHULE,0.05443667,0.013313688,0.0202975,0.004964201
10-05-2020,MAHARASHTRA,KOLHAPUR,2.472277547,0.654834308,0.695926518,0.184330663
10-05-2020,MAHARASHTRA,RAIGARH,0.254953792,0.062509113,0.0506721,0.012423695
10-05-2020,MAHARASHTRA,AMRAVATI,0.199521461,0.08289735,0.088166766,0.036631605
10-05-2020,MAHARASHTRA,NANDED,2.269992145,0.822541789,0.956748241,0.346681997
10-05-2020,MAHARASHTRA,SOLAPUR,0.860399406,0.440452889,0.452606364,0.23169679
10-05-2020,MAHARASHTRA,AHMADNAGAR,0.297076296,0.173213148,0.161897676,0.094395973
10-05-2020,MAHARASHTRA,THANE,0.049201809,0.015999698,0.01584138,0.005151382
10-05-2020,MAHARASHTRA,SANGLI,1.667407325,0.491680391,0.792419309,0.233666381
10-05-2020,MAHARASHTRA,WARDHA,2.015298555,0.433063796,0.727329033,0.156294397
10-05-2020,MAHARASHTRA,BULDANA,0.146009208,0.048518776,0.071867128,0.023881406
10-05-2020,MAHARASHTRA,SINDHUDURG,0.554625955,0.097281537,0.158281982,0.027762701
09-05-2020,MAHARASHTRA,WASHIM,0.208116424,0.036873096,0.131022521,0.023213958
09-05-2020,MAHARASHTRA,SATARA,1.229994607,0.444070921,0.430465095,0.155412902
09-05-2020,MAHARASHTRA,PUNE,0.499590491,0.267920282,0.208874483,0.112015163
09-05-2020,MAHARASHTRA,PARBHANI,0.161127221,0.034905046,0.069411593,0.015036658
09-05-2020,MAHARASHTRA,JALNA,0.198881354,0.052746597,0.081477224,0.021609096
09-05-2020,MAHARASHTRA,GONDIYA,5.440123891,1.013176953,1.555526943,0.289703705
09-05-2020,MAHARASHTRA,MUMBAI,0.003380222,1.73E-05,0.000038276,1.96E-07
09-05-2020,MAHARASHTRA,NASHIK,0.07469671,0.039623965,0.04235185,0.02246616
09-05-2020,MAHARASHTRA,GARHCHIROLI,5.98501433,2.951849821,1.036072979,0.510998248
09-05-2020,MAHARASHTRA,RATNAGIRI,1.397147593,0.397231993,0.543952624,0.154654659
09-05-2020,MAHARASHTRA,OSMANABAD,1.005232187,0.260821567,0.484376526,0.125678272
09-05-2020,MAHARASHTRA,BID,0.324980725,0.122816474,0.148697913,0.056195805
09-05-2020,MAHARASHTRA,LATUR,1.408722345,0.325990795,0.734040171,0.16986338
09-05-2020,MAHARASHTRA,YAVATMAL,0.313856899,0.144855806,0.14321594,0.066099106
09-05-2020,MAHARASHTRA,BHANDARA,2.574890062,0.338211543,0.985697788,0.129471302
09-05-2020,MAHARASHTRA,MUMBAI SUBURBAN,0.038645369,0.000598139,0.003810813,5.90E-05
09-05-2020,MAHARASHTRA,NANDURBAR,0.058405368,0.01172403,0.023417453,0.004700714
09-05-2020,MAHARASHTRA,NAGPUR,0.847892733,0.286390096,0.303320699,0.102451691
09-05-2020,MAHARASHTRA,CHANDRAPUR,2.855726397,1.100995988,1.118852554,0.431362113
09-05-2020,MAHARASHTRA,JALGAON,0.089748671,0.03597238,0.033810419,0.013551635
09-05-2020,MAHARASHTRA,HINGOLI,0.188740065,0.030230674,0.073863596,0.011830802
09-05-2020,MAHARASHTRA,AKOLA,0.242506107,0.044660985,0.141413503,0.026043329
09-05-2020,MAHARASHTRA,AURANGABAD,0.238496185,0.082306201,0.098094802,0.033852996
09-05-2020,MAHARASHTRA,DHULE,0.059848719,0.014637324,0.022420548,0.005483439
09-05-2020,MAHARASHTRA,KOLHAPUR,2.39239513,0.633675782,0.626669776,0.16598657
09-05-2020,MAHARASHTRA,RAIGARH,0.270335034,0.066280258,0.0534462,0.013103844
09-05-2020,MAHARASHTRA,AMRAVATI,0.266643974,0.110785471,0.118973623,0.049431265
09-05-2020,MAHARASHTRA,NANDED,0.664892332,0.240926705,0.30522971,0.110601348
09-05-2020,MAHARASHTRA,SOLAPUR,0.963585263,0.49327546,0.517476208,0.264904751
09-05-2020,MAHARASHTRA,AHMADNAGAR,0.365773376,0.213267631,0.200662076,0.116997924
09-05-2020,MAHARASHTRA,THANE,0.047690011,0.015508084,0.015201413,0.004943274
09-05-2020,MAHARASHTRA,SANGLI,1.449973082,0.427563992,0.664054558,0.195814544
09-05-2020,MAHARASHTRA,WARDHA,0.642783205,0.1381265,0.270225421,0.058068243
09-05-2020,MAHARASHTRA,BULDANA,0.179946946,0.059796267,0.088397622,0.029374479
09-05-2020,MAHARASHTRA,SINDHUDURG,0.649936513,0.113999034,0.182122497,0.031944334
08-05-2020,MAHARASHTRA,WASHIM,0.144282402,0.025563282,0.090050214,0.015954676
08-05-2020,MAHARASHTRA,SATARA,0.635079305,0.229285763,0.237478853,0.085738143
08-05-2020,MAHARASHTRA,PUNE,0.271384716,0.145538138,0.116308927,0.062374127
08-05-2020,MAHARASHTRA,PARBHANI,0.094879079,0.020553688,0.041590374,0.009009737
08-05-2020,MAHARASHTRA,JALNA,0.141120323,0.037427425,0.057575031,0.015269843
08-05-2020,MAHARASHTRA,GONDIYA,1.316780933,0.245239285,0.444188877,0.082726413
08-05-2020,MAHARASHTRA,MUMBAI,0.002909964,1.49E-05,3.00E-05,1.53E-07
08-05-2020,MAHARASHTRA,NASHIK,0.044412863,0.023559455,0.025287562,0.013414158
08-05-2020,MAHARASHTRA,GARHCHIROLI,1.607350286,0.792756106,0.377741974,0.186304914
08-05-2020,MAHARASHTRA,RATNAGIRI,0.616275379,0.175217205,0.262390674,0.074601975
08-05-2020,MAHARASHTRA,OSMANABAD,0.299223205,0.07763765,0.147924975,0.038381206
08-05-2020,MAHARASHTRA,BID,0.205123327,0.077520055,0.099624512,0.037650022
08-05-2020,MAHARASHTRA,LATUR,0.479012781,0.110847789,0.290774245,0.067287729
08-05-2020,MAHARASHTRA,YAVATMAL,0.279131166,0.128828679,0.122811468,0.056681737
08-05-2020,MAHARASHTRA,BHANDARA,1.511515904,0.198537457,0.653746875,0.085869584
08-05-2020,MAHARASHTRA,MUMBAI SUBURBAN,0.033547954,0.000519243,0.003363703,5.21E-05
08-05-2020,MAHARASHTRA,NANDURBAR,0.040834969,0.008197027,0.016013748,0.003214527
08-05-2020,MAHARASHTRA,NAGPUR,0.646983498,0.218529607,0.24040557,0.081201043
08-05-2020,MAHARASHTRA,CHANDRAPUR,1.225067322,0.472312126,0.524401,0.202177421
08-05-2020,MAHARASHTRA,JALGAON,0.070296744,0.028175807,0.026546425,0.010640137
08-05-2020,MAHARASHTRA,HINGOLI,0.156163087,0.025012788,0.060688814,0.009720584
08-05-2020,MAHARASHTRA,AKOLA,0.160917492,0.029635269,0.093142886,0.017153601
08-05-2020,MAHARASHTRA,AURANGABAD,0.198654559,0.068556661,0.081647642,0.028177001
08-05-2020,MAHARASHTRA,DHULE,0.04424159,0.010820256,0.01625078,0.003974487
08-05-2020,MAHARASHTRA,KOLHAPUR,0.969138432,0.256696541,0.261817872,0.069347928
08-05-2020,MAHARASHTRA,RAIGARH,0.114802331,0.028147029,0.023001904,0.005639565
08-05-2020,MAHARASHTRA,AMRAVATI,0.159878664,0.066426527,0.071416763,0.029672299
08-05-2020,MAHARASHTRA,NANDED,0.684592329,0.248065087,0.304165873,0.110215862
08-05-2020,MAHARASHTRA,SOLAPUR,0.564978566,0.289222005,0.291330264,0.149136849
08-05-2020,MAHARASHTRA,AHMADNAGAR,0.274887493,0.160275756,0.152816125,0.089100889
08-05-2020,MAHARASHTRA,THANE,0.040366659,0.013126638,0.012716113,0.004135091
08-05-2020,MAHARASHTRA,SANGLI,0.908220054,0.26781338,0.430767334,0.127023462
08-05-2020,MAHARASHTRA,WARDHA,0.522261592,0.112227832,0.219354173,0.047136614
08-05-2020,MAHARASHTRA,BULDANA,0.124449927,0.041354639,0.060871737,0.020227643
08-05-2020,MAHARASHTRA,SINDHUDURG,0.309212015,0.054235868,0.084858516,0.014884206
07-05-2020,MAHARASHTRA,WASHIM,0.14440908,0.025585726,0.090518017,0.016037559
07-05-2020,MAHARASHTRA,SATARA,0.692429276,0.249991101,0.253923021,0.09167506
07-05-2020,MAHARASHTRA,PUNE,0.298141639,0.159887335,0.126221775,0.067690187
07-05-2020,MAHARASHTRA,PARBHANI,0.116034575,0.02513661,0.050361052,0.010909732
07-05-2020,MAHARASHTRA,JALNA,0.164429682,0.043609449,0.06741215,0.017878808
07-05-2020,MAHARASHTRA,GONDIYA,2.103069825,0.391678925,0.60007368,0.111758636
07-05-2020,MAHARASHTRA,MUMBAI,0.002647649,1.35E-05,2.83E-05,1.45E-07
07-05-2020,MAHARASHTRA,NASHIK,0.045406977,0.024086797,0.025834482,0.01370428
07-05-2020,MAHARASHTRA,GARHCHIROLI,2.808821498,1.385329888,0.639106835,0.315211843
07-05-2020,MAHARASHTRA,RATNAGIRI,0.709584871,0.201746626,0.29789921,0.084697635
07-05-2020,MAHARASHTRA,OSMANABAD,0.401762813,0.104242987,0.197489957,0.051241535
07-05-2020,MAHARASHTRA,BID,0.254568391,0.096206297,0.119570099,0.045187843
07-05-2020,MAHARASHTRA,LATUR,0.304489923,0.070461658,0.147666175,0.034171257
07-05-2020,MAHARASHTRA,YAVATMAL,0.228997205,0.105690124,0.107939157,0.049817651
07-05-2020,MAHARASHTRA,BHANDARA,2.009306806,0.263922241,0.838118023,0.110086715
07-05-2020,MAHARASHTRA,MUMBAI SUBURBAN,0.029863093,0.00046221,0.002970182,4.60E-05
07-05-2020,MAHARASHTRA,NANDURBAR,0.03816002,0.00766007,0.014969797,0.003004969
07-05-2020,MAHARASHTRA,NAGPUR,0.769771265,0.26000325,0.284445593,0.096076305
07-05-2020,MAHARASHTRA,CHANDRAPUR,2.092292967,0.806662068,0.848107884,0.326979286
07-05-2020,MAHARASHTRA,JALGAON,0.07141903,0.028625633,0.027017909,0.010829113
07-05-2020,MAHARASHTRA,HINGOLI,0.114619551,0.018358721,0.042545605,0.00681457
07-05-2020,MAHARASHTRA,AKOLA,0.18081748,0.033300138,0.10425484,0.019200027
07-05-2020,MAHARASHTRA,AURANGABAD,0.201076976,0.069392649,0.082343677,0.028417206
07-05-2020,MAHARASHTRA,DHULE,0.042949395,0.010504221,0.015764961,0.003855669
07-05-2020,MAHARASHTRA,KOLHAPUR,1.176605222,0.31164845,0.311832443,0.082595331
07-05-2020,MAHARASHTRA,RAIGARH,0.137178872,0.03363327,0.027212139,0.006671824
07-05-2020,MAHARASHTRA,AMRAVATI,0.171953304,0.071443309,0.075627326,0.031421707
07-05-2020,MAHARASHTRA,NANDED,0.21069198,0.07634518,0.093999305,0.034061068
07-05-2020,MAHARASHTRA,SOLAPUR,0.776804019,0.397659008,0.40367636,0.2066487
07-05-2020,MAHARASHTRA,AHMADNAGAR,0.277664561,0.161894952,0.155702907,0.090784055
07-05-2020,MAHARASHTRA,THANE,0.038951177,0.012666345,0.012124983,0.003942864
07-05-2020,MAHARASHTRA,SANGLI,0.9693154,0.285829004,0.459148004,0.135392274
07-05-2020,MAHARASHTRA,WARDHA,0.552784517,0.118786847,0.232617161,0.049986674
07-05-2020,MAHARASHTRA,BULDANA,0.144873139,0.048141261,0.071240886,0.023673305
07-05-2020,MAHARASHTRA,SINDHUDURG,0.388431279,0.068130948,0.107702604,0.018891065
06-05-2020,MAHARASHTRA,WASHIM,0.133034108,0.023570362,0.08345785,0.014786672
06-05-2020,MAHARASHTRA,SATARA,0.737992511,0.266441017,0.264747553,0.095583094
06-05-2020,MAHARASHTRA,PUNE,0.302785167,0.162377565,0.12911476,0.069241636
06-05-2020,MAHARASHTRA,PARBHANI,0.112483823,0.02436741,0.048695915,0.010549013
06-05-2020,MAHARASHTRA,JALNA,0.144281722,0.038265879,0.059430066,0.015761828
06-05-2020,MAHARASHTRA,GONDIYA,1.22124794,0.227447075,0.443243571,0.082550357
06-05-2020,MAHARASHTRA,MUMBAI,0.00252352,1.29E-05,2.78E-05,1.42E-07
06-05-2020,MAHARASHTRA,NASHIK,0.04467738,0.023699772,0.025389192,0.013468069
06-05-2020,MAHARASHTRA,GARHCHIROLI,1.651599783,0.814580259,0.377485592,0.186178464
06-05-2020,MAHARASHTRA,RATNAGIRI,1.034594446,0.294152183,0.418845883,0.119084759
06-05-2020,MAHARASHTRA,OSMANABAD,0.437301541,0.113464008,0.217210407,0.056358282
06-05-2020,MAHARASHTRA,BID,0.255693154,0.096631367,0.12192848,0.04607912
06-05-2020,MAHARASHTRA,LATUR,0.294789566,0.06821691,0.143035544,0.033099688
06-05-2020,MAHARASHTRA,YAVATMAL,0.233117579,0.107591819,0.107858181,0.049780278
06-05-2020,MAHARASHTRA,BHANDARA,1.487498168,0.19538273,0.633860568,0.08325752
06-05-2020,MAHARASHTRA,MUMBAI SUBURBAN,0.025851843,0.000400125,0.002549058,3.95E-05
06-05-2020,MAHARASHTRA,NANDURBAR,0.037240505,0.007475491,0.014555804,0.002921866
06-05-2020,MAHARASHTRA,NAGPUR,0.716835606,0.242123337,0.260199354,0.087886728
06-05-2020,MAHARASHTRA,CHANDRAPUR,1.000304948,0.385657301,0.432526112,0.166756001
06-05-2020,MAHARASHTRA,JALGAON,0.067975229,0.027245315,0.025686794,0.010295586
06-05-2020,MAHARASHTRA,HINGOLI,0.120240222,0.019258989,0.0443538,0.00710419
06-05-2020,MAHARASHTRA,AKOLA,0.161283001,0.029702583,0.09250765,0.017036613
06-05-2020,MAHARASHTRA,AURANGABAD,0.203309755,0.070163192,0.084280911,0.029085755
06-05-2020,MAHARASHTRA,DHULE,0.041704889,0.01019985,0.01527613,0.003736114
06-05-2020,MAHARASHTRA,KOLHAPUR,1.069726883,0.283339492,0.286653565,0.07592618
06-05-2020,MAHARASHTRA,RAIGARH,0.129027416,0.03163471,0.025850918,0.006338082
06-05-2020,MAHARASHTRA,AMRAVATI,0.161846544,0.067244143,0.071563688,0.029733344
06-05-2020,MAHARASHTRA,NANDED,0.233569424,0.084634924,0.102616584,0.037183577
06-05-2020,MAHARASHTRA,SOLAPUR,0.785536295,0.402129207,0.409340858,0.209548452
06-05-2020,MAHARASHTRA,AHMADNAGAR,0.306998981,0.178998663,0.17105857,0.09973732
06-05-2020,MAHARASHTRA,THANE,0.040498,0.013169349,0.012220026,0.003973771
06-05-2020,MAHARASHTRA,SANGLI,1.084535025,0.319804644,0.507991444,0.149795091
06-05-2020,MAHARASHTRA,WARDHA,0.57427731,0.123405394,0.243419351,0.052307936
06-05-2020,MAHARASHTRA,BULDANA,0.125684205,0.041764789,0.06151445,0.020441216
06-05-2020,MAHARASHTRA,SINDHUDURG,0.393942119,0.06909755,0.125607616,0.022031609
05-05-2020,MAHARASHTRA,WASHIM,0.134713677,0.02386794,0.084388146,0.014951497
05-05-2020,MAHARASHTRA,SATARA,0.752759023,0.271772243,0.274892736,0.099245858
05-05-2020,MAHARASHTRA,PUNE,0.301330896,0.161597669,0.128777879,0.069060974
05-05-2020,MAHARASHTRA,PARBHANI,0.118146001,0.025594009,0.051275389,0.011107805
05-05-2020,MAHARASHTRA,JALNA,0.15155363,0.040194509,0.062146438,0.016482255
05-05-2020,MAHARASHTRA,GONDIYA,1.297019599,0.241558904,0.498741805,0.092886433
05-05-2020,MAHARASHTRA,MUMBAI,0.002640622,1.35E-05,2.80E-05,1.43E-07
05-05-2020,MAHARASHTRA,NASHIK,0.039508805,0.020958025,0.022455408,0.0119118
05-05-2020,MAHARASHTRA,GARHCHIROLI,0.82675049,0.407758971,0.178690316,0.088131281
05-05-2020,MAHARASHTRA,RATNAGIRI,0.868391191,0.246897869,0.361020879,0.102644161
05-05-2020,MAHARASHTRA,OSMANABAD,0.48299193,0.125319019,0.235792779,0.061179738
05-05-2020,MAHARASHTRA,BID,0.257616542,0.097358252,0.120845199,0.045669728
05-05-2020,MAHARASHTRA,LATUR,0.319575671,0.073952633,0.154199943,0.035683229
05-05-2020,MAHARASHTRA,YAVATMAL,0.234092818,0.108041926,0.108191522,0.049934126
05-05-2020,MAHARASHTRA,BHANDARA,1.551027983,0.203727365,0.659074141,0.08656932
05-05-2020,MAHARASHTRA,MUMBAI SUBURBAN,0.026519764,0.000410463,0.002630727,4.07E-05
05-05-2020,MAHARASHTRA,NANDURBAR,0.034558951,0.006937208,0.013452385,0.002700371
05-05-2020,MAHARASHTRA,NAGPUR,0.710192705,0.239879585,0.257406719,0.086943468
05-05-2020,MAHARASHTRA,CHANDRAPUR,0.988831929,0.381233996,0.418771833,0.16145318
05-05-2020,MAHARASHTRA,JALGAON,0.06753079,0.027067178,0.025538298,0.010236067
05-05-2020,MAHARASHTRA,HINGOLI,0.12065644,0.019325655,0.044909395,0.00719318
05-05-2020,MAHARASHTRA,AKOLA,0.165232473,0.030429935,0.094762065,0.017451796
05-05-2020,MAHARASHTRA,AURANGABAD,0.182066767,0.062832133,0.070812441,0.02443772
05-05-2020,MAHARASHTRA,DHULE,0.038903265,0.009514651,0.014200906,0.003473145
05-05-2020,MAHARASHTRA,KOLHAPUR,1.374477411,0.364059029,0.364186565,0.096462413
05-05-2020,MAHARASHTRA,RAIGARH,0.135354094,0.033185874,0.026959708,0.006609933
05-05-2020,MAHARASHTRA,AMRAVATI,0.160594343,0.066723878,0.071259925,0.029607136
05-05-2020,MAHARASHTRA,NANDED,0.235498684,0.085334,0.103800158,0.037612451
05-05-2020,MAHARASHTRA,SOLAPUR,0.834730147,0.427312365,0.434650027,0.22250464
05-05-2020,MAHARASHTRA,AHMADNAGAR,0.218688602,0.127508461,0.128605035,0.074984384
05-05-2020,MAHARASHTRA,THANE,0.037424259,0.012169814,0.011693907,0.003802685
05-05-2020,MAHARASHTRA,SANGLI,1.087436482,0.320660217,0.512218536,0.151041564
05-05-2020,MAHARASHTRA,WARDHA,0.563082818,0.12099983,0.238487873,0.05124822
05-05-2020,MAHARASHTRA,BULDANA,0.132105859,0.043898701,0.064752263,0.02151714
05-05-2020,MAHARASHTRA,SINDHUDURG,0.438808879,0.076967192,0.127001228,0.022276049
04-05-2020,MAHARASHTRA,WASHIM,0.217600171,0.038553382,0.136672402,0.024214978
04-05-2020,MAHARASHTRA,SATARA,1.468218854,0.530078177,0.510781527,0.184409933
04-05-2020,MAHARASHTRA,PUNE,0.61699884,0.330884007,0.258230269,0.138483674
04-05-2020,MAHARASHTRA,PARBHANI,0.180311957,0.039061042,0.077936185,0.016883343
04-05-2020,MAHARASHTRA,JALNA,0.217985228,0.057813258,0.089371068,0.023702673
04-05-2020,MAHARASHTRA,GONDIYA,1.727772942,0.321783062,0.678321379,0.126331606
04-05-2020,MAHARASHTRA,MUMBAI,0.003730531,1.91E-05,0.000041137,2.10E-07
04-05-2020,MAHARASHTRA,NASHIK,0.083114792,0.044089461,0.047012496,0.024938468
04-05-2020,MAHARASHTRA,GARHCHIROLI,1.364021273,0.67274458,0.313121,0.154433409
04-05-2020,MAHARASHTRA,RATNAGIRI,1.672080947,0.475400058,0.648021067,0.184243026
04-05-2020,MAHARASHTRA,OSMANABAD,0.735015823,0.190710147,0.368018118,0.095487454
04-05-2020,MAHARASHTRA,BID,0.377196196,0.142549706,0.177571706,0.067107767
04-05-2020,MAHARASHTRA,LATUR,0.465907012,0.107814998,0.224623534,0.05197987
04-05-2020,MAHARASHTRA,YAVATMAL,0.34000967,0.156926213,0.159379226,0.073559021
04-05-2020,MAHARASHTRA,BHANDARA,2.224345156,0.292167506,0.955648545,0.125524337
04-05-2020,MAHARASHTRA,MUMBAI SUBURBAN,0.042583764,0.000659096,0.004252485,6.58E-05
04-05-2020,MAHARASHTRA,NANDURBAR,0.061257567,0.012296567,0.024511689,0.004920366
04-05-2020,MAHARASHTRA,NAGPUR,1.024845774,0.346158975,0.373825986,0.126266042
04-05-2020,MAHARASHTRA,CHANDRAPUR,1.436292383,0.55374778,0.630266346,0.242992718
04-05-2020,MAHARASHTRA,JALGAON,0.09260841,0.037118599,0.03501853,0.014035861
04-05-2020,MAHARASHTRA,HINGOLI,0.194014039,0.031075411,0.072440836,0.011602917
04-05-2020,MAHARASHTRA,AKOLA,0.264158508,0.048648586,0.15024449,0.027669682
04-05-2020,MAHARASHTRA,AURANGABAD,0.268654486,0.092713979,0.107235189,0.037007389
04-05-2020,MAHARASHTRA,DHULE,0.063059445,0.015422577,0.023527287,0.005754117
04-05-2020,MAHARASHTRA,KOLHAPUR,2.881550042,0.76323867,0.758754933,0.20097208
04-05-2020,MAHARASHTRA,RAIGARH,0.313687175,0.076909258,0.061721805,0.015132841
04-05-2020,MAHARASHTRA,AMRAVATI,0.268030682,0.111361621,0.118501322,0.049235032
04-05-2020,MAHARASHTRA,NANDED,0.338349927,0.122602607,0.149634873,0.054220864
04-05-2020,MAHARASHTRA,SOLAPUR,1.125971559,0.576403729,0.583987161,0.298952824
04-05-2020,MAHARASHTRA,AHMADNAGAR,0.389081166,0.226857459,0.221535051,0.12916811
04-05-2020,MAHARASHTRA,THANE,0.05326301,0.01732034,0.016895871,0.005494287
04-05-2020,MAHARASHTRA,SANGLI,1.795812878,0.52954426,0.827933777,0.244138788
04-05-2020,MAHARASHTRA,WARDHA,0.842020375,0.180940208,0.361568533,0.077696796
04-05-2020,MAHARASHTRA,BULDANA,0.194950421,0.064781913,0.096105271,0.031935727
04-05-2020,MAHARASHTRA,SINDHUDURG,0.896636819,0.157270332,0.242521023,0.042538251
03-05-2020,MAHARASHTRA,WASHIM,0.239647276,0.042459585,0.150846984,0.026726364
03-05-2020,MAHARASHTRA,SATARA,1.514317978,0.546721567,0.526441928,0.190063884
03-05-2020,MAHARASHTRA,PUNE,0.662873663,0.355485748,0.277932623,0.149049648
03-05-2020,MAHARASHTRA,PARBHANI,0.179596463,0.038906044,0.077433688,0.016774487
03-05-2020,MAHARASHTRA,JALNA,0.227380607,0.060305067,0.093223313,0.024724352
03-05-2020,MAHARASHTRA,GONDIYA,1.848525636,0.344272228,0.717566505,0.133640678
03-05-2020,MAHARASHTRA,MUMBAI,0.003757279,1.92E-05,4.09E-05,2.09E-07
03-05-2020,MAHARASHTRA,NASHIK,0.091077461,0.048313375,0.051335089,0.027231451
03-05-2020,MAHARASHTRA,GARHCHIROLI,1.444706804,0.712539233,0.332126146,0.163806877
03-05-2020,MAHARASHTRA,RATNAGIRI,1.690679746,0.480688002,0.651282326,0.185170255
03-05-2020,MAHARASHTRA,OSMANABAD,0.784220162,0.203476902,0.396595737,0.102902317
03-05-2020,MAHARASHTRA,BID,0.398085629,0.150444225,0.189397524,0.071576971
03-05-2020,MAHARASHTRA,LATUR,0.473152657,0.109491704,0.227506069,0.052646914
03-05-2020,MAHARASHTRA,YAVATMAL,0.355637357,0.16413893,0.166757995,0.076964578
03-05-2020,MAHARASHTRA,BHANDARA,2.35753915,0.309662523,1.006494483,0.132202946
03-05-2020,MAHARASHTRA,MUMBAI SUBURBAN,0.043476418,0.000672912,0.004350657,6.73E-05
03-05-2020,MAHARASHTRA,NANDURBAR,0.061464734,0.012338153,0.024572191,0.004932511
03-05-2020,MAHARASHTRA,NAGPUR,1.065821627,0.359999262,0.387357323,0.13083648
03-05-2020,MAHARASHTRA,CHANDRAPUR,1.52205035,0.586810883,0.660575717,0.254678184
03-05-2020,MAHARASHTRA,JALGAON,0.095326384,0.038207997,0.036136371,0.014483906
03-05-2020,MAHARASHTRA,HINGOLI,0.19544015,0.031303833,0.074007149,0.011853795
03-05-2020,MAHARASHTRA,AKOLA,0.281709592,0.05188087,0.158512227,0.029192305
03-05-2020,MAHARASHTRA,AURANGABAD,0.290417045,0.100224344,0.116145121,0.04008225
03-05-2020,MAHARASHTRA,DHULE,0.064527007,0.015781502,0.024044507,0.005880614
03-05-2020,MAHARASHTRA,KOLHAPUR,2.007120628,0.531627789,0.560199887,0.148380632
03-05-2020,MAHARASHTRA,RAIGARH,0.322077773,0.07896645,0.063428214,0.015551216
03-05-2020,MAHARASHTRA,AMRAVATI,0.278283114,0.115621311,0.123328622,0.051240683
03-05-2020,MAHARASHTRA,NANDED,0.336998477,0.122112903,0.148784949,0.053912891
03-05-2020,MAHARASHTRA,SOLAPUR,1.170694179,0.599297988,0.605843294,0.310141345
03-05-2020,MAHARASHTRA,AHMADNAGAR,0.428197966,0.24966488,0.241269554,0.140674499
03-05-2020,MAHARASHTRA,THANE,0.054239911,0.017638014,0.017028326,0.005537359
03-05-2020,MAHARASHTRA,SANGLI,1.875757864,0.553118213,0.864919987,0.255045178
03-05-2020,MAHARASHTRA,WARDHA,0.880169518,0.189138007,0.381540329,0.081988499
03-05-2020,MAHARASHTRA,BULDANA,0.203568879,0.067645822,0.100559034,0.033415709
03-05-2020,MAHARASHTRA,SINDHUDURG,0.452041862,0.079288261,0.154473792,0.027094744
02-05-2020,MAHARASHTRA,WASHIM,0.259384539,0.045956541,0.162934673,0.028868004
02-05-2020,MAHARASHTRA,SATARA,1.617761342,0.584068227,0.56238568,0.203040831
02-05-2020,MAHARASHTRA,PUNE,0.710223533,0.380878525,0.295021207,0.15821391
02-05-2020,MAHARASHTRA,PARBHANI,0.188007984,0.040728235,0.080935922,0.017533177
02-05-2020,MAHARASHTRA,JALNA,0.233989066,0.062057739,0.096388822,0.025563897
02-05-2020,MAHARASHTRA,GONDIYA,2.021687849,0.376522222,0.76559952,0.14258642
02-05-2020,MAHARASHTRA,MUMBAI,0.003639538,1.86E-05,4.07E-05,2.08E-07
02-05-2020,MAHARASHTRA,NASHIK,0.103627372,0.054970659,0.057324237,0.030408482
02-05-2020,MAHARASHTRA,GARHCHIROLI,1.617722259,0.797871633,0.367607493,0.181306519
02-05-2020,MAHARASHTRA,RATNAGIRI,1.839556312,0.523016053,0.691829073,0.196698361
02-05-2020,MAHARASHTRA,OSMANABAD,0.832687929,0.216052543,0.417922503,0.108435845
02-05-2020,MAHARASHTRA,BID,0.418492539,0.158156389,0.197442947,0.074617491
02-05-2020,MAHARASHTRA,LATUR,0.510742493,0.118190324,0.244887009,0.056669017
02-05-2020,MAHARASHTRA,YAVATMAL,0.374345336,0.172773309,0.175635312,0.081061766
02-05-2020,MAHARASHTRA,BHANDARA,2.476675774,0.325311106,1.054652678,0.13852852
02-05-2020,MAHARASHTRA,MUMBAI SUBURBAN,0.043502384,0.000673314,0.004344221,6.72E-05
02-05-2020,MAHARASHTRA,NANDURBAR,0.061568532,0.012358989,0.024539197,0.004925888
02-05-2020,MAHARASHTRA,NAGPUR,1.119428988,0.378106053,0.406099318,0.137166906
02-05-2020,MAHARASHTRA,CHANDRAPUR,1.593172551,0.614231317,0.688087973,0.265285252
02-05-2020,MAHARASHTRA,JALGAON,0.095369984,0.038225472,0.036188011,0.014504603
02-05-2020,MAHARASHTRA,HINGOLI,0.206367325,0.033054048,0.079594501,0.012748726
02-05-2020,MAHARASHTRA,AKOLA,0.29745269,0.054780188,0.165205515,0.03042497
02-05-2020,MAHARASHTRA,AURANGABAD,0.306062042,0.105623509,0.122769837,0.042368472
02-05-2020,MAHARASHTRA,DHULE,0.063062964,0.015423438,0.023426983,0.005729585
02-05-2020,MAHARASHTRA,KOLHAPUR,2.217076633,0.58723902,0.595215933,0.157655363
02-05-2020,MAHARASHTRA,RAIGARH,0.370059978,0.090730641,0.071434151,0.017514097
02-05-2020,MAHARASHTRA,AMRAVATI,0.283700341,0.117872065,0.125667832,0.05221258
02-05-2020,MAHARASHTRA,NANDED,0.347085989,0.125768158,0.153042738,0.05545572
02-05-2020,MAHARASHTRA,SOLAPUR,1.205947968,0.617344994,0.624174682,0.31952549
02-05-2020,MAHARASHTRA,AHMADNAGAR,0.44764793,0.261005365,0.251450474,0.146610581
02-05-2020,MAHARASHTRA,THANE,0.055340489,0.017995906,0.017197446,0.005592354
02-05-2020,MAHARASHTRA,SANGLI,1.921378061,0.566570569,0.883304479,0.260466345
02-05-2020,MAHARASHTRA,WARDHA,0.916433072,0.196930616,0.397883936,0.085500547
02-05-2020,MAHARASHTRA,BULDANA,0.20924023,0.069530408,0.103543625,0.034407487
02-05-2020,MAHARASHTRA,SINDHUDURG,0.500323023,0.087756789,0.16857676,0.029568408
01-05-2020,MAHARASHTRA,WASHIM,0.286039118,0.050679074,0.178647182,0.031651873
01-05-2020,MAHARASHTRA,SATARA,1.439128442,0.519575524,0.496030482,0.179084292
01-05-2020,MAHARASHTRA,PUNE,0.57126448,0.306357594,0.235108471,0.126083921
01-05-2020,MAHARASHTRA,PARBHANI,0.194886482,0.042218326,0.084309169,0.018263925
01-05-2020,MAHARASHTRA,JALNA,0.240500115,0.063784576,0.099439135,0.02637289
01-05-2020,MAHARASHTRA,GONDIYA,2.179547636,0.405922269,0.80528405,0.149977327
01-05-2020,MAHARASHTRA,MUMBAI,0.003139065,1.60E-05,3.63E-05,1.85E-07
01-05-2020,MAHARASHTRA,NASHIK,0.115407039,0.061219357,0.063700412,0.033790818
01-05-2020,MAHARASHTRA,GARHCHIROLI,1.773887222,0.874893257,0.399429942,0.197001567
01-05-2020,MAHARASHTRA,RATNAGIRI,1.748333247,0.497079839,0.660911804,0.187908074
01-05-2020,MAHARASHTRA,OSMANABAD,0.851592622,0.22095763,0.423688325,0.109931869
01-05-2020,MAHARASHTRA,BID,0.432075682,0.16328972,0.204563239,0.077308387
01-05-2020,MAHARASHTRA,LATUR,0.536644495,0.124184277,0.257256257,0.05953137
01-05-2020,MAHARASHTRA,YAVATMAL,0.404360514,0.186626351,0.189828632,0.087612474
01-05-2020,MAHARASHTRA,BHANDARA,2.575055943,0.338233331,1.088825898,0.143017169
01-05-2020,MAHARASHTRA,MUMBAI SUBURBAN,0.038287979,0.000592607,0.003804492,5.89E-05
01-05-2020,MAHARASHTRA,NANDURBAR,0.065001876,0.013048183,0.025817571,0.005182503
01-05-2020,MAHARASHTRA,NAGPUR,1.177413423,0.397691276,0.427288792,0.144324009
01-05-2020,MAHARASHTRA,CHANDRAPUR,1.744712766,0.672656091,0.738209759,0.284609192
01-05-2020,MAHARASHTRA,JALGAON,0.097693737,0.039156861,0.037082826,0.014863256
01-05-2020,MAHARASHTRA,HINGOLI,0.225224874,0.03607448,0.089286307,0.014301072
01-05-2020,MAHARASHTRA,AKOLA,0.301415993,0.055510087,0.165467692,0.030473254
01-05-2020,MAHARASHTRA,AURANGABAD,0.331875434,0.114531837,0.134056776,0.04626365
01-05-2020,MAHARASHTRA,DHULE,0.065863842,0.016108454,0.024354147,0.005956344
01-05-2020,MAHARASHTRA,KOLHAPUR,2.179313531,0.577236674,0.591528635,0.156678705
01-05-2020,MAHARASHTRA,RAIGARH,0.296211301,0.072624555,0.058700015,0.014391964
01-05-2020,MAHARASHTRA,AMRAVATI,0.2930795,0.121768926,0.127901055,0.053140442
01-05-2020,MAHARASHTRA,NANDED,0.354590499,0.12848745,0.155423951,0.056318563
01-05-2020,MAHARASHTRA,SOLAPUR,1.113929924,0.570239414,0.588060366,0.301037966
01-05-2020,MAHARASHTRA,AHMADNAGAR,0.469611717,0.27381156,0.263371528,0.153561264
01-05-2020,MAHARASHTRA,THANE,0.062536359,0.020335896,0.018014964,0.005858199
01-05-2020,MAHARASHTRA,SANGLI,1.848316963,0.545026517,0.854183428,0.251879211
01-05-2020,MAHARASHTRA,WARDHA,0.939411272,0.201868359,0.409455942,0.087987234
01-05-2020,MAHARASHTRA,BULDANA,0.212254287,0.070531978,0.104786038,0.03482034
01-05-2020,MAHARASHTRA,SINDHUDURG,0.487817926,0.085563392,0.165608245,0.029047729
28-06-2020,MAHARASHTRA,WASHIM,4.430969032,0.78505839,2.646373863,0.468872156
28-06-2020,MAHARASHTRA,SATARA,3.177876636,1.147324221,1.16354124,0.42007894
28-06-2020,MAHARASHTRA,PUNE,3.086697806,1.655333645,1.265935706,0.678895732
28-06-2020,MAHARASHTRA,PARBHANI,3.775498796,0.817887613,1.57906452,0.342073294
28-06-2020,MAHARASHTRA,JALNA,3.489534047,0.92548167,1.477971275,0.391982226
28-06-2020,MAHARASHTRA,GONDIYA,6.483748203,1.207543133,2.068641173,0.38526688
28-06-2020,MAHARASHTRA,MUMBAI,2.439886376,0.012459451,0.010662915,5.45E-05
28-06-2020,MAHARASHTRA,NASHIK,3.582227369,1.900245053,1.782414223,0.945507769
28-06-2020,MAHARASHTRA,GARHCHIROLI,4.593065147,2.265331005,0.960842308,0.473893969
28-06-2020,MAHARASHTRA,RATNAGIRI,3.76162648,1.06949215,1.684645859,0.478972469
28-06-2020,MAHARASHTRA,OSMANABAD,2.332705237,0.605253037,1.17045747,0.30369158
28-06-2020,MAHARASHTRA,BID,3.241651345,1.225082463,1.548590614,0.585242212
28-06-2020,MAHARASHTRA,LATUR,2.343058806,0.542204505,1.149298218,0.26595776
28-06-2020,MAHARASHTRA,YAVATMAL,4.30113753,1.985123612,1.881167357,0.868223746
28-06-2020,MAHARASHTRA,BHANDARA,5.466143053,0.717977323,2.249135893,0.295423766
28-06-2020,MAHARASHTRA,MUMBAI SUBURBAN,2.827162113,0.043757756,0.237620715,0.003677804
28-06-2020,MAHARASHTRA,NANDURBAR,4.412632359,0.885771893,1.72175252,0.345616826
28-06-2020,MAHARASHTRA,NAGPUR,4.589244742,1.550094946,1.604106016,0.541813908
28-06-2020,MAHARASHTRA,CHANDRAPUR,4.206497539,1.621771931,1.678621269,0.647175193
28-06-2020,MAHARASHTRA,JALGAON,2.560910111,1.02644453,0.943596398,0.378205137
28-06-2020,MAHARASHTRA,HINGOLI,4.048519373,0.648455152,1.65110599,0.264459198
28-06-2020,MAHARASHTRA,AKOLA,4.286747664,0.789466193,2.279297138,0.419765327
28-06-2020,MAHARASHTRA,AURANGABAD,2.61867501,0.90371757,1.135509327,0.39186983
28-06-2020,MAHARASHTRA,DHULE,3.673744059,0.898495096,1.307525765,0.31978425
28-06-2020,MAHARASHTRA,KOLHAPUR,3.279775395,0.868716966,0.887158693,0.234982496
28-06-2020,MAHARASHTRA,RAIGARH,3.681162179,0.902540734,0.744607225,0.182561462
28-06-2020,MAHARASHTRA,AMRAVATI,4.43068745,1.840865885,1.750162469,0.727159029
28-06-2020,MAHARASHTRA,NANDED,3.434868276,1.244639856,1.368764489,0.495977924
28-06-2020,MAHARASHTRA,SOLAPUR,2.757219312,1.411466818,1.403685401,0.718570103
28-06-2020,MAHARASHTRA,AHMADNAGAR,3.049424229,1.77799568,1.636396653,0.954116568
28-06-2020,MAHARASHTRA,THANE,4.068850471,1.323129782,1.063005209,0.345673517
28-06-2020,MAHARASHTRA,SANGLI,3.245288089,0.956961442,1.566147626,0.461821216
28-06-2020,MAHARASHTRA,WARDHA,4.248495986,0.912951481,1.698466157,0.364980266
28-06-2020,MAHARASHTRA,BULDANA,3.772334876,1.253544712,1.823672933,0.606005468
28-06-2020,MAHARASHTRA,SINDHUDURG,3.650286051,0.640261126,1.498935249,0.262913634
27-06-2020,MAHARASHTRA,WASHIM,4.721417662,0.836518722,2.812930675,0.498381914
27-06-2020,MAHARASHTRA,SATARA,3.301434241,1.191932823,1.25449274,0.452915601
27-06-2020,MAHARASHTRA,PUNE,3.36244381,1.803210653,1.401016138,0.751336638
27-06-2020,MAHARASHTRA,PARBHANI,4.523561937,0.979940791,1.883618169,0.408048857
27-06-2020,MAHARASHTRA,JALNA,4.284510052,1.136322347,1.807337197,0.479335471
27-06-2020,MAHARASHTRA,GONDIYA,4.596614735,0.856080524,1.634743154,0.304457053
27-06-2020,MAHARASHTRA,MUMBAI,2.442752668,0.012474088,0.010548204,5.39E-05
27-06-2020,MAHARASHTRA,NASHIK,3.539170424,1.877404864,1.760369019,0.933813567
27-06-2020,MAHARASHTRA,GARHCHIROLI,6.909642478,3.407882719,1.201211611,0.592445746
27-06-2020,MAHARASHTRA,RATNAGIRI,3.156139856,0.897342365,1.419288132,0.403526912
27-06-2020,MAHARASHTRA,OSMANABAD,3.401984047,0.882692397,1.601744167,0.415594952
27-06-2020,MAHARASHTRA,BID,4.071692773,1.538771102,1.90926474,0.721547909
27-06-2020,MAHARASHTRA,LATUR,4.076311509,0.943294491,1.899925501,0.439659544
27-06-2020,MAHARASHTRA,YAVATMAL,5.00493859,2.309952124,2.151010817,0.992765828
27-06-2020,MAHARASHTRA,BHANDARA,4.58866127,0.602720182,1.865020227,0.244970213
27-06-2020,MAHARASHTRA,MUMBAI SUBURBAN,2.612483652,0.040435044,0.208786732,0.003231523
27-06-2020,MAHARASHTRA,NANDURBAR,4.407059113,0.884653145,1.701563411,0.341564155
27-06-2020,MAHARASHTRA,NAGPUR,5.185568982,1.751513532,1.755062947,0.592802162
27-06-2020,MAHARASHTRA,CHANDRAPUR,5.669402619,2.185779962,2.150563545,0.829127691
27-06-2020,MAHARASHTRA,JALGAON,3.924419759,1.572956105,1.386537844,0.555741562
27-06-2020,MAHARASHTRA,HINGOLI,5.069912573,0.81205266,2.045063572,0.327559754
27-06-2020,MAHARASHTRA,AKOLA,4.034165587,0.742949573,2.132825251,0.392790424
27-06-2020,MAHARASHTRA,AURANGABAD,3.885169341,1.340790966,1.663151718,0.573961802
27-06-2020,MAHARASHTRA,DHULE,3.766186559,0.921103947,1.320959339,0.323069726
27-06-2020,MAHARASHTRA,KOLHAPUR,3.415441519,0.904650971,0.942248327,0.249574135
27-06-2020,MAHARASHTRA,RAIGARH,3.033357762,0.74371321,0.61340726,0.150394091
27-06-2020,MAHARASHTRA,AMRAVATI,3.497582393,1.453178582,1.445337318,0.600510009
27-06-2020,MAHARASHTRA,NANDED,4.694903778,1.701219346,1.848038152,0.669644876
27-06-2020,MAHARASHTRA,SOLAPUR,3.285693512,1.682001626,1.667206888,0.853471173
27-06-2020,MAHARASHTRA,AHMADNAGAR,3.482469938,2.030487083,1.843553713,1.074901454
27-06-2020,MAHARASHTRA,THANE,3.843823609,1.249954387,1.015660648,0.330277768
27-06-2020,MAHARASHTRA,SANGLI,3.177044616,0.936837998,1.542213829,0.454763685
27-06-2020,MAHARASHTRA,WARDHA,4.761866875,1.023268806,1.924608122,0.413575496
27-06-2020,MAHARASHTRA,BULDANA,4.211880784,1.399605565,2.018316236,0.670685326
27-06-2020,MAHARASHTRA,SINDHUDURG,3.079263979,0.540103706,1.288123471,0.225937193
26-06-2020,MAHARASHTRA,WASHIM,4.986602586,0.883502947,2.986977354,0.529218692
26-06-2020,MAHARASHTRA,SATARA,3.546955334,1.280574494,1.324600015,0.47822677
26-06-2020,MAHARASHTRA,PUNE,4.04850053,2.171129006,1.654166732,0.887096184
26-06-2020,MAHARASHTRA,PARBHANI,3.986104931,0.863511293,1.663763507,0.360421665
26-06-2020,MAHARASHTRA,JALNA,4.256021552,1.128766729,1.789083859,0.474494387
26-06-2020,MAHARASHTRA,GONDIYA,5.634217501,1.049325242,1.829063096,0.340647495
26-06-2020,MAHARASHTRA,MUMBAI,2.443107363,0.0124759,0.011023668,5.63E-05
26-06-2020,MAHARASHTRA,NASHIK,3.954844294,2.097905166,1.99847496,1.060120356
26-06-2020,MAHARASHTRA,GARHCHIROLI,3.971507543,1.958774563,0.81496272,0.401945163
26-06-2020,MAHARASHTRA,RATNAGIRI,3.818411266,1.085636997,1.725304636,0.490532427
26-06-2020,MAHARASHTRA,OSMANABAD,3.789481122,0.983233938,1.864954005,0.48388843
26-06-2020,MAHARASHTRA,BID,4.346715899,1.642707637,2.063962218,0.780011065
26-06-2020,MAHARASHTRA,LATUR,3.867136794,0.894889614,1.866675301,0.431965154
26-06-2020,MAHARASHTRA,YAVATMAL,4.350192615,2.007764229,1.936175659,0.893611979
26-06-2020,MAHARASHTRA,BHANDARA,5.018827503,0.659222472,2.025135224,0.266001302
26-06-2020,MAHARASHTRA,MUMBAI SUBURBAN,2.9561725,0.045754531,0.24377187,0.00377301
26-06-2020,MAHARASHTRA,NANDURBAR,2.573312072,0.516555045,0.983198793,0.197362886
26-06-2020,MAHARASHTRA,NAGPUR,4.273139583,1.443325088,1.396106984,0.471558721
26-06-2020,MAHARASHTRA,CHANDRAPUR,3.598488727,1.387360377,1.40461638,0.541535422
26-06-2020,MAHARASHTRA,JALGAON,3.764489482,1.508854067,1.383049833,0.554343524
26-06-2020,MAHARASHTRA,HINGOLI,4.371927271,0.700255699,1.813171685,0.290417412
26-06-2020,MAHARASHTRA,AKOLA,4.7808008,0.880453179,2.529672687,0.465875583
26-06-2020,MAHARASHTRA,AURANGABAD,4.387544159,1.514162976,1.888526973,0.651739907
26-06-2020,MAHARASHTRA,DHULE,2.780360774,0.679998519,1.018957656,0.249208557
26-06-2020,MAHARASHTRA,KOLHAPUR,3.625055914,0.960171718,0.980128389,0.25960746
26-06-2020,MAHARASHTRA,RAIGARH,4.07724437,0.999651454,0.826687371,0.202685725
26-06-2020,MAHARASHTRA,AMRAVATI,4.645644547,1.930176447,1.896079959,0.787784954
26-06-2020,MAHARASHTRA,NANDED,2.932577433,1.062632527,1.272789389,0.461200918
26-06-2020,MAHARASHTRA,SOLAPUR,4.169555739,2.134465526,2.155497604,1.103435382
26-06-2020,MAHARASHTRA,AHMADNAGAR,4.257531892,2.482394296,2.294613524,1.337896149
26-06-2020,MAHARASHTRA,THANE,4.092768148,1.330907456,1.066528855,0.346819354
26-06-2020,MAHARASHTRA,SANGLI,3.680370133,1.085257213,1.793273202,0.528795368
26-06-2020,MAHARASHTRA,WARDHA,4.341230527,0.932879036,1.659656733,0.35664058
26-06-2020,MAHARASHTRA,BULDANA,4.364212921,1.450225447,2.087441997,0.693655777
26-06-2020,MAHARASHTRA,SINDHUDURG,3.956177653,0.693914593,1.657595747,0.290742727
25-06-2020,MAHARASHTRA,WASHIM,4.641188908,0.822304166,2.767238215,0.490286338
25-06-2020,MAHARASHTRA,SATARA,2.223069303,0.802605497,0.822540741,0.296965875
25-06-2020,MAHARASHTRA,PUNE,2.625427963,1.407963952,1.083836358,0.581239532
25-06-2020,MAHARASHTRA,PARBHANI,4.444116356,0.962730467,1.886168676,0.408601374
25-06-2020,MAHARASHTRA,JALNA,4.229229758,1.121661106,1.765614417,0.468269906
25-06-2020,MAHARASHTRA,GONDIYA,3.571599115,0.665180055,1.183442115,0.220406061
25-06-2020,MAHARASHTRA,MUMBAI,2.319960812,0.011847043,0.010065642,5.14E-05
25-06-2020,MAHARASHTRA,NASHIK,3.922265809,2.080623431,1.971000175,1.045545954
25-06-2020,MAHARASHTRA,GARHCHIROLI,4.132676526,2.038264203,0.835627839,0.41213734
25-06-2020,MAHARASHTRA,RATNAGIRI,2.406351812,0.684165317,1.089023099,0.309627142
25-06-2020,MAHARASHTRA,OSMANABAD,2.132852213,0.553398371,1.01110699,0.262345866
25-06-2020,MAHARASHTRA,BID,2.719917363,1.027909145,1.224215314,0.46265454
25-06-2020,MAHARASHTRA,LATUR,2.744198254,0.635031717,1.38145816,0.319681621
25-06-2020,MAHARASHTRA,YAVATMAL,3.63902244,1.679534616,1.608889747,0.742558219
25-06-2020,MAHARASHTRA,BHANDARA,3.23187608,0.424506588,1.35070635,0.177415139
25-06-2020,MAHARASHTRA,MUMBAI SUBURBAN,2.434610733,0.037681993,0.197299504,0.003053728
25-06-2020,MAHARASHTRA,NANDURBAR,2.158328342,0.433253085,0.823237614,0.165253001
25-06-2020,MAHARASHTRA,NAGPUR,4.248747275,1.435086174,1.451598998,0.490302086
25-06-2020,MAHARASHTRA,CHANDRAPUR,3.74486874,1.443795688,1.4868151,0.573226294
25-06-2020,MAHARASHTRA,JALGAON,3.217389799,1.289569729,1.122496667,0.449910584
25-06-2020,MAHARASHTRA,HINGOLI,4.8154353,0.771292797,1.960507032,0.314016253
25-06-2020,MAHARASHTRA,AKOLA,4.921598292,0.90638306,2.580706255,0.475274148
25-06-2020,MAHARASHTRA,AURANGABAD,4.347857672,1.500466975,1.874194372,0.646793656
25-06-2020,MAHARASHTRA,DHULE,2.733666376,0.668578375,0.996786486,0.243786109
25-06-2020,MAHARASHTRA,KOLHAPUR,2.834121028,0.750676106,0.766444296,0.203008768
25-06-2020,MAHARASHTRA,RAIGARH,2.451928493,0.601159425,0.49842646,0.122203305
25-06-2020,MAHARASHTRA,AMRAVATI,4.701976836,1.953581435,1.881403183,0.781687035
25-06-2020,MAHARASHTRA,NANDED,3.790916361,1.37365547,1.609623163,0.58325414
25-06-2020,MAHARASHTRA,SOLAPUR,2.003829729,1.025794052,1.033443875,0.529037255
25-06-2020,MAHARASHTRA,AHMADNAGAR,3.278192544,1.911381213,1.712552624,0.998520028
25-06-2020,MAHARASHTRA,THANE,3.22061693,1.047296824,0.814530242,0.264873145
25-06-2020,MAHARASHTRA,SANGLI,2.1039707,0.620412974,1.010322206,0.297920976
25-06-2020,MAHARASHTRA,WARDHA,4.73165821,1.016777322,1.808202679,0.388561345
25-06-2020,MAHARASHTRA,BULDANA,4.660618314,1.548720789,2.199966213,0.731047509
25-06-2020,MAHARASHTRA,SINDHUDURG,2.881530731,0.505421242,1.144191941,0.200691565
24-06-2020,MAHARASHTRA,WASHIM,2.660827451,0.471432976,1.600347599,0.28354211
24-06-2020,MAHARASHTRA,SATARA,2.588498195,0.934538063,0.939144098,0.339063751
24-06-2020,MAHARASHTRA,PUNE,2.545824472,1.365274208,1.029903654,0.552316513
24-06-2020,MAHARASHTRA,PARBHANI,2.610157758,0.56543938,1.098182606,0.237899679
24-06-2020,MAHARASHTRA,JALNA,2.469985387,0.655080641,1.037454538,0.275149961
24-06-2020,MAHARASHTRA,GONDIYA,4.113061219,0.766022781,1.385448177,0.258027977
24-06-2020,MAHARASHTRA,MUMBAI,2.787944881,0.014236837,0.012180843,6.22E-05
24-06-2020,MAHARASHTRA,NASHIK,2.226702933,1.181187233,1.124138099,0.596315544
24-06-2020,MAHARASHTRA,GARHCHIROLI,4.284288407,2.113040215,0.893771823,0.440814349
24-06-2020,MAHARASHTRA,RATNAGIRI,2.85160017,0.810756733,1.302883788,0.370431246
24-06-2020,MAHARASHTRA,OSMANABAD,2.591397757,0.672374434,1.232137995,0.319695456
24-06-2020,MAHARASHTRA,BID,2.556571766,0.966177698,1.195439482,0.451779599
24-06-2020,MAHARASHTRA,LATUR,2.687174041,0.62183581,1.29182516,0.298939753
24-06-2020,MAHARASHTRA,YAVATMAL,3.414754366,1.57602715,1.489590517,0.687497502
24-06-2020,MAHARASHTRA,BHANDARA,3.712437188,0.48762824,1.555840532,0.204359493
24-06-2020,MAHARASHTRA,MUMBAI SUBURBAN,2.766845221,0.042824194,0.212789606,0.003293478
24-06-2020,MAHARASHTRA,NANDURBAR,2.171751284,0.435947546,0.820149199,0.164633047
24-06-2020,MAHARASHTRA,NAGPUR,3.070371782,1.037069943,1.037300427,0.350365744
24-06-2020,MAHARASHTRA,CHANDRAPUR,4.07928352,1.572725872,1.643523789,0.63364372
24-06-2020,MAHARASHTRA,JALGAON,1.979171845,0.793276619,0.703891357,0.282128385
24-06-2020,MAHARASHTRA,HINGOLI,2.578652975,0.41302527,1.039773275,0.166541462
24-06-2020,MAHARASHTRA,AKOLA,2.724240209,0.501707988,1.417579228,0.261067589
24-06-2020,MAHARASHTRA,AURANGABAD,2.384841452,0.823020464,1.027422563,0.354568558
24-06-2020,MAHARASHTRA,DHULE,1.941876642,0.474928741,0.682839947,0.167003562
24-06-2020,MAHARASHTRA,KOLHAPUR,2.939394441,0.778559966,0.789064315,0.209000153
24-06-2020,MAHARASHTRA,RAIGARH,2.859191509,0.701011441,0.581440047,0.142556427
24-06-2020,MAHARASHTRA,AMRAVATI,3.394805924,1.410476925,1.180867302,0.490627776
24-06-2020,MAHARASHTRA,NANDED,2.868307731,1.039344113,1.184377403,0.42916444
24-06-2020,MAHARASHTRA,SOLAPUR,2.531635909,1.295986889,1.30306481,0.667060735
24-06-2020,MAHARASHTRA,AHMADNAGAR,2.349977686,1.370176748,1.248873813,0.728167706
24-06-2020,MAHARASHTRA,THANE,2.110642814,0.686349717,0.561703921,0.182657778
24-06-2020,MAHARASHTRA,SANGLI,2.667694481,0.78664226,1.278253289,0.376927742
24-06-2020,MAHARASHTRA,WARDHA,3.026686749,0.650399143,1.237003688,0.265817445
24-06-2020,MAHARASHTRA,BULDANA,2.332241393,0.775002475,1.11840063,0.371643887
24-06-2020,MAHARASHTRA,SINDHUDURG,3.23184017,0.566865609,1.312857368,0.230275525
23-06-2020,MAHARASHTRA,WASHIM,2.297717754,0.407098896,1.375184057,0.243648686
23-06-2020,MAHARASHTRA,SATARA,2.561958543,0.924956324,0.938732633,0.338915197
23-06-2020,MAHARASHTRA,PUNE,2.739914112,1.469360559,1.112543977,0.596634848
23-06-2020,MAHARASHTRA,PARBHANI,3.003594573,0.650669734,1.267723174,0.274627311
23-06-2020,MAHARASHTRA,JALNA,2.842338925,0.753834907,1.196360727,0.317294489
23-06-2020,MAHARASHTRA,GONDIYA,4.618467407,0.860150399,1.474216538,0.274560332
23-06-2020,MAHARASHTRA,MUMBAI,2.730450641,0.013943238,0.012000858,6.13E-05
23-06-2020,MAHARASHTRA,NASHIK,2.664034685,1.413176275,1.361009295,0.721967344
23-06-2020,MAHARASHTRA,GARHCHIROLI,4.602455179,2.269962233,0.921744071,0.454610452
23-06-2020,MAHARASHTRA,RATNAGIRI,2.619643353,0.744807603,1.201262607,0.341538676
23-06-2020,MAHARASHTRA,OSMANABAD,2.586368881,0.671069621,1.229133121,0.318915799
23-06-2020,MAHARASHTRA,BID,2.80644598,1.060609975,1.306328293,0.493686616
23-06-2020,MAHARASHTRA,LATUR,2.740745555,0.634232732,1.325871075,0.306818279
23-06-2020,MAHARASHTRA,YAVATMAL,3.641500948,1.680678533,1.6142621,0.745037746
23-06-2020,MAHARASHTRA,BHANDARA,3.774588863,0.495791856,1.598933434,0.210019741
23-06-2020,MAHARASHTRA,MUMBAI SUBURBAN,2.656320792,0.041113538,0.201088333,0.00311237
23-06-2020,MAHARASHTRA,NANDURBAR,2.381348456,0.478021135,0.908752677,0.182418909
23-06-2020,MAHARASHTRA,NAGPUR,2.440511565,0.824324013,0.840742995,0.283975151
23-06-2020,MAHARASHTRA,CHANDRAPUR,4.414283764,1.701881776,1.674104671,0.645433865
23-06-2020,MAHARASHTRA,JALGAON,1.90888542,0.765104948,0.688164186,0.27582474
23-06-2020,MAHARASHTRA,HINGOLI,2.701755626,0.432742737,1.079746246,0.172943971
23-06-2020,MAHARASHTRA,AKOLA,1.758509449,0.323854789,0.904545484,0.166585051
23-06-2020,MAHARASHTRA,AURANGABAD,2.760223213,0.952566548,1.207946955,0.41686841
23-06-2020,MAHARASHTRA,DHULE,2.323581461,0.568283069,0.823668778,0.201446357
23-06-2020,MAHARASHTRA,KOLHAPUR,2.957469925,0.783347636,0.81276124,0.215276778
23-06-2020,MAHARASHTRA,RAIGARH,2.840804176,0.696503267,0.579313837,0.142035126
23-06-2020,MAHARASHTRA,AMRAVATI,1.734826386,0.720787179,0.667581173,0.277367208
23-06-2020,MAHARASHTRA,NANDED,2.990088468,1.083471907,1.242048279,0.450061739
23-06-2020,MAHARASHTRA,SOLAPUR,2.500114558,1.279850581,1.289018109,0.659869993
23-06-2020,MAHARASHTRA,AHMADNAGAR,2.69593011,1.571887586,1.434953847,0.836663432
23-06-2020,MAHARASHTRA,THANE,2.174329589,0.70705971,0.611597881,0.198882553
23-06-2020,MAHARASHTRA,SANGLI,2.635733367,0.777217656,1.266533386,0.373471809
23-06-2020,MAHARASHTRA,WARDHA,2.653204919,0.570142321,1.134078243,0.243699986
23-06-2020,MAHARASHTRA,BULDANA,2.098652167,0.69738091,0.99699368,0.331300427
23-06-2020,MAHARASHTRA,SINDHUDURG,3.467959353,0.608280976,1.452082524,0.254695654
22-06-2020,MAHARASHTRA,WASHIM,3.285412782,0.582094086,1.949666408,0.345432785
22-06-2020,MAHARASHTRA,SATARA,2.390070208,0.862898644,0.86473363,0.312198978
22-06-2020,MAHARASHTRA,PUNE,2.595490635,1.391909168,1.059310783,0.568086962
22-06-2020,MAHARASHTRA,PARBHANI,2.554146905,0.55330573,1.084150312,0.234859858
22-06-2020,MAHARASHTRA,JALNA,2.49588647,0.661950033,1.051768838,0.278946349
22-06-2020,MAHARASHTRA,GONDIYA,5.626156163,1.047823886,1.766106358,0.328922336
22-06-2020,MAHARASHTRA,MUMBAI,2.651241048,0.013538749,0.011711215,5.98E-05
22-06-2020,MAHARASHTRA,NASHIK,2.404585405,1.275547599,1.242666926,0.659190899
22-06-2020,MAHARASHTRA,GARHCHIROLI,5.80864756,2.864864529,1.153022657,0.568678626
22-06-2020,MAHARASHTRA,RATNAGIRI,2.44201889,0.694306053,1.091463711,0.310321048
22-06-2020,MAHARASHTRA,OSMANABAD,2.167287083,0.562332981,1.028090631,0.26675251
22-06-2020,MAHARASHTRA,BID,2.536163099,0.95846487,1.189846418,0.449665873
22-06-2020,MAHARASHTRA,LATUR,2.281050408,0.527855214,1.101512586,0.254899743
22-06-2020,MAHARASHTRA,YAVATMAL,4.773646817,2.203202977,2.048292483,0.945357767
22-06-2020,MAHARASHTRA,BHANDARA,5.264857193,0.691538446,2.126375293,0.279299174
22-06-2020,MAHARASHTRA,MUMBAI SUBURBAN,2.738358226,0.042383283,0.21106891,0.003266846
22-06-2020,MAHARASHTRA,NANDURBAR,2.397993762,0.481362439,0.909891111,0.182647433
22-06-2020,MAHARASHTRA,NAGPUR,5.268765717,1.779614635,1.818378252,0.614187976
22-06-2020,MAHARASHTRA,CHANDRAPUR,5.564072242,2.145170917,2.086585086,0.804461453
22-06-2020,MAHARASHTRA,JALGAON,2.040216506,0.817744076,0.729720413,0.292480991
22-06-2020,MAHARASHTRA,HINGOLI,2.603839503,0.41705942,1.085071355,0.173796898
22-06-2020,MAHARASHTRA,AKOLA,2.616492045,0.481864615,1.386788695,0.25539707
22-06-2020,MAHARASHTRA,AURANGABAD,2.585015851,0.892101629,1.114601269,0.384654356
22-06-2020,MAHARASHTRA,DHULE,2.350344601,0.574828585,0.829058306,0.202764485
22-06-2020,MAHARASHTRA,KOLHAPUR,2.31690869,0.613681623,0.636379142,0.168558298
22-06-2020,MAHARASHTRA,RAIGARH,2.692053307,0.660032796,0.546044214,0.13387814
22-06-2020,MAHARASHTRA,AMRAVATI,3.40771913,1.415842115,1.327875372,0.551706818
22-06-2020,MAHARASHTRA,NANDED,3.522300164,1.276321191,1.420324242,0.514660831
22-06-2020,MAHARASHTRA,SOLAPUR,2.241058701,1.147235542,1.160088139,0.593868578
22-06-2020,MAHARASHTRA,AHMADNAGAR,2.654205298,1.547559539,1.407120823,0.820435124
22-06-2020,MAHARASHTRA,THANE,2.176609705,0.70780117,0.595752022,0.193729715
22-06-2020,MAHARASHTRA,SANGLI,2.354686177,0.69434325,1.138873193,0.33582773
22-06-2020,MAHARASHTRA,WARDHA,5.055285659,1.086321029,1.996016614,0.428920336
22-06-2020,MAHARASHTRA,BULDANA,2.445794381,0.812736068,1.165685292,0.387356553
22-06-2020,MAHARASHTRA,SINDHUDURG,2.253240164,0.395218913,0.891038196,0.156288332
21-06-2020,MAHARASHTRA,WASHIM,1.936454434,0.343091949,1.152454247,0.204186459
21-06-2020,MAHARASHTRA,SATARA,2.600290219,0.938795395,0.965165127,0.348458249
21-06-2020,MAHARASHTRA,PUNE,2.58220085,1.384782125,1.042834432,0.559251028
21-06-2020,MAHARASHTRA,PARBHANI,3.000374593,0.649972188,1.278433952,0.27694759
21-06-2020,MAHARASHTRA,JALNA,2.855972011,0.757450626,1.200560193,0.318408257
21-06-2020,MAHARASHTRA,GONDIYA,4.429959346,0.82504237,1.42849439,0.266044969
21-06-2020,MAHARASHTRA,MUMBAI,2.424181674,0.012379254,0.010559193,5.39E-05
21-06-2020,MAHARASHTRA,NASHIK,2.719124744,1.442399605,1.415908408,0.751089384
21-06-2020,MAHARASHTRA,GARHCHIROLI,5.945030502,2.932129524,1.055162339,0.520413251
21-06-2020,MAHARASHTRA,RATNAGIRI,2.537257948,0.72138408,1.153928938,0.328080937
21-06-2020,MAHARASHTRA,OSMANABAD,2.082378629,0.540302293,1.022246969,0.26523629
21-06-2020,MAHARASHTRA,BID,2.857638982,1.079956797,1.329008661,0.502257964
21-06-2020,MAHARASHTRA,LATUR,2.329404038,0.539044671,1.095965659,0.253616135
21-06-2020,MAHARASHTRA,YAVATMAL,1.885656798,0.870295778,0.83142762,0.38373258
21-06-2020,MAHARASHTRA,BHANDARA,3.742907716,0.49163054,1.481006465,0.194530046
21-06-2020,MAHARASHTRA,MUMBAI SUBURBAN,2.406016223,0.037239418,0.186171909,0.002881499
21-06-2020,MAHARASHTRA,NANDURBAR,2.767120888,0.555459351,1.050417058,0.210855977
21-06-2020,MAHARASHTRA,NAGPUR,2.455266789,0.829307839,0.784032826,0.264820333
21-06-2020,MAHARASHTRA,CHANDRAPUR,2.529307666,0.975148598,1.029018254,0.396727421
21-06-2020,MAHARASHTRA,JALGAON,2.350140046,0.941965274,0.839043421,0.336299008
21-06-2020,MAHARASHTRA,HINGOLI,2.531591727,0.405487426,1.002164122,0.160517569
21-06-2020,MAHARASHTRA,AKOLA,2.106478564,0.387938303,1.072782645,0.197568342
21-06-2020,MAHARASHTRA,AURANGABAD,2.784737473,0.961026539,1.219092649,0.420714843
21-06-2020,MAHARASHTRA,DHULE,2.694954639,0.659110566,0.945187276,0.231166385
21-06-2020,MAHARASHTRA,KOLHAPUR,2.830940146,0.749833583,0.771179385,0.204262956
21-06-2020,MAHARASHTRA,RAIGARH,2.462524365,0.603757302,0.487087165,0.119423157
21-06-2020,MAHARASHTRA,AMRAVATI,1.810717796,0.752318609,0.587946689,0.244280603
21-06-2020,MAHARASHTRA,NANDED,2.349631801,0.851399574,0.985222461,0.356999758
21-06-2020,MAHARASHTRA,SOLAPUR,2.473926559,1.266444505,1.256666817,0.643308824
21-06-2020,MAHARASHTRA,AHMADNAGAR,2.802207346,1.633853535,1.487056067,0.867042125
21-06-2020,MAHARASHTRA,THANE,2.032938697,0.661081491,0.568910362,0.185001206
21-06-2020,MAHARASHTRA,SANGLI,2.754061582,0.812109948,1.327053241,0.391317734
21-06-2020,MAHARASHTRA,WARDHA,1.881617151,0.404337246,0.823632135,0.176988793
21-06-2020,MAHARASHTRA,BULDANA,2.496479875,0.829578828,1.200121018,0.398799525
21-06-2020,MAHARASHTRA,SINDHUDURG,2.84484523,0.498986596,1.153571264,0.202336701
20-06-2020,MAHARASHTRA,WASHIM,2.346939613,0.415819795,1.398270693,0.247739068
20-06-2020,MAHARASHTRA,SATARA,2.428541886,0.876788261,0.88291463,0.318762953
20-06-2020,MAHARASHTRA,PUNE,2.553200282,1.369229706,1.043464422,0.559588879
20-06-2020,MAHARASHTRA,PARBHANI,4.352986711,0.94298902,1.854122287,0.401659154
20-06-2020,MAHARASHTRA,JALNA,3.620852372,0.960309444,1.53333333,0.406665151
20-06-2020,MAHARASHTRA,GONDIYA,5.317215014,0.990286216,1.708487058,0.31819123
20-06-2020,MAHARASHTRA,MUMBAI,2.83601713,0.014482321,0.012687494,6.48E-05
20-06-2020,MAHARASHTRA,NASHIK,2.805239559,1.488080472,1.446360475,0.767243129
20-06-2020,MAHARASHTRA,GARHCHIROLI,4.35662354,2.148716395,0.943553399,0.465366961
20-06-2020,MAHARASHTRA,RATNAGIRI,2.462931659,0.700251896,1.116719331,0.317501635
20-06-2020,MAHARASHTRA,OSMANABAD,2.332734942,0.605260744,1.113340165,0.288871695
20-06-2020,MAHARASHTRA,BID,3.675436275,1.389018141,1.680261739,0.635003266
20-06-2020,MAHARASHTRA,LATUR,2.771509417,0.641351761,1.422296909,0.329132068
20-06-2020,MAHARASHTRA,YAVATMAL,3.135086945,1.44695097,1.347860801,0.62208434
20-06-2020,MAHARASHTRA,BHANDARA,3.840699696,0.504475507,1.610432175,0.211530099
20-06-2020,MAHARASHTRA,MUMBAI SUBURBAN,2.966375807,0.045912454,0.226487295,0.003505486
20-06-2020,MAHARASHTRA,NANDURBAR,2.92389957,0.586930396,1.110189187,0.222854364
20-06-2020,MAHARASHTRA,NAGPUR,3.240233984,1.094443771,1.118865931,0.377915871
20-06-2020,MAHARASHTRA,CHANDRAPUR,4.295529617,1.656097334,1.687448303,0.650578365
20-06-2020,MAHARASHTRA,JALGAON,2.33311868,0.935142899,0.836760062,0.335383809
20-06-2020,MAHARASHTRA,HINGOLI,3.987410812,0.638667336,1.58815492,0.254376266
20-06-2020,MAHARASHTRA,AKOLA,2.330592441,0.429212094,1.212259986,0.223255099
20-06-2020,MAHARASHTRA,AURANGABAD,2.916241785,1.006409321,1.271385311,0.438761297
20-06-2020,MAHARASHTRA,DHULE,2.819590266,0.689592956,0.984029109,0.240666011
20-06-2020,MAHARASHTRA,KOLHAPUR,2.473706533,0.655212805,0.67824545,0.179647463
20-06-2020,MAHARASHTRA,RAIGARH,2.842487284,0.696915929,0.565448866,0.138635738
20-06-2020,MAHARASHTRA,AMRAVATI,2.700851338,1.122152069,1.01567424,0.421993219
20-06-2020,MAHARASHTRA,NANDED,4.183395697,1.515872109,1.753770567,0.635486596
20-06-2020,MAHARASHTRA,SOLAPUR,2.324719061,1.190062684,1.182415624,0.605298393
20-06-2020,MAHARASHTRA,AHMADNAGAR,2.739428081,1.59724949,1.468331653,0.856124678
20-06-2020,MAHARASHTRA,THANE,2.261987992,0.735564922,0.612344781,0.199125434
20-06-2020,MAHARASHTRA,SANGLI,2.386905572,0.703844014,1.150894773,0.33937262
20-06-2020,MAHARASHTRA,WARDHA,3.056913044,0.656894416,1.208061358,0.259598081
20-06-2020,MAHARASHTRA,BULDANA,2.574772306,0.855595358,1.236485628,0.410883464
20-06-2020,MAHARASHTRA,SINDHUDURG,2.722689578,0.477560463,1.094947963,0.192054158
19-06-2020,MAHARASHTRA,WASHIM,3.28431394,0.581899399,1.905967615,0.337690437
19-06-2020,MAHARASHTRA,SATARA,2.262788763,0.816945606,0.824774559,0.297772361
19-06-2020,MAHARASHTRA,PUNE,2.763652871,1.482091176,1.119011199,0.600103089
19-06-2020,MAHARASHTRA,PARBHANI,3.699255853,0.801371078,1.568060643,0.339689521
19-06-2020,MAHARASHTRA,JALNA,4.160271412,1.103372222,1.753741908,0.465121122
19-06-2020,MAHARASHTRA,GONDIYA,4.646581405,0.865386392,1.537499253,0.286346201
19-06-2020,MAHARASHTRA,MUMBAI,2.707858055,0.013827868,0.012026816,6.14E-05
19-06-2020,MAHARASHTRA,NASHIK,3.276924197,1.738292507,1.714666563,0.909570029
19-06-2020,MAHARASHTRA,GARHCHIROLI,5.568359649,2.746352895,1.161516051,0.572867626
19-06-2020,MAHARASHTRA,RATNAGIRI,2.561018307,0.72813954,1.164971034,0.331220386
19-06-2020,MAHARASHTRA,OSMANABAD,2.613575454,0.678128747,1.222942847,0.317309646
19-06-2020,MAHARASHTRA,BID,3.238595675,1.223927667,1.485295731,0.561321857
19-06-2020,MAHARASHTRA,LATUR,2.832645629,0.655499221,1.42466683,0.329680489
19-06-2020,MAHARASHTRA,YAVATMAL,3.144540923,1.451314307,1.379131519,0.636516857
19-06-2020,MAHARASHTRA,BHANDARA,4.632535682,0.608483081,1.929597806,0.253452472
19-06-2020,MAHARASHTRA,MUMBAI SUBURBAN,2.94201991,0.045535482,0.233317648,0.003611203
19-06-2020,MAHARASHTRA,NANDURBAR,2.912099477,0.584561699,1.1096612,0.222748378
19-06-2020,MAHARASHTRA,NAGPUR,4.900958061,1.655381386,1.685160276,0.569191354
19-06-2020,MAHARASHTRA,CHANDRAPUR,3.969539796,1.530415306,1.629578696,0.628267332
19-06-2020,MAHARASHTRA,JALGAON,2.500068554,1.002058479,0.892090733,0.357561028
19-06-2020,MAHARASHTRA,HINGOLI,3.610357824,0.578274405,1.440024755,0.230650118
19-06-2020,MAHARASHTRA,AKOLA,3.178877066,0.5854359,1.643950841,0.302757175
19-06-2020,MAHARASHTRA,AURANGABAD,4.02951538,1.390605491,1.774702318,0.612458461
19-06-2020,MAHARASHTRA,DHULE,2.914905856,0.712904485,1.025481817,0.250804185
19-06-2020,MAHARASHTRA,KOLHAPUR,2.354553681,0.623652685,0.641363656,0.16987855
19-06-2020,MAHARASHTRA,RAIGARH,2.921195235,0.716213403,0.574348103,0.140817637
19-06-2020,MAHARASHTRA,AMRAVATI,4.136919793,1.718811043,1.569662454,0.652164725
19-06-2020,MAHARASHTRA,NANDED,3.931509005,1.424599842,1.642158843,0.595043589
19-06-2020,MAHARASHTRA,SOLAPUR,2.412764611,1.235134678,1.253497961,0.641686633
19-06-2020,MAHARASHTRA,AHMADNAGAR,3.11075729,1.813756502,1.716697095,1.000936502
19-06-2020,MAHARASHTRA,THANE,2.258176266,0.734325405,0.61704745,0.200654672
19-06-2020,MAHARASHTRA,SANGLI,2.451777681,0.72297332,1.171449696,0.345433798
19-06-2020,MAHARASHTRA,WARDHA,4.297579988,0.923499052,1.699501556,0.365202761
19-06-2020,MAHARASHTRA,BULDANA,3.467534739,1.152259802,1.643462577,0.54612167
19-06-2020,MAHARASHTRA,SINDHUDURG,2.789010987,0.489193255,1.11996337,0.196441867
18-06-2020,MAHARASHTRA,WASHIM,2.359988589,0.418131752,1.433950457,0.254060642
18-06-2020,MAHARASHTRA,SATARA,1.574884926,0.568588346,0.543048563,0.196059458
18-06-2020,MAHARASHTRA,PUNE,1.665793524,0.893331398,0.678822365,0.364038714
18-06-2020,MAHARASHTRA,PARBHANI,1.831795071,0.396822401,0.763930912,0.165490618
18-06-2020,MAHARASHTRA,JALNA,1.811241191,0.480370875,0.751058686,0.199193083
18-06-2020,MAHARASHTRA,GONDIYA,5.765392328,1.073755441,1.735718342,0.323262826
18-06-2020,MAHARASHTRA,MUMBAI,2.185582216,0.011160829,0.009036615,4.61E-05
18-06-2020,MAHARASHTRA,NASHIK,2.278680951,1.208759735,1.167504839,0.619320067
18-06-2020,MAHARASHTRA,GARHCHIROLI,3.346144938,1.650341468,0.704485949,0.347457267
18-06-2020,MAHARASHTRA,RATNAGIRI,2.819188394,0.801541533,1.30271574,0.370383467
18-06-2020,MAHARASHTRA,OSMANABAD,2.071504971,0.53748097,1.000236076,0.259525255
18-06-2020,MAHARASHTRA,BID,1.637198058,0.618728672,0.785835575,0.296982396
18-06-2020,MAHARASHTRA,LATUR,1.626372929,0.376357062,0.78983489,0.18277477
18-06-2020,MAHARASHTRA,YAVATMAL,3.263141302,1.506052481,1.446110885,0.667430149
18-06-2020,MAHARASHTRA,BHANDARA,4.748156776,0.6236699,1.871985898,0.245885154
18-06-2020,MAHARASHTRA,MUMBAI SUBURBAN,1.893317627,0.029304061,0.148273569,0.002294923
18-06-2020,MAHARASHTRA,NANDURBAR,2.843967965,0.570885286,1.076023626,0.215996123
18-06-2020,MAHARASHTRA,NAGPUR,3.41970863,1.155064365,1.190798032,0.402212153
18-06-2020,MAHARASHTRA,CHANDRAPUR,3.955618353,1.525048037,1.564389486,0.603134302
18-06-2020,MAHARASHTRA,JALGAON,2.07304759,0.830903181,0.737901686,0.295760146
18-06-2020,MAHARASHTRA,HINGOLI,2.028314964,0.324877113,0.820883579,0.131481694
18-06-2020,MAHARASHTRA,AKOLA,2.904344044,0.534876698,1.438104582,0.264847628
18-06-2020,MAHARASHTRA,AURANGABAD,2.307799866,0.796433035,1.055838199,0.364374933
18-06-2020,MAHARASHTRA,DHULE,2.415040199,0.590651319,0.832962218,0.203719273
18-06-2020,MAHARASHTRA,KOLHAPUR,2.033567,0.538632663,0.531260686,0.140715481
18-06-2020,MAHARASHTRA,RAIGARH,1.824171443,0.447247079,0.359268011,0.088084686
18-06-2020,MAHARASHTRA,AMRAVATI,3.785356879,1.572743376,1.553834222,0.645588397
18-06-2020,MAHARASHTRA,NANDED,2.130001776,0.771815654,0.854635181,0.309680874
18-06-2020,MAHARASHTRA,SOLAPUR,2.232136327,1.142668029,1.176242944,0.602138494
18-06-2020,MAHARASHTRA,AHMADNAGAR,2.176880973,1.26925107,1.1595067,0.676061364
18-06-2020,MAHARASHTRA,THANE,1.660522888,0.539977397,0.457789232,0.148866264
18-06-2020,MAHARASHTRA,SANGLI,1.971424461,0.581328111,0.97171731,0.286537273
18-06-2020,MAHARASHTRA,WARDHA,4.100238962,0.881092802,1.678852492,0.360765521
18-06-2020,MAHARASHTRA,BULDANA,2.236907,0.743322911,1.061220259,0.352642882
18-06-2020,MAHARASHTRA,SINDHUDURG,2.756623629,0.483512504,1.169089966,0.205058685
17-06-2020,MAHARASHTRA,WASHIM,2.493799898,0.441839814,1.498291235,0.265460241
17-06-2020,MAHARASHTRA,SATARA,1.390080261,0.501867421,0.46996922,0.169675268
17-06-2020,MAHARASHTRA,PUNE,1.556186262,0.834551239,0.653149238,0.350270735
17-06-2020,MAHARASHTRA,PARBHANI,2.610038924,0.565413637,1.101298186,0.238574608
17-06-2020,MAHARASHTRA,JALNA,2.576752658,0.683397073,1.087592915,0.288447481
17-06-2020,MAHARASHTRA,GONDIYA,3.762860251,0.70080082,1.306850218,0.243389774
17-06-2020,MAHARASHTRA,MUMBAI,2.830745838,0.014455403,0.011529511,5.89E-05
17-06-2020,MAHARASHTRA,NASHIK,3.182211178,1.688050597,1.568137989,0.831841798
17-06-2020,MAHARASHTRA,GARHCHIROLI,2.952170484,1.456030585,0.665688847,0.328322272
17-06-2020,MAHARASHTRA,RATNAGIRI,2.718853826,0.773014769,1.280066769,0.363943993
17-06-2020,MAHARASHTRA,OSMANABAD,2.159608144,0.560340572,1.002928841,0.260223931
17-06-2020,MAHARASHTRA,BID,2.305728557,0.87137922,1.079973523,0.40814279
17-06-2020,MAHARASHTRA,LATUR,1.848211739,0.427692523,0.907633689,0.210034453
17-06-2020,MAHARASHTRA,YAVATMAL,2.597282896,1.198735815,1.153784186,0.532511275
17-06-2020,MAHARASHTRA,BHANDARA,3.309429127,0.434693173,1.382580705,0.181601832
17-06-2020,MAHARASHTRA,MUMBAI SUBURBAN,2.422321968,0.037491792,0.194493023,0.00301029
17-06-2020,MAHARASHTRA,NANDURBAR,3.345081112,0.671476477,1.290677177,0.259084708
17-06-2020,MAHARASHTRA,NAGPUR,4.022283517,1.358594213,1.37393232,0.464068853
17-06-2020,MAHARASHTRA,CHANDRAPUR,3.24174959,1.249823266,1.314074524,0.506627939
17-06-2020,MAHARASHTRA,JALGAON,2.326751424,0.932590824,0.825848246,0.331010218
17-06-2020,MAHARASHTRA,HINGOLI,2.382622552,0.381626893,0.957805913,0.153412673
17-06-2020,MAHARASHTRA,AKOLA,2.626870871,0.483776025,1.393293849,0.256595087
17-06-2020,MAHARASHTRA,AURANGABAD,2.841527029,0.980624893,1.254537365,0.432946988
17-06-2020,MAHARASHTRA,DHULE,2.81953118,0.689578505,0.996425144,0.243697735
17-06-2020,MAHARASHTRA,KOLHAPUR,1.954331849,0.51764558,0.514934605,0.136391177
17-06-2020,MAHARASHTRA,RAIGARH,1.894998805,0.464612405,0.371192247,0.091008249
17-06-2020,MAHARASHTRA,AMRAVATI,2.706498668,1.124498427,0.997042443,0.414252064
17-06-2020,MAHARASHTRA,NANDED,2.389184094,0.865731524,1.014095306,0.367461962
17-06-2020,MAHARASHTRA,SOLAPUR,1.893869854,0.969503747,1.004728479,0.514337362
17-06-2020,MAHARASHTRA,AHMADNAGAR,2.592038238,1.511312446,1.355481793,0.790326498
17-06-2020,MAHARASHTRA,THANE,2.602776358,0.846384241,0.73185403,0.237988068
17-06-2020,MAHARASHTRA,SANGLI,1.699372842,0.501106293,0.835181094,0.246275856
17-06-2020,MAHARASHTRA,WARDHA,3.038760789,0.652993712,1.177086039,0.252941852
17-06-2020,MAHARASHTRA,BULDANA,2.447701823,0.81336991,1.185155163,0.39382638
17-06-2020,MAHARASHTRA,SINDHUDURG,2.57644041,0.45190832,1.104268041,0.193688903
16-06-2020,MAHARASHTRA,WASHIM,2.877562915,0.509833153,1.720702373,0.304866007
16-06-2020,MAHARASHTRA,SATARA,1.991628384,0.719047259,0.720058791,0.259966319
16-06-2020,MAHARASHTRA,PUNE,3.201704912,1.717009631,1.282178924,0.687606642
16-06-2020,MAHARASHTRA,PARBHANI,3.041978127,0.658984776,1.305443021,0.282798574
16-06-2020,MAHARASHTRA,JALNA,3.727224801,0.988521157,1.56085849,0.413965275
16-06-2020,MAHARASHTRA,GONDIYA,5.086785372,0.947370649,1.66196188,0.30952631
16-06-2020,MAHARASHTRA,MUMBAI,3.264070735,0.016668207,0.014206001,7.25E-05
16-06-2020,MAHARASHTRA,NASHIK,3.76135695,1.995266966,1.873956502,0.994067714
16-06-2020,MAHARASHTRA,GARHCHIROLI,5.207811718,2.5685282,1.060147392,0.522871912
16-06-2020,MAHARASHTRA,RATNAGIRI,2.502000997,0.71135995,1.164841347,0.331183514
16-06-2020,MAHARASHTRA,OSMANABAD,2.27930554,0.591397738,1.095262096,0.284181087
16-06-2020,MAHARASHTRA,BID,3.164839483,1.196053781,1.487145199,0.562020806
16-06-2020,MAHARASHTRA,LATUR,2.494856116,0.577331743,1.22425887,0.283304317
16-06-2020,MAHARASHTRA,YAVATMAL,3.360681184,1.551070507,1.482512007,0.684230525
16-06-2020,MAHARASHTRA,BHANDARA,4.287072293,0.563106501,1.748687556,0.229689929
16-06-2020,MAHARASHTRA,MUMBAI SUBURBAN,3.586441964,0.055509606,0.293834269,0.004547857
16-06-2020,MAHARASHTRA,NANDURBAR,3.235137081,0.649406808,1.206712105,0.242229939
16-06-2020,MAHARASHTRA,NAGPUR,4.637338219,1.56633933,1.526796149,0.515701194
16-06-2020,MAHARASHTRA,CHANDRAPUR,4.793922057,1.848247422,1.811931892,0.698571735
16-06-2020,MAHARASHTRA,JALGAON,4.377119928,1.754403947,1.508853014,0.604766999
16-06-2020,MAHARASHTRA,HINGOLI,2.516292444,0.403036925,1.024398889,0.164078933
16-06-2020,MAHARASHTRA,AKOLA,3.215592891,0.592197647,1.622343291,0.298777834
16-06-2020,MAHARASHTRA,AURANGABAD,4.113284659,1.419514679,1.75173402,0.604531989
16-06-2020,MAHARASHTRA,DHULE,3.805454893,0.930707884,1.34267934,0.328381831
16-06-2020,MAHARASHTRA,KOLHAPUR,1.662252829,0.440282355,0.45173245,0.119650768
16-06-2020,MAHARASHTRA,RAIGARH,4.271352781,1.047242606,0.867132399,0.212601965
16-06-2020,MAHARASHTRA,AMRAVATI,3.959514663,1.645102604,1.427514572,0.593104999
16-06-2020,MAHARASHTRA,NANDED,3.338377364,1.209675943,1.413544693,0.512204231
16-06-2020,MAHARASHTRA,SOLAPUR,2.367478385,1.211951899,1.237025304,0.633254004
16-06-2020,MAHARASHTRA,AHMADNAGAR,3.424503412,1.996689151,1.830308119,1.067178485
16-06-2020,MAHARASHTRA,THANE,4.134999963,1.344640615,1.089216969,0.354197192
16-06-2020,MAHARASHTRA,SANGLI,1.592783336,0.469675479,0.764586042,0.225458986
16-06-2020,MAHARASHTRA,WARDHA,3.838699001,0.824890961,1.468994071,0.315669432
16-06-2020,MAHARASHTRA,BULDANA,3.466641321,1.15196292,1.640647683,0.545186283
16-06-2020,MAHARASHTRA,SINDHUDURG,1.987731722,0.348648663,0.82740843,0.145127655
15-06-2020,MAHARASHTRA,WASHIM,4.786992178,0.848136908,2.862295993,0.507128231
15-06-2020,MAHARASHTRA,SATARA,2.668826772,0.963539479,0.952464257,0.343872792
15-06-2020,MAHARASHTRA,PUNE,2.470869424,1.325077331,0.982680377,0.526991624
15-06-2020,MAHARASHTRA,PARBHANI,3.645261104,0.789674177,1.538392132,0.333262421
15-06-2020,MAHARASHTRA,JALNA,3.92936442,1.0421319,1.648428839,0.437190368
15-06-2020,MAHARASHTRA,GONDIYA,4.733413502,0.881558134,1.429106051,0.266158886
15-06-2020,MAHARASHTRA,MUMBAI,2.75645032,0.014076007,0.011924871,6.09E-05
15-06-2020,MAHARASHTRA,NASHIK,3.47083352,1.841154552,1.683769343,0.893180146
15-06-2020,MAHARASHTRA,GARHCHIROLI,5.128929766,2.529623084,1.019453771,0.502801542
15-06-2020,MAHARASHTRA,RATNAGIRI,3.577779311,1.017221382,1.631559902,0.46387926
15-06-2020,MAHARASHTRA,OSMANABAD,2.630443071,0.682505287,1.302727419,0.33801087
15-06-2020,MAHARASHTRA,BID,3.067714096,1.159348227,1.472029572,0.55630832
15-06-2020,MAHARASHTRA,LATUR,2.809842585,0.650222395,1.392442047,0.32222339
15-06-2020,MAHARASHTRA,YAVATMAL,4.68045774,2.160192998,2.060052504,0.950785423
15-06-2020,MAHARASHTRA,BHANDARA,3.40004873,0.446596048,1.424811599,0.187148856
15-06-2020,MAHARASHTRA,MUMBAI SUBURBAN,3.008671943,0.046567098,0.250210826,0.00387267
15-06-2020,MAHARASHTRA,NANDURBAR,2.579586658,0.517814577,0.976445951,0.196007351
15-06-2020,MAHARASHTRA,NAGPUR,3.128740756,1.05678505,1.127108806,0.380700041
15-06-2020,MAHARASHTRA,CHANDRAPUR,4.845320562,1.868063587,1.836945073,0.70821531
15-06-2020,MAHARASHTRA,JALGAON,4.358212228,1.746825506,1.545050233,0.619275293
15-06-2020,MAHARASHTRA,HINGOLI,3.830574807,0.613546766,1.578531178,0.252834822
15-06-2020,MAHARASHTRA,AKOLA,4.799105751,0.883824298,2.508245902,0.461929532
15-06-2020,MAHARASHTRA,AURANGABAD,3.276295651,1.130665674,1.347293117,0.464957453
15-06-2020,MAHARASHTRA,DHULE,3.177171037,0.777047217,1.112689847,0.272132831
15-06-2020,MAHARASHTRA,KOLHAPUR,2.264863061,0.599896252,0.572975264,0.151764457
15-06-2020,MAHARASHTRA,RAIGARH,3.811633369,0.934529426,0.774810948,0.189966757
15-06-2020,MAHARASHTRA,AMRAVATI,4.362102847,1.812370294,1.714949884,0.712528873
15-06-2020,MAHARASHTRA,NANDED,3.912141088,1.417581791,1.64516303,0.59613217
15-06-2020,MAHARASHTRA,SOLAPUR,2.456842952,1.25769912,1.28492406,0.65777418
15-06-2020,MAHARASHTRA,AHMADNAGAR,2.726369748,1.589635705,1.497539407,0.873154535
15-06-2020,MAHARASHTRA,THANE,3.912382168,1.272248613,1.03366758,0.336133355
15-06-2020,MAHARASHTRA,SANGLI,2.179617691,0.642719546,1.039988044,0.306668755
15-06-2020,MAHARASHTRA,WARDHA,4.312102401,0.926619747,1.732083326,0.372204197
15-06-2020,MAHARASHTRA,BULDANA,4.586335661,1.524036706,2.190408193,0.727871384
15-06-2020,MAHARASHTRA,SINDHUDURG,2.619026107,0.459377863,1.135996099,0.199254012
14-06-2020,MAHARASHTRA,WASHIM,2.972503286,0.526654244,1.774788431,0.314448722
14-06-2020,MAHARASHTRA,SATARA,1.026785096,0.370705205,0.364112216,0.1314572
14-06-2020,MAHARASHTRA,PUNE,1.689508838,0.906049441,0.683847863,0.366733787
14-06-2020,MAHARASHTRA,PARBHANI,2.820584199,0.611024133,1.197721691,0.259462865
14-06-2020,MAHARASHTRA,JALNA,2.468959534,0.654808568,1.043854172,0.276847249
14-06-2020,MAHARASHTRA,GONDIYA,2.756425903,0.513360955,0.994427581,0.185203706
14-06-2020,MAHARASHTRA,MUMBAI,2.433430455,0.012426484,0.010158226,5.19E-05
14-06-2020,MAHARASHTRA,NASHIK,2.176991855,1.154817262,1.093162428,0.579884045
14-06-2020,MAHARASHTRA,GARHCHIROLI,1.753828833,0.865000323,0.407627483,0.20104465
14-06-2020,MAHARASHTRA,RATNAGIRI,2.22919498,0.633796722,1.090213935,0.309965716
14-06-2020,MAHARASHTRA,OSMANABAD,2.004189162,0.520014941,0.983361441,0.255146895
14-06-2020,MAHARASHTRA,BID,2.292989724,0.86656497,1.067070238,0.40326639
14-06-2020,MAHARASHTRA,LATUR,2.454467067,0.567985361,1.214093901,0.280952053
14-06-2020,MAHARASHTRA,YAVATMAL,2.363711897,1.090934727,1.03073488,0.475719768
14-06-2020,MAHARASHTRA,BHANDARA,2.927231864,0.384491602,1.246060447,0.163669911
14-06-2020,MAHARASHTRA,MUMBAI SUBURBAN,2.401331827,0.037166915,0.199222324,0.003083489
14-06-2020,MAHARASHTRA,NANDURBAR,3.084131094,0.619094548,1.19815696,0.240512617
14-06-2020,MAHARASHTRA,NAGPUR,3.404747846,1.150011107,1.215551267,0.410572977
14-06-2020,MAHARASHTRA,CHANDRAPUR,1.869277502,0.720680746,0.845220521,0.325866092
14-06-2020,MAHARASHTRA,JALGAON,3.021139982,1.210910369,1.049089879,0.420488233
14-06-2020,MAHARASHTRA,HINGOLI,2.955777363,0.473429637,1.201703258,0.19247794
14-06-2020,MAHARASHTRA,AKOLA,3.637601565,0.669916609,1.898870032,0.349704208
14-06-2020,MAHARASHTRA,AURANGABAD,1.85652349,0.640695348,0.777813849,0.268427368
14-06-2020,MAHARASHTRA,DHULE,2.811529897,0.687621615,0.995267767,0.243414673
14-06-2020,MAHARASHTRA,KOLHAPUR,1.258265411,0.333277856,0.317353594,0.084057723
14-06-2020,MAHARASHTRA,RAIGARH,2.186657027,0.536120644,0.452611892,0.110970571
14-06-2020,MAHARASHTRA,AMRAVATI,3.3727213,1.401301186,1.235914346,0.51349877
14-06-2020,MAHARASHTRA,NANDED,2.923660567,1.05940146,1.245767449,0.451409398
14-06-2020,MAHARASHTRA,SOLAPUR,1.480261227,0.757770553,0.830175289,0.424980656
14-06-2020,MAHARASHTRA,AHMADNAGAR,1.883229509,1.098034803,1.016372479,0.592605601
14-06-2020,MAHARASHTRA,THANE,2.615249264,0.850440245,0.708772949,0.230482443
14-06-2020,MAHARASHTRA,SANGLI,0.977761338,0.288319519,0.460173707,0.135694731
14-06-2020,MAHARASHTRA,WARDHA,2.679239746,0.575736897,1.047084361,0.225006031
14-06-2020,MAHARASHTRA,BULDANA,3.070594194,1.020356687,1.478049682,0.49115506
14-06-2020,MAHARASHTRA,SINDHUDURG,2.011102571,0.352747916,0.859059412,0.150679245
13-06-2020,MAHARASHTRA,WASHIM,4.803085531,0.850988253,2.860553293,0.506819467
13-06-2020,MAHARASHTRA,SATARA,2.174457209,0.785054837,0.787198474,0.284206085
13-06-2020,MAHARASHTRA,PUNE,2.846003887,1.526254361,1.154750154,0.619269168
13-06-2020,MAHARASHTRA,PARBHANI,3.910182243,0.847064135,1.643981411,0.356136263
13-06-2020,MAHARASHTRA,JALNA,4.109706461,1.089961567,1.726252001,0.457830347
13-06-2020,MAHARASHTRA,GONDIYA,7.042575823,1.311620039,2.110415889,0.393047067
13-06-2020,MAHARASHTRA,MUMBAI,2.90471084,0.01483311,0.012656523,6.46E-05
13-06-2020,MAHARASHTRA,NASHIK,4.066640722,2.157209221,2.079718626,1.103217251
13-06-2020,MAHARASHTRA,GARHCHIROLI,6.302408645,3.108390858,1.247064439,0.615060673
13-06-2020,MAHARASHTRA,RATNAGIRI,3.177749366,0.903486303,1.50791426,0.428724774
13-06-2020,MAHARASHTRA,OSMANABAD,3.101579611,0.804748259,1.518957132,0.394114697
13-06-2020,MAHARASHTRA,BID,3.403134164,1.28610993,1.622236066,0.613074247
13-06-2020,MAHARASHTRA,LATUR,3.409587096,0.789008573,1.67183012,0.386876258
13-06-2020,MAHARASHTRA,YAVATMAL,4.177427208,1.928027023,1.809869362,0.835317258
13-06-2020,MAHARASHTRA,BHANDARA,5.754542166,0.755858517,2.275020972,0.298823769
13-06-2020,MAHARASHTRA,MUMBAI SUBURBAN,3.451923687,0.053427582,0.297241388,0.004600591
13-06-2020,MAHARASHTRA,NANDURBAR,4.064040752,0.815797188,1.554156222,0.311974302
13-06-2020,MAHARASHTRA,NAGPUR,5.716298379,1.930776353,1.868200144,0.631016161
13-06-2020,MAHARASHTRA,CHANDRAPUR,4.137512976,1.595175641,1.655338294,0.638198681
13-06-2020,MAHARASHTRA,JALGAON,4.966595484,1.990673059,1.74939827,0.70118052
13-06-2020,MAHARASHTRA,HINGOLI,4.43669519,0.710629637,1.811284752,0.290115181
13-06-2020,MAHARASHTRA,AKOLA,5.174125887,0.952889646,2.696817986,0.496657792
13-06-2020,MAHARASHTRA,AURANGABAD,4.325043843,1.492593811,1.870834728,0.645634226
13-06-2020,MAHARASHTRA,DHULE,3.735555736,0.913612504,1.337943645,0.327223613
13-06-2020,MAHARASHTRA,KOLHAPUR,2.181934763,0.577930962,0.586255422,0.155281984
13-06-2020,MAHARASHTRA,RAIGARH,4.128750995,1.012279756,0.865197317,0.212127525
13-06-2020,MAHARASHTRA,AMRAVATI,5.125663238,2.129615031,1.925614673,0.800056063
13-06-2020,MAHARASHTRA,NANDED,4.467838874,1.618941364,1.832106585,0.663872001
13-06-2020,MAHARASHTRA,SOLAPUR,3.153192841,1.614172309,1.687317349,0.863766055
13-06-2020,MAHARASHTRA,AHMADNAGAR,3.218480029,1.876565266,1.764156949,1.028608419
13-06-2020,MAHARASHTRA,THANE,5.264229193,1.711849201,1.406336509,0.45731976
13-06-2020,MAHARASHTRA,SANGLI,2.939052163,0.866659451,1.436024484,0.423450869
13-06-2020,MAHARASHTRA,WARDHA,4.440934049,0.954304142,1.726156021,0.37093049
13-06-2020,MAHARASHTRA,BULDANA,4.851862196,1.612271021,2.308332276,0.767057489
13-06-2020,MAHARASHTRA,SINDHUDURG,2.417354843,0.42400467,1.030747697,0.180793415
12-06-2020,MAHARASHTRA,WASHIM,5.252346273,0.930586172,3.152081681,0.558471105
12-06-2020,MAHARASHTRA,SATARA,1.581807189,0.571087524,0.579817356,0.209334274
12-06-2020,MAHARASHTRA,PUNE,1.902476847,1.02025988,0.770680597,0.413300427
12-06-2020,MAHARASHTRA,PARBHANI,4.920109117,1.065844944,2.084449838,0.451555091
12-06-2020,MAHARASHTRA,JALNA,4.430082437,1.174930531,1.866491047,0.495024043
12-06-2020,MAHARASHTRA,GONDIYA,7.695716617,1.433261975,2.261822137,0.421245197
12-06-2020,MAHARASHTRA,MUMBAI,2.395862952,0.012234643,0.009876252,5.04E-05
12-06-2020,MAHARASHTRA,NASHIK,3.962508892,2.101970965,1.905236115,1.010660443
12-06-2020,MAHARASHTRA,GARHCHIROLI,6.824358806,3.365820231,1.334111703,0.657992976
12-06-2020,MAHARASHTRA,RATNAGIRI,2.159142698,0.613879708,1.055321534,0.300045234
12-06-2020,MAHARASHTRA,OSMANABAD,3.381166669,0.877291036,1.668026064,0.432792718
12-06-2020,MAHARASHTRA,BID,4.036141695,1.525335665,1.882387771,0.711390585
12-06-2020,MAHARASHTRA,LATUR,3.985010038,0.922166524,1.942616243,0.449538559
12-06-2020,MAHARASHTRA,YAVATMAL,5.137625232,2.371191595,2.256270105,1.041346627
12-06-2020,MAHARASHTRA,BHANDARA,6.216196964,0.816496827,2.465502835,0.323843542
12-06-2020,MAHARASHTRA,MUMBAI SUBURBAN,2.063206695,0.031933541,0.160335361,0.002481611
12-06-2020,MAHARASHTRA,NANDURBAR,4.13555065,0.830151762,1.647326462,0.330676875
12-06-2020,MAHARASHTRA,NAGPUR,6.096516404,2.059201415,2.009015169,0.678578815
12-06-2020,MAHARASHTRA,CHANDRAPUR,5.412948579,2.086906741,2.110363099,0.813628822
12-06-2020,MAHARASHTRA,JALGAON,4.644421171,1.8615416,1.619951234,0.649296543
12-06-2020,MAHARASHTRA,HINGOLI,5.098217454,0.81658628,2.071400738,0.331778203
12-06-2020,MAHARASHTRA,AKOLA,5.274949298,0.971457727,2.767580181,0.509689667
12-06-2020,MAHARASHTRA,AURANGABAD,4.04708643,1.396669346,1.737510517,0.599623388
12-06-2020,MAHARASHTRA,DHULE,3.480193016,0.851157921,1.270168085,0.310647606
12-06-2020,MAHARASHTRA,KOLHAPUR,0.920469459,0.243805548,0.245402962,0.065000096
12-06-2020,MAHARASHTRA,RAIGARH,1.739169081,0.426406353,0.346948642,0.085064245
12-06-2020,MAHARASHTRA,AMRAVATI,5.738830472,2.384374288,2.196705779,0.912689232
12-06-2020,MAHARASHTRA,NANDED,4.649635671,1.684816246,1.942258717,0.703786118
12-06-2020,MAHARASHTRA,SOLAPUR,2.355183868,1.20565813,1.293757994,0.66229642
12-06-2020,MAHARASHTRA,AHMADNAGAR,3.280705367,1.912846338,1.821218389,1.061878632
12-06-2020,MAHARASHTRA,THANE,3.76875918,1.225544548,0.903208674,0.293710055
12-06-2020,MAHARASHTRA,SANGLI,1.504457525,0.443630212,0.728271179,0.214750561
12-06-2020,MAHARASHTRA,WARDHA,6.029274678,1.295619736,2.304469678,0.495203247
12-06-2020,MAHARASHTRA,BULDANA,4.885074935,1.623307595,2.313784447,0.768869243
12-06-2020,MAHARASHTRA,SINDHUDURG,1.373635836,0.240936084,0.633619724,0.111137065
11-06-2020,MAHARASHTRA,WASHIM,5.688267027,1.007820575,3.380659826,0.598969513
11-06-2020,MAHARASHTRA,SATARA,2.109079787,0.761451309,0.767317859,0.27702849
11-06-2020,MAHARASHTRA,PUNE,2.820972273,1.512830413,1.187440766,0.636800482
11-06-2020,MAHARASHTRA,PARBHANI,5.199808543,1.126436328,2.203124187,0.477263557
11-06-2020,MAHARASHTRA,JALNA,4.737026256,1.256337067,1.997505217,0.52977115
11-06-2020,MAHARASHTRA,GONDIYA,5.392523484,1.00431178,1.781674876,0.33182184
11-06-2020,MAHARASHTRA,MUMBAI,2.243525414,0.01145672,0.009798103,5.00E-05
11-06-2020,MAHARASHTRA,NASHIK,1.56003606,0.827544011,0.763377003,0.404944528
11-06-2020,MAHARASHTRA,GARHCHIROLI,6.159460916,3.037888064,1.156736624,0.570510379
11-06-2020,MAHARASHTRA,RATNAGIRI,2.749330056,0.781679661,1.293969899,0.367896881
11-06-2020,MAHARASHTRA,OSMANABAD,4.143997117,1.075218077,2.026498451,0.525803399
11-06-2020,MAHARASHTRA,BID,4.445018485,1.679858077,2.082640935,0.787070112
11-06-2020,MAHARASHTRA,LATUR,4.635793564,1.072763581,2.259509425,0.52287044
11-06-2020,MAHARASHTRA,YAVATMAL,6.223275871,2.872256883,2.646746915,1.22156517
11-06-2020,MAHARASHTRA,BHANDARA,4.285990616,0.562964423,1.752917293,0.230245505
11-06-2020,MAHARASHTRA,MUMBAI SUBURBAN,2.385248709,0.036917986,0.187273728,0.002898553
11-06-2020,MAHARASHTRA,NANDURBAR,2.742264831,0.550469858,0.964333852,0.193576023
11-06-2020,MAHARASHTRA,NAGPUR,4.430752695,1.496561579,1.487250255,0.5023439
11-06-2020,MAHARASHTRA,CHANDRAPUR,6.07142265,2.340774657,2.300221431,0.886826753
11-06-2020,MAHARASHTRA,JALGAON,4.066676215,1.629974256,1.388562001,0.556552869
11-06-2020,MAHARASHTRA,HINGOLI,5.437867432,0.870988336,2.205247013,0.353216486
11-06-2020,MAHARASHTRA,AKOLA,4.858336036,0.894732407,2.589281647,0.476853429
11-06-2020,MAHARASHTRA,AURANGABAD,4.215288491,1.454716701,1.748790463,0.603516153
11-06-2020,MAHARASHTRA,DHULE,2.440299952,0.596829149,0.822285054,0.201107937
11-06-2020,MAHARASHTRA,KOLHAPUR,2.164177581,0.573227601,0.578099485,0.153121714
11-06-2020,MAHARASHTRA,RAIGARH,2.761310472,0.677013144,0.55810004,0.136833966
11-06-2020,MAHARASHTRA,AMRAVATI,4.766148807,1.980243662,1.970027904,0.818508911
11-06-2020,MAHARASHTRA,NANDED,5.888976191,2.133896816,2.411019276,0.8736436
11-06-2020,MAHARASHTRA,SOLAPUR,3.305821616,1.692305539,1.799754182,0.921324356
11-06-2020,MAHARASHTRA,AHMADNAGAR,3.655923543,2.13162085,2.029413646,1.183268849
11-06-2020,MAHARASHTRA,THANE,1.503284864,0.488845926,0.425240387,0.138281862
11-06-2020,MAHARASHTRA,SANGLI,2.101393843,0.619653117,1.020268878,0.300854023
11-06-2020,MAHARASHTRA,WARDHA,4.470871153,0.960737272,1.910945399,0.410639539
11-06-2020,MAHARASHTRA,BULDANA,5.12144454,1.701853079,2.397853404,0.796805309
11-06-2020,MAHARASHTRA,SINDHUDURG,2.804025276,0.491826765,1.242491064,0.217933257
10-06-2020,MAHARASHTRA,WASHIM,1.114665085,0.197491152,0.6776533,0.120063445
10-06-2020,MAHARASHTRA,SATARA,2.480505079,0.895548784,0.861558712,0.311052722
10-06-2020,MAHARASHTRA,PUNE,2.252472433,1.207955439,0.875225061,0.46936551
10-06-2020,MAHARASHTRA,PARBHANI,1.003373553,0.217361161,0.423727693,0.091792277
10-06-2020,MAHARASHTRA,JALNA,1.291006303,0.342396049,0.52984007,0.140522278
10-06-2020,MAHARASHTRA,GONDIYA,2.545354758,0.474050744,0.817881158,0.152323432
10-06-2020,MAHARASHTRA,MUMBAI,2.463488477,0.012579977,0.010410008,5.32E-05
10-06-2020,MAHARASHTRA,NASHIK,2.363032987,1.253505509,1.204022081,0.638691173
10-06-2020,MAHARASHTRA,GARHCHIROLI,6.84658885,3.37678424,1.16236629,0.573286969
10-06-2020,MAHARASHTRA,RATNAGIRI,2.578900723,0.733223804,1.12710692,0.320454997
10-06-2020,MAHARASHTRA,OSMANABAD,2.077761356,0.539104277,0.962291214,0.24967993
10-06-2020,MAHARASHTRA,BID,1.457336928,0.550755687,0.690240071,0.260855014
10-06-2020,MAHARASHTRA,LATUR,2.050804178,0.474574202,0.897625545,0.20771848
10-06-2020,MAHARASHTRA,YAVATMAL,2.160280167,0.997043953,1.002222126,0.462560147
10-06-2020,MAHARASHTRA,BHANDARA,2.721115733,0.357418269,1.170034544,0.153683916
10-06-2020,MAHARASHTRA,MUMBAI SUBURBAN,2.407687567,0.037265287,0.188874819,0.002923334
10-06-2020,MAHARASHTRA,NANDURBAR,1.069233359,0.214633076,0.469599088,0.0942652
10-06-2020,MAHARASHTRA,NAGPUR,2.50710868,0.846818314,0.899051158,0.303669718
10-06-2020,MAHARASHTRA,CHANDRAPUR,5.308557064,2.046659664,1.914323219,0.73804766
10-06-2020,MAHARASHTRA,JALGAON,1.013988908,0.406419329,0.394256008,0.158022697
10-06-2020,MAHARASHTRA,HINGOLI,1.326355941,0.212443677,0.515082567,0.082501259
10-06-2020,MAHARASHTRA,AKOLA,0.785418618,0.144646127,0.427566608,0.078742536
10-06-2020,MAHARASHTRA,AURANGABAD,2.684631776,0.926479573,1.279093294,0.44142136
10-06-2020,MAHARASHTRA,DHULE,1.007466588,0.246398163,0.419365402,0.102565054
10-06-2020,MAHARASHTRA,KOLHAPUR,2.566142191,0.679696318,0.678405168,0.179689768
10-06-2020,MAHARASHTRA,RAIGARH,2.262818848,0.554793862,0.442214296,0.108421307
10-06-2020,MAHARASHTRA,AMRAVATI,2.074795268,0.862037747,0.76614149,0.318317134
10-06-2020,MAHARASHTRA,NANDED,1.256332179,0.455237575,0.531971695,0.192762319
10-06-2020,MAHARASHTRA,SOLAPUR,2.451897619,1.255167521,1.293201015,0.662011293
10-06-2020,MAHARASHTRA,AHMADNAGAR,1.891270114,1.102722954,0.990389458,0.577455954
10-06-2020,MAHARASHTRA,THANE,3.099931344,1.008051663,0.826425142,0.26874119
10-06-2020,MAHARASHTRA,SANGLI,2.024657465,0.59702531,0.96115435,0.283422497
10-06-2020,MAHARASHTRA,WARDHA,3.79659202,0.81584267,1.489358575,0.320045522
10-06-2020,MAHARASHTRA,BULDANA,0.799631197,0.265716987,0.386540702,0.128447253
10-06-2020,MAHARASHTRA,SINDHUDURG,2.85421431,0.500629935,1.144245142,0.200700897
09-06-2020,MAHARASHTRA,WASHIM,1.037653742,0.183846642,0.636669905,0.112802199
09-06-2020,MAHARASHTRA,SATARA,2.315496864,0.835975068,0.854237098,0.308409364
09-06-2020,MAHARASHTRA,PUNE,2.14191751,1.148667068,0.885651806,0.474957163
09-06-2020,MAHARASHTRA,PARBHANI,1.108645116,0.240166176,0.467443463,0.10126244
09-06-2020,MAHARASHTRA,JALNA,1.380915883,0.366241544,0.577425802,0.153142794
09-06-2020,MAHARASHTRA,GONDIYA,2.627340629,0.489319917,0.898549645,0.167347253
09-06-2020,MAHARASHTRA,MUMBAI,2.575807565,0.013153542,0.010835242,5.53E-05
09-06-2020,MAHARASHTRA,NASHIK,0.970262716,0.51469009,0.483648643,0.256558517
09-06-2020,MAHARASHTRA,GARHCHIROLI,2.843147835,1.402259872,0.561235094,0.27680497
09-06-2020,MAHARASHTRA,RATNAGIRI,2.915084012,0.828806232,1.327488859,0.377426871
09-06-2020,MAHARASHTRA,OSMANABAD,2.006395684,0.520587454,0.942594291,0.244569287
09-06-2020,MAHARASHTRA,BID,1.752265808,0.66221499,0.826884171,0.31249545
09-06-2020,MAHARASHTRA,LATUR,1.86937612,0.432590147,0.847953478,0.196223925
09-06-2020,MAHARASHTRA,YAVATMAL,1.249926973,0.576884494,0.569798042,0.262981488
09-06-2020,MAHARASHTRA,BHANDARA,2.420739013,0.317963818,1.054245412,0.138475026
09-06-2020,MAHARASHTRA,MUMBAI SUBURBAN,2.499563917,0.038687314,0.198525492,0.003072703
09-06-2020,MAHARASHTRA,NANDURBAR,0.867878545,0.17421402,0.311307484,0.062490459
09-06-2020,MAHARASHTRA,NAGPUR,1.770723996,0.598091946,0.589120655,0.198985454
09-06-2020,MAHARASHTRA,CHANDRAPUR,2.157713635,0.831884335,0.901821975,0.347688202
09-06-2020,MAHARASHTRA,JALGAON,0.2902467,0.116334477,0.102920985,0.041252007
09-06-2020,MAHARASHTRA,HINGOLI,0.601307382,0.096311968,0.213090287,0.034130871
09-06-2020,MAHARASHTRA,AKOLA,0.877441321,0.16159343,0.483216877,0.088991333
09-06-2020,MAHARASHTRA,AURANGABAD,0.709218928,0.244754925,0.296032109,0.102162131
09-06-2020,MAHARASHTRA,DHULE,0.779384111,0.190615566,0.274270717,0.06707895
09-06-2020,MAHARASHTRA,KOLHAPUR,2.831919684,0.750093034,0.752595187,0.199340543
09-06-2020,MAHARASHTRA,RAIGARH,2.303767187,0.564833503,0.458197511,0.112340043
09-06-2020,MAHARASHTRA,AMRAVATI,1.304726029,0.542088708,0.536407068,0.222866876
09-06-2020,MAHARASHTRA,NANDED,1.111767049,0.402853754,0.486242023,0.176191968
09-06-2020,MAHARASHTRA,SOLAPUR,2.005861909,1.026834359,1.023180518,0.523783271
09-06-2020,MAHARASHTRA,AHMADNAGAR,1.743160688,1.01636635,0.920116969,0.536482914
09-06-2020,MAHARASHTRA,THANE,1.324675167,0.430764703,0.389726034,0.126733122
09-06-2020,MAHARASHTRA,SANGLI,2.487455705,0.733493956,1.185654613,0.349622504
09-06-2020,MAHARASHTRA,WARDHA,1.588286143,0.341303885,0.667048747,0.143340877
09-06-2020,MAHARASHTRA,BULDANA,0.906002815,0.301064215,0.436676536,0.145107362
09-06-2020,MAHARASHTRA,SINDHUDURG,3.390949285,0.59477339,1.398848612,0.245358412
08-06-2020,MAHARASHTRA,WASHIM,1.169685926,0.207239487,0.717048924,0.127043378
08-06-2020,MAHARASHTRA,SATARA,2.50647552,0.904925019,0.894699292,0.323017626
08-06-2020,MAHARASHTRA,PUNE,2.362631642,1.267031596,0.952244865,0.510669674
08-06-2020,MAHARASHTRA,PARBHANI,1.187248785,0.257194116,0.500104277,0.108337763
08-06-2020,MAHARASHTRA,JALNA,1.478814075,0.392205751,0.618520622,0.164041815
08-06-2020,MAHARASHTRA,GONDIYA,2.111421349,0.393234325,0.7304649,0.136042895
08-06-2020,MAHARASHTRA,MUMBAI,2.809550802,0.014347169,0.012048971,6.15E-05
08-06-2020,MAHARASHTRA,NASHIK,1.113563936,0.590706324,0.547204321,0.290272558
08-06-2020,MAHARASHTRA,GARHCHIROLI,2.727085035,1.345016908,0.564562707,0.278446171
08-06-2020,MAHARASHTRA,RATNAGIRI,3.259896802,0.926842167,1.520869354,0.43240812
08-06-2020,MAHARASHTRA,OSMANABAD,2.029388187,0.526553181,0.952166564,0.247052947
08-06-2020,MAHARASHTRA,BID,1.772262641,0.669772178,0.834718707,0.315456272
08-06-2020,MAHARASHTRA,LATUR,1.961386669,0.453882201,0.896936894,0.20755912
08-06-2020,MAHARASHTRA,YAVATMAL,1.390039724,0.641551371,0.632883183,0.292097461
08-06-2020,MAHARASHTRA,BHANDARA,2.600636061,0.341593277,1.127191168,0.148056443
08-06-2020,MAHARASHTRA,MUMBAI SUBURBAN,2.799487699,0.043329422,0.219759068,0.003401349
08-06-2020,MAHARASHTRA,NANDURBAR,0.657986667,0.132081272,0.253829469,0.050952581
08-06-2020,MAHARASHTRA,NAGPUR,1.516749682,0.51230783,0.537880141,0.181678105
08-06-2020,MAHARASHTRA,CHANDRAPUR,2.40499541,0.927221284,1.002952702,0.386678115
08-06-2020,MAHARASHTRA,JALGAON,0.29355099,0.117658877,0.104403882,0.04184637
08-06-2020,MAHARASHTRA,HINGOLI,0.699936237,0.112109445,0.247840039,0.039696772
08-06-2020,MAHARASHTRA,AKOLA,0.956604272,0.176172425,0.524721204,0.096634951
08-06-2020,MAHARASHTRA,AURANGABAD,0.779816791,0.269118593,0.331983719,0.114569207
08-06-2020,MAHARASHTRA,DHULE,0.31466624,0.076958566,0.134264159,0.03283726
08-06-2020,MAHARASHTRA,KOLHAPUR,2.768855544,0.73338918,0.756978406,0.20050153
08-06-2020,MAHARASHTRA,RAIGARH,2.678877823,0.656802455,0.53124354,0.130249337
08-06-2020,MAHARASHTRA,AMRAVATI,1.456064874,0.604967103,0.596284731,0.2477449
08-06-2020,MAHARASHTRA,NANDED,1.317044909,0.477237103,0.574987984,0.208349463
08-06-2020,MAHARASHTRA,SOLAPUR,2.056861349,1.052941828,1.056353679,0.540765168
08-06-2020,MAHARASHTRA,AHMADNAGAR,1.778593103,1.037025555,0.933257738,0.544144764
08-06-2020,MAHARASHTRA,THANE,1.495267252,0.486238717,0.43310855,0.140840472
08-06-2020,MAHARASHTRA,SANGLI,2.506883596,0.739222798,1.197685483,0.353170133
08-06-2020,MAHARASHTRA,WARDHA,1.829922821,0.393228746,0.766523214,0.164716762
08-06-2020,MAHARASHTRA,BULDANA,0.967838691,0.321612241,0.467092307,0.155214505
08-06-2020,MAHARASHTRA,SINDHUDURG,3.507656957,0.615243946,1.497762155,0.262707873
07-06-2020,MAHARASHTRA,WASHIM,1.113271877,0.19724431,0.681154565,0.120683783
07-06-2020,MAHARASHTRA,SATARA,2.497861649,0.901815111,0.908768356,0.328097049
07-06-2020,MAHARASHTRA,PUNE,2.38713908,1.28017444,0.977930693,0.524444465
07-06-2020,MAHARASHTRA,PARBHANI,1.274067103,0.276001598,0.535911219,0.116094633
07-06-2020,MAHARASHTRA,JALNA,1.465254023,0.388609402,0.617457718,0.163759915
07-06-2020,MAHARASHTRA,GONDIYA,2.835098428,0.528013046,1.055192204,0.196520602
07-06-2020,MAHARASHTRA,MUMBAI,2.257167588,0.011526385,0.010509806,5.37E-05
07-06-2020,MAHARASHTRA,NASHIK,1.232699188,0.653903366,0.588776673,0.312325222
07-06-2020,MAHARASHTRA,GARHCHIROLI,2.612969902,1.288734548,0.557882618,0.275151506
07-06-2020,MAHARASHTRA,RATNAGIRI,2.829344172,0.804428988,1.277264499,0.363147261
07-06-2020,MAHARASHTRA,OSMANABAD,2.17389066,0.564046371,1.020615647,0.264813021
07-06-2020,MAHARASHTRA,BID,1.922339095,0.72648896,0.898420624,0.339530453
07-06-2020,MAHARASHTRA,LATUR,2.066963567,0.478313628,0.944691216,0.218609892
07-06-2020,MAHARASHTRA,YAVATMAL,1.43253986,0.661166652,0.647072473,0.298646308
07-06-2020,MAHARASHTRA,BHANDARA,2.807769818,0.368800274,1.207974416,0.158667314
07-06-2020,MAHARASHTRA,MUMBAI SUBURBAN,3.388409678,0.052444536,0.293415294,0.004541372
07-06-2020,MAHARASHTRA,NANDURBAR,0.49714112,0.099793863,0.198015533,0.039748744
07-06-2020,MAHARASHTRA,NAGPUR,2.008089657,0.678266208,0.654408712,0.221037599
07-06-2020,MAHARASHTRA,CHANDRAPUR,2.434682378,0.93866679,1.008828031,0.388943288
07-06-2020,MAHARASHTRA,JALGAON,0.298893946,0.1198004,0.106376656,0.042637083
07-06-2020,MAHARASHTRA,HINGOLI,0.730763744,0.117047116,0.256130461,0.041024657
07-06-2020,MAHARASHTRA,AKOLA,0.941773823,0.173441185,0.510089326,0.093940281
07-06-2020,MAHARASHTRA,AURANGABAD,0.789088875,0.272318435,0.338502759,0.11681896
07-06-2020,MAHARASHTRA,DHULE,0.34560569,0.08452549,0.145230144,0.035519233
07-06-2020,MAHARASHTRA,KOLHAPUR,2.990328137,0.792050819,0.812003267,0.215076013
07-06-2020,MAHARASHTRA,RAIGARH,2.180586941,0.534632391,0.433794692,0.106357004
07-06-2020,MAHARASHTRA,AMRAVATI,1.373587905,0.5706995,0.52452518,0.217930179
07-06-2020,MAHARASHTRA,NANDED,1.375866607,0.498551408,0.600477414,0.217585672
07-06-2020,MAHARASHTRA,SOLAPUR,2.17774349,1.114823424,1.112912952,0.569718809
07-06-2020,MAHARASHTRA,AHMADNAGAR,1.881078147,1.09678043,0.974494769,0.568188405
07-06-2020,MAHARASHTRA,THANE,1.821015071,0.592167073,0.513711894,0.167051483
07-06-2020,MAHARASHTRA,SANGLI,2.593695181,0.764821554,1.243446343,0.366663967
07-06-2020,MAHARASHTRA,WARDHA,1.715424227,0.368624354,0.718081834,0.154307283
07-06-2020,MAHARASHTRA,BULDANA,0.939365499,0.312150616,0.455954169,0.151513309
07-06-2020,MAHARASHTRA,SINDHUDURG,3.291460316,0.577322998,1.331478741,0.233541719
06-06-2020,MAHARASHTRA,WASHIM,1.278150987,0.22645682,0.781321595,0.13843091
06-06-2020,MAHARASHTRA,SATARA,2.498025699,0.901874339,0.905681792,0.326982692
06-06-2020,MAHARASHTRA,PUNE,2.338930236,1.254321011,0.957719039,0.513605363
06-06-2020,MAHARASHTRA,PARBHANI,1.327660274,0.287611506,0.559023461,0.121101446
06-06-2020,MAHARASHTRA,JALNA,1.596640024,0.423455125,0.669477869,0.177556513
06-06-2020,MAHARASHTRA,GONDIYA,2.142364656,0.398997254,0.721603092,0.134392458
06-06-2020,MAHARASHTRA,MUMBAI,2.090464338,0.010675103,0.009579634,4.89E-05
06-06-2020,MAHARASHTRA,NASHIK,1.154372705,0.612353934,0.552348883,0.293001567
06-06-2020,MAHARASHTRA,GARHCHIROLI,2.79560308,1.378810475,0.587738674,0.289876716
06-06-2020,MAHARASHTRA,RATNAGIRI,3.028142134,0.860950511,1.410890548,0.40113934
06-06-2020,MAHARASHTRA,OSMANABAD,2.211377267,0.573772796,1.037020904,0.269069594
06-06-2020,MAHARASHTRA,BID,1.967486634,0.743551084,0.922166787,0.348504586
06-06-2020,MAHARASHTRA,LATUR,2.144854628,0.496338307,0.98577679,0.228117457
06-06-2020,MAHARASHTRA,YAVATMAL,1.535316989,0.708601849,0.693559459,0.320101659
06-06-2020,MAHARASHTRA,BHANDARA,2.480463699,0.32580865,1.069424378,0.140468781
06-06-2020,MAHARASHTRA,MUMBAI SUBURBAN,3.028959268,0.046881097,0.267828833,0.004145354
06-06-2020,MAHARASHTRA,NANDURBAR,0.584480271,0.11732593,0.23444517,0.047061465
06-06-2020,MAHARASHTRA,NAGPUR,1.463961784,0.494477826,0.52138751,0.17610744
06-06-2020,MAHARASHTRA,CHANDRAPUR,2.549789124,0.983045014,1.056453869,0.407304941
06-06-2020,MAHARASHTRA,JALGAON,0.329708944,0.132151433,0.115544594,0.046311706
06-06-2020,MAHARASHTRA,HINGOLI,0.797302223,0.127704646,0.282724217,0.045284203
06-06-2020,MAHARASHTRA,AKOLA,1.058645121,0.194964714,0.574871207,0.105870795
06-06-2020,MAHARASHTRA,AURANGABAD,0.87147621,0.300750708,0.368329845,0.127112433
06-06-2020,MAHARASHTRA,DHULE,0.360015454,0.088049716,0.149401656,0.036539468
06-06-2020,MAHARASHTRA,KOLHAPUR,2.788745363,0.738657414,0.762344183,0.201922768
06-06-2020,MAHARASHTRA,RAIGARH,2.338524604,0.573355264,0.467685658,0.11466633
06-06-2020,MAHARASHTRA,AMRAVATI,1.509332137,0.627098632,0.604691797,0.251237875
06-06-2020,MAHARASHTRA,NANDED,1.453831434,0.526802311,0.632416126,0.229158807
06-06-2020,MAHARASHTRA,SOLAPUR,2.197999759,1.125192948,1.132325551,0.579656444
06-06-2020,MAHARASHTRA,AHMADNAGAR,1.910203913,1.113762485,1.006280582,0.586721425
06-06-2020,MAHARASHTRA,THANE,2.584653265,0.84049088,0.782233465,0.254370713
06-06-2020,MAHARASHTRA,SANGLI,2.626153945,0.774392903,1.2555659,0.370237748
06-06-2020,MAHARASHTRA,WARDHA,1.962937749,0.421812079,0.818983114,0.175989774
06-06-2020,MAHARASHTRA,BULDANA,1.047327077,0.348026186,0.504185385,0.167540514
06-06-2020,MAHARASHTRA,SINDHUDURG,3.623693564,0.635596797,1.543402245,0.270713157
05-06-2020,MAHARASHTRA,WASHIM,1.283988829,0.227491142,0.77916106,0.138048116
05-06-2020,MAHARASHTRA,SATARA,2.560042991,0.924264743,0.934429368,0.337361569
05-06-2020,MAHARASHTRA,PUNE,2.502501529,1.342040989,1.014948345,0.544296283
05-06-2020,MAHARASHTRA,PARBHANI,1.412727771,0.306039707,0.594425994,0.128770709
05-06-2020,MAHARASHTRA,JALNA,1.686075389,0.447174851,0.707367168,0.187605376
05-06-2020,MAHARASHTRA,GONDIYA,2.594189609,0.483145821,0.881277601,0.164130482
05-06-2020,MAHARASHTRA,MUMBAI,2.394240538,0.012226358,0.01012916,5.17E-05
05-06-2020,MAHARASHTRA,NASHIK,1.3040164,0.691734627,0.65718962,0.348615874
05-06-2020,MAHARASHTRA,GARHCHIROLI,3.466446321,1.709674929,0.6977054,0.344113054
05-06-2020,MAHARASHTRA,RATNAGIRI,3.542575821,1.007212452,1.600806024,0.455135427
05-06-2020,MAHARASHTRA,OSMANABAD,2.40916133,0.625090641,1.128709135,0.29285939
05-06-2020,MAHARASHTRA,BID,2.142135388,0.809554211,1.001934503,0.378650342
05-06-2020,MAHARASHTRA,LATUR,2.313644032,0.535397667,1.064124167,0.246247732
05-06-2020,MAHARASHTRA,YAVATMAL,1.721526069,0.794543775,0.776452291,0.358359565
05-06-2020,MAHARASHTRA,BHANDARA,2.358957396,0.309848809,1.030629868,0.135373126
05-06-2020,MAHARASHTRA,MUMBAI SUBURBAN,2.215493181,0.034290574,0.173234449,0.002681258
05-06-2020,MAHARASHTRA,NANDURBAR,0.824113391,0.1654288,0.317019129,0.063636988
05-06-2020,MAHARASHTRA,NAGPUR,1.735523781,0.586202478,0.609541957,0.205883094
05-06-2020,MAHARASHTRA,CHANDRAPUR,2.948989529,1.136952631,1.183157302,0.456154148
05-06-2020,MAHARASHTRA,JALGAON,0.383931036,0.15388432,0.136048152,0.054529786
05-06-2020,MAHARASHTRA,HINGOLI,0.885496812,0.141830856,0.316400605,0.050678182
05-06-2020,MAHARASHTRA,AKOLA,1.076541966,0.198260676,0.57957401,0.106736884
05-06-2020,MAHARASHTRA,AURANGABAD,0.86570739,0.29875986,0.375489026,0.129583102
05-06-2020,MAHARASHTRA,DHULE,0.403612403,0.098712311,0.168638946,0.041244372
05-06-2020,MAHARASHTRA,KOLHAPUR,2.985766655,0.790842615,0.793181512,0.210090678
05-06-2020,MAHARASHTRA,RAIGARH,2.670068333,0.65464256,0.529665698,0.129862485
05-06-2020,MAHARASHTRA,AMRAVATI,1.612236116,0.669853267,0.662333523,0.275186909
05-06-2020,MAHARASHTRA,NANDED,1.574398945,0.570490487,0.682706515,0.247381754
05-06-2020,MAHARASHTRA,SOLAPUR,2.363740339,1.210038331,1.213560737,0.621242098
05-06-2020,MAHARASHTRA,AHMADNAGAR,2.091655114,1.219559326,1.094262737,0.638020253
05-06-2020,MAHARASHTRA,THANE,2.310990027,0.751499656,0.696297601,0.226425645
05-06-2020,MAHARASHTRA,SANGLI,2.649623101,0.781313422,1.26224225,0.372206451
05-06-2020,MAHARASHTRA,WARDHA,2.178075234,0.468042577,0.907370499,0.194983176
05-06-2020,MAHARASHTRA,BULDANA,1.169432328,0.388601691,0.566110036,0.18811804
05-06-2020,MAHARASHTRA,SINDHUDURG,3.09087114,0.542139605,1.257001209,0.22047834
04-06-2020,MAHARASHTRA,WASHIM,0.506735882,0.089781096,0.303993184,0.053860092
04-06-2020,MAHARASHTRA,SATARA,3.208105792,1.158238,1.126418936,0.406676494
04-06-2020,MAHARASHTRA,PUNE,2.86938796,1.538794767,1.12526256,0.603455567
04-06-2020,MAHARASHTRA,PARBHANI,1.234387981,0.267405896,0.521550816,0.112983734
04-06-2020,MAHARASHTRA,JALNA,1.393436224,0.369562144,0.594595742,0.157696544
04-06-2020,MAHARASHTRA,GONDIYA,2.058310871,0.383342949,0.695054847,0.129448073
04-06-2020,MAHARASHTRA,MUMBAI,2.470104409,0.012613762,0.011063655,5.65E-05
04-06-2020,MAHARASHTRA,NASHIK,1.774746895,0.941440523,0.834856431,0.44286184
04-06-2020,MAHARASHTRA,GARHCHIROLI,2.793569667,1.377807581,0.578040942,0.285093729
04-06-2020,MAHARASHTRA,RATNAGIRI,4.91558772,1.397582271,2.192079214,0.6232441
04-06-2020,MAHARASHTRA,OSMANABAD,2.425873604,0.629426874,1.135889956,0.294722554
04-06-2020,MAHARASHTRA,BID,2.128754572,0.804497343,0.997424927,0.376946086
04-06-2020,MAHARASHTRA,LATUR,2.211533013,0.511768275,1.013793018,0.23460066
04-06-2020,MAHARASHTRA,YAVATMAL,1.050181162,0.484694899,0.469219487,0.216561009
04-06-2020,MAHARASHTRA,BHANDARA,1.894554972,0.248849599,0.827361278,0.108673818
04-06-2020,MAHARASHTRA,MUMBAI SUBURBAN,3.268539794,0.050589235,0.282820784,0.004377394
04-06-2020,MAHARASHTRA,NANDURBAR,2.357756455,0.473285383,0.902565853,0.181176993
04-06-2020,MAHARASHTRA,NAGPUR,1.181421262,0.399044991,0.415987445,0.140506788
04-06-2020,MAHARASHTRA,CHANDRAPUR,2.367875804,0.912910201,0.961512254,0.370701176
04-06-2020,MAHARASHTRA,JALGAON,0.357092391,0.143127059,0.116790177,0.046810951
04-06-2020,MAHARASHTRA,HINGOLI,0.557090912,0.089229775,0.196067471,0.031404311
04-06-2020,MAHARASHTRA,AKOLA,0.440452483,0.081115655,0.233789934,0.043055776
04-06-2020,MAHARASHTRA,AURANGABAD,0.940686481,0.324635511,0.40611439,0.140152065
04-06-2020,MAHARASHTRA,DHULE,0.481888557,0.11785647,0.197162316,0.048220391
04-06-2020,MAHARASHTRA,KOLHAPUR,3.637110015,0.963364498,0.947028837,0.250840353
04-06-2020,MAHARASHTRA,RAIGARH,4.113860223,1.008628863,0.798107785,0.195678634
04-06-2020,MAHARASHTRA,AMRAVATI,0.749129914,0.31124915,0.308847461,0.128320212
04-06-2020,MAHARASHTRA,NANDED,1.163778675,0.421700399,0.517977103,0.187691316
04-06-2020,MAHARASHTRA,SOLAPUR,2.504540312,1.282116199,1.279503795,0.654999456
04-06-2020,MAHARASHTRA,AHMADNAGAR,2.13518018,1.244937028,1.104216487,0.643823882
04-06-2020,MAHARASHTRA,THANE,3.890585771,1.265160748,0.964722745,0.313713518
04-06-2020,MAHARASHTRA,SANGLI,2.996487601,0.883595852,1.401411799,0.413244377
04-06-2020,MAHARASHTRA,WARDHA,1.375922048,0.295669356,0.593583065,0.127553972
04-06-2020,MAHARASHTRA,BULDANA,0.54924326,0.18251322,0.256726601,0.085310102
04-06-2020,MAHARASHTRA,SINDHUDURG,4.054508052,0.711161771,1.657752353,0.290770195
03-06-2020,MAHARASHTRA,WASHIM,3.795803014,0.672522643,2.327237865,0.412329131
03-06-2020,MAHARASHTRA,SATARA,1.217794401,0.439666221,0.409911576,0.147992365
03-06-2020,MAHARASHTRA,PUNE,2.068648599,1.109374432,0.818572382,0.438983823
03-06-2020,MAHARASHTRA,PARBHANI,2.062798147,0.446864678,0.883200431,0.191328016
03-06-2020,MAHARASHTRA,JALNA,2.910770034,0.77198396,1.225378037,0.324990356
03-06-2020,MAHARASHTRA,GONDIYA,6.548489399,1.219600632,1.831113667,0.341029396
03-06-2020,MAHARASHTRA,MUMBAI,1.008529035,0.005150124,0.00467708,2.39E-05
03-06-2020,MAHARASHTRA,NASHIK,0.733312378,0.388996308,0.348186157,0.184700454
03-06-2020,MAHARASHTRA,GARHCHIROLI,6.954817521,3.430163358,1.349940122,0.66579966
03-06-2020,MAHARASHTRA,RATNAGIRI,2.468033151,0.701702334,1.206066304,0.342904446
03-06-2020,MAHARASHTRA,OSMANABAD,2.032417081,0.52733907,1.052144076,0.272993513
03-06-2020,MAHARASHTRA,BID,3.413222405,1.28992247,1.622028308,0.612995731
03-06-2020,MAHARASHTRA,LATUR,2.005412153,0.464070087,0.976744992,0.226027419
03-06-2020,MAHARASHTRA,YAVATMAL,4.195513237,1.936374351,1.807354756,0.83415668
03-06-2020,MAHARASHTRA,BHANDARA,5.204781642,0.683647529,2.029823902,0.266617159
03-06-2020,MAHARASHTRA,MUMBAI SUBURBAN,1.851315827,0.028653973,0.16738805,0.00259077
03-06-2020,MAHARASHTRA,NANDURBAR,0.475408035,0.095431262,0.193929409,0.038928514
03-06-2020,MAHARASHTRA,NAGPUR,3.849060309,1.300085148,1.311095545,0.442844671
03-06-2020,MAHARASHTRA,CHANDRAPUR,4.636669123,1.787620168,1.744627749,0.672623314
03-06-2020,MAHARASHTRA,JALGAON,1.031245554,0.413336006,0.385606056,0.154555689
03-06-2020,MAHARASHTRA,HINGOLI,3.112892515,0.498594919,1.329510154,0.212948891
03-06-2020,MAHARASHTRA,AKOLA,2.858005789,0.526342842,1.526870011,0.281195057
03-06-2020,MAHARASHTRA,AURANGABAD,3.008280956,1.03817249,1.317926402,0.454822855
03-06-2020,MAHARASHTRA,DHULE,0.12433984,0.030410049,0.050845465,0.012435379
03-06-2020,MAHARASHTRA,KOLHAPUR,1.758884553,0.465877284,0.476022259,0.12608443
03-06-2020,MAHARASHTRA,RAIGARH,2.750670858,0.674404542,0.567550266,0.139150955
03-06-2020,MAHARASHTRA,AMRAVATI,2.2105299,0.91843289,0.9978158,0.414573379
03-06-2020,MAHARASHTRA,NANDED,3.126973845,1.133072934,1.206452278,0.43716337
03-06-2020,MAHARASHTRA,SOLAPUR,1.848304264,0.946177958,1.019918781,0.522113533
03-06-2020,MAHARASHTRA,AHMADNAGAR,2.896119861,1.688610116,1.608559892,0.937886081
03-06-2020,MAHARASHTRA,THANE,2.727133099,0.886823207,0.785620888,0.255472252
03-06-2020,MAHARASHTRA,SANGLI,1.072150442,0.316152713,0.489982845,0.144484766
03-06-2020,MAHARASHTRA,WARDHA,3.470954729,0.745867072,1.400645799,0.300982197
03-06-2020,MAHARASHTRA,BULDANA,2.324690646,0.772493366,1.107190484,0.367918762
03-06-2020,MAHARASHTRA,SINDHUDURG,2.450635161,0.429842047,1.044449903,0.183196786
02-06-2020,MAHARASHTRA,WASHIM,0.710436722,0.125871859,0.420817297,0.074558442
02-06-2020,MAHARASHTRA,SATARA,3.067183811,1.107360253,1.085657714,0.391960272
02-06-2020,MAHARASHTRA,PUNE,1.889202856,1.013141307,0.777760502,0.417097237
02-06-2020,MAHARASHTRA,PARBHANI,1.104138804,0.239189972,0.500529423,0.108429862
02-06-2020,MAHARASHTRA,JALNA,0.967897578,0.256702315,0.404099785,0.107173892
02-06-2020,MAHARASHTRA,GONDIYA,1.386730029,0.258266711,0.479229244,0.089252384
02-06-2020,MAHARASHTRA,MUMBAI,0.483810513,0.002470612,0.002087026,1.07E-05
02-06-2020,MAHARASHTRA,NASHIK,1.022348766,0.542319899,0.512536636,0.271882576
02-06-2020,MAHARASHTRA,GARHCHIROLI,2.895818244,1.428237276,0.550191953,0.271358417
02-06-2020,MAHARASHTRA,RATNAGIRI,4.898329472,1.392675468,2.300327699,0.654020921
02-06-2020,MAHARASHTRA,OSMANABAD,4.147465251,1.076117933,1.997567115,0.518296759
02-06-2020,MAHARASHTRA,BID,2.150373473,0.812667542,0.909963111,0.343892582
02-06-2020,MAHARASHTRA,LATUR,4.48773654,1.038501878,2.161043713,0.500084605
02-06-2020,MAHARASHTRA,YAVATMAL,0.537137456,0.247907499,0.23923875,0.110416951
02-06-2020,MAHARASHTRA,BHANDARA,1.263871247,0.166009357,0.545948988,0.071710343
02-06-2020,MAHARASHTRA,MUMBAI SUBURBAN,1.432687945,0.022174608,0.150697976,0.002332447
02-06-2020,MAHARASHTRA,NANDURBAR,1.098919339,0.220592106,0.41468563,0.083242121
02-06-2020,MAHARASHTRA,NAGPUR,0.802827714,0.271168624,0.288269678,0.097367954
02-06-2020,MAHARASHTRA,CHANDRAPUR,1.57004946,0.605316447,0.670211652,0.25839322
02-06-2020,MAHARASHTRA,JALGAON,0.453177346,0.1816391,0.154516365,0.061932075
02-06-2020,MAHARASHTRA,HINGOLI,0.494696057,0.079235932,0.181739802,0.029109435
02-06-2020,MAHARASHTRA,AKOLA,0.64106944,0.118062151,0.346800839,0.063868359
02-06-2020,MAHARASHTRA,AURANGABAD,0.568211208,0.196092471,0.235330524,0.081213716
02-06-2020,MAHARASHTRA,DHULE,0.477028306,0.116667788,0.18127422,0.044334607
02-06-2020,MAHARASHTRA,KOLHAPUR,3.482062151,0.922296836,0.934477822,0.247515955
02-06-2020,MAHARASHTRA,RAIGARH,1.518045075,0.372191566,0.315304733,0.077305848
02-06-2020,MAHARASHTRA,AMRAVATI,0.675611636,0.280703712,0.234046725,0.097241937
02-06-2020,MAHARASHTRA,NANDED,3.024475285,1.095932124,1.424693816,0.516244165
02-06-2020,MAHARASHTRA,SOLAPUR,3.7241322,1.906445745,2.018209503,1.033155299
02-06-2020,MAHARASHTRA,AHMADNAGAR,1.005669226,0.586364968,0.587026386,0.342271295
02-06-2020,MAHARASHTRA,THANE,1.790516375,0.58224935,0.46369997,0.150788348
02-06-2020,MAHARASHTRA,SANGLI,2.842496175,0.838187293,1.328879294,0.391856196
02-06-2020,MAHARASHTRA,WARDHA,0.747706743,0.160673325,0.316115523,0.067929483
02-06-2020,MAHARASHTRA,BULDANA,0.669977025,0.22263298,0.320016701,0.106341366
02-06-2020,MAHARASHTRA,SINDHUDURG,4.31090232,0.756133392,1.929753931,0.338479343
01-06-2020,MAHARASHTRA,WASHIM,0.776784977,0.137627133,0.46090707,0.081661361
01-06-2020,MAHARASHTRA,SATARA,1.800408295,0.650010142,0.636061312,0.229640302
01-06-2020,MAHARASHTRA,PUNE,1.466963269,0.786702751,0.560342609,0.300500416
01-06-2020,MAHARASHTRA,PARBHANI,1.080517721,0.234072929,0.476449377,0.103213394
01-06-2020,MAHARASHTRA,JALNA,1.247807674,0.330939064,0.521448103,0.138296591
01-06-2020,MAHARASHTRA,GONDIYA,1.922818949,0.358108727,0.673606087,0.125453423
01-06-2020,MAHARASHTRA,MUMBAI,0.222036066,0.001133843,0.001515601,7.74E-06
01-06-2020,MAHARASHTRA,NASHIK,0.513968888,0.272642336,0.253225764,0.134327321
01-06-2020,MAHARASHTRA,GARHCHIROLI,3.639090803,1.794824363,0.691952081,0.341275478
01-06-2020,MAHARASHTRA,RATNAGIRI,3.199275507,0.909606538,1.572801317,0.44717323
01-06-2020,MAHARASHTRA,OSMANABAD,2.439763908,0.633030908,1.167184504,0.302842363
01-06-2020,MAHARASHTRA,BID,2.075292,0.784292808,0.949784467,0.358941839
01-06-2020,MAHARASHTRA,LATUR,2.619361986,0.606143502,1.265143704,0.292765429
01-06-2020,MAHARASHTRA,YAVATMAL,0.635690072,0.293392937,0.27852505,0.128548936
01-06-2020,MAHARASHTRA,BHANDARA,1.721118838,0.226068781,0.732405252,0.096201354
01-06-2020,MAHARASHTRA,MUMBAI SUBURBAN,0.931164713,0.014412219,0.088299752,0.001366671
01-06-2020,MAHARASHTRA,NANDURBAR,0.353126558,0.070885031,0.151736736,0.030458947
01-06-2020,MAHARASHTRA,NAGPUR,0.971655234,0.328192971,0.330583432,0.111660139
01-06-2020,MAHARASHTRA,CHANDRAPUR,1.922165132,0.741071028,0.816396667,0.314753352
01-06-2020,MAHARASHTRA,JALGAON,0.596018432,0.238891578,0.199050461,0.079781893
01-06-2020,MAHARASHTRA,HINGOLI,0.602190826,0.09645347,0.226317847,0.036249542
01-06-2020,MAHARASHTRA,AKOLA,0.63761516,0.117425996,0.336282094,0.061931181
01-06-2020,MAHARASHTRA,AURANGABAD,0.714661529,0.246633194,0.293528826,0.101298235
01-06-2020,MAHARASHTRA,DHULE,0.150826482,0.036887941,0.066857965,0.016351589
01-06-2020,MAHARASHTRA,KOLHAPUR,1.908770192,0.505577624,0.480478985,0.127264888
01-06-2020,MAHARASHTRA,RAIGARH,2.146819697,0.526353399,0.405267191,0.099362682
01-06-2020,MAHARASHTRA,AMRAVATI,0.658313312,0.273516589,0.207199438,0.086087403
01-06-2020,MAHARASHTRA,NANDED,1.963102065,0.711338798,0.904187548,0.327636395
01-06-2020,MAHARASHTRA,SOLAPUR,2.31975501,1.187521503,1.223323835,0.626239992
01-06-2020,MAHARASHTRA,AHMADNAGAR,1.071083414,0.62450533,0.601449924,0.350681075
01-06-2020,MAHARASHTRA,THANE,0.735433978,0.239152214,0.194072556,0.063109515
01-06-2020,MAHARASHTRA,SANGLI,1.987834242,0.586166981,0.963835799,0.284213195
01-06-2020,MAHARASHTRA,WARDHA,0.83714096,0.17989168,0.345368458,0.074215592
01-06-2020,MAHARASHTRA,BULDANA,0.731793426,0.243174535,0.344065475,0.11433276
01-06-2020,MAHARASHTRA,SINDHUDURG,4.041222059,0.708831404,1.845222366,0.323652485
31-07-2020,MAHARASHTRA,WASHIM,4.132057155,0.732098581,2.50521439,0.443862181
31-07-2020,MAHARASHTRA,SATARA,3.446406592,1.244272894,1.319096224,0.47623971
31-07-2020,MAHARASHTRA,PUNE,2.975566658,1.595736256,1.256877394,0.674037942
31-07-2020,MAHARASHTRA,PARBHANI,3.566800388,0.772677205,1.501481164,0.325266385
31-07-2020,MAHARASHTRA,JALNA,3.161899956,0.838587735,1.335955287,0.354317256
31-07-2020,MAHARASHTRA,GONDIYA,4.739324223,0.882658956,1.610470181,0.299936418
31-07-2020,MAHARASHTRA,MUMBAI,2.480865364,0.012668713,0.010589416,5.41E-05
31-07-2020,MAHARASHTRA,NASHIK,3.167650686,1.68032677,1.656081621,0.878492788
31-07-2020,MAHARASHTRA,GARHCHIROLI,4.372709215,2.156649959,0.905038174,0.44637099
31-07-2020,MAHARASHTRA,RATNAGIRI,2.638804581,0.750255455,1.204308884,0.342404783
31-07-2020,MAHARASHTRA,OSMANABAD,3.534953588,0.917193206,1.648002827,0.427597409
31-07-2020,MAHARASHTRA,BID,3.158856147,1.193792564,1.490162065,0.563160938
31-07-2020,MAHARASHTRA,LATUR,3.842218806,0.889123372,1.780445805,0.412010887
31-07-2020,MAHARASHTRA,YAVATMAL,4.557108318,2.103262977,1.986460505,0.916820172
31-07-2020,MAHARASHTRA,BHANDARA,4.76452985,0.625820502,1.993325909,0.261823151
31-07-2020,MAHARASHTRA,MUMBAI SUBURBAN,2.737382157,0.042368176,0.227315086,0.003518298
31-07-2020,MAHARASHTRA,NANDURBAR,3.666037974,0.735903908,1.414499134,0.283940169
31-07-2020,MAHARASHTRA,NAGPUR,4.442475549,1.500521171,1.559546163,0.526763065
31-07-2020,MAHARASHTRA,CHANDRAPUR,4.116798232,1.587189284,1.666895864,0.642654584
31-07-2020,MAHARASHTRA,JALGAON,3.300771468,1.322990136,1.173136605,0.470207699
31-07-2020,MAHARASHTRA,HINGOLI,4.236832449,0.678617434,1.725704209,0.276407665
31-07-2020,MAHARASHTRA,AKOLA,4.282596413,0.78870168,2.322249849,0.427675686
31-07-2020,MAHARASHTRA,AURANGABAD,3.267202083,1.127527439,1.445290016,0.498776662
31-07-2020,MAHARASHTRA,DHULE,3.370114936,0.824235901,1.176910674,0.28783945
31-07-2020,MAHARASHTRA,KOLHAPUR,2.382781811,0.631129494,0.666741093,0.176600294
31-07-2020,MAHARASHTRA,RAIGARH,2.328277837,0.57084298,0.486688573,0.11932543
31-07-2020,MAHARASHTRA,AMRAVATI,4.152661527,1.725351432,1.747836743,0.726192734
31-07-2020,MAHARASHTRA,NANDED,4.066538281,1.473528303,1.6985968,0.615494135
31-07-2020,MAHARASHTRA,SOLAPUR,3.842230996,1.966902499,1.959999868,1.003356811
31-07-2020,MAHARASHTRA,AHMADNAGAR,3.816048138,2.224983012,2.029990913,1.183605429
31-07-2020,MAHARASHTRA,THANE,3.144776768,1.022634729,0.85461258,0.277907327
31-07-2020,MAHARASHTRA,SANGLI,2.918932922,0.860726746,1.412166868,0.416415802
31-07-2020,MAHARASHTRA,WARDHA,4.555315609,0.978883385,1.841320322,0.395677934
31-07-2020,MAHARASHTRA,BULDANA,3.379503926,1.123007213,1.645223432,0.546706801
31-07-2020,MAHARASHTRA,SINDHUDURG,2.327123586,0.408178084,0.931916007,0.163458311
30-07-2020,MAHARASHTRA,WASHIM,3.692958746,0.654301176,2.18753982,0.387578084
30-07-2020,MAHARASHTRA,SATARA,3.425320006,1.236659902,1.280100568,0.462160919
30-07-2020,MAHARASHTRA,PUNE,3.476488177,1.864370343,1.458558168,0.782195265
30-07-2020,MAHARASHTRA,PARBHANI,3.801185584,0.823452151,1.624810519,0.351983266
30-07-2020,MAHARASHTRA,JALNA,3.648870922,0.967740423,1.531349359,0.40613897
30-07-2020,MAHARASHTRA,GONDIYA,4.226117334,0.787078524,1.39009676,0.258893736
30-07-2020,MAHARASHTRA,MUMBAI,2.672880622,0.013649253,0.011544573,5.90E-05
30-07-2020,MAHARASHTRA,NASHIK,3.405023475,1.806244648,1.762455035,0.934920125
30-07-2020,MAHARASHTRA,GARHCHIROLI,4.93976481,2.43632564,1.017375657,0.501776602
30-07-2020,MAHARASHTRA,RATNAGIRI,3.172998975,0.902135689,1.453779866,0.413333477
30-07-2020,MAHARASHTRA,OSMANABAD,4.288028848,1.112589127,2.052345903,0.532509882
30-07-2020,MAHARASHTRA,BID,3.967768409,1.499496083,1.859700394,0.702816589
30-07-2020,MAHARASHTRA,LATUR,4.506911399,1.042939109,2.137538384,0.494645264
30-07-2020,MAHARASHTRA,YAVATMAL,3.508243303,1.619175525,1.542009617,0.711690728
30-07-2020,MAHARASHTRA,BHANDARA,3.754871096,0.493201929,1.557394487,0.204563604
30-07-2020,MAHARASHTRA,MUMBAI SUBURBAN,2.944282668,0.045570505,0.242655801,0.003755736
30-07-2020,MAHARASHTRA,NANDURBAR,3.62557704,0.727781962,1.384658636,0.277950122
30-07-2020,MAHARASHTRA,NAGPUR,3.520697307,1.189174997,1.221227745,0.412490303
30-07-2020,MAHARASHTRA,CHANDRAPUR,4.266600404,1.644943973,1.72552227,0.665257392
30-07-2020,MAHARASHTRA,JALGAON,3.952722396,1.584300153,1.407517903,0.56415063
30-07-2020,MAHARASHTRA,HINGOLI,3.705265086,0.59347579,1.505446902,0.241128845
30-07-2020,MAHARASHTRA,AKOLA,3.85873536,0.710641576,1.990308475,0.366543911
30-07-2020,MAHARASHTRA,AURANGABAD,3.91537105,1.351213724,1.704901112,0.588369723
30-07-2020,MAHARASHTRA,DHULE,3.504834061,0.857184432,1.218822816,0.298089988
30-07-2020,MAHARASHTRA,KOLHAPUR,2.903134605,0.768955792,0.808046859,0.214028076
30-07-2020,MAHARASHTRA,RAIGARH,2.938207878,0.720384532,0.604623454,0.148240493
30-07-2020,MAHARASHTRA,AMRAVATI,3.742113961,1.554776771,1.398101886,0.580884591
30-07-2020,MAHARASHTRA,NANDED,3.845558519,1.393455299,1.625089321,0.588858371
30-07-2020,MAHARASHTRA,SOLAPUR,4.200230492,2.150168447,2.183924868,1.117987775
30-07-2020,MAHARASHTRA,AHMADNAGAR,4.046868609,2.359565073,2.193448436,1.278910886
30-07-2020,MAHARASHTRA,THANE,3.676291242,1.195475348,0.992485849,0.322741667
30-07-2020,MAHARASHTRA,SANGLI,3.277925968,0.966585608,1.585149226,0.467424354
30-07-2020,MAHARASHTRA,WARDHA,3.285356458,0.705984201,1.335252627,0.286929979
30-07-2020,MAHARASHTRA,BULDANA,4.172499342,1.386519134,2.014116846,0.669289871
30-07-2020,MAHARASHTRA,SINDHUDURG,3.164846648,0.555114928,1.325670006,0.232522865
29-07-2020,MAHARASHTRA,WASHIM,3.820605901,0.676917103,2.260457613,0.400497318
29-07-2020,MAHARASHTRA,SATARA,3.420951376,1.235082674,1.283495284,0.46338653
29-07-2020,MAHARASHTRA,PUNE,3.647286166,1.955965852,1.514445501,0.812166512
29-07-2020,MAHARASHTRA,PARBHANI,3.617657042,0.783694299,1.546020415,0.334914938
29-07-2020,MAHARASHTRA,JALNA,3.864884695,1.025030819,1.620071319,0.429669489
29-07-2020,MAHARASHTRA,GONDIYA,4.64739921,0.865538702,1.574466213,0.293230984
29-07-2020,MAHARASHTRA,MUMBAI,2.453315939,0.01252803,0.010705193,5.47E-05
29-07-2020,MAHARASHTRA,NASHIK,3.417632599,1.812933343,1.739905079,0.922958171
29-07-2020,MAHARASHTRA,GARHCHIROLI,5.474026287,2.699827038,1.112612526,0.548748074
29-07-2020,MAHARASHTRA,RATNAGIRI,3.289201867,0.935174078,1.462778518,0.415891942
29-07-2020,MAHARASHTRA,OSMANABAD,3.592941158,0.932238893,1.728588854,0.448506582
29-07-2020,MAHARASHTRA,BID,3.53896314,1.337442315,1.658059074,0.626612451
29-07-2020,MAHARASHTRA,LATUR,3.917677234,0.906585119,1.908140281,0.441560517
29-07-2020,MAHARASHTRA,YAVATMAL,3.645129264,1.682353126,1.612775232,0.744351505
29-07-2020,MAHARASHTRA,BHANDARA,4.323710437,0.567918918,1.807045766,0.237355274
29-07-2020,MAHARASHTRA,MUMBAI SUBURBAN,2.66095032,0.041185193,0.211706634,0.003276716
29-07-2020,MAHARASHTRA,NANDURBAR,3.43917739,0.690364939,1.315141054,0.263995476
29-07-2020,MAHARASHTRA,NAGPUR,4.170803537,1.408759359,1.461912098,0.49378551
29-07-2020,MAHARASHTRA,CHANDRAPUR,4.7613266,1.835680578,1.913585573,0.737763268
29-07-2020,MAHARASHTRA,JALGAON,4.044796342,1.621204532,1.440632477,0.577423362
29-07-2020,MAHARASHTRA,HINGOLI,3.477282304,0.556959574,1.446434349,0.231676749
29-07-2020,MAHARASHTRA,AKOLA,3.945543541,0.72662855,2.040380876,0.375765463
29-07-2020,MAHARASHTRA,AURANGABAD,4.012500504,1.384733574,1.731170352,0.597435366
29-07-2020,MAHARASHTRA,DHULE,3.174995776,0.776515209,1.115556792,0.272834006
29-07-2020,MAHARASHTRA,KOLHAPUR,3.081898254,0.816305075,0.850365896,0.225237156
29-07-2020,MAHARASHTRA,RAIGARH,3.419186516,0.838310011,0.685066586,0.167963396
29-07-2020,MAHARASHTRA,AMRAVATI,3.611375361,1.500457384,1.444749272,0.600265687
29-07-2020,MAHARASHTRA,NANDED,3.709081178,1.344002126,1.586520159,0.574882663
29-07-2020,MAHARASHTRA,SOLAPUR,3.801276845,1.945937383,1.973883648,1.010464151
29-07-2020,MAHARASHTRA,AHMADNAGAR,3.74628159,2.184304965,2.007997761,1.170782114
29-07-2020,MAHARASHTRA,THANE,3.443642523,1.119821437,0.889208343,0.289157355
29-07-2020,MAHARASHTRA,SANGLI,3.708496064,1.093550909,1.805579111,0.5324241
29-07-2020,MAHARASHTRA,WARDHA,3.879599073,0.833679903,1.572846252,0.337986036
29-07-2020,MAHARASHTRA,BULDANA,4.307198853,1.431279705,2.087161571,0.693562591
29-07-2020,MAHARASHTRA,SINDHUDURG,3.034381226,0.532231259,1.239766981,0.217455452
28-07-2020,MAHARASHTRA,WASHIM,3.971212709,0.703600913,2.335708491,0.413829917
28-07-2020,MAHARASHTRA,SATARA,2.97472817,1.073980545,1.11887349,0.403952325
28-07-2020,MAHARASHTRA,PUNE,2.969433908,1.592447387,1.229744971,0.659487372
28-07-2020,MAHARASHTRA,PARBHANI,3.19560275,0.692264532,1.378960374,0.298724664
28-07-2020,MAHARASHTRA,JALNA,3.104896035,0.82346936,1.30230872,0.345393635
28-07-2020,MAHARASHTRA,GONDIYA,4.197684973,0.781783238,1.391730729,0.259198049
28-07-2020,MAHARASHTRA,MUMBAI,2.889939772,0.014757681,0.01288132,6.58E-05
28-07-2020,MAHARASHTRA,NASHIK,3.300452477,1.750773428,1.693326569,0.898249916
28-07-2020,MAHARASHTRA,GARHCHIROLI,6.791420138,3.349574656,1.326312518,0.654146365
28-07-2020,MAHARASHTRA,RATNAGIRI,3.319496357,0.943787299,1.575337216,0.447894227
28-07-2020,MAHARASHTRA,OSMANABAD,3.562582332,0.92436187,1.695007097,0.439793325
28-07-2020,MAHARASHTRA,BID,4.144795608,1.566398071,1.956628638,0.739447638
28-07-2020,MAHARASHTRA,LATUR,4.354802555,1.007739779,2.126312472,0.492047489
28-07-2020,MAHARASHTRA,YAVATMAL,4.020083608,1.855407514,1.743418678,0.80464797
28-07-2020,MAHARASHTRA,BHANDARA,3.508680722,0.460864849,1.4624677,0.192094981
28-07-2020,MAHARASHTRA,MUMBAI SUBURBAN,3.355426396,0.051934033,0.270072543,0.004180082
28-07-2020,MAHARASHTRA,NANDURBAR,3.244176373,0.651221315,1.256780245,0.252280391
28-07-2020,MAHARASHTRA,NAGPUR,3.786321623,1.278894097,1.324397606,0.447337667
28-07-2020,MAHARASHTRA,CHANDRAPUR,5.004411146,1.929399328,1.904542726,0.734276891
28-07-2020,MAHARASHTRA,JALGAON,3.289644056,1.318530132,1.166795133,0.467665958
28-07-2020,MAHARASHTRA,HINGOLI,3.532686207,0.565833669,1.44667956,0.231716024
28-07-2020,MAHARASHTRA,AKOLA,4.172171375,0.768365323,2.134303357,0.393062638
28-07-2020,MAHARASHTRA,AURANGABAD,3.119181076,1.076444665,1.365662823,0.471296928
28-07-2020,MAHARASHTRA,DHULE,3.321589779,0.812368004,1.192316399,0.29160726
28-07-2020,MAHARASHTRA,KOLHAPUR,2.791857644,0.739481767,0.755501727,0.200110401
28-07-2020,MAHARASHTRA,RAIGARH,3.622856426,0.888245434,0.776569576,0.190397934
28-07-2020,MAHARASHTRA,AMRAVATI,4.087009954,1.698074459,1.544226637,0.641596629
28-07-2020,MAHARASHTRA,NANDED,3.840128732,1.391487792,1.602162432,0.580550711
28-07-2020,MAHARASHTRA,SOLAPUR,3.058877482,1.565890695,1.567158338,0.802254642
28-07-2020,MAHARASHTRA,AHMADNAGAR,3.763878113,2.194564784,2.028496552,1.182734128
28-07-2020,MAHARASHTRA,THANE,3.169453014,1.030659078,0.888941204,0.289070486
28-07-2020,MAHARASHTRA,SANGLI,2.892265956,0.852863266,1.394869107,0.411315087
28-07-2020,MAHARASHTRA,WARDHA,3.440402391,0.739301736,1.378947286,0.296319444
28-07-2020,MAHARASHTRA,BULDANA,3.95478758,1.314173641,1.910688901,0.634920824
28-07-2020,MAHARASHTRA,SINDHUDURG,2.870715465,0.503524242,1.176617602,0.206379034
27-07-2020,MAHARASHTRA,WASHIM,3.604478204,0.638624607,2.178420283,0.385962328
27-07-2020,MAHARASHTRA,SATARA,3.362499094,1.213979363,1.257766728,0.454097625
27-07-2020,MAHARASHTRA,PUNE,3.400373984,1.82355184,1.444367236,0.774584955
27-07-2020,MAHARASHTRA,PARBHANI,3.724244055,0.806784281,1.575348484,0.341268288
27-07-2020,MAHARASHTRA,JALNA,3.477679214,0.922337574,1.471382691,0.390234826
27-07-2020,MAHARASHTRA,GONDIYA,4.552429809,0.847851456,1.542013245,0.287186894
27-07-2020,MAHARASHTRA,MUMBAI,2.491051313,0.012720729,0.010879465,5.56E-05
27-07-2020,MAHARASHTRA,NASHIK,3.246483214,1.722144641,1.699711937,0.901637129
27-07-2020,MAHARASHTRA,GARHCHIROLI,4.459247719,2.199331339,0.915585071,0.451572791
27-07-2020,MAHARASHTRA,RATNAGIRI,2.747437102,0.781141463,1.227988315,0.349137234
27-07-2020,MAHARASHTRA,OSMANABAD,3.342101938,0.867155145,1.603596192,0.416075486
27-07-2020,MAHARASHTRA,BID,3.150259313,1.190543655,1.468176093,0.554852016
27-07-2020,MAHARASHTRA,LATUR,3.230183185,0.747492923,1.56037114,0.361083665
27-07-2020,MAHARASHTRA,YAVATMAL,3.797471625,1.752664391,1.685919466,0.778110097
27-07-2020,MAHARASHTRA,BHANDARA,4.40985767,0.579234348,1.843054473,0.242085014
27-07-2020,MAHARASHTRA,MUMBAI SUBURBAN,2.772353347,0.042909447,0.226370551,0.003503679
27-07-2020,MAHARASHTRA,NANDURBAR,3.318311569,0.666102879,1.26874002,0.254681142
27-07-2020,MAHARASHTRA,NAGPUR,4.031354788,1.361658188,1.401482827,0.473374503
27-07-2020,MAHARASHTRA,CHANDRAPUR,4.227253231,1.629774075,1.705009123,0.657348759
27-07-2020,MAHARASHTRA,JALGAON,3.72365363,1.492486551,1.323096596,0.530313523
27-07-2020,MAHARASHTRA,HINGOLI,3.597452735,0.576207385,1.458044715,0.233536392
27-07-2020,MAHARASHTRA,AKOLA,3.553733754,0.654471146,1.898359189,0.349610129
27-07-2020,MAHARASHTRA,AURANGABAD,3.526709274,1.217084641,1.519800709,0.524490667
27-07-2020,MAHARASHTRA,DHULE,3.424819496,0.837615106,1.19189283,0.291503666
27-07-2020,MAHARASHTRA,KOLHAPUR,3.320771827,0.879575727,0.943338506,0.249862892
27-07-2020,MAHARASHTRA,RAIGARH,2.617717187,0.6418072,0.531331195,0.130270828
27-07-2020,MAHARASHTRA,AMRAVATI,3.681137312,1.52944214,1.484548411,0.616801468
27-07-2020,MAHARASHTRA,NANDED,3.692590919,1.338026807,1.55962,0.56513527
27-07-2020,MAHARASHTRA,SOLAPUR,3.532870959,1.808535907,1.824111933,0.933793497
27-07-2020,MAHARASHTRA,AHMADNAGAR,3.296948717,1.922317177,1.763586508,1.028275817
27-07-2020,MAHARASHTRA,THANE,2.452718909,0.797587786,0.681208832,0.221519001
27-07-2020,MAHARASHTRA,SANGLI,3.552763141,1.047628822,1.711934916,0.504810562
27-07-2020,MAHARASHTRA,WARDHA,4.034448723,0.866955259,1.640997359,0.352630901
27-07-2020,MAHARASHTRA,BULDANA,3.404583898,1.131341274,1.647018653,0.547303352
27-07-2020,MAHARASHTRA,SINDHUDURG,3.226550623,0.565937821,1.328329187,0.232989286
26-07-2020,MAHARASHTRA,WASHIM,3.841570513,0.680631515,2.300926026,0.407667323
26-07-2020,MAHARASHTRA,SATARA,2.93449957,1.059456618,1.12820397,0.407320953
26-07-2020,MAHARASHTRA,PUNE,3.066936043,1.644735811,1.280141756,0.68651415
26-07-2020,MAHARASHTRA,PARBHANI,3.756803141,0.813837567,1.596784964,0.34591208
26-07-2020,MAHARASHTRA,JALNA,3.621031029,0.960356827,1.525443901,0.404572745
26-07-2020,MAHARASHTRA,GONDIYA,4.702546579,0.875809432,1.600315347,0.298045166
26-07-2020,MAHARASHTRA,MUMBAI,2.495700038,0.012744468,0.010875192,5.55E-05
26-07-2020,MAHARASHTRA,NASHIK,3.372649198,1.789071238,1.755217615,0.93108093
26-07-2020,MAHARASHTRA,GARHCHIROLI,5.15458686,2.542277338,1.058345736,0.521983324
26-07-2020,MAHARASHTRA,RATNAGIRI,2.38007038,0.676693075,1.09092874,0.310168947
26-07-2020,MAHARASHTRA,OSMANABAD,3.625931482,0.940798694,1.733534006,0.449789671
26-07-2020,MAHARASHTRA,BID,3.717197999,1.404800701,1.738573979,0.657040584
26-07-2020,MAHARASHTRA,LATUR,3.810316081,0.881740799,1.850437284,0.428207533
26-07-2020,MAHARASHTRA,YAVATMAL,3.926906493,1.812403056,1.732770246,0.799733351
26-07-2020,MAHARASHTRA,BHANDARA,4.342276155,0.570357523,1.818325262,0.238836835
26-07-2020,MAHARASHTRA,MUMBAI SUBURBAN,2.603852302,0.040301451,0.204431602,0.003164116
26-07-2020,MAHARASHTRA,NANDURBAR,3.758402982,0.754444842,1.448804061,0.290826385
26-07-2020,MAHARASHTRA,NAGPUR,4.088665012,1.381015685,1.418323395,0.479062689
26-07-2020,MAHARASHTRA,CHANDRAPUR,4.528366875,1.745865348,1.83778523,0.708539224
26-07-2020,MAHARASHTRA,JALGAON,3.508224498,1.406139883,1.229146557,0.492657182
26-07-2020,MAHARASHTRA,HINGOLI,3.750056737,0.600650111,1.5275058,0.244662039
26-07-2020,MAHARASHTRA,AKOLA,3.804670218,0.700684703,2.006904792,0.369600361
26-07-2020,MAHARASHTRA,AURANGABAD,3.553778365,1.226426317,1.543981737,0.532835659
26-07-2020,MAHARASHTRA,DHULE,3.622123619,0.885870179,1.268381074,0.310210553
26-07-2020,MAHARASHTRA,KOLHAPUR,2.887289604,0.764758913,0.82833593,0.21940206
26-07-2020,MAHARASHTRA,RAIGARH,2.86837927,0.703264079,0.594015598,0.145639678
26-07-2020,MAHARASHTRA,AMRAVATI,3.871913791,1.608706118,1.526228493,0.634118745
26-07-2020,MAHARASHTRA,NANDED,3.843113768,1.392569433,1.629457132,0.590441067
26-07-2020,MAHARASHTRA,SOLAPUR,3.56454922,1.82475254,1.836696593,0.940235796
26-07-2020,MAHARASHTRA,AHMADNAGAR,3.516791129,2.050498378,1.880857685,1.096651888
26-07-2020,MAHARASHTRA,THANE,2.842126949,0.9242175,0.783857107,0.254898697
26-07-2020,MAHARASHTRA,SANGLI,3.535548822,1.042552712,1.716162816,0.506057274
26-07-2020,MAHARASHTRA,WARDHA,3.90321352,0.838754368,1.584205187,0.340426936
26-07-2020,MAHARASHTRA,BULDANA,3.666003854,1.218210975,1.769496673,0.588002728
26-07-2020,MAHARASHTRA,SINDHUDURG,2.318403562,0.40664859,0.981132053,0.172090818
25-07-2020,MAHARASHTRA,WASHIM,3.054023149,0.541097552,1.80867442,0.320452483
25-07-2020,MAHARASHTRA,SATARA,2.256989803,0.81485198,0.835606085,0.301682919
25-07-2020,MAHARASHTRA,PUNE,2.443308679,1.31029706,1.006732626,0.539890359
25-07-2020,MAHARASHTRA,PARBHANI,3.018117202,0.653815776,1.274300982,0.276052263
25-07-2020,MAHARASHTRA,JALNA,3.179386724,0.843225513,1.337078513,0.354615155
25-07-2020,MAHARASHTRA,GONDIYA,4.043843092,0.753131492,1.388722387,0.258637771
25-07-2020,MAHARASHTRA,MUMBAI,2.286148884,0.01167438,0.009827063,5.02E-05
25-07-2020,MAHARASHTRA,NASHIK,2.56204326,1.359073428,1.362032584,0.722510163
25-07-2020,MAHARASHTRA,GARHCHIROLI,3.764289213,1.856573072,0.772717853,0.381109707
25-07-2020,MAHARASHTRA,RATNAGIRI,2.823212225,0.802685575,1.310892831,0.372708348
25-07-2020,MAHARASHTRA,OSMANABAD,2.300035473,0.596776409,1.117727203,0.290009974
25-07-2020,MAHARASHTRA,BID,2.508339394,0.947949757,1.193475752,0.451037468
25-07-2020,MAHARASHTRA,LATUR,2.28041461,0.527708085,1.114004485,0.257790478
25-07-2020,MAHARASHTRA,YAVATMAL,3.199366654,1.476618277,1.411609075,0.651506372
25-07-2020,MAHARASHTRA,BHANDARA,3.876448304,0.509171083,1.637595853,0.215098046
25-07-2020,MAHARASHTRA,MUMBAI SUBURBAN,2.297431885,0.03555879,0.177682337,0.002750101
25-07-2020,MAHARASHTRA,NANDURBAR,3.955693351,0.79404802,1.514118419,0.303937294
25-07-2020,MAHARASHTRA,NAGPUR,3.539427033,1.195501278,1.242312726,0.419612112
25-07-2020,MAHARASHTRA,CHANDRAPUR,3.496255488,1.347945401,1.451788559,0.559722171
25-07-2020,MAHARASHTRA,JALGAON,4.010403813,1.60741958,1.446587566,0.579810235
25-07-2020,MAHARASHTRA,HINGOLI,3.089860688,0.49490589,1.272455578,0.203810406
25-07-2020,MAHARASHTRA,AKOLA,3.286441037,0.605245351,1.738227105,0.320119504
25-07-2020,MAHARASHTRA,AURANGABAD,3.323444577,1.146936999,1.418119406,0.489399952
25-07-2020,MAHARASHTRA,DHULE,3.596739597,0.879661957,1.254683023,0.306860392
25-07-2020,MAHARASHTRA,KOLHAPUR,2.232488047,0.591321054,0.606498937,0.160643902
25-07-2020,MAHARASHTRA,RAIGARH,2.313485569,0.567216238,0.460592193,0.112927167
25-07-2020,MAHARASHTRA,AMRAVATI,3.239593934,1.345989312,1.267500456,0.526622195
25-07-2020,MAHARASHTRA,NANDED,3.027576715,1.097055941,1.26371991,0.457914552
25-07-2020,MAHARASHTRA,SOLAPUR,2.635482173,1.349147534,1.316784735,0.674084194
25-07-2020,MAHARASHTRA,AHMADNAGAR,2.659811049,1.550828025,1.435364041,0.836902599
25-07-2020,MAHARASHTRA,THANE,1.709872639,0.556025204,0.481843687,0.156688415
25-07-2020,MAHARASHTRA,SANGLI,2.282703492,0.673117198,1.094961876,0.322879284
25-07-2020,MAHARASHTRA,WARDHA,3.340713552,0.717879785,1.353461853,0.290842926
25-07-2020,MAHARASHTRA,BULDANA,3.661732958,1.216791759,1.800778467,0.59839765
25-07-2020,MAHARASHTRA,SINDHUDURG,2.37787603,0.417080076,1.007619266,0.176736682
24-07-2020,MAHARASHTRA,WASHIM,3.668386264,0.649947538,2.201477822,0.390047555
24-07-2020,MAHARASHTRA,SATARA,2.645609538,0.955157248,0.991575863,0.357993445
24-07-2020,MAHARASHTRA,PUNE,3.074759907,1.648931591,1.280801782,0.686868108
24-07-2020,MAHARASHTRA,PARBHANI,3.344863002,0.724598832,1.395527076,0.302313514
24-07-2020,MAHARASHTRA,JALNA,3.694726645,0.979902113,1.549501767,0.410953286
24-07-2020,MAHARASHTRA,GONDIYA,3.102985127,0.577904672,1.093131596,0.203586492
24-07-2020,MAHARASHTRA,MUMBAI,2.746183129,0.014023577,0.012172866,6.22E-05
24-07-2020,MAHARASHTRA,NASHIK,2.995397352,1.588952462,1.537076091,0.815364558
24-07-2020,MAHARASHTRA,GARHCHIROLI,3.456349637,1.704695176,0.738220914,0.364095581
24-07-2020,MAHARASHTRA,RATNAGIRI,2.653149748,0.754334021,1.225315629,0.348377345
24-07-2020,MAHARASHTRA,OSMANABAD,2.727265796,0.707627299,1.336203141,0.346696615
24-07-2020,MAHARASHTRA,BID,2.82767681,1.068633515,1.359056386,0.513613578
24-07-2020,MAHARASHTRA,LATUR,2.724324206,0.630432686,1.343003537,0.310782882
24-07-2020,MAHARASHTRA,YAVATMAL,3.346189372,1.544382035,1.488047511,0.686785351
24-07-2020,MAHARASHTRA,BHANDARA,3.453515532,0.453618907,1.451703153,0.190681059
24-07-2020,MAHARASHTRA,MUMBAI SUBURBAN,3.045162852,0.04713189,0.241767904,0.003741993
24-07-2020,MAHARASHTRA,NANDURBAR,4.180351149,0.839144812,1.598175564,0.320810546
24-07-2020,MAHARASHTRA,NAGPUR,3.858555219,1.303292214,1.338478104,0.452093593
24-07-2020,MAHARASHTRA,CHANDRAPUR,3.554071424,1.370235742,1.462979419,0.564036692
24-07-2020,MAHARASHTRA,JALGAON,4.408891981,1.767138579,1.570422236,0.629444707
24-07-2020,MAHARASHTRA,HINGOLI,3.62803459,0.581105709,1.469640204,0.235393652
24-07-2020,MAHARASHTRA,AKOLA,4.624593422,0.851685345,2.431993657,0.447886585
24-07-2020,MAHARASHTRA,AURANGABAD,3.880560101,1.339200294,1.665145435,0.574649844
24-07-2020,MAHARASHTRA,DHULE,3.816627746,0.933440451,1.321201644,0.323128987
24-07-2020,MAHARASHTRA,KOLHAPUR,2.115857752,0.560429086,0.585194475,0.155000971
24-07-2020,MAHARASHTRA,RAIGARH,3.389819079,0.831109756,0.700659336,0.171786398
24-07-2020,MAHARASHTRA,AMRAVATI,4.291218724,1.782919297,1.646480684,0.68408123
24-07-2020,MAHARASHTRA,NANDED,2.67466323,0.969176164,1.124697106,0.407539018
24-07-2020,MAHARASHTRA,SOLAPUR,3.024337014,1.54820885,1.570363949,0.803895648
24-07-2020,MAHARASHTRA,AHMADNAGAR,3.383307037,1.972669214,1.809563232,1.055082982
24-07-2020,MAHARASHTRA,THANE,3.071682251,0.998865477,0.848480884,0.27591339
24-07-2020,MAHARASHTRA,SANGLI,2.429493809,0.716402314,1.183937144,0.349116062
24-07-2020,MAHARASHTRA,WARDHA,3.727476611,0.800990587,1.485200606,0.319152024
24-07-2020,MAHARASHTRA,BULDANA,4.325249466,1.437277913,2.09790293,0.697131939
24-07-2020,MAHARASHTRA,SINDHUDURG,2.146064667,0.376420303,0.873462482,0.153205547
23-07-2020,MAHARASHTRA,WASHIM,3.313096939,0.586999036,1.999258265,0.354219238
23-07-2020,MAHARASHTRA,SATARA,3.232631855,1.167092763,1.182816621,0.427038024
23-07-2020,MAHARASHTRA,PUNE,3.199615215,1.715888969,1.312168871,0.703689644
23-07-2020,MAHARASHTRA,PARBHANI,2.147362099,0.465183796,0.902461749,0.195500602
23-07-2020,MAHARASHTRA,JALNA,3.171138496,0.841037947,1.326260969,0.351746164
23-07-2020,MAHARASHTRA,GONDIYA,3.495737223,0.651051421,1.193616117,0.222300882
23-07-2020,MAHARASHTRA,MUMBAI,2.450684475,0.012514593,0.01087233,5.55E-05
23-07-2020,MAHARASHTRA,NASHIK,2.871556008,1.523259005,1.48182705,0.786056894
23-07-2020,MAHARASHTRA,GARHCHIROLI,3.002084012,1.480648276,0.650173394,0.320669945
23-07-2020,MAHARASHTRA,RATNAGIRI,3.017853119,0.858025175,1.357376695,0.385924474
23-07-2020,MAHARASHTRA,OSMANABAD,2.531255815,0.656769765,1.268891254,0.329231603
23-07-2020,MAHARASHTRA,BID,2.754117286,1.040833954,1.355578342,0.512299158
23-07-2020,MAHARASHTRA,LATUR,1.988008161,0.46004265,0.960069329,0.222168524
23-07-2020,MAHARASHTRA,YAVATMAL,2.800451179,1.292504999,1.261840816,0.582383144
23-07-2020,MAHARASHTRA,BHANDARA,3.878241178,0.509406576,1.629024327,0.213972176
23-07-2020,MAHARASHTRA,MUMBAI SUBURBAN,2.797902602,0.043304889,0.224937285,0.003481495
23-07-2020,MAHARASHTRA,NANDURBAR,3.323853439,0.667215329,1.281824435,0.257307649
23-07-2020,MAHARASHTRA,NAGPUR,4.20366245,1.419858012,1.464461746,0.494646697
23-07-2020,MAHARASHTRA,CHANDRAPUR,3.041375312,1.17257102,1.257011938,0.484628045
23-07-2020,MAHARASHTRA,JALGAON,4.435733109,1.777896836,1.575562972,0.631505177
23-07-2020,MAHARASHTRA,HINGOLI,2.339328298,0.374692412,0.969292929,0.155252559
23-07-2020,MAHARASHTRA,AKOLA,4.040391172,0.744096104,2.114754722,0.389462476
23-07-2020,MAHARASHTRA,AURANGABAD,3.796208582,1.310090172,1.623546408,0.560293816
23-07-2020,MAHARASHTRA,DHULE,3.67919772,0.899828909,1.287398081,0.314861581
23-07-2020,MAHARASHTRA,KOLHAPUR,3.123596909,0.827349835,0.846228005,0.224141149
23-07-2020,MAHARASHTRA,RAIGARH,3.785593275,0.928144962,0.773779446,0.189713855
23-07-2020,MAHARASHTRA,AMRAVATI,4.331075429,1.799478996,1.707959598,0.709624543
23-07-2020,MAHARASHTRA,NANDED,2.017422876,0.731022187,0.845447308,0.306351607
23-07-2020,MAHARASHTRA,SOLAPUR,3.054992406,1.563901859,1.570790473,0.804113993
23-07-2020,MAHARASHTRA,AHMADNAGAR,3.377423934,1.969239015,1.838821983,1.072142574
23-07-2020,MAHARASHTRA,THANE,2.981976536,0.96969451,0.812164667,0.264103895
23-07-2020,MAHARASHTRA,SANGLI,3.215385236,0.948143772,1.564280329,0.461270592
23-07-2020,MAHARASHTRA,WARDHA,4.115206159,0.884309076,1.638492658,0.352092671
23-07-2020,MAHARASHTRA,BULDANA,3.810722998,1.266301063,1.851657885,0.615304852
23-07-2020,MAHARASHTRA,SINDHUDURG,3.083667031,0.540876002,1.261374243,0.221245372
22-07-2020,MAHARASHTRA,WASHIM,4.295401301,0.761039133,2.564727741,0.454406478
22-07-2020,MAHARASHTRA,SATARA,3.049869252,1.101109094,1.097604136,0.396273347
22-07-2020,MAHARASHTRA,PUNE,3.406745567,1.826968791,1.404186052,0.753036598
22-07-2020,MAHARASHTRA,PARBHANI,3.738009896,0.80976638,1.607979382,0.348337131
22-07-2020,MAHARASHTRA,JALNA,4.090379278,1.084835681,1.736451665,0.460535466
22-07-2020,MAHARASHTRA,GONDIYA,5.011303131,0.933312722,1.66849925,0.31074384
22-07-2020,MAHARASHTRA,MUMBAI,2.096756348,0.010707234,0.009058223,4.63E-05
22-07-2020,MAHARASHTRA,NASHIK,2.828025746,1.500167739,1.436011104,0.761753154
22-07-2020,MAHARASHTRA,GARHCHIROLI,5.017020183,2.474428516,0.990599515,0.488570426
22-07-2020,MAHARASHTRA,RATNAGIRI,2.884235995,0.820035634,1.251601825,0.355850942
22-07-2020,MAHARASHTRA,OSMANABAD,3.454738413,0.896380255,1.686928647,0.437697258
22-07-2020,MAHARASHTRA,BID,4.050585586,1.530794289,1.935959332,0.73163631
22-07-2020,MAHARASHTRA,LATUR,3.243564124,0.75058939,1.593406687,0.368728383
22-07-2020,MAHARASHTRA,YAVATMAL,4.151491993,1.916057025,1.821573866,0.840719291
22-07-2020,MAHARASHTRA,BHANDARA,4.647932977,0.610505514,1.903805969,0.250064717
22-07-2020,MAHARASHTRA,MUMBAI SUBURBAN,2.336791437,0.036167983,0.191715838,0.002967306
22-07-2020,MAHARASHTRA,NANDURBAR,3.810502428,0.76490305,1.478285859,0.296744428
22-07-2020,MAHARASHTRA,NAGPUR,5.001024999,1.689180685,1.717512955,0.580119017
22-07-2020,MAHARASHTRA,CHANDRAPUR,3.991034578,1.538702399,1.601090005,0.61728381
22-07-2020,MAHARASHTRA,JALGAON,3.333095079,1.33594584,1.18372534,0.474451795
22-07-2020,MAHARASHTRA,HINGOLI,3.852858467,0.617115961,1.60861823,0.257653893
22-07-2020,MAHARASHTRA,AKOLA,4.367929573,0.804417008,2.307862514,0.425026051
22-07-2020,MAHARASHTRA,AURANGABAD,3.881348661,1.33947243,1.704521747,0.588238802
22-07-2020,MAHARASHTRA,DHULE,3.284152487,0.803211889,1.167540303,0.285547719
22-07-2020,MAHARASHTRA,KOLHAPUR,2.753283214,0.729264524,0.777074939,0.205824516
22-07-2020,MAHARASHTRA,RAIGARH,3.410532129,0.836188144,0.6941387,0.17018768
22-07-2020,MAHARASHTRA,AMRAVATI,4.5137547,1.875378738,1.751236215,0.72760515
22-07-2020,MAHARASHTRA,NANDED,3.870384874,1.40245124,1.644683863,0.595958541
22-07-2020,MAHARASHTRA,SOLAPUR,3.186145174,1.631041162,1.64398613,0.841584077
22-07-2020,MAHARASHTRA,AHMADNAGAR,3.836910279,2.23714688,2.110643475,1.230630669
22-07-2020,MAHARASHTRA,THANE,3.122107964,1.015263171,0.831790051,0.270485779
22-07-2020,MAHARASHTRA,SANGLI,3.062782465,0.903144696,1.455381441,0.429158794
22-07-2020,MAHARASHTRA,WARDHA,4.700690172,1.010122657,1.86581212,0.400940932
22-07-2020,MAHARASHTRA,BULDANA,3.960497427,1.31607102,1.916747637,0.636934139
22-07-2020,MAHARASHTRA,SINDHUDURG,2.300630383,0.40353117,0.912634208,0.160076278
21-07-2020,MAHARASHTRA,WASHIM,3.555847209,0.630008395,2.121648674,0.375903799
21-07-2020,MAHARASHTRA,SATARA,3.578584785,1.291993829,1.319470323,0.476374773
21-07-2020,MAHARASHTRA,PUNE,3.222566096,1.728197063,1.361435503,0.730110343
21-07-2020,MAHARASHTRA,PARBHANI,3.844698811,0.832878436,1.634165239,0.354009782
21-07-2020,MAHARASHTRA,JALNA,3.902919872,1.035118372,1.662444404,0.440907526
21-07-2020,MAHARASHTRA,GONDIYA,3.836918422,0.714593526,1.345921105,0.250666395
21-07-2020,MAHARASHTRA,MUMBAI,2.397516034,0.012243084,0.010804953,5.52E-05
21-07-2020,MAHARASHTRA,NASHIK,2.737920424,1.452370049,1.428230243,0.757625682
21-07-2020,MAHARASHTRA,GARHCHIROLI,3.536389458,1.74417136,0.733857407,0.36194347
21-07-2020,MAHARASHTRA,RATNAGIRI,2.947898629,0.838135966,1.309369819,0.372275331
21-07-2020,MAHARASHTRA,OSMANABAD,3.534339259,0.917033809,1.716507668,0.44537195
21-07-2020,MAHARASHTRA,BID,4.187915229,1.582693806,1.996617658,0.754560259
21-07-2020,MAHARASHTRA,LATUR,3.695131486,0.855086067,1.811969236,0.419305687
21-07-2020,MAHARASHTRA,YAVATMAL,4.327217452,1.997160397,1.891661099,0.873066971
21-07-2020,MAHARASHTRA,BHANDARA,4.12530348,0.541858184,1.716205829,0.225423458
21-07-2020,MAHARASHTRA,MUMBAI SUBURBAN,2.617479673,0.04051237,0.203006586,0.00314206
21-07-2020,MAHARASHTRA,NANDURBAR,2.440042207,0.489803054,0.934203555,0.187527803
21-07-2020,MAHARASHTRA,NAGPUR,4.441936707,1.500339168,1.543512905,0.521347561
21-07-2020,MAHARASHTRA,CHANDRAPUR,3.586877711,1.382883869,1.475050477,0.568690565
21-07-2020,MAHARASHTRA,JALGAON,2.030690562,0.813925959,0.711256447,0.285080404
21-07-2020,MAHARASHTRA,HINGOLI,4.021250034,0.644087396,1.626219578,0.260473118
21-07-2020,MAHARASHTRA,AKOLA,2.747894846,0.50606433,1.469154486,0.270565914
21-07-2020,MAHARASHTRA,AURANGABAD,3.539055989,1.221345553,1.569868487,0.541769303
21-07-2020,MAHARASHTRA,DHULE,2.728151139,0.667229502,0.97423128,0.238269736
21-07-2020,MAHARASHTRA,KOLHAPUR,3.517783254,0.931758315,0.959705945,0.25419815
21-07-2020,MAHARASHTRA,RAIGARH,2.910195703,0.713516557,0.610339032,0.149641828
21-07-2020,MAHARASHTRA,AMRAVATI,3.133411388,1.301872496,1.309597496,0.54411271
21-07-2020,MAHARASHTRA,NANDED,4.505560572,1.63260999,1.904850211,0.690230979
21-07-2020,MAHARASHTRA,SOLAPUR,3.465458156,1.774026162,1.775078457,0.908692439
21-07-2020,MAHARASHTRA,AHMADNAGAR,3.918585151,2.284768188,2.158067677,1.258281799
21-07-2020,MAHARASHTRA,THANE,3.134658695,1.019344482,0.827508781,0.269093573
21-07-2020,MAHARASHTRA,SANGLI,3.385196075,0.998217116,1.644222616,0.484843749
21-07-2020,MAHARASHTRA,WARDHA,4.400988764,0.945720374,1.762632236,0.378768796
21-07-2020,MAHARASHTRA,BULDANA,2.71523731,0.902271798,1.297096291,0.431024352
21-07-2020,MAHARASHTRA,SINDHUDURG,3.433485323,0.602234222,1.367148894,0.239798273
20-07-2020,MAHARASHTRA,WASHIM,4.671535177,0.827680776,2.788557898,0.494063659
20-07-2020,MAHARASHTRA,SATARA,3.860978564,1.393947825,1.419418132,0.512459415
20-07-2020,MAHARASHTRA,PUNE,3.744662021,2.008186555,1.566217286,0.839930674
20-07-2020,MAHARASHTRA,PARBHANI,4.522415714,0.979692484,1.920701411,0.416082212
20-07-2020,MAHARASHTRA,JALNA,4.391208728,1.164620586,1.857739365,0.492702953
20-07-2020,MAHARASHTRA,GONDIYA,4.952917729,0.922438936,1.667932399,0.310638268
20-07-2020,MAHARASHTRA,MUMBAI,2.360869703,0.012055947,0.010642597,5.43E-05
20-07-2020,MAHARASHTRA,NASHIK,3.709631684,1.96782854,1.873152218,0.99364107
20-07-2020,MAHARASHTRA,GARHCHIROLI,4.344137767,2.142558327,0.907816995,0.447741523
20-07-2020,MAHARASHTRA,RATNAGIRI,3.245315352,0.922696422,1.452203825,0.412885383
20-07-2020,MAHARASHTRA,OSMANABAD,4.020577992,1.043195257,1.958290982,0.508106016
20-07-2020,MAHARASHTRA,BID,4.287157074,1.62019921,2.017898962,0.762602873
20-07-2020,MAHARASHTRA,LATUR,4.275762125,0.989449126,2.089150101,0.483447788
20-07-2020,MAHARASHTRA,YAVATMAL,4.490013412,2.072296359,1.972525839,0.910388843
20-07-2020,MAHARASHTRA,BHANDARA,4.729772042,0.621255067,1.946862042,0.255720127
20-07-2020,MAHARASHTRA,MUMBAI SUBURBAN,2.761609421,0.042743156,0.218307079,0.003378875
20-07-2020,MAHARASHTRA,NANDURBAR,3.285335187,0.659483349,1.260776778,0.253082637
20-07-2020,MAHARASHTRA,NAGPUR,4.900690766,1.655291102,1.693699879,0.572075749
20-07-2020,MAHARASHTRA,CHANDRAPUR,4.642371193,1.789818542,1.866993806,0.71980029
20-07-2020,MAHARASHTRA,JALGAON,4.064726603,1.629192828,1.464141799,0.586846189
20-07-2020,MAHARASHTRA,HINGOLI,4.575526407,0.732866364,1.855823521,0.297248997
20-07-2020,MAHARASHTRA,AKOLA,4.740929681,0.873110339,2.495515481,0.459585042
20-07-2020,MAHARASHTRA,AURANGABAD,4.263919324,1.47149944,1.859515304,0.641727838
20-07-2020,MAHARASHTRA,DHULE,3.101123973,0.758448231,1.086299015,0.265678371
20-07-2020,MAHARASHTRA,KOLHAPUR,3.529828697,0.934948802,0.981377038,0.259938191
20-07-2020,MAHARASHTRA,RAIGARH,3.454240481,0.846904479,0.710865816,0.174288804
20-07-2020,MAHARASHTRA,AMRAVATI,4.685481132,1.946727786,1.853804329,0.770220239
20-07-2020,MAHARASHTRA,NANDED,4.753612855,1.722492842,2.018560029,0.731434239
20-07-2020,MAHARASHTRA,SOLAPUR,4.140692186,2.119689789,2.156181062,1.103785255
20-07-2020,MAHARASHTRA,AHMADNAGAR,3.995889401,2.329841163,2.188100035,1.27579245
20-07-2020,MAHARASHTRA,THANE,2.83984864,0.923476628,0.752271486,0.244627522
20-07-2020,MAHARASHTRA,SANGLI,3.93792246,1.16120352,1.913930142,0.564374348
20-07-2020,MAHARASHTRA,WARDHA,4.714107415,1.013005864,1.883196101,0.404676543
20-07-2020,MAHARASHTRA,BULDANA,4.706969248,1.564123177,2.269606106,0.754188805
20-07-2020,MAHARASHTRA,SINDHUDURG,3.657967443,0.641608444,1.502909032,0.263610637
19-07-2020,MAHARASHTRA,WASHIM,3.280913287,0.581296887,1.959931026,0.347251422
19-07-2020,MAHARASHTRA,SATARA,3.23872412,1.169292284,1.238936889,0.447299396
19-07-2020,MAHARASHTRA,PUNE,2.814293663,1.509248809,1.183355773,0.634609783
19-07-2020,MAHARASHTRA,PARBHANI,3.987491277,0.863811618,1.659000385,0.359389829
19-07-2020,MAHARASHTRA,JALNA,3.905009615,1.035672606,1.647659068,0.436986212
19-07-2020,MAHARASHTRA,GONDIYA,3.928717634,0.731690351,1.340037691,0.249570659
19-07-2020,MAHARASHTRA,MUMBAI,2.621644501,0.013387612,0.011919249,6.09E-05
19-07-2020,MAHARASHTRA,NASHIK,3.376811639,1.791279265,1.778387038,0.94337149
19-07-2020,MAHARASHTRA,GARHCHIROLI,4.203489569,2.073189678,0.883408862,0.435703266
19-07-2020,MAHARASHTRA,RATNAGIRI,2.992757876,0.850890186,1.344732696,0.382329577
19-07-2020,MAHARASHTRA,OSMANABAD,3.1387918,0.814403483,1.554720135,0.403393909
19-07-2020,MAHARASHTRA,BID,3.294355558,1.2450004,1.584079615,0.598654189
19-07-2020,MAHARASHTRA,LATUR,3.109172567,0.719489997,1.489548415,0.344694661
19-07-2020,MAHARASHTRA,YAVATMAL,3.353240968,1.547636591,1.467361,0.677237812
19-07-2020,MAHARASHTRA,BHANDARA,3.633083467,0.477205137,1.493452598,0.196164844
19-07-2020,MAHARASHTRA,MUMBAI SUBURBAN,2.871765561,0.044448112,0.219712871,0.003400634
19-07-2020,MAHARASHTRA,NANDURBAR,3.065774822,0.615409793,1.188138612,0.238501579
19-07-2020,MAHARASHTRA,NAGPUR,3.835916635,1.29564565,1.323941945,0.44718376
19-07-2020,MAHARASHTRA,CHANDRAPUR,3.829789691,1.476536088,1.533619505,0.591271252
19-07-2020,MAHARASHTRA,JALGAON,3.407494054,1.365765872,1.206396322,0.483538606
19-07-2020,MAHARASHTRA,HINGOLI,4.317527497,0.691542436,1.720348542,0.275549842
19-07-2020,MAHARASHTRA,AKOLA,3.341432138,0.615372753,1.740500851,0.320538247
19-07-2020,MAHARASHTRA,AURANGABAD,3.876541689,1.337813521,1.693652268,0.584487692
19-07-2020,MAHARASHTRA,DHULE,3.273085517,0.800505217,1.166634224,0.285326118
19-07-2020,MAHARASHTRA,KOLHAPUR,3.560827417,0.94315946,0.992362507,0.262847922
19-07-2020,MAHARASHTRA,RAIGARH,2.626621727,0.643990399,0.548925585,0.134584589
19-07-2020,MAHARASHTRA,AMRAVATI,3.715644753,1.543779321,1.379830572,0.573293209
19-07-2020,MAHARASHTRA,NANDED,3.475094209,1.259215903,1.455469006,0.527395693
19-07-2020,MAHARASHTRA,SOLAPUR,3.512982144,1.798354489,1.777621945,0.909994493
19-07-2020,MAHARASHTRA,AHMADNAGAR,3.62513987,2.113672138,1.984290515,1.156959379
19-07-2020,MAHARASHTRA,THANE,2.74035433,0.891122555,0.746616454,0.24278859
19-07-2020,MAHARASHTRA,SANGLI,4.134043868,1.219035251,2.011052999,0.593013663
19-07-2020,MAHARASHTRA,WARDHA,3.343727931,0.718527539,1.34740063,0.289540441
19-07-2020,MAHARASHTRA,BULDANA,3.239932821,1.076627815,1.557898372,0.517688734
19-07-2020,MAHARASHTRA,SINDHUDURG,3.479352707,0.610279373,1.378730793,0.241829741
06-07-2020,MAHARASHTRA,WASHIM,2.050424121,0.363284566,1.228160675,0.21759977
06-07-2020,MAHARASHTRA,SATARA,1.986093967,0.717049141,0.756560615,0.27314475
06-07-2020,MAHARASHTRA,PUNE,2.059308268,1.104365401,0.862389782,0.46248221
06-07-2020,MAHARASHTRA,PARBHANI,2.500601734,0.541706221,1.070290496,0.231857401
06-07-2020,MAHARASHTRA,JALNA,2.61654562,0.693950819,1.09511757,0.290443143
06-07-2020,MAHARASHTRA,GONDIYA,3.079556554,0.573541299,1.047024384,0.194999415
06-07-2020,MAHARASHTRA,MUMBAI,2.495801367,0.012744985,0.010760384,5.49E-05
06-07-2020,MAHARASHTRA,NASHIK,2.238392659,1.187388219,1.146716565,0.608292622
06-07-2020,MAHARASHTRA,GARHCHIROLI,2.368205837,1.168015244,0.491583894,0.242452524
06-07-2020,MAHARASHTRA,RATNAGIRI,1.680907273,0.477909527,0.779302207,0.221568409
06-07-2020,MAHARASHTRA,OSMANABAD,2.698230645,0.700093722,1.297673122,0.336699462
06-07-2020,MAHARASHTRA,BID,2.389134352,0.902899876,1.110442369,0.419657553
06-07-2020,MAHARASHTRA,LATUR,2.992211382,0.692424145,1.448361117,0.335163556
06-07-2020,MAHARASHTRA,YAVATMAL,2.13464074,0.985210472,0.930021425,0.429237028
06-07-2020,MAHARASHTRA,BHANDARA,2.863666811,0.376142339,1.195876244,0.157078221
06-07-2020,MAHARASHTRA,MUMBAI SUBURBAN,2.610759787,0.040408362,0.211607118,0.003275176
06-07-2020,MAHARASHTRA,NANDURBAR,3.422448418,0.68700684,1.302010355,0.261359679
06-07-2020,MAHARASHTRA,NAGPUR,2.662957033,0.899458728,0.93117095,0.31451872
06-07-2020,MAHARASHTRA,CHANDRAPUR,2.233101442,0.86094933,0.916077044,0.353184097
06-07-2020,MAHARASHTRA,JALGAON,3.360650156,1.346990257,1.18211514,0.473806407
06-07-2020,MAHARASHTRA,HINGOLI,2.203283549,0.352901996,0.863959688,0.138381235
06-07-2020,MAHARASHTRA,AKOLA,2.557007755,0.470909728,1.322033101,0.243471396
06-07-2020,MAHARASHTRA,AURANGABAD,2.526975097,0.872071481,1.047638277,0.3615451
06-07-2020,MAHARASHTRA,DHULE,2.952621469,0.72212867,1.02576737,0.250874023
06-07-2020,MAHARASHTRA,KOLHAPUR,1.804837034,0.478048758,0.501796352,0.132911237
06-07-2020,MAHARASHTRA,RAIGARH,2.148604521,0.526790999,0.436579214,0.107039708
06-07-2020,MAHARASHTRA,AMRAVATI,2.547064653,1.058256643,0.971607785,0.40368445
06-07-2020,MAHARASHTRA,NANDED,2.774546198,1.005369203,1.198113578,0.434141804
06-07-2020,MAHARASHTRA,SOLAPUR,2.871099697,1.469764097,1.48197383,0.758647263
06-07-2020,MAHARASHTRA,AHMADNAGAR,2.231239113,1.300945099,1.184735602,0.690771314
06-07-2020,MAHARASHTRA,THANE,2.560903545,0.832767823,0.711543465,0.231383374
06-07-2020,MAHARASHTRA,SANGLI,2.043318064,0.602527895,0.988944911,0.291617299
06-07-2020,MAHARASHTRA,WARDHA,2.481722159,0.533292706,0.995713265,0.21396699
06-07-2020,MAHARASHTRA,BULDANA,2.79195676,0.927765627,1.356102184,0.450631977
06-07-2020,MAHARASHTRA,SINDHUDURG,1.834112188,0.321703757,0.755686967,0.132547691
03-07-2020,MAHARASHTRA,WASHIM,5.13991521,0.910666162,3.077768524,0.545304647
03-07-2020,MAHARASHTRA,SATARA,1.326592185,0.478946013,0.519479644,0.187550257
03-07-2020,MAHARASHTRA,PUNE,2.012448858,1.079235647,0.852892118,0.457388804
03-07-2020,MAHARASHTRA,PARBHANI,3.896466525,0.844092894,1.613806316,0.349599422
03-07-2020,MAHARASHTRA,JALNA,4.29899183,1.140163152,1.808258125,0.479579717
03-07-2020,MAHARASHTRA,GONDIYA,6.667022929,1.241676497,2.106115051,0.392246072
03-07-2020,MAHARASHTRA,MUMBAI,2.308765268,0.011789872,0.009549138,4.88E-05
03-07-2020,MAHARASHTRA,NASHIK,3.27304183,1.736233048,1.695723668,0.899521493
03-07-2020,MAHARASHTRA,GARHCHIROLI,5.13782262,2.534009101,1.200195635,0.59194466
03-07-2020,MAHARASHTRA,RATNAGIRI,1.318094972,0.374756035,0.659753305,0.187578694
03-07-2020,MAHARASHTRA,OSMANABAD,2.953550572,0.766340052,1.382597101,0.358734177
03-07-2020,MAHARASHTRA,BID,2.810912841,1.062298088,1.329573029,0.502471249
03-07-2020,MAHARASHTRA,LATUR,3.139440548,0.726494275,1.516795365,0.350999846
03-07-2020,MAHARASHTRA,YAVATMAL,5.528200872,2.55145575,2.420887035,1.11732303
03-07-2020,MAHARASHTRA,BHANDARA,6.050583346,0.794743495,2.43318143,0.319598129
03-07-2020,MAHARASHTRA,MUMBAI SUBURBAN,2.275987457,0.035226882,0.188334787,0.002914975
03-07-2020,MAHARASHTRA,NANDURBAR,4.120433446,0.827117203,1.561715254,0.313491668
03-07-2020,MAHARASHTRA,NAGPUR,5.857456254,1.97845481,2.01478634,0.680528126
03-07-2020,MAHARASHTRA,CHANDRAPUR,6.271074427,2.41774835,2.404309462,0.926956824
03-07-2020,MAHARASHTRA,JALGAON,4.579773863,1.835630157,1.621951697,0.650098354
03-07-2020,MAHARASHTRA,HINGOLI,4.812289528,0.770788935,1.959706615,0.31388805
03-07-2020,MAHARASHTRA,AKOLA,4.992402688,0.919422708,2.637469787,0.485727968
03-07-2020,MAHARASHTRA,AURANGABAD,4.144522812,1.430295119,1.738634161,0.600011163
03-07-2020,MAHARASHTRA,DHULE,3.655903604,0.894131819,1.274686962,0.311752797
03-07-2020,MAHARASHTRA,KOLHAPUR,1.196006103,0.316787178,0.323079357,0.085574311
03-07-2020,MAHARASHTRA,RAIGARH,1.418992058,0.347905925,0.297588757,0.072962277
03-07-2020,MAHARASHTRA,AMRAVATI,5.086418291,2.113309506,2.052849978,0.852919899
03-07-2020,MAHARASHTRA,NANDED,4.394946341,1.59252843,1.765431436,0.639711963
03-07-2020,MAHARASHTRA,SOLAPUR,2.826580498,1.446973972,1.493450323,0.764522272
03-07-2020,MAHARASHTRA,AHMADNAGAR,2.768920553,1.614445355,1.459981004,0.851255753
03-07-2020,MAHARASHTRA,THANE,2.876441854,0.935376198,0.781245271,0.254049367
03-07-2020,MAHARASHTRA,SANGLI,1.56665126,0.461969726,0.776546844,0.228985954
03-07-2020,MAHARASHTRA,WARDHA,5.571045269,1.197151662,2.226227184,0.478389861
03-07-2020,MAHARASHTRA,BULDANA,4.603746913,1.529822454,2.217729912,0.736950376
03-07-2020,MAHARASHTRA,SINDHUDURG,2.104343479,0.369102395,0.912615028,0.160072914
02-07-2020,MAHARASHTRA,WASHIM,4.567881877,0.809315969,2.671786844,0.47337471
02-07-2020,MAHARASHTRA,SATARA,3.317502207,1.197733919,1.242858194,0.448715124
02-07-2020,MAHARASHTRA,PUNE,3.582548863,1.921248545,1.492977323,0.800653562
02-07-2020,MAHARASHTRA,PARBHANI,4.607338102,0.998089251,1.93602431,0.419401618
02-07-2020,MAHARASHTRA,JALNA,4.736254714,1.256132442,1.990585667,0.527935972
02-07-2020,MAHARASHTRA,GONDIYA,4.446256115,0.828077506,1.480531332,0.275736408
02-07-2020,MAHARASHTRA,MUMBAI,3.125358784,0.015959864,0.01408564,7.19E-05
02-07-2020,MAHARASHTRA,NASHIK,3.823429322,2.028194167,1.974372872,1.04733505
02-07-2020,MAHARASHTRA,GARHCHIROLI,6.876177133,3.391377383,1.425424325,0.703028983
02-07-2020,MAHARASHTRA,RATNAGIRI,2.82713024,0.803799531,1.275205244,0.362561781
02-07-2020,MAHARASHTRA,OSMANABAD,3.829072845,0.993506565,1.806831257,0.468807669
02-07-2020,MAHARASHTRA,BID,3.577576676,1.352035114,1.666636528,0.629854036
02-07-2020,MAHARASHTRA,LATUR,4.216578005,0.975753397,2.038955389,0.471832288
02-07-2020,MAHARASHTRA,YAVATMAL,4.950151781,2.284666118,2.126236393,0.981331576
02-07-2020,MAHARASHTRA,BHANDARA,4.045137536,0.531328396,1.684672094,0.221281505
02-07-2020,MAHARASHTRA,MUMBAI SUBURBAN,3.560633912,0.055110158,0.278630975,0.004312546
02-07-2020,MAHARASHTRA,NANDURBAR,3.936378654,0.790170875,1.511673134,0.303446438
02-07-2020,MAHARASHTRA,NAGPUR,3.955813012,1.336142677,1.368337832,0.46217922
02-07-2020,MAHARASHTRA,CHANDRAPUR,6.772745526,2.61116249,2.518094185,0.970825355
02-07-2020,MAHARASHTRA,JALGAON,4.468017484,1.790836814,1.637525786,0.656340641
02-07-2020,MAHARASHTRA,HINGOLI,5.049838315,0.808837348,2.01951417,0.323467482
02-07-2020,MAHARASHTRA,AKOLA,4.12810317,0.760249529,2.151920005,0.396306997
02-07-2020,MAHARASHTRA,AURANGABAD,4.590350363,1.58415239,1.941800595,0.670124894
02-07-2020,MAHARASHTRA,DHULE,3.718336806,0.909401235,1.321938513,0.323309205
02-07-2020,MAHARASHTRA,KOLHAPUR,2.346840669,0.621609733,0.656758944,0.173956314
02-07-2020,MAHARASHTRA,RAIGARH,3.503452585,0.858970215,0.723720392,0.177440466
02-07-2020,MAHARASHTRA,AMRAVATI,3.732375643,1.550730686,1.444453311,0.600142721
02-07-2020,MAHARASHTRA,NANDED,5.170849024,1.873680231,2.096393978,0.759637718
02-07-2020,MAHARASHTRA,SOLAPUR,3.676980583,1.882308041,1.878509218,0.96164038
02-07-2020,MAHARASHTRA,AHMADNAGAR,3.476172693,2.026815414,1.861540303,1.085388706
02-07-2020,MAHARASHTRA,THANE,3.283239812,1.067660856,0.89463885,0.290923276
02-07-2020,MAHARASHTRA,SANGLI,3.26132967,0.961691738,1.58302653,0.466798419
02-07-2020,MAHARASHTRA,WARDHA,3.846219337,0.826506993,1.567290679,0.336792209
02-07-2020,MAHARASHTRA,BULDANA,4.874777597,1.619885795,2.357726093,0.783471026
02-07-2020,MAHARASHTRA,SINDHUDURG,2.003569748,0.351426657,0.77459558,0.135864267
31-08-2020,MAHARASHTRA,WASHIM,4.654116023,0.824594532,2.80024339,0.49613404
31-08-2020,MAHARASHTRA,SATARA,3.812613453,1.376486334,1.455063662,0.525328694
31-08-2020,MAHARASHTRA,PUNE,3.883530287,2.082658799,1.672375302,0.896861072
31-08-2020,MAHARASHTRA,PARBHANI,4.725801473,1.023752012,2.006071351,0.434575932
31-08-2020,MAHARASHTRA,JALNA,4.709808112,1.249118369,1.981472008,0.52551888
31-08-2020,MAHARASHTRA,GONDIYA,4.429098816,0.824882104,1.588743662,0.295890037
31-08-2020,MAHARASHTRA,MUMBAI,2.647614521,0.01352023,0.012001975,6.13E-05
31-08-2020,MAHARASHTRA,NASHIK,3.927879266,2.083601171,2.068353938,1.097188685
31-08-2020,MAHARASHTRA,GARHCHIROLI,4.029582633,1.987417593,0.88693597,0.43744286
31-08-2020,MAHARASHTRA,RATNAGIRI,3.168751369,0.900928025,1.411614124,0.401345065
31-08-2020,MAHARASHTRA,OSMANABAD,4.379511462,1.136325572,2.136275322,0.554286545
31-08-2020,MAHARASHTRA,BID,4.524474387,1.709885992,2.115119208,0.799344276
31-08-2020,MAHARASHTRA,LATUR,4.659743008,1.078305694,2.268317222,0.524908642
31-08-2020,MAHARASHTRA,YAVATMAL,4.601759657,2.123871113,2.051926774,0.947035118
31-08-2020,MAHARASHTRA,BHANDARA,4.276933822,0.561774814,1.832139048,0.240651274
31-08-2020,MAHARASHTRA,MUMBAI SUBURBAN,3.072973864,0.047562339,0.239175559,0.00370187
31-08-2020,MAHARASHTRA,NANDURBAR,3.950022076,0.792909594,1.519325367,0.304982513
31-08-2020,MAHARASHTRA,NAGPUR,4.276227193,1.44436798,1.518933094,0.513045314
31-08-2020,MAHARASHTRA,CHANDRAPUR,4.472840304,1.724457649,1.908421016,0.735772126
31-08-2020,MAHARASHTRA,JALGAON,4.243948499,1.701027186,1.526203249,0.611721188
31-08-2020,MAHARASHTRA,HINGOLI,4.648919143,0.744621747,1.880975385,0.301277595
31-08-2020,MAHARASHTRA,AKOLA,4.751212232,0.875004019,2.531523183,0.466216378
31-08-2020,MAHARASHTRA,AURANGABAD,4.410865108,1.52221115,1.904391482,0.657214826
31-08-2020,MAHARASHTRA,DHULE,4.029909561,0.985603221,1.420512318,0.347417602
31-08-2020,MAHARASHTRA,KOLHAPUR,3.69610431,0.978990369,1.041987777,0.27599221
31-08-2020,MAHARASHTRA,RAIGARH,3.275105602,0.802984511,0.678153092,0.166268358
31-08-2020,MAHARASHTRA,AMRAVATI,4.604721162,1.913173563,1.880394677,0.78126802
31-08-2020,MAHARASHTRA,NANDED,4.813544003,1.744209162,2.058378213,0.745862536
31-08-2020,MAHARASHTRA,SOLAPUR,4.339434275,2.221429198,2.27508114,1.164652199
31-08-2020,MAHARASHTRA,AHMADNAGAR,3.976001085,2.318245092,2.177914343,1.269853587
31-08-2020,MAHARASHTRA,THANE,3.009560112,0.97866428,0.842337286,0.273915583
31-08-2020,MAHARASHTRA,SANGLI,4.157905012,1.226071358,2.028241664,0.598082208
31-08-2020,MAHARASHTRA,WARDHA,4.404417871,0.946457248,1.81380335,0.389764863
31-08-2020,MAHARASHTRA,BULDANA,4.563837319,1.516560519,2.22497255,0.7393571
31-08-2020,MAHARASHTRA,SINDHUDURG,3.248112682,0.569719812,1.304816057,0.228865077
30-08-2020,MAHARASHTRA,WASHIM,4.572544226,0.810142022,2.748131358,0.486901074
30-08-2020,MAHARASHTRA,SATARA,3.226885256,1.165018041,1.245135178,0.449537195
30-08-2020,MAHARASHTRA,PUNE,3.119594793,1.672975634,1.325696181,0.710944067
30-08-2020,MAHARASHTRA,PARBHANI,4.639429212,1.005041159,1.968354008,0.426405211
30-08-2020,MAHARASHTRA,JALNA,4.053354066,1.075015988,1.710478486,0.453646952
30-08-2020,MAHARASHTRA,GONDIYA,4.460215152,0.830677258,1.589585561,0.296046834
30-08-2020,MAHARASHTRA,MUMBAI,2.288953691,0.011688703,0.009720483,4.96E-05
30-08-2020,MAHARASHTRA,NASHIK,2.891412363,1.5337921,1.522176642,0.807460927
30-08-2020,MAHARASHTRA,GARHCHIROLI,4.472472951,2.205854113,0.959442489,0.473203569
30-08-2020,MAHARASHTRA,RATNAGIRI,2.937172353,0.835086309,1.319434679,0.375136936
30-08-2020,MAHARASHTRA,OSMANABAD,3.968043244,1.029564381,1.930152114,0.500804993
30-08-2020,MAHARASHTRA,BID,4.063347531,1.535617274,1.885533416,0.712579385
30-08-2020,MAHARASHTRA,LATUR,4.409431633,1.020381431,2.15777332,0.499327807
30-08-2020,MAHARASHTRA,YAVATMAL,4.479067791,2.067244576,2.00590092,0.925792596
30-08-2020,MAHARASHTRA,BHANDARA,4.202707207,0.552025156,1.804677027,0.23704414
30-08-2020,MAHARASHTRA,MUMBAI SUBURBAN,2.313223513,0.035803207,0.187184282,0.002897168
30-08-2020,MAHARASHTRA,NANDURBAR,3.090883675,0.620450031,1.181007919,0.237070196
30-08-2020,MAHARASHTRA,NAGPUR,4.011242372,1.35486488,1.439086756,0.486075865
30-08-2020,MAHARASHTRA,CHANDRAPUR,4.315109828,1.663646284,1.845305401,0.711438549
30-08-2020,MAHARASHTRA,JALGAON,3.873670889,1.552615328,1.396647577,0.559793668
30-08-2020,MAHARASHTRA,HINGOLI,4.584411853,0.734289554,1.858703403,0.29771027
30-08-2020,MAHARASHTRA,AKOLA,4.544194333,0.836878697,2.437997286,0.44899224
30-08-2020,MAHARASHTRA,AURANGABAD,3.911548577,1.349894569,1.693639495,0.584483284
30-08-2020,MAHARASHTRA,DHULE,3.271255951,0.800057757,1.149040461,0.281023175
30-08-2020,MAHARASHTRA,KOLHAPUR,3.258217,0.863006775,0.882702236,0.23380211
30-08-2020,MAHARASHTRA,RAIGARH,2.702454396,0.662582916,0.542646111,0.133044999
30-08-2020,MAHARASHTRA,AMRAVATI,4.176603177,1.735298729,1.739884377,0.722888678
30-08-2020,MAHARASHTRA,NANDED,4.619317617,1.673830363,1.984115264,0.718953025
30-08-2020,MAHARASHTRA,SOLAPUR,3.861866639,1.976954314,2.027396893,1.037858479
30-08-2020,MAHARASHTRA,AHMADNAGAR,3.456486245,2.015337044,1.893962579,1.104292821
30-08-2020,MAHARASHTRA,THANE,2.394697922,0.778720222,0.66695453,0.216883714
30-08-2020,MAHARASHTRA,SANGLI,3.561593386,1.05023266,1.740036196,0.513096989
30-08-2020,MAHARASHTRA,WARDHA,4.293715973,0.922668721,1.769112715,0.380161375
30-08-2020,MAHARASHTRA,BULDANA,4.21050065,1.399146947,2.061785896,0.685130269
30-08-2020,MAHARASHTRA,SINDHUDURG,3.593593622,0.630317259,1.425742771,0.250075654
29-08-2020,MAHARASHTRA,WASHIM,2.090701335,0.370420694,1.250073718,0.221482221
29-08-2020,MAHARASHTRA,SATARA,1.369212901,0.494333577,0.506818948,0.182979304
29-08-2020,MAHARASHTRA,PUNE,1.455068512,0.780323833,0.611100647,0.327720926
29-08-2020,MAHARASHTRA,PARBHANI,2.216015516,0.48005621,0.93377695,0.202284424
29-08-2020,MAHARASHTRA,JALNA,2.067363355,0.548298674,0.873125436,0.231567188
29-08-2020,MAHARASHTRA,GONDIYA,1.611899833,0.300202678,0.582948613,0.108569237
29-08-2020,MAHARASHTRA,MUMBAI,2.037087214,0.010402529,0.008372696,4.28E-05
29-08-2020,MAHARASHTRA,NASHIK,1.39334987,0.739122877,0.712568091,0.377992196
29-08-2020,MAHARASHTRA,GARHCHIROLI,1.402415089,0.691680671,0.323912126,0.159755666
29-08-2020,MAHARASHTRA,RATNAGIRI,1.89259382,0.538095487,0.901680901,0.25636268
29-08-2020,MAHARASHTRA,OSMANABAD,2.090221793,0.542337312,1.007721144,0.261467361
29-08-2020,MAHARASHTRA,BID,2.039065074,0.770601955,0.943770195,0.35666893
29-08-2020,MAHARASHTRA,LATUR,2.034140156,0.470718001,0.975767427,0.225801202
29-08-2020,MAHARASHTRA,YAVATMAL,1.912311951,0.882598053,0.846103133,0.390505836
29-08-2020,MAHARASHTRA,BHANDARA,1.726744448,0.226807704,0.730126923,0.095902096
29-08-2020,MAHARASHTRA,MUMBAI SUBURBAN,1.87658649,0.029045103,0.153043412,0.002368749
29-08-2020,MAHARASHTRA,NANDURBAR,1.670523309,0.335333305,0.639682772,0.128407031
29-08-2020,MAHARASHTRA,NAGPUR,1.811562327,0.611885782,0.639482118,0.215995889
29-08-2020,MAHARASHTRA,CHANDRAPUR,1.709412868,0.659046578,0.721288376,0.278085327
29-08-2020,MAHARASHTRA,JALGAON,1.888140811,0.756790251,0.678749618,0.272051264
29-08-2020,MAHARASHTRA,HINGOLI,2.193467283,0.351329716,0.884384945,0.141652768
29-08-2020,MAHARASHTRA,AKOLA,1.894742277,0.348944022,1.002591198,0.184641579
29-08-2020,MAHARASHTRA,AURANGABAD,1.745553142,0.602398937,0.750567453,0.259024504
29-08-2020,MAHARASHTRA,DHULE,1.596589984,0.390481277,0.559537,0.136847108
29-08-2020,MAHARASHTRA,KOLHAPUR,0.961454482,0.254661286,0.253299924,0.067091772
29-08-2020,MAHARASHTRA,RAIGARH,1.865103333,0.457282686,0.370088413,0.090737613
29-08-2020,MAHARASHTRA,AMRAVATI,1.71034429,0.710615337,0.716886653,0.297852692
29-08-2020,MAHARASHTRA,NANDED,2.124672086,0.769884417,0.896988153,0.325027662
29-08-2020,MAHARASHTRA,SOLAPUR,1.874385993,0.959529632,1.004865978,0.514407751
29-08-2020,MAHARASHTRA,AHMADNAGAR,1.628514226,0.949520644,0.89304965,0.520701057
29-08-2020,MAHARASHTRA,THANE,1.776346096,0.577641386,0.507239406,0.164946726
29-08-2020,MAHARASHTRA,SANGLI,1.222206691,0.360400878,0.596576486,0.175916799
29-08-2020,MAHARASHTRA,WARDHA,1.823541674,0.391857513,0.745298506,0.160155824
29-08-2020,MAHARASHTRA,BULDANA,1.990971398,0.661598652,0.966133969,0.321045763
29-08-2020,MAHARASHTRA,SINDHUDURG,1.502582555,0.263553372,0.681760263,0.119580928
28-08-2020,MAHARASHTRA,WASHIM,3.032742268,0.537327105,1.799490764,0.318825366
28-08-2020,MAHARASHTRA,SATARA,2.772611362,1.001009333,1.055767522,0.381168871
28-08-2020,MAHARASHTRA,PUNE,2.738642134,1.468678423,1.179164052,0.632361848
28-08-2020,MAHARASHTRA,PARBHANI,3.897529344,0.844323133,1.657663545,0.359100229
28-08-2020,MAHARASHTRA,JALNA,3.279498032,0.869776674,1.37688751,0.365173153
28-08-2020,MAHARASHTRA,GONDIYA,1.744124259,0.324828356,0.603212459,0.112343206
28-08-2020,MAHARASHTRA,MUMBAI,1.972970015,0.01007511,0.008336549,4.26E-05
28-08-2020,MAHARASHTRA,NASHIK,2.032641818,1.078244667,1.091791918,0.579157038
28-08-2020,MAHARASHTRA,GARHCHIROLI,3.876454016,1.911893516,0.739660082,0.364805389
28-08-2020,MAHARASHTRA,RATNAGIRI,2.406721759,0.684270499,1.08360351,0.308086264
28-08-2020,MAHARASHTRA,OSMANABAD,3.392529731,0.880239342,1.648433788,0.427709228
28-08-2020,MAHARASHTRA,BID,3.142988116,1.187795729,1.464939892,0.553628993
28-08-2020,MAHARASHTRA,LATUR,3.740858828,0.865667778,1.83575422,0.424809743
28-08-2020,MAHARASHTRA,YAVATMAL,3.149462431,1.453585753,1.363808057,0.62944455
28-08-2020,MAHARASHTRA,BHANDARA,1.765064582,0.23184105,0.745063524,0.097864017
28-08-2020,MAHARASHTRA,MUMBAI SUBURBAN,1.870176244,0.028945888,0.147501775,0.002282977
28-08-2020,MAHARASHTRA,NANDURBAR,3.338803202,0.670216277,1.284650439,0.257874928
28-08-2020,MAHARASHTRA,NAGPUR,1.874783331,0.633239744,0.663169884,0.223996833
28-08-2020,MAHARASHTRA,CHANDRAPUR,3.112924162,1.200155945,1.253983426,0.483460433
28-08-2020,MAHARASHTRA,JALGAON,2.9936757,1.199902344,1.076050399,0.431294344
28-08-2020,MAHARASHTRA,HINGOLI,3.758492478,0.602001272,1.499917457,0.240243188
28-08-2020,MAHARASHTRA,AKOLA,2.639994493,0.486192929,1.393843367,0.256696289
28-08-2020,MAHARASHTRA,AURANGABAD,2.990266361,1.031955565,1.263587475,0.436070226
28-08-2020,MAHARASHTRA,DHULE,2.855478976,0.698370331,1.006565062,0.246177675
28-08-2020,MAHARASHTRA,KOLHAPUR,3.049352504,0.807684654,0.870714468,0.2306269
28-08-2020,MAHARASHTRA,RAIGARH,2.380976658,0.583763582,0.480526193,0.117814549
28-08-2020,MAHARASHTRA,AMRAVATI,2.301115723,0.956069567,0.932060462,0.387253293
28-08-2020,MAHARASHTRA,NANDED,4.266271784,1.545902629,1.825145981,0.661349795
28-08-2020,MAHARASHTRA,SOLAPUR,3.700517563,1.894357016,1.94005989,0.993149202
28-08-2020,MAHARASHTRA,AHMADNAGAR,2.756620168,1.607273499,1.521183393,0.886940386
28-08-2020,MAHARASHTRA,THANE,1.847926371,0.600918229,0.515403639,0.167601614
28-08-2020,MAHARASHTRA,SANGLI,3.510060108,1.035036671,1.709124291,0.503981773
28-08-2020,MAHARASHTRA,WARDHA,2.286403307,0.491320997,0.950928396,0.204343252
28-08-2020,MAHARASHTRA,BULDANA,2.981313875,0.990688888,1.439858001,0.478463987
28-08-2020,MAHARASHTRA,SINDHUDURG,2.668133617,0.467991333,1.065953026,0.186968439
27-08-2020,MAHARASHTRA,WASHIM,3.579099145,0.634128064,2.138165345,0.378830146
27-08-2020,MAHARASHTRA,SATARA,3.644379144,1.315747885,1.391495345,0.502378316
27-08-2020,MAHARASHTRA,PUNE,3.440302052,1.844964455,1.4938069,0.801098447
27-08-2020,MAHARASHTRA,PARBHANI,3.42649647,0.742283118,1.451531681,0.314445811
27-08-2020,MAHARASHTRA,JALNA,3.711542363,0.984361917,1.555952346,0.412664085
27-08-2020,MAHARASHTRA,GONDIYA,1.728976075,0.322007136,0.607166119,0.113079542
27-08-2020,MAHARASHTRA,MUMBAI,2.357806869,0.012040307,0.010443712,5.33E-05
27-08-2020,MAHARASHTRA,NASHIK,3.216555772,1.70626919,1.675250955,0.888661442
27-08-2020,MAHARASHTRA,GARHCHIROLI,2.286814114,1.127872292,0.469230625,0.231427739
27-08-2020,MAHARASHTRA,RATNAGIRI,2.787579962,0.792554737,1.245495407,0.354114787
27-08-2020,MAHARASHTRA,OSMANABAD,3.618775005,0.938941846,1.766124799,0.458245809
27-08-2020,MAHARASHTRA,BID,3.422551746,1.293448208,1.622983342,0.613356656
27-08-2020,MAHARASHTRA,LATUR,3.17632788,0.735030329,1.545489649,0.357639957
27-08-2020,MAHARASHTRA,YAVATMAL,2.479452604,1.144353063,1.110246499,0.512417128
27-08-2020,MAHARASHTRA,BHANDARA,1.816062852,0.238539667,0.767161756,0.100766617
27-08-2020,MAHARASHTRA,MUMBAI SUBURBAN,2.659067079,0.041156044,0.208352751,0.003224806
27-08-2020,MAHARASHTRA,NANDURBAR,3.025675925,0.607360522,1.160657921,0.23298523
27-08-2020,MAHARASHTRA,NAGPUR,2.056020903,0.694455796,0.725564753,0.245071754
27-08-2020,MAHARASHTRA,CHANDRAPUR,2.071204052,0.798531454,0.863721963,0.332999133
27-08-2020,MAHARASHTRA,JALGAON,3.440313266,1.378920219,1.233409626,0.494365873
27-08-2020,MAHARASHTRA,HINGOLI,3.243865115,0.519572923,1.327600783,0.212643065
27-08-2020,MAHARASHTRA,AKOLA,3.621820919,0.667010376,1.889052948,0.34789625
27-08-2020,MAHARASHTRA,AURANGABAD,3.305256447,1.140660186,1.455349538,0.502248253
27-08-2020,MAHARASHTRA,DHULE,2.977187728,0.72813689,1.046687957,0.255990614
27-08-2020,MAHARASHTRA,KOLHAPUR,3.201703189,0.848037913,0.900905655,0.238623666
27-08-2020,MAHARASHTRA,RAIGARH,2.790869021,0.684260256,0.589776861,0.144600432
27-08-2020,MAHARASHTRA,AMRAVATI,3.204130369,1.331254879,1.284139136,0.533535248
27-08-2020,MAHARASHTRA,NANDED,2.749757352,0.996386854,1.205234996,0.436722282
27-08-2020,MAHARASHTRA,SOLAPUR,3.710889666,1.899666669,1.924171058,0.985015442
27-08-2020,MAHARASHTRA,AHMADNAGAR,3.792145919,2.211046596,2.072088601,1.208150885
27-08-2020,MAHARASHTRA,THANE,2.711261134,0.88166188,0.761365114,0.247584635
27-08-2020,MAHARASHTRA,SANGLI,3.783592412,1.115695109,1.859181599,0.548230251
27-08-2020,MAHARASHTRA,WARDHA,2.404647948,0.516730371,0.975955071,0.209721189
27-08-2020,MAHARASHTRA,BULDANA,3.744598579,1.244327957,1.800843563,0.598419282
27-08-2020,MAHARASHTRA,SINDHUDURG,2.875952705,0.504442855,1.162585162,0.203917741
26-08-2020,MAHARASHTRA,WASHIM,3.628033241,0.642797978,2.176353983,0.38559623
26-08-2020,MAHARASHTRA,SATARA,3.25637725,1.175665679,1.220791626,0.440748324
26-08-2020,MAHARASHTRA,PUNE,3.337816462,1.790003505,1.418319418,0.760616037
26-08-2020,MAHARASHTRA,PARBHANI,4.003603185,0.867301946,1.705664321,0.369498653
26-08-2020,MAHARASHTRA,JALNA,3.831523963,1.016183006,1.610985952,0.4272599
26-08-2020,MAHARASHTRA,GONDIYA,2.660557132,0.495506209,0.884638688,0.164756456
26-08-2020,MAHARASHTRA,MUMBAI,2.334674015,0.011922177,0.010667658,5.45E-05
26-08-2020,MAHARASHTRA,NASHIK,3.906530872,2.072276602,2.061438232,1.093520147
26-08-2020,MAHARASHTRA,GARHCHIROLI,3.608468509,1.779721239,0.701950077,0.346206558
26-08-2020,MAHARASHTRA,RATNAGIRI,2.907048852,0.826521704,1.302880762,0.370430386
26-08-2020,MAHARASHTRA,OSMANABAD,3.938430564,1.021880957,1.885905941,0.489324703
26-08-2020,MAHARASHTRA,BID,3.814592799,1.441608071,1.789851408,0.676419312
26-08-2020,MAHARASHTRA,LATUR,4.188547231,0.969266829,2.024920491,0.468584489
26-08-2020,MAHARASHTRA,YAVATMAL,3.011736369,1.390020416,1.335462918,0.616362288
26-08-2020,MAHARASHTRA,BHANDARA,2.598922009,0.341368136,1.104142838,0.145029047
26-08-2020,MAHARASHTRA,MUMBAI SUBURBAN,2.74668261,0.042512125,0.213258344,0.003300733
26-08-2020,MAHARASHTRA,NANDURBAR,3.836956135,0.770213247,1.472780132,0.295639233
26-08-2020,MAHARASHTRA,NAGPUR,2.389630134,0.80713795,0.836829161,0.282653187
26-08-2020,MAHARASHTRA,CHANDRAPUR,2.546251424,0.98168109,1.075713729,0.414730382
26-08-2020,MAHARASHTRA,JALGAON,4.06126805,1.627806597,1.463847696,0.586728309
26-08-2020,MAHARASHTRA,HINGOLI,3.788737955,0.606845718,1.523648953,0.244044284
26-08-2020,MAHARASHTRA,AKOLA,3.805580869,0.700852412,2.025335252,0.372994595
26-08-2020,MAHARASHTRA,AURANGABAD,4.125687457,1.423794945,1.774145885,0.612266433
26-08-2020,MAHARASHTRA,DHULE,4.047780228,0.989973886,1.432408698,0.350327124
26-08-2020,MAHARASHTRA,KOLHAPUR,3.332733025,0.8827439,0.954010999,0.252689724
26-08-2020,MAHARASHTRA,RAIGARH,2.938420021,0.720436545,0.61606835,0.151046532
26-08-2020,MAHARASHTRA,AMRAVATI,3.493587468,1.451518767,1.386356063,0.576004426
26-08-2020,MAHARASHTRA,NANDED,3.917698778,1.419595644,1.683162759,0.609901541
26-08-2020,MAHARASHTRA,SOLAPUR,3.734524952,1.911765969,1.976292153,1.011697105
26-08-2020,MAHARASHTRA,AHMADNAGAR,3.751685742,2.187455907,2.038895139,1.188797122
26-08-2020,MAHARASHTRA,THANE,2.841460585,0.924000808,0.788319596,0.256349832
26-08-2020,MAHARASHTRA,SANGLI,3.606161625,1.063374817,1.743495758,0.514117135
26-08-2020,MAHARASHTRA,WARDHA,2.507316413,0.538792608,1.024188626,0.220086008
26-08-2020,MAHARASHTRA,BULDANA,3.773143279,1.253813344,1.84617805,0.613483906
26-08-2020,MAHARASHTRA,SINDHUDURG,2.931104986,0.51411658,1.236543213,0.216890002
25-08-2020,MAHARASHTRA,WASHIM,4.674840069,0.828266321,2.802839864,0.496594071
25-08-2020,MAHARASHTRA,SATARA,4.022092365,1.452115522,1.545639639,0.558029778
25-08-2020,MAHARASHTRA,PUNE,3.921627918,2.103089789,1.707232884,0.915554489
25-08-2020,MAHARASHTRA,PARBHANI,4.688652506,1.015704418,1.982916745,0.429559942
25-08-2020,MAHARASHTRA,JALNA,4.825417643,1.279779913,2.030388509,0.538492338
25-08-2020,MAHARASHTRA,GONDIYA,4.055953849,0.755387018,1.463518654,0.272567942
25-08-2020,MAHARASHTRA,MUMBAI,2.331996596,0.011908505,0.010342127,5.28E-05
25-08-2020,MAHARASHTRA,NASHIK,3.538666512,1.877137557,1.890061573,1.002610885
25-08-2020,MAHARASHTRA,GARHCHIROLI,4.130744822,2.037311473,0.865087439,0.426667016
25-08-2020,MAHARASHTRA,RATNAGIRI,3.110721923,0.884429301,1.388693749,0.394828426
25-08-2020,MAHARASHTRA,OSMANABAD,4.294711634,1.114323069,2.09208633,0.542821092
25-08-2020,MAHARASHTRA,BID,4.613413372,1.743497747,2.169850394,0.820028246
25-08-2020,MAHARASHTRA,LATUR,4.673613229,1.081515386,2.258275328,0.522584859
25-08-2020,MAHARASHTRA,YAVATMAL,4.496595006,2.075333992,2.006533613,0.926084606
25-08-2020,MAHARASHTRA,BHANDARA,3.897779251,0.5119729,1.651865485,0.21697236
25-08-2020,MAHARASHTRA,MUMBAI SUBURBAN,2.524248487,0.039069373,0.196017584,0.003033887
25-08-2020,MAHARASHTRA,NANDURBAR,3.69923157,0.74256704,1.417767372,0.28459622
25-08-2020,MAHARASHTRA,NAGPUR,4.05677619,1.370244697,1.437596237,0.485572417
25-08-2020,MAHARASHTRA,CHANDRAPUR,4.222756207,1.628040294,1.78007571,0.686289911
25-08-2020,MAHARASHTRA,JALGAON,4.232442674,1.696415509,1.538236799,0.616544384
25-08-2020,MAHARASHTRA,HINGOLI,4.591658204,0.735450209,1.866785995,0.299004867
25-08-2020,MAHARASHTRA,AKOLA,4.729883018,0.871075937,2.521296128,0.464332919
25-08-2020,MAHARASHTRA,AURANGABAD,4.4770371,1.545047428,1.937748105,0.66872636
25-08-2020,MAHARASHTRA,DHULE,3.730749826,0.912437113,1.305749322,0.319349782
25-08-2020,MAHARASHTRA,KOLHAPUR,3.889364851,1.030179457,1.102738213,0.292083231
25-08-2020,MAHARASHTRA,RAIGARH,2.825622711,0.692781103,0.58685085,0.143883038
25-08-2020,MAHARASHTRA,AMRAVATI,4.396252825,1.826558957,1.825425651,0.758429441
25-08-2020,MAHARASHTRA,NANDED,4.477797073,1.622549762,1.926785414,0.698179298
25-08-2020,MAHARASHTRA,SOLAPUR,4.247621648,2.174428775,2.211380726,1.132042889
25-08-2020,MAHARASHTRA,AHMADNAGAR,4.318355996,2.517858366,2.365530404,1.379244908
25-08-2020,MAHARASHTRA,THANE,2.358100147,0.766819168,0.65705721,0.213665252
25-08-2020,MAHARASHTRA,SANGLI,4.338721912,1.279390138,2.119492913,0.62499012
25-08-2020,MAHARASHTRA,WARDHA,4.241250071,0.91139442,1.749373135,0.375919573
25-08-2020,MAHARASHTRA,BULDANA,4.669149731,1.551555773,2.278008236,0.756980828
25-08-2020,MAHARASHTRA,SINDHUDURG,3.493772691,0.612808642,1.430353702,0.250884413
24-08-2020,MAHARASHTRA,WASHIM,4.222762066,0.748169253,2.54152096,0.450294809
24-08-2020,MAHARASHTRA,SATARA,3.670859778,1.325308317,1.409974475,0.509049926
24-08-2020,MAHARASHTRA,PUNE,3.646914346,1.955766452,1.581944434,0.848364826
24-08-2020,MAHARASHTRA,PARBHANI,4.75032403,1.029064342,2.019970918,0.437587
24-08-2020,MAHARASHTRA,JALNA,4.2070576,1.115780686,1.773618663,0.470392763
24-08-2020,MAHARASHTRA,GONDIYA,4.583877197,0.853708265,1.633220717,0.304173512
24-08-2020,MAHARASHTRA,MUMBAI,2.452626271,0.012524509,0.01088807,5.56E-05
24-08-2020,MAHARASHTRA,NASHIK,3.029339908,1.606957789,1.619951438,0.859327002
24-08-2020,MAHARASHTRA,GARHCHIROLI,4.616604414,2.276940732,0.994676635,0.490581289
24-08-2020,MAHARASHTRA,RATNAGIRI,2.783911037,0.791511602,1.269578141,0.360961904
24-08-2020,MAHARASHTRA,OSMANABAD,4.001190298,1.038164848,1.933159085,0.501585193
24-08-2020,MAHARASHTRA,BID,4.472493677,1.690241481,2.083789067,0.787504013
24-08-2020,MAHARASHTRA,LATUR,4.662261285,1.078888445,2.264526444,0.524031423
24-08-2020,MAHARASHTRA,YAVATMAL,4.322341487,1.994909971,1.929736834,0.890640238
24-08-2020,MAHARASHTRA,BHANDARA,4.375085596,0.574667039,1.872052026,0.245893839
24-08-2020,MAHARASHTRA,MUMBAI SUBURBAN,2.66784722,0.04129194,0.207285456,0.003208287
24-08-2020,MAHARASHTRA,NANDURBAR,3.056779788,0.613604171,1.169755523,0.234811441
24-08-2020,MAHARASHTRA,NAGPUR,4.166639247,1.4073528,1.477312812,0.498987361
24-08-2020,MAHARASHTRA,CHANDRAPUR,4.531916039,1.747233692,1.920508426,0.740432303
24-08-2020,MAHARASHTRA,JALGAON,3.997335498,1.602181637,1.453742112,0.582677866
24-08-2020,MAHARASHTRA,HINGOLI,4.445486357,0.712037727,1.791213409,0.286900335
24-08-2020,MAHARASHTRA,AKOLA,4.335672088,0.798476329,2.30310493,0.424149874
24-08-2020,MAHARASHTRA,AURANGABAD,4.11456675,1.419957135,1.787689025,0.616940237
24-08-2020,MAHARASHTRA,DHULE,3.476551951,0.850267419,1.222014463,0.298870576
24-08-2020,MAHARASHTRA,KOLHAPUR,3.021520361,0.800312731,0.874677899,0.231676697
24-08-2020,MAHARASHTRA,RAIGARH,2.734921839,0.670543226,0.570646391,0.139910058
24-08-2020,MAHARASHTRA,AMRAVATI,4.441946734,1.845543902,1.805501319,0.750151262
24-08-2020,MAHARASHTRA,NANDED,4.598778128,1.666387788,1.974123827,0.715332583
24-08-2020,MAHARASHTRA,SOLAPUR,3.921086362,2.007269884,2.055212616,1.052097814
24-08-2020,MAHARASHTRA,AHMADNAGAR,3.99719014,2.330599572,2.183224394,1.272949662
24-08-2020,MAHARASHTRA,THANE,2.343780813,0.762162733,0.658522982,0.2141419
24-08-2020,MAHARASHTRA,SANGLI,3.872678873,1.141964675,1.893401476,0.558320912
24-08-2020,MAHARASHTRA,WARDHA,4.17109132,0.896318135,1.720917642,0.369804824
24-08-2020,MAHARASHTRA,BULDANA,4.124039974,1.370416114,2.01630003,0.670015342
24-08-2020,MAHARASHTRA,SINDHUDURG,2.618588724,0.459301146,1.11508152,0.19558559
23-08-2020,MAHARASHTRA,WASHIM,4.373782021,0.774926263,2.632844982,0.466475172
23-08-2020,MAHARASHTRA,SATARA,3.277951087,1.183454586,1.274245587,0.460047067
23-08-2020,MAHARASHTRA,PUNE,3.053078038,1.637304043,1.326252032,0.711242159
23-08-2020,MAHARASHTRA,PARBHANI,4.532261302,0.981825337,1.921785362,0.416317029
23-08-2020,MAHARASHTRA,JALNA,4.235470729,1.123316314,1.785294461,0.473489376
23-08-2020,MAHARASHTRA,GONDIYA,4.184037143,0.779241445,1.46479599,0.272805834
23-08-2020,MAHARASHTRA,MUMBAI,2.298551619,0.011737715,0.009836971,5.02E-05
23-08-2020,MAHARASHTRA,NASHIK,2.69613642,1.430205112,1.412039522,0.749037076
23-08-2020,MAHARASHTRA,GARHCHIROLI,3.892807458,1.919959145,0.83169713,0.410198688
23-08-2020,MAHARASHTRA,RATNAGIRI,2.468608119,0.701865807,1.121142194,0.318759128
23-08-2020,MAHARASHTRA,OSMANABAD,4.131536695,1.071985046,2.016697921,0.523260514
23-08-2020,MAHARASHTRA,BID,4.293582651,1.622627559,1.988815434,0.751611648
23-08-2020,MAHARASHTRA,LATUR,4.189324644,0.969446729,2.035564477,0.471047601
23-08-2020,MAHARASHTRA,YAVATMAL,4.24798151,1.960590272,1.904871239,0.879163907
23-08-2020,MAHARASHTRA,BHANDARA,3.935208154,0.516889183,1.661247367,0.218204669
23-08-2020,MAHARASHTRA,MUMBAI SUBURBAN,2.398641331,0.037125272,0.193914032,0.003001329
23-08-2020,MAHARASHTRA,NANDURBAR,2.663506948,0.534660357,1.019969961,0.204744164
23-08-2020,MAHARASHTRA,NAGPUR,3.644974851,1.231151837,1.306475735,0.441284252
23-08-2020,MAHARASHTRA,CHANDRAPUR,3.812268243,1.469780874,1.623280029,0.625838946
23-08-2020,MAHARASHTRA,JALGAON,3.756185691,1.505525804,1.360923723,0.545475105
23-08-2020,MAHARASHTRA,HINGOLI,4.122081163,0.660237613,1.667608909,0.267102486
23-08-2020,MAHARASHTRA,AKOLA,4.315710603,0.794800134,2.328730173,0.428869131
23-08-2020,MAHARASHTRA,AURANGABAD,3.73687537,1.28961399,1.615739281,0.557599538
23-08-2020,MAHARASHTRA,DHULE,2.96244861,0.724532114,1.046888945,0.25603977
23-08-2020,MAHARASHTRA,KOLHAPUR,3.150690945,0.834526256,0.904409711,0.239551788
23-08-2020,MAHARASHTRA,RAIGARH,2.332900356,0.571976321,0.491747838,0.120565852
23-08-2020,MAHARASHTRA,AMRAVATI,3.740994578,1.554311689,1.59521568,0.662781601
23-08-2020,MAHARASHTRA,NANDED,4.081206601,1.478843434,1.769261609,0.641099844
23-08-2020,MAHARASHTRA,SOLAPUR,4.23594508,2.168451343,2.220560681,1.136742262
23-08-2020,MAHARASHTRA,AHMADNAGAR,3.608460746,2.103947216,1.974216904,1.151085865
23-08-2020,MAHARASHTRA,THANE,2.486819028,0.808676638,0.692100872,0.225060931
23-08-2020,MAHARASHTRA,SANGLI,3.888981979,1.146772089,1.903790305,0.561384341
23-08-2020,MAHARASHTRA,WARDHA,4.103399933,0.881772057,1.702387904,0.365823003
23-08-2020,MAHARASHTRA,BULDANA,4.317583449,1.4347305,2.115366076,0.702934932
23-08-2020,MAHARASHTRA,SINDHUDURG,2.612537093,0.458239688,1.065644089,0.186914251
22-08-2020,MAHARASHTRA,WASHIM,3.817041828,0.676285637,2.282072453,0.404326935
22-08-2020,MAHARASHTRA,SATARA,2.632740707,0.950511152,1.030286438,0.371969312
22-08-2020,MAHARASHTRA,PUNE,2.75162264,1.475639606,1.162767271,0.623568585
22-08-2020,MAHARASHTRA,PARBHANI,3.78528653,0.820007933,1.6111118,0.349015708
22-08-2020,MAHARASHTRA,JALNA,3.857650988,1.023112321,1.620307137,0.429732032
22-08-2020,MAHARASHTRA,GONDIYA,3.217635386,0.599257311,1.092700618,0.203506226
22-08-2020,MAHARASHTRA,MUMBAI,2.213754095,0.011304691,0.009517838,4.86E-05
22-08-2020,MAHARASHTRA,NASHIK,2.894814033,1.535596565,1.511707886,0.801907622
22-08-2020,MAHARASHTRA,GARHCHIROLI,3.678575017,1.814298247,0.796734212,0.392954739
22-08-2020,MAHARASHTRA,RATNAGIRI,1.888746902,0.537001745,0.883490646,0.251190892
22-08-2020,MAHARASHTRA,OSMANABAD,3.756738143,0.974738314,1.802797283,0.467760998
22-08-2020,MAHARASHTRA,BID,3.321340616,1.255198573,1.534735361,0.580006045
22-08-2020,MAHARASHTRA,LATUR,4.107012585,0.950398991,1.99174164,0.460906609
22-08-2020,MAHARASHTRA,YAVATMAL,3.657546932,1.688084309,1.624684398,0.749847997
22-08-2020,MAHARASHTRA,BHANDARA,3.406134592,0.447395425,1.438447431,0.188939921
22-08-2020,MAHARASHTRA,MUMBAI SUBURBAN,2.299998393,0.035598514,0.184994257,0.002863272
22-08-2020,MAHARASHTRA,NANDURBAR,2.847160915,0.571526225,1.090276758,0.218857233
22-08-2020,MAHARASHTRA,NAGPUR,3.353311121,1.132637484,1.193914911,0.403264932
22-08-2020,MAHARASHTRA,CHANDRAPUR,3.977375189,1.533436162,1.681282868,0.648201345
22-08-2020,MAHARASHTRA,JALGAON,3.553587554,1.424321959,1.289654976,0.516909707
22-08-2020,MAHARASHTRA,HINGOLI,3.883299752,0.62199177,1.593158913,0.25517776
22-08-2020,MAHARASHTRA,AKOLA,3.788836616,0.697768717,2.006665941,0.369556373
22-08-2020,MAHARASHTRA,AURANGABAD,3.602121452,1.243109753,1.549519301,0.534746699
22-08-2020,MAHARASHTRA,DHULE,3.038563203,0.743147615,1.074419143,0.262772887
22-08-2020,MAHARASHTRA,KOLHAPUR,2.045411891,0.54177003,0.597848163,0.158352564
22-08-2020,MAHARASHTRA,RAIGARH,2.495318799,0.611797783,0.510183745,0.125085935
22-08-2020,MAHARASHTRA,AMRAVATI,3.399558546,1.412451549,1.394525568,0.579398699
22-08-2020,MAHARASHTRA,NANDED,4.069068654,1.474445195,1.745742054,0.632577428
22-08-2020,MAHARASHTRA,SOLAPUR,3.665024253,1.876187395,1.913605559,0.979606786
22-08-2020,MAHARASHTRA,AHMADNAGAR,3.000355137,1.749385481,1.625243126,0.947613399
22-08-2020,MAHARASHTRA,THANE,2.444320577,0.794856772,0.675887881,0.219788707
22-08-2020,MAHARASHTRA,SANGLI,3.085967886,0.909981547,1.527645729,0.450467884
22-08-2020,MAHARASHTRA,WARDHA,3.351809054,0.720264077,1.38369335,0.297339317
22-08-2020,MAHARASHTRA,BULDANA,3.927352864,1.305057101,1.906699538,0.633595161
22-08-2020,MAHARASHTRA,SINDHUDURG,1.856728975,0.325670747,0.750122932,0.131571758
21-08-2020,MAHARASHTRA,WASHIM,3.564020575,0.631456513,2.127482529,0.376937414
21-08-2020,MAHARASHTRA,SATARA,1.678113556,0.605857479,0.625057887,0.225667682
21-08-2020,MAHARASHTRA,PUNE,2.099468311,1.125902421,0.903329769,0.484437497
21-08-2020,MAHARASHTRA,PARBHANI,2.963077172,0.641892435,1.233794186,0.267277262
21-08-2020,MAHARASHTRA,JALNA,3.506014408,0.929852532,1.479855259,0.39248189
21-08-2020,MAHARASHTRA,GONDIYA,2.314519364,0.431059609,0.805924406,0.150096588
21-08-2020,MAHARASHTRA,MUMBAI,2.200982322,0.011239471,0.009304026,4.75E-05
21-08-2020,MAHARASHTRA,NASHIK,2.735036107,1.450840021,1.446336238,0.767230273
21-08-2020,MAHARASHTRA,GARHCHIROLI,3.151450543,1.554316867,0.643268862,0.317264583
21-08-2020,MAHARASHTRA,RATNAGIRI,1.947591432,0.553732211,0.904694828,0.257219589
21-08-2020,MAHARASHTRA,OSMANABAD,1.968649214,0.510793604,0.966080301,0.250663061
21-08-2020,MAHARASHTRA,BID,2.652576068,1.002459573,1.280909696,0.484080439
21-08-2020,MAHARASHTRA,LATUR,1.777746089,0.411386149,0.863301559,0.199775607
21-08-2020,MAHARASHTRA,YAVATMAL,3.228184163,1.489918553,1.431307493,0.660597872
21-08-2020,MAHARASHTRA,BHANDARA,2.525132643,0.331675911,1.063157466,0.139645623
21-08-2020,MAHARASHTRA,MUMBAI SUBURBAN,2.191955644,0.033926269,0.177212085,0.002742822
21-08-2020,MAHARASHTRA,NANDURBAR,3.715162746,0.745764993,1.425253966,0.286099045
21-08-2020,MAHARASHTRA,NAGPUR,2.541458837,0.85842066,0.890311131,0.300717626
21-08-2020,MAHARASHTRA,CHANDRAPUR,3.041743987,1.172713159,1.242343083,0.478972619
21-08-2020,MAHARASHTRA,JALGAON,3.920557928,1.571408235,1.419524689,0.568963098
21-08-2020,MAHARASHTRA,HINGOLI,3.34339561,0.535514816,1.382544304,0.22144342
21-08-2020,MAHARASHTRA,AKOLA,3.354775061,0.617830043,1.774384704,0.326778445
21-08-2020,MAHARASHTRA,AURANGABAD,3.797940726,1.310687944,1.651873658,0.570069689
21-08-2020,MAHARASHTRA,DHULE,3.59194638,0.87848967,1.262536336,0.308781093
21-08-2020,MAHARASHTRA,KOLHAPUR,2.063027817,0.546435975,0.573914888,0.152013336
21-08-2020,MAHARASHTRA,RAIGARH,2.114688642,0.518475564,0.434901188,0.106628292
21-08-2020,MAHARASHTRA,AMRAVATI,2.736278835,1.136871516,1.112397966,0.462180077
21-08-2020,MAHARASHTRA,NANDED,2.766747062,1.002543151,1.135353279,0.41140033
21-08-2020,MAHARASHTRA,SOLAPUR,1.947622957,0.997020862,1.037952642,0.531345369
21-08-2020,MAHARASHTRA,AHMADNAGAR,2.953700128,1.722182836,1.603263285,0.934797844
21-08-2020,MAHARASHTRA,THANE,2.126737197,0.691583371,0.612336754,0.199122824
21-08-2020,MAHARASHTRA,SANGLI,1.836358538,0.541500251,0.892301637,0.263119402
21-08-2020,MAHARASHTRA,WARDHA,2.682151679,0.576362637,1.103031409,0.237028389
21-08-2020,MAHARASHTRA,BULDANA,3.507030529,1.16538423,1.708556685,0.567752405
21-08-2020,MAHARASHTRA,SINDHUDURG,2.124428219,0.372625264,0.845595657,0.148317699
20-08-2020,MAHARASHTRA,WASHIM,2.803731798,0.4967521,1.720720139,0.304869154
20-08-2020,MAHARASHTRA,SATARA,2.061698151,0.744344887,0.824473513,0.297663673
20-08-2020,MAHARASHTRA,PUNE,2.216998684,1.188931584,0.949173806,0.509022728
20-08-2020,MAHARASHTRA,PARBHANI,1.863190842,0.403623678,0.790665972,0.171282244
20-08-2020,MAHARASHTRA,JALNA,1.930111743,0.511897295,0.81262532,0.215521565
20-08-2020,MAHARASHTRA,GONDIYA,4.009207205,0.746680851,1.391843979,0.259219141
20-08-2020,MAHARASHTRA,MUMBAI,2.041201027,0.010423537,0.008760624,4.47E-05
20-08-2020,MAHARASHTRA,NASHIK,2.694576556,1.429377659,1.422988772,0.754845267
20-08-2020,MAHARASHTRA,GARHCHIROLI,3.674188468,1.81213477,0.763265209,0.376447598
20-08-2020,MAHARASHTRA,RATNAGIRI,1.45100071,0.412543318,0.675879382,0.192163602
20-08-2020,MAHARASHTRA,OSMANABAD,2.034516071,0.527883682,1.003247383,0.260306581
20-08-2020,MAHARASHTRA,BID,1.935278549,0.731379028,0.922128444,0.348490095
20-08-2020,MAHARASHTRA,LATUR,2.01320572,0.465873587,0.974229475,0.225445306
20-08-2020,MAHARASHTRA,YAVATMAL,3.288930659,1.51795516,1.485461932,0.685592018
20-08-2020,MAHARASHTRA,BHANDARA,3.664857224,0.481378616,1.521566249,0.199857569
20-08-2020,MAHARASHTRA,MUMBAI SUBURBAN,2.135329164,0.033049825,0.172267895,0.002666298
20-08-2020,MAHARASHTRA,NANDURBAR,2.651233252,0.53219659,1.026898038,0.206134875
20-08-2020,MAHARASHTRA,NAGPUR,3.808790734,1.286483419,1.312432327,0.443296192
20-08-2020,MAHARASHTRA,CHANDRAPUR,3.571541582,1.376971182,1.457833485,0.56205273
20-08-2020,MAHARASHTRA,JALGAON,2.490838159,0.998358822,0.892286415,0.35763946
20-08-2020,MAHARASHTRA,HINGOLI,1.861554966,0.298167008,0.76463531,0.122472356
20-08-2020,MAHARASHTRA,AKOLA,3.365981278,0.619893829,1.783967749,0.328543301
20-08-2020,MAHARASHTRA,AURANGABAD,2.503658875,0.864024938,1.101840555,0.380250572
20-08-2020,MAHARASHTRA,DHULE,2.947700923,0.720925242,1.063238464,0.260038405
20-08-2020,MAHARASHTRA,KOLHAPUR,1.85112936,0.490310246,0.54029242,0.143107724
20-08-2020,MAHARASHTRA,RAIGARH,1.678841931,0.41161545,0.372367209,0.091296324
20-08-2020,MAHARASHTRA,AMRAVATI,3.892302308,1.617177156,1.598779661,0.664262367
20-08-2020,MAHARASHTRA,NANDED,2.132735145,0.772806102,0.895715072,0.324566356
20-08-2020,MAHARASHTRA,SOLAPUR,2.705845772,1.38516784,1.38773678,0.710405736
20-08-2020,MAHARASHTRA,AHMADNAGAR,2.579232572,1.503845981,1.382121068,0.80585878
20-08-2020,MAHARASHTRA,THANE,2.272291289,0.738915401,0.644637568,0.209626569
20-08-2020,MAHARASHTRA,SANGLI,2.80666948,0.827622818,1.389169014,0.409634259
20-08-2020,MAHARASHTRA,WARDHA,3.766507659,0.809377897,1.528509631,0.328458621
20-08-2020,MAHARASHTRA,BULDANA,2.239039292,0.744031471,1.08484244,0.36049252
20-08-2020,MAHARASHTRA,SINDHUDURG,1.641467457,0.28791382,0.66639988,0.116886713
19-08-2020,MAHARASHTRA,WASHIM,4.052485907,0.718000519,2.418851668,0.428560837
19-08-2020,MAHARASHTRA,SATARA,2.815924395,1.016646847,1.113754272,0.402104109
19-08-2020,MAHARASHTRA,PUNE,2.483282373,1.331734144,1.091323893,0.585254946
19-08-2020,MAHARASHTRA,PARBHANI,4.022521828,0.871400298,1.704768557,0.369304604
19-08-2020,MAHARASHTRA,JALNA,3.708104039,0.983450017,1.548522288,0.410693512
19-08-2020,MAHARASHTRA,GONDIYA,4.421593586,0.823484319,1.496327929,0.278678391
19-08-2020,MAHARASHTRA,MUMBAI,2.299523085,0.011742676,0.009653877,4.93E-05
19-08-2020,MAHARASHTRA,NASHIK,2.639793923,1.400317407,1.40504879,0.74532874
19-08-2020,MAHARASHTRA,GARHCHIROLI,3.354285255,1.654356328,0.726075314,0.358105289
19-08-2020,MAHARASHTRA,RATNAGIRI,1.956529675,0.5562735,0.900299453,0.255969912
19-08-2020,MAHARASHTRA,OSMANABAD,3.639351511,0.944280709,1.760300251,0.456734548
19-08-2020,MAHARASHTRA,BID,3.454037619,1.305347326,1.603774267,0.606097177
19-08-2020,MAHARASHTRA,LATUR,3.185449379,0.737141125,1.556758217,0.360247603
19-08-2020,MAHARASHTRA,YAVATMAL,3.65178832,1.685426511,1.613180256,0.744538438
19-08-2020,MAHARASHTRA,BHANDARA,4.089004297,0.53709029,1.703916317,0.223809232
19-08-2020,MAHARASHTRA,MUMBAI SUBURBAN,2.146195589,0.033218012,0.169687005,0.002626352
19-08-2020,MAHARASHTRA,NANDURBAR,3.131392029,0.628581495,1.202215753,0.241327361
19-08-2020,MAHARASHTRA,NAGPUR,4.052408549,1.368769452,1.408868227,0.475869046
19-08-2020,MAHARASHTRA,CHANDRAPUR,3.492063942,1.346329394,1.426737656,0.550064053
19-08-2020,MAHARASHTRA,JALGAON,3.80870944,1.526577974,1.377234864,0.552012812
19-08-2020,MAHARASHTRA,HINGOLI,4.157002688,0.665831026,1.694500171,0.271409685
19-08-2020,MAHARASHTRA,AKOLA,4.008485451,0.738220207,2.116834226,0.389845447
19-08-2020,MAHARASHTRA,AURANGABAD,3.274193805,1.129940316,1.412453637,0.487444667
19-08-2020,MAHARASHTRA,DHULE,3.029375421,0.740900541,1.067668401,0.261121844
19-08-2020,MAHARASHTRA,KOLHAPUR,2.263576256,0.599555415,0.662648792,0.175516363
19-08-2020,MAHARASHTRA,RAIGARH,1.940248692,0.475706691,0.399654189,0.097986497
19-08-2020,MAHARASHTRA,AMRAVATI,3.548548663,1.474354092,1.432527897,0.595187939
19-08-2020,MAHARASHTRA,NANDED,3.696212238,1.339339008,1.57545494,0.570873132
19-08-2020,MAHARASHTRA,SOLAPUR,3.553595518,1.819145156,1.86415015,0.954289732
19-08-2020,MAHARASHTRA,AHMADNAGAR,2.979907083,1.73746305,1.637269559,0.954625524
19-08-2020,MAHARASHTRA,THANE,1.850240439,0.601670729,0.5270532,0.171389878
19-08-2020,MAHARASHTRA,SANGLI,3.362993375,0.991670046,1.653864721,0.487686986
19-08-2020,MAHARASHTRA,WARDHA,3.700038452,0.795094451,1.4952444,0.321310316
19-08-2020,MAHARASHTRA,BULDANA,4.128116769,1.371770831,2.003434861,0.665740253
19-08-2020,MAHARASHTRA,SINDHUDURG,1.975326465,0.346472777,0.84356895,0.147962214
18-08-2020,MAHARASHTRA,WASHIM,3.018306629,0.534769466,1.78507084,0.316270511
18-08-2020,MAHARASHTRA,SATARA,2.684079881,0.969046383,1.031105042,0.372264856
18-08-2020,MAHARASHTRA,PUNE,2.609879149,1.399625437,1.141033366,0.611913132
18-08-2020,MAHARASHTRA,PARBHANI,3.711821118,0.804093096,1.57030974,0.340176743
18-08-2020,MAHARASHTRA,JALNA,3.824407686,1.014295652,1.6069273,0.426183479
18-08-2020,MAHARASHTRA,GONDIYA,2.86249317,0.533115084,0.998054919,0.185879267
18-08-2020,MAHARASHTRA,MUMBAI,2.260264414,0.011542199,0.009390319,4.80E-05
18-08-2020,MAHARASHTRA,NASHIK,2.683166064,1.423324796,1.452847038,0.770684022
18-08-2020,MAHARASHTRA,GARHCHIROLI,2.902277384,1.431422968,0.62424305,0.307880923
18-08-2020,MAHARASHTRA,RATNAGIRI,2.10521818,0.598548083,0.921412716,0.261972759
18-08-2020,MAHARASHTRA,OSMANABAD,3.579033939,0.92863047,1.71516463,0.445023479
18-08-2020,MAHARASHTRA,BID,3.621632149,1.368684526,1.720325425,0.650144104
18-08-2020,MAHARASHTRA,LATUR,3.803233788,0.880101894,1.868393113,0.432362671
18-08-2020,MAHARASHTRA,YAVATMAL,3.312241015,1.528713695,1.45697421,0.672443949
18-08-2020,MAHARASHTRA,BHANDARA,3.105527128,0.407910666,1.300543267,0.170826223
18-08-2020,MAHARASHTRA,MUMBAI SUBURBAN,2.084846216,0.032268469,0.165180961,0.002556609
18-08-2020,MAHARASHTRA,NANDURBAR,2.746040167,0.551227702,1.048180012,0.210406922
18-08-2020,MAHARASHTRA,NAGPUR,3.677770895,1.242229255,1.294667397,0.437295786
18-08-2020,MAHARASHTRA,CHANDRAPUR,3.159321057,1.218043791,1.357835438,0.52349951
18-08-2020,MAHARASHTRA,JALGAON,3.719393964,1.490779224,1.34583732,0.539428287
18-08-2020,MAHARASHTRA,HINGOLI,3.572530837,0.572215621,1.43096633,0.229199222
18-08-2020,MAHARASHTRA,AKOLA,2.759680876,0.508234896,1.449898907,0.267019722
18-08-2020,MAHARASHTRA,AURANGABAD,3.790077082,1.307974162,1.657786925,0.572110386
18-08-2020,MAHARASHTRA,DHULE,3.151020858,0.770651614,1.113490237,0.272328584
18-08-2020,MAHARASHTRA,KOLHAPUR,2.513889939,0.665856218,0.707356014,0.187358004
18-08-2020,MAHARASHTRA,RAIGARH,1.958409019,0.480159207,0.391094255,0.095887787
18-08-2020,MAHARASHTRA,AMRAVATI,2.811560668,1.168149678,1.128252408,0.468767294
18-08-2020,MAHARASHTRA,NANDED,3.742608853,1.356151028,1.615182111,0.585268449
18-08-2020,MAHARASHTRA,SOLAPUR,3.564250534,1.824599638,1.871217614,0.957907686
18-08-2020,MAHARASHTRA,AHMADNAGAR,3.421898426,1.995170289,1.889764153,1.101844889
18-08-2020,MAHARASHTRA,THANE,1.687343632,0.548699105,0.485287566,0.157808314
18-08-2020,MAHARASHTRA,SANGLI,3.127186301,0.922135918,1.537567387,0.453393555
18-08-2020,MAHARASHTRA,WARDHA,3.785462484,0.813451064,1.534461171,0.329737536
18-08-2020,MAHARASHTRA,BULDANA,3.451130573,1.146808707,1.669716742,0.554845914
18-08-2020,MAHARASHTRA,SINDHUDURG,2.152711756,0.377586204,0.878321587,0.154057836
17-08-2020,MAHARASHTRA,WASHIM,2.378701447,0.421447208,1.420051529,0.251598095
17-08-2020,MAHARASHTRA,SATARA,1.934175396,0.698304728,0.737567872,0.266287708
17-08-2020,MAHARASHTRA,PUNE,2.17337877,1.165539106,0.925387713,0.496266726
17-08-2020,MAHARASHTRA,PARBHANI,3.289282854,0.712558485,1.397690594,0.302782198
17-08-2020,MAHARASHTRA,JALNA,2.793313638,0.740832597,1.192188889,0.31618805
17-08-2020,MAHARASHTRA,GONDIYA,3.886252149,0.723781515,1.316731069,0.245229998
17-08-2020,MAHARASHTRA,MUMBAI,2.117912547,0.010815269,0.008721146,4.45E-05
17-08-2020,MAHARASHTRA,NASHIK,2.211980408,1.173377453,1.168699274,0.619953672
17-08-2020,MAHARASHTRA,GARHCHIROLI,2.217744023,1.093806453,0.501147638,0.247169428
17-08-2020,MAHARASHTRA,RATNAGIRI,1.941316056,0.551948019,0.89692054,0.255009231
17-08-2020,MAHARASHTRA,OSMANABAD,3.258537867,0.845473277,1.562461987,0.405402641
17-08-2020,MAHARASHTRA,BID,3.280142837,1.239629139,1.52561597,0.576559652
17-08-2020,MAHARASHTRA,LATUR,3.401055094,0.787034192,1.638513564,0.379166512
17-08-2020,MAHARASHTRA,YAVATMAL,2.383560353,1.100095476,1.071804285,0.494674718
17-08-2020,MAHARASHTRA,BHANDARA,3.68031097,0.483408464,1.540517094,0.202346761
17-08-2020,MAHARASHTRA,MUMBAI SUBURBAN,1.848025329,0.028603044,0.145526709,0.002252408
17-08-2020,MAHARASHTRA,NANDURBAR,3.082126543,0.618692164,1.19453124,0.239784807
17-08-2020,MAHARASHTRA,NAGPUR,3.719061845,1.256175971,1.312385659,0.443280429
17-08-2020,MAHARASHTRA,CHANDRAPUR,2.631974671,1.014730807,1.115554367,0.430090531
17-08-2020,MAHARASHTRA,JALGAON,2.956944735,1.185180118,1.041095374,0.417283936
17-08-2020,MAHARASHTRA,HINGOLI,2.606975668,0.417561742,1.04177938,0.166862782
17-08-2020,MAHARASHTRA,AKOLA,2.52563012,0.465131086,1.320439286,0.243177872
17-08-2020,MAHARASHTRA,AURANGABAD,2.570066936,0.886942686,1.123715613,0.387799761
17-08-2020,MAHARASHTRA,DHULE,2.848778377,0.696731552,1.009557662,0.246909582
17-08-2020,MAHARASHTRA,KOLHAPUR,1.90775283,0.505308154,0.530802938,0.140594237
17-08-2020,MAHARASHTRA,RAIGARH,2.037275375,0.499495519,0.413144018,0.101293909
17-08-2020,MAHARASHTRA,AMRAVATI,2.869424254,1.192190891,1.142684923,0.474763728
17-08-2020,MAHARASHTRA,NANDED,2.473617713,0.896326423,1.08985256,0.394912941
17-08-2020,MAHARASHTRA,SOLAPUR,3.193233917,1.634670008,1.690588613,0.86544067
17-08-2020,MAHARASHTRA,AHMADNAGAR,2.654585266,1.547781083,1.459360759,0.850894113
17-08-2020,MAHARASHTRA,THANE,2.045674144,0.665222869,0.573230642,0.186406097
17-08-2020,MAHARASHTRA,SANGLI,2.359210426,0.695677348,1.158042878,0.341480433
17-08-2020,MAHARASHTRA,WARDHA,3.387951774,0.72803072,1.35520254,0.291216979
17-08-2020,MAHARASHTRA,BULDANA,2.410074444,0.800866353,1.163257676,0.386549857
17-08-2020,MAHARASHTRA,SINDHUDURG,2.001537879,0.351070266,0.824020892,0.14453348
16-08-2020,MAHARASHTRA,WASHIM,3.157728048,0.559471502,1.902672709,0.337106661
16-08-2020,MAHARASHTRA,SATARA,2.25955443,0.815777899,0.852966817,0.307950749
16-08-2020,MAHARASHTRA,PUNE,1.966209541,1.054438436,0.821158945,0.440370945
16-08-2020,MAHARASHTRA,PARBHANI,2.860466499,0.619663849,1.197512552,0.259417559
16-08-2020,MAHARASHTRA,JALNA,3.128298939,0.829676194,1.316942549,0.349274767
16-08-2020,MAHARASHTRA,GONDIYA,2.973912602,0.553866009,0.993804463,0.185087656
16-08-2020,MAHARASHTRA,MUMBAI,2.242629058,0.011452143,0.009484282,4.84E-05
16-08-2020,MAHARASHTRA,NASHIK,2.336261406,1.239304131,1.22354103,0.649045286
16-08-2020,MAHARASHTRA,GARHCHIROLI,3.104479668,1.531150511,0.675668103,0.333244109
16-08-2020,MAHARASHTRA,RATNAGIRI,2.418251929,0.687548716,1.113265037,0.316519523
16-08-2020,MAHARASHTRA,OSMANABAD,2.160204756,0.560495372,1.046857702,0.271621889
16-08-2020,MAHARASHTRA,BID,2.266999703,0.85674284,1.069403753,0.40414827
16-08-2020,MAHARASHTRA,LATUR,2.084557957,0.482385125,0.997923338,0.230928276
16-08-2020,MAHARASHTRA,YAVATMAL,2.96831236,1.369978735,1.329866097,0.613779162
16-08-2020,MAHARASHTRA,BHANDARA,3.034647575,0.398600644,1.279506748,0.168063079
16-08-2020,MAHARASHTRA,MUMBAI SUBURBAN,2.201253598,0.034070179,0.175877782,0.00272217
16-08-2020,MAHARASHTRA,NANDURBAR,2.497203963,0.501277447,0.960552746,0.192817021
16-08-2020,MAHARASHTRA,NAGPUR,3.187273425,1.076555448,1.1330343,0.382701477
16-08-2020,MAHARASHTRA,CHANDRAPUR,3.374126465,1.300859811,1.377226095,0.530975379
16-08-2020,MAHARASHTRA,JALGAON,3.269957915,1.310639682,1.17872769,0.472448675
16-08-2020,MAHARASHTRA,HINGOLI,2.864158375,0.458754938,1.169998932,0.187399828
16-08-2020,MAHARASHTRA,AKOLA,3.289444713,0.605798521,1.748984986,0.322100722
16-08-2020,MAHARASHTRA,AURANGABAD,2.958883741,1.021125269,1.248035465,0.430703151
16-08-2020,MAHARASHTRA,DHULE,2.797957551,0.684302199,0.990752989,0.242310484
16-08-2020,MAHARASHTRA,KOLHAPUR,2.157247521,0.57139203,0.600882727,0.159156331
16-08-2020,MAHARASHTRA,RAIGARH,2.323769482,0.569737629,0.462427192,0.113377069
16-08-2020,MAHARASHTRA,AMRAVATI,3.066172394,1.27393598,1.259057292,0.523114221
16-08-2020,MAHARASHTRA,NANDED,2.453717094,0.889115345,1.017074821,0.368541603
16-08-2020,MAHARASHTRA,SOLAPUR,2.291273659,1.172941422,1.207418779,0.618097927
16-08-2020,MAHARASHTRA,AHMADNAGAR,2.149454107,1.253259576,1.167469564,0.680704187
16-08-2020,MAHARASHTRA,THANE,2.272694164,0.73904641,0.629816812,0.204807079
16-08-2020,MAHARASHTRA,SANGLI,2.420443026,0.713733445,1.177668578,0.347267605
16-08-2020,MAHARASHTRA,WARDHA,3.427732878,0.736579208,1.400925073,0.30104221
16-08-2020,MAHARASHTRA,BULDANA,3.013201623,1.001285168,1.461577045,0.485681213
16-08-2020,MAHARASHTRA,SINDHUDURG,2.187689202,0.383721257,0.908846427,0.159411901
15-08-2020,MAHARASHTRA,WASHIM,2.293567107,0.406363504,1.382361713,0.244920389
15-08-2020,MAHARASHTRA,SATARA,1.602114552,0.57841919,0.600764532,0.216896934
15-08-2020,MAHARASHTRA,PUNE,1.6234215,0.870608138,0.682221864,0.365861797
15-08-2020,MAHARASHTRA,PARBHANI,2.348558409,0.508769022,0.989636209,0.214385235
15-08-2020,MAHARASHTRA,JALNA,2.358084558,0.625402706,0.990547602,0.262709473
15-08-2020,MAHARASHTRA,GONDIYA,2.836884573,0.5283457,1.008756597,0.187872364
15-08-2020,MAHARASHTRA,MUMBAI,2.20964592,0.011283712,0.009078109,0.000046358
15-08-2020,MAHARASHTRA,NASHIK,1.997219417,1.059454335,1.052795174,0.558470643
15-08-2020,MAHARASHTRA,GARHCHIROLI,2.045024686,1.0086201,0.451118306,0.22249462
15-08-2020,MAHARASHTRA,RATNAGIRI,1.938436097,0.551129199,0.913528952,0.259731275
15-08-2020,MAHARASHTRA,OSMANABAD,2.052559685,0.532565351,0.982630253,0.254957178
15-08-2020,MAHARASHTRA,BID,1.990547828,0.752266353,0.926627313,0.350190304
15-08-2020,MAHARASHTRA,LATUR,2.18857957,0.506456645,1.053395127,0.243764938
15-08-2020,MAHARASHTRA,YAVATMAL,2.464341539,1.137378785,1.107816267,0.511295492
15-08-2020,MAHARASHTRA,BHANDARA,2.860667762,0.375748414,1.207939805,0.158662768
15-08-2020,MAHARASHTRA,MUMBAI SUBURBAN,2.033389376,0.031472039,0.165645591,0.0025638
15-08-2020,MAHARASHTRA,NANDURBAR,2.51535497,0.504920998,0.959731721,0.192652212
15-08-2020,MAHARASHTRA,NAGPUR,2.68026422,0.905304523,0.950329481,0.320989838
15-08-2020,MAHARASHTRA,CHANDRAPUR,2.250100697,0.867503218,0.975948659,0.376266984
15-08-2020,MAHARASHTRA,JALGAON,2.603702697,1.043596329,0.930123765,0.372805139
15-08-2020,MAHARASHTRA,HINGOLI,2.278047668,0.364877035,0.932887898,0.149421531
15-08-2020,MAHARASHTRA,AKOLA,2.72046871,0.501013412,1.442547037,0.26566577
15-08-2020,MAHARASHTRA,AURANGABAD,2.198560276,0.758733918,0.947431614,0.32696329
15-08-2020,MAHARASHTRA,DHULE,2.493886502,0.609934921,0.87440308,0.213854549
15-08-2020,MAHARASHTRA,KOLHAPUR,1.59947514,0.423654374,0.447669687,0.11857466
15-08-2020,MAHARASHTRA,RAIGARH,1.918721265,0.470428635,0.376161099,0.092226503
15-08-2020,MAHARASHTRA,AMRAVATI,2.809071744,1.167115577,1.159148953,0.481604218
15-08-2020,MAHARASHTRA,NANDED,1.851830006,0.671018871,0.80271963,0.290869042
15-08-2020,MAHARASHTRA,SOLAPUR,1.983502837,1.015388375,1.047116712,0.53603661
15-08-2020,MAHARASHTRA,AHMADNAGAR,1.843121543,1.074649473,0.999679482,0.582872591
15-08-2020,MAHARASHTRA,THANE,1.934590722,0.629100189,0.550604006,0.179048251
15-08-2020,MAHARASHTRA,SANGLI,1.859070889,0.548197605,0.911701945,0.26884011
15-08-2020,MAHARASHTRA,WARDHA,2.675250787,0.574879717,1.099289963,0.236224397
15-08-2020,MAHARASHTRA,BULDANA,2.570725055,0.854250459,1.256339421,0.417480868
15-08-2020,MAHARASHTRA,SINDHUDURG,1.754135821,0.307675881,0.753166609,0.13210562
14-08-2020,MAHARASHTRA,WASHIM,2.455058513,0.434975797,1.465365448,0.259626604
14-08-2020,MAHARASHTRA,SATARA,1.582299905,0.571265412,0.597986607,0.215894006
14-08-2020,MAHARASHTRA,PUNE,1.929618101,1.034815186,0.818745938,0.439076898
14-08-2020,MAHARASHTRA,PARBHANI,2.122396133,0.45977541,0.890953558,0.193007578
14-08-2020,MAHARASHTRA,JALNA,1.861761387,0.493769659,0.771164119,0.204525374
14-08-2020,MAHARASHTRA,GONDIYA,2.302135848,0.428753284,0.878932406,0.163693709
14-08-2020,MAHARASHTRA,MUMBAI,2.166998918,0.011065932,0.009095979,4.64E-05
14-08-2020,MAHARASHTRA,NASHIK,1.976870952,1.048660194,1.037185292,0.550190152
14-08-2020,MAHARASHTRA,GARHCHIROLI,1.247195887,0.615125504,0.288711643,0.142394548
14-08-2020,MAHARASHTRA,RATNAGIRI,1.535857247,0.436669424,0.700721618,0.199226657
14-08-2020,MAHARASHTRA,OSMANABAD,2.783801026,0.722296156,1.364933611,0.354151138
14-08-2020,MAHARASHTRA,BID,2.285447022,0.863714437,1.08793921,0.411153176
14-08-2020,MAHARASHTRA,LATUR,2.439281278,0.564471235,1.176328728,0.272212859
14-08-2020,MAHARASHTRA,YAVATMAL,2.08134648,0.960613329,0.927956797,0.428284131
14-08-2020,MAHARASHTRA,BHANDARA,2.291100014,0.300935749,0.969012475,0.127279688
14-08-2020,MAHARASHTRA,MUMBAI SUBURBAN,2.130972747,0.032982398,0.173248576,0.002681477
14-08-2020,MAHARASHTRA,NANDURBAR,2.201097135,0.441838299,0.840171592,0.168652251
14-08-2020,MAHARASHTRA,NAGPUR,2.453721622,0.828785933,0.857516749,0.28964077
14-08-2020,MAHARASHTRA,CHANDRAPUR,1.674488216,0.645581737,0.724698851,0.2794002
14-08-2020,MAHARASHTRA,JALGAON,2.514675584,1.007913158,0.899732495,0.360623941
14-08-2020,MAHARASHTRA,HINGOLI,2.350166948,0.376428448,0.948345176,0.151897338
14-08-2020,MAHARASHTRA,AKOLA,2.703294213,0.497850482,1.441334865,0.265442531
14-08-2020,MAHARASHTRA,AURANGABAD,2.412815462,0.832674432,1.052438599,0.363201715
14-08-2020,MAHARASHTRA,DHULE,2.477716564,0.605980206,0.862991463,0.211063587
14-08-2020,MAHARASHTRA,KOLHAPUR,1.881418305,0.498332905,0.527925632,0.139832122
14-08-2020,MAHARASHTRA,RAIGARH,2.256778074,0.553312796,0.445941836,0.109335219
14-08-2020,MAHARASHTRA,AMRAVATI,2.565532737,1.065929778,1.06649898,0.443109926
14-08-2020,MAHARASHTRA,NANDED,2.20262471,0.798130898,0.928694094,0.336516451
14-08-2020,MAHARASHTRA,SOLAPUR,2.522646356,1.291384986,1.360880117,0.69665736
14-08-2020,MAHARASHTRA,AHMADNAGAR,2.519981362,1.469299002,1.371927619,0.799915393
14-08-2020,MAHARASHTRA,THANE,2.118685851,0.688965193,0.602865844,0.196043025
14-08-2020,MAHARASHTRA,SANGLI,1.849647005,0.545418716,0.89877406,0.265027972
14-08-2020,MAHARASHTRA,WARDHA,2.265544237,0.48683863,0.912757109,0.196140695
14-08-2020,MAHARASHTRA,BULDANA,2.316636431,0.769816955,1.131082226,0.375857974
14-08-2020,MAHARASHTRA,SINDHUDURG,1.623529355,0.284767473,0.623523258,0.109366142
13-08-2020,MAHARASHTRA,WASHIM,3.286897252,0.582357098,1.972264657,0.349436637
13-08-2020,MAHARASHTRA,SATARA,1.77360422,0.640332937,0.680088801,0.24553576
13-08-2020,MAHARASHTRA,PUNE,1.961636263,1.051985879,0.836216531,0.448446024
13-08-2020,MAHARASHTRA,PARBHANI,2.908154645,0.629994549,1.228765679,0.266187935
13-08-2020,MAHARASHTRA,JALNA,2.90456093,0.770337204,1.216712588,0.322692137
13-08-2020,MAHARASHTRA,GONDIYA,3.926331861,0.731246021,1.352603683,0.251910969
13-08-2020,MAHARASHTRA,MUMBAI,2.016427838,0.010297031,0.008300064,4.24E-05
13-08-2020,MAHARASHTRA,NASHIK,2.111015052,1.119818899,1.105168705,0.58625295
13-08-2020,MAHARASHTRA,GARHCHIROLI,2.590872254,1.277835837,0.578438068,0.285289594
13-08-2020,MAHARASHTRA,RATNAGIRI,1.561207316,0.443876865,0.741581849,0.210843892
13-08-2020,MAHARASHTRA,OSMANABAD,2.334729588,0.605778283,1.139673564,0.295704264
13-08-2020,MAHARASHTRA,BID,2.700531676,1.020582921,1.272956914,0.481074929
13-08-2020,MAHARASHTRA,LATUR,2.560870032,0.592607947,1.248903614,0.289007329
13-08-2020,MAHARASHTRA,YAVATMAL,2.576564444,1.189173534,1.160499662,0.535610699
13-08-2020,MAHARASHTRA,BHANDARA,3.348721107,0.43985417,1.403313627,0.184325099
13-08-2020,MAHARASHTRA,MUMBAI SUBURBAN,1.929531423,0.029864565,0.158770347,0.002457388
13-08-2020,MAHARASHTRA,NANDURBAR,1.867806673,0.374935077,0.719322434,0.144393537
13-08-2020,MAHARASHTRA,NAGPUR,3.399807763,1.148342511,1.178262743,0.397978148
13-08-2020,MAHARASHTRA,CHANDRAPUR,2.622867916,1.011219792,1.105533858,0.426227227
13-08-2020,MAHARASHTRA,JALGAON,2.843280798,1.139622203,1.027476779,0.411825434
13-08-2020,MAHARASHTRA,HINGOLI,2.833843431,0.453899365,1.159368862,0.1856972
13-08-2020,MAHARASHTRA,AKOLA,3.444235667,0.6343055,1.830287569,0.337073761
13-08-2020,MAHARASHTRA,AURANGABAD,2.873810653,0.99176613,1.236934245,0.426872066
13-08-2020,MAHARASHTRA,DHULE,2.196311613,0.537156422,0.78113856,0.191044655
13-08-2020,MAHARASHTRA,KOLHAPUR,1.513394648,0.400854159,0.419788939,0.111189862
13-08-2020,MAHARASHTRA,RAIGARH,1.799383306,0.441169568,0.369092143,0.090493349
13-08-2020,MAHARASHTRA,AMRAVATI,3.158385908,1.312248931,1.308296716,0.54357226
13-08-2020,MAHARASHTRA,NANDED,2.484769718,0.900367402,1.059239908,0.38382031
13-08-2020,MAHARASHTRA,SOLAPUR,2.326895557,1.191176869,1.222450673,0.625793006
13-08-2020,MAHARASHTRA,AHMADNAGAR,2.382590107,1.389191729,1.31874107,0.768904472
13-08-2020,MAHARASHTRA,THANE,1.88948355,0.614432006,0.534974884,0.173965892
13-08-2020,MAHARASHTRA,SANGLI,1.937732274,0.571393053,0.952198452,0.280781607
13-08-2020,MAHARASHTRA,WARDHA,3.16451735,0.680017308,1.271526437,0.273235975
13-08-2020,MAHARASHTRA,BULDANA,3.208821322,1.066289482,1.558831179,0.517998705
13-08-2020,MAHARASHTRA,SINDHUDURG,1.529014213,0.268189492,0.586318622,0.102840439
12-08-2020,MAHARASHTRA,WASHIM,3.184301565,0.564179673,1.896643407,0.336038417
12-08-2020,MAHARASHTRA,SATARA,1.595496793,0.576029949,0.62389573,0.225248103
12-08-2020,MAHARASHTRA,PUNE,1.725524903,0.925364129,0.727845671,0.390328922
12-08-2020,MAHARASHTRA,PARBHANI,2.603833975,0.564069457,1.081943552,0.234381807
12-08-2020,MAHARASHTRA,JALNA,3.149729478,0.835359924,1.316940672,0.349274269
12-08-2020,MAHARASHTRA,GONDIYA,4.326879321,0.80584459,1.469594823,0.273699576
12-08-2020,MAHARASHTRA,MUMBAI,1.837185636,0.009381718,0.007737096,0.00003951
12-08-2020,MAHARASHTRA,NASHIK,1.991452184,1.056395022,1.05613741,0.560243581
12-08-2020,MAHARASHTRA,GARHCHIROLI,3.643291392,1.796896122,0.774690195,0.382082479
12-08-2020,MAHARASHTRA,RATNAGIRI,1.330189117,0.378194599,0.632267077,0.179763908
12-08-2020,MAHARASHTRA,OSMANABAD,1.631392104,0.423287525,0.810745298,0.21035922
12-08-2020,MAHARASHTRA,BID,2.14982446,0.81246006,1.036366251,0.391662762
12-08-2020,MAHARASHTRA,LATUR,1.518621398,0.351422406,0.744655395,0.172319836
12-08-2020,MAHARASHTRA,YAVATMAL,3.518523879,1.623920366,1.566083644,0.722801723
12-08-2020,MAHARASHTRA,BHANDARA,3.834382475,0.50364574,1.600268661,0.210195123
12-08-2020,MAHARASHTRA,MUMBAI SUBURBAN,1.899652778,0.029402114,0.156318202,0.002419435
12-08-2020,MAHARASHTRA,NANDURBAR,2.36532951,0.474805564,0.912253483,0.183121645
12-08-2020,MAHARASHTRA,NAGPUR,3.889606981,1.313780472,1.36282546,0.460317324
12-08-2020,MAHARASHTRA,CHANDRAPUR,3.663487274,1.412419899,1.484940486,0.572503556
12-08-2020,MAHARASHTRA,JALGAON,2.932474699,1.175372224,1.056811865,0.423583301
12-08-2020,MAHARASHTRA,HINGOLI,2.987364256,0.47848894,1.237969005,0.198286659
12-08-2020,MAHARASHTRA,AKOLA,3.199723749,0.589275116,1.668726173,0.307319908
12-08-2020,MAHARASHTRA,AURANGABAD,3.114771035,1.074922738,1.337135002,0.461451837
12-08-2020,MAHARASHTRA,DHULE,2.377774926,0.581537275,0.849687266,0.207809752
12-08-2020,MAHARASHTRA,KOLHAPUR,1.190378568,0.315296608,0.341443403,0.090438412
12-08-2020,MAHARASHTRA,RAIGARH,1.586914068,0.389076742,0.329945369,0.080895413
12-08-2020,MAHARASHTRA,AMRAVATI,3.876625907,1.610663912,1.547235379,0.642846704
12-08-2020,MAHARASHTRA,NANDED,2.737669842,0.992006891,1.126606404,0.408230861
12-08-2020,MAHARASHTRA,SOLAPUR,1.991029336,1.019241316,1.030302302,0.527429031
12-08-2020,MAHARASHTRA,AHMADNAGAR,2.299301818,1.340629704,1.269698216,0.740309571
12-08-2020,MAHARASHTRA,THANE,1.811346639,0.589023042,0.51815236,0.168495457
12-08-2020,MAHARASHTRA,SANGLI,1.730117247,0.510172117,0.852163091,0.25128346
12-08-2020,MAHARASHTRA,WARDHA,3.784043809,0.813146208,1.504845887,0.323373562
12-08-2020,MAHARASHTRA,BULDANA,3.128523478,1.039606555,1.519864006,0.505049936
12-08-2020,MAHARASHTRA,SINDHUDURG,1.194748472,0.209559194,0.522612728,0.091666409
11-08-2020,MAHARASHTRA,WASHIM,3.503841873,0.620794332,2.090896646,0.370455298
11-08-2020,MAHARASHTRA,SATARA,2.49593429,0.901119267,0.978777529,0.3533728
11-08-2020,MAHARASHTRA,PUNE,2.509334933,1.345705606,1.070911212,0.574308038
11-08-2020,MAHARASHTRA,PARBHANI,3.205365278,0.694379391,1.358921753,0.29438369
11-08-2020,MAHARASHTRA,JALNA,3.637395882,0.964697054,1.528896564,0.405488448
11-08-2020,MAHARASHTRA,GONDIYA,2.920709057,0.5439573,1.000466834,0.186328466
11-08-2020,MAHARASHTRA,MUMBAI,1.838906268,0.009390504,0.007770525,3.97E-05
11-08-2020,MAHARASHTRA,NASHIK,2.303921894,1.222149163,1.200154467,0.636639541
11-08-2020,MAHARASHTRA,GARHCHIROLI,3.084930815,1.521508884,0.671469576,0.331173367
11-08-2020,MAHARASHTRA,RATNAGIRI,2.009359721,0.571293949,0.93383937,0.265505861
11-08-2020,MAHARASHTRA,OSMANABAD,3.300000223,0.856231265,1.61323152,0.418575507
11-08-2020,MAHARASHTRA,BID,3.416792701,1.291271754,1.619175455,0.611917583
11-08-2020,MAHARASHTRA,LATUR,3.328434308,0.7702291,1.609171446,0.372376487
11-08-2020,MAHARASHTRA,YAVATMAL,2.90770439,1.342006063,1.307733567,0.603564235
11-08-2020,MAHARASHTRA,BHANDARA,3.145070696,0.41310471,1.345029957,0.176669545
11-08-2020,MAHARASHTRA,MUMBAI SUBURBAN,1.824117047,0.028233001,0.147088695,0.002276584
11-08-2020,MAHARASHTRA,NANDURBAR,2.477813365,0.497385065,0.948176326,0.190332634
11-08-2020,MAHARASHTRA,NAGPUR,3.354164735,1.132925807,1.197933844,0.404622395
11-08-2020,MAHARASHTRA,CHANDRAPUR,3.734173129,1.439672105,1.50681234,0.580936025
11-08-2020,MAHARASHTRA,JALGAON,3.296996667,1.321477149,1.181710881,0.473644375
11-08-2020,MAHARASHTRA,HINGOLI,3.172840245,0.508196803,1.326846812,0.212522301
11-08-2020,MAHARASHTRA,AKOLA,3.020894526,0.556341144,1.620713765,0.298477733
11-08-2020,MAHARASHTRA,AURANGABAD,3.667885662,1.265805304,1.587574635,0.547879781
11-08-2020,MAHARASHTRA,DHULE,2.622419685,0.641370544,0.919386211,0.224856166
11-08-2020,MAHARASHTRA,KOLHAPUR,2.152093354,0.570026842,0.609824818,0.161524831
11-08-2020,MAHARASHTRA,RAIGARH,1.931988648,0.473681508,0.395342907,0.096929464
11-08-2020,MAHARASHTRA,AMRAVATI,2.135524294,0.887269495,0.932514492,0.387441934
11-08-2020,MAHARASHTRA,NANDED,3.286937953,1.191036643,1.421072233,0.514931869
11-08-2020,MAHARASHTRA,SOLAPUR,3.491716186,1.787468088,1.822832219,0.93313839
11-08-2020,MAHARASHTRA,AHMADNAGAR,3.142181714,1.83207881,1.753138223,1.022183846
11-08-2020,MAHARASHTRA,THANE,2.209729197,0.718571138,0.607590802,0.197579511
11-08-2020,MAHARASHTRA,SANGLI,3.175148193,0.936278786,1.566353099,0.461881805
11-08-2020,MAHARASHTRA,WARDHA,3.219571631,0.691847821,1.329505615,0.285695014
11-08-2020,MAHARASHTRA,BULDANA,3.313370411,1.101031084,1.617097751,0.537360654
11-08-2020,MAHARASHTRA,SINDHUDURG,2.233793088,0.391807891,0.938151446,0.164552009
10-08-2020,MAHARASHTRA,WASHIM,2.83228722,0.501811416,1.698055194,0.300853485
10-08-2020,MAHARASHTRA,SATARA,1.947664818,0.703174879,0.754907576,0.272547945
10-08-2020,MAHARASHTRA,PUNE,2.206478403,1.18328977,0.950777419,0.509882713
10-08-2020,MAHARASHTRA,PARBHANI,2.828466186,0.61273161,1.205920124,0.261238895
10-08-2020,MAHARASHTRA,JALNA,3.008492138,0.797901465,1.276866988,0.338646071
10-08-2020,MAHARASHTRA,GONDIYA,2.804125895,0.522244674,1.031752461,0.192155149
10-08-2020,MAHARASHTRA,MUMBAI,1.893276136,0.009668148,0.008036608,4.10E-05
10-08-2020,MAHARASHTRA,NASHIK,2.54160448,1.348231377,1.323979909,0.702324563
10-08-2020,MAHARASHTRA,GARHCHIROLI,2.304786617,1.136736453,0.486926325,0.240155379
10-08-2020,MAHARASHTRA,RATNAGIRI,1.81500152,0.516034723,0.822149578,0.233750619
10-08-2020,MAHARASHTRA,OSMANABAD,2.247967456,0.583266633,1.115909555,0.289538359
10-08-2020,MAHARASHTRA,BID,2.774231859,1.048435639,1.311330046,0.495576875
10-08-2020,MAHARASHTRA,LATUR,2.572298632,0.595252626,1.274461552,0.294921661
10-08-2020,MAHARASHTRA,YAVATMAL,2.041764419,0.94234484,0.924742477,0.426800611
10-08-2020,MAHARASHTRA,BHANDARA,2.694577294,0.353932448,1.121695473,0.147334584
10-08-2020,MAHARASHTRA,MUMBAI SUBURBAN,1.87382941,0.02900243,0.149580743,0.002315155
10-08-2020,MAHARASHTRA,NANDURBAR,2.999020818,0.602009896,1.153100597,0.231468207
10-08-2020,MAHARASHTRA,NAGPUR,3.033314803,1.024553322,1.044393362,0.352761503
10-08-2020,MAHARASHTRA,CHANDRAPUR,2.231338597,0.860269683,0.928352068,0.357916607
10-08-2020,MAHARASHTRA,JALGAON,3.011235713,1.206940615,1.061470988,0.425450735
10-08-2020,MAHARASHTRA,HINGOLI,2.397821161,0.384061268,0.983733471,0.157565514
10-08-2020,MAHARASHTRA,AKOLA,3.275911089,0.60330611,1.734667773,0.319464002
10-08-2020,MAHARASHTRA,AURANGABAD,2.715852537,0.937254011,1.196486773,0.412913445
10-08-2020,MAHARASHTRA,DHULE,2.69818888,0.659901571,0.955138634,0.233600209
10-08-2020,MAHARASHTRA,KOLHAPUR,2.223626295,0.588973834,0.626756475,0.166009534
10-08-2020,MAHARASHTRA,RAIGARH,1.658782842,0.406697399,0.347998262,0.085321589
10-08-2020,MAHARASHTRA,AMRAVATI,3.110115976,1.292193697,1.266473482,0.526195507
10-08-2020,MAHARASHTRA,NANDED,2.241296477,0.812143786,0.987709116,0.357900808
10-08-2020,MAHARASHTRA,SOLAPUR,2.393033708,1.225034097,1.248717653,0.639239514
10-08-2020,MAHARASHTRA,AHMADNAGAR,2.765254823,1.612308016,1.506463253,0.878357668
10-08-2020,MAHARASHTRA,THANE,1.876502168,0.610210654,0.526985991,0.171368023
10-08-2020,MAHARASHTRA,SANGLI,2.564109514,0.756097415,1.262963194,0.372419041
10-08-2020,MAHARASHTRA,WARDHA,2.834441943,0.609088011,1.126353854,0.242040106
10-08-2020,MAHARASHTRA,BULDANA,2.938177435,0.976354674,1.42319224,0.472925964
10-08-2020,MAHARASHTRA,SINDHUDURG,1.811380435,0.317716601,0.683579446,0.119900013
09-08-2020,MAHARASHTRA,WASHIM,3.549219182,0.628834072,2.142661733,0.379626795
09-08-2020,MAHARASHTRA,SATARA,3.066910122,1.107261442,1.178232031,0.425382827
09-08-2020,MAHARASHTRA,PUNE,3.206203138,1.719421939,1.388492281,0.744620346
09-08-2020,MAHARASHTRA,PARBHANI,3.7988258,0.82294095,1.61124431,0.349044414
09-08-2020,MAHARASHTRA,JALNA,3.810302296,1.010554671,1.599032927,0.424089762
09-08-2020,MAHARASHTRA,GONDIYA,3.536242296,0.658595147,1.173149317,0.218489114
09-08-2020,MAHARASHTRA,MUMBAI,2.223132163,0.011352581,0.009607121,4.91E-05
09-08-2020,MAHARASHTRA,NASHIK,3.146857629,1.669296788,1.649034563,0.874754572
09-08-2020,MAHARASHTRA,GARHCHIROLI,3.31483995,1.634901635,0.736837386,0.363413216
09-08-2020,MAHARASHTRA,RATNAGIRI,2.244160411,0.638051639,1.024358664,0.291241982
09-08-2020,MAHARASHTRA,OSMANABAD,3.870394109,1.004227946,1.897886463,0.492433217
09-08-2020,MAHARASHTRA,BID,3.894275022,1.471721517,1.839595139,0.695218425
09-08-2020,MAHARASHTRA,LATUR,3.999729153,0.925572658,1.941179749,0.449206141
09-08-2020,MAHARASHTRA,YAVATMAL,3.38752128,1.563458139,1.498492505,0.691606077
09-08-2020,MAHARASHTRA,BHANDARA,3.318558129,0.435892266,1.42222082,0.186808557
09-08-2020,MAHARASHTRA,MUMBAI SUBURBAN,2.227500817,0.034476424,0.176128736,0.002726055
09-08-2020,MAHARASHTRA,NANDURBAR,3.231136278,0.648603705,1.238922625,0.248695733
09-08-2020,MAHARASHTRA,NAGPUR,3.195096627,1.079197866,1.142195665,0.385795883
09-08-2020,MAHARASHTRA,CHANDRAPUR,3.81800909,1.471994199,1.537614329,0.592811415
09-08-2020,MAHARASHTRA,JALGAON,3.35942351,1.346498602,1.209418713,0.484750018
09-08-2020,MAHARASHTRA,HINGOLI,3.563456424,0.570762164,1.438657433,0.230431113
09-08-2020,MAHARASHTRA,AKOLA,3.69928149,0.681275854,1.961019913,0.361150002
09-08-2020,MAHARASHTRA,AURANGABAD,3.672961958,1.267557159,1.591971743,0.549397245
09-08-2020,MAHARASHTRA,DHULE,3.384034868,0.827640327,1.202227738,0.294031296
09-08-2020,MAHARASHTRA,KOLHAPUR,2.461659771,0.652021968,0.706510422,0.187134031
09-08-2020,MAHARASHTRA,RAIGARH,2.422618811,0.59397333,0.499039623,0.122353639
09-08-2020,MAHARASHTRA,AMRAVATI,3.302976981,1.372323756,1.339656722,0.556601743
09-08-2020,MAHARASHTRA,NANDED,3.716504931,1.346692155,1.580838165,0.572823767
09-08-2020,MAHARASHTRA,SOLAPUR,3.856066233,1.973984989,2.023599742,1.035914653
09-08-2020,MAHARASHTRA,AHMADNAGAR,3.674967335,2.142724513,2.030974797,1.184179092
09-08-2020,MAHARASHTRA,THANE,2.370622276,0.770891179,0.659826141,0.214565668
09-08-2020,MAHARASHTRA,SANGLI,3.570560065,1.052876729,1.760158119,0.519030485
09-08-2020,MAHARASHTRA,WARDHA,3.208720713,0.689516087,1.314618779,0.282496009
09-08-2020,MAHARASHTRA,BULDANA,3.350258532,1.113288986,1.621631017,0.538867056
09-08-2020,MAHARASHTRA,SINDHUDURG,1.962178941,0.344166698,0.822089233,0.144194666
08-08-2020,MAHARASHTRA,WASHIM,3.626085465,0.64245288,2.155221899,0.381852146
08-08-2020,MAHARASHTRA,SATARA,2.298549519,0.829856485,0.845559815,0.305276563
08-08-2020,MAHARASHTRA,PUNE,2.794921351,1.49885983,1.18914198,0.637712809
08-08-2020,MAHARASHTRA,PARBHANI,4.400734627,0.953332668,1.878345394,0.406906614
08-08-2020,MAHARASHTRA,JALNA,4.02612626,1.067794727,1.705019417,0.452199118
08-08-2020,MAHARASHTRA,GONDIYA,2.724858788,0.507481848,0.872267544,0.162452435
08-08-2020,MAHARASHTRA,MUMBAI,2.314066285,0.011816942,0.010094389,5.15E-05
08-08-2020,MAHARASHTRA,NASHIK,2.91516305,1.546391,1.54251442,0.8182494
08-08-2020,MAHARASHTRA,GARHCHIROLI,4.511128662,2.224919373,0.855237407,0.421808913
08-08-2020,MAHARASHTRA,RATNAGIRI,2.359726504,0.670908977,1.0700052,0.304220041
08-08-2020,MAHARASHTRA,OSMANABAD,3.478640652,0.902582026,1.693865359,0.439497085
08-08-2020,MAHARASHTRA,BID,3.965744762,1.498731308,1.831154595,0.692028581
08-08-2020,MAHARASHTRA,LATUR,4.07333008,0.942604562,1.978274027,0.457790085
08-08-2020,MAHARASHTRA,YAVATMAL,3.153206445,1.455313745,1.406211157,0.649015046
08-08-2020,MAHARASHTRA,BHANDARA,2.97658467,0.390974088,1.270815071,0.166921428
08-08-2020,MAHARASHTRA,MUMBAI SUBURBAN,2.429416055,0.037601592,0.191172587,0.002958898
08-08-2020,MAHARASHTRA,NANDURBAR,2.720215279,0.546043731,1.041836315,0.209133517
08-08-2020,MAHARASHTRA,NAGPUR,3.511464059,1.186056311,1.266503126,0.427782828
08-08-2020,MAHARASHTRA,CHANDRAPUR,3.55337168,1.369965963,1.492972797,0.575600331
08-08-2020,MAHARASHTRA,JALGAON,3.711081571,1.487447514,1.344813658,0.539017991
08-08-2020,MAHARASHTRA,HINGOLI,3.923768664,0.628473714,1.575366432,0.252327922
08-08-2020,MAHARASHTRA,AKOLA,3.755076816,0.691551365,1.988263437,0.366167288
08-08-2020,MAHARASHTRA,AURANGABAD,3.605095777,1.244136207,1.563832943,0.539686407
08-08-2020,MAHARASHTRA,DHULE,2.845876748,0.696021895,1.005317039,0.245872444
08-08-2020,MAHARASHTRA,KOLHAPUR,2.525924821,0.669043908,0.717286522,0.189988306
08-08-2020,MAHARASHTRA,RAIGARH,2.398235257,0.587995014,0.499270157,0.122410161
08-08-2020,MAHARASHTRA,AMRAVATI,3.89031552,1.616351684,1.5624185,0.649155001
08-08-2020,MAHARASHTRA,NANDED,3.850460378,1.39523151,1.67822521,0.608112398
08-08-2020,MAHARASHTRA,SOLAPUR,2.894512397,1.481749451,1.558750258,0.797950405
08-08-2020,MAHARASHTRA,AHMADNAGAR,3.34242272,1.948831225,1.809175761,1.054857064
08-08-2020,MAHARASHTRA,THANE,2.262515711,0.735736528,0.636010412,0.206821146
08-08-2020,MAHARASHTRA,SANGLI,2.321063993,0.684428835,1.119026241,0.329975317
08-08-2020,MAHARASHTRA,WARDHA,3.79005809,0.814438606,1.533325198,0.329493429
08-08-2020,MAHARASHTRA,BULDANA,3.987605146,1.325078899,1.948944968,0.647633293
08-08-2020,MAHARASHTRA,SINDHUDURG,2.192135077,0.384501065,0.905819617,0.158880997
07-08-2020,MAHARASHTRA,WASHIM,3.511546634,0.622159426,2.07502025,0.367642393
07-08-2020,MAHARASHTRA,SATARA,2.124469837,0.767007653,0.815525443,0.294433108
07-08-2020,MAHARASHTRA,PUNE,2.480768222,1.330385856,1.067719102,0.572596173
07-08-2020,MAHARASHTRA,PARBHANI,4.359741629,0.944452341,1.834394064,0.397385422
07-08-2020,MAHARASHTRA,JALNA,4.520048887,1.19879111,1.895910662,0.502826607
07-08-2020,MAHARASHTRA,GONDIYA,4.28006901,0.797126566,1.512671158,0.281722179
07-08-2020,MAHARASHTRA,MUMBAI,2.533387716,0.012936923,0.010806346,5.52E-05
07-08-2020,MAHARASHTRA,NASHIK,3.688121627,1.956418215,1.954584081,1.036837796
07-08-2020,MAHARASHTRA,GARHCHIROLI,4.691788425,2.314021998,0.992392867,0.489454919
07-08-2020,MAHARASHTRA,RATNAGIRI,1.98828831,0.565303001,0.923490941,0.262563632
07-08-2020,MAHARASHTRA,OSMANABAD,4.126859961,1.070771602,1.995591528,0.517784165
07-08-2020,MAHARASHTRA,BID,3.945122813,1.490937877,1.816827035,0.686613921
07-08-2020,MAHARASHTRA,LATUR,4.108753726,0.950801907,1.978168648,0.457765699
07-08-2020,MAHARASHTRA,YAVATMAL,3.890693061,1.795689305,1.709226655,0.78886717
07-08-2020,MAHARASHTRA,BHANDARA,3.914595905,0.514181766,1.655260978,0.217418358
07-08-2020,MAHARASHTRA,MUMBAI SUBURBAN,2.492581401,0.038579242,0.19656005,0.003042283
07-08-2020,MAHARASHTRA,NANDURBAR,3.633857274,0.729444099,1.400484359,0.281126906
07-08-2020,MAHARASHTRA,NAGPUR,3.820352215,1.290388504,1.333099016,0.450276715
07-08-2020,MAHARASHTRA,CHANDRAPUR,4.423198085,1.705318601,1.852204603,0.714098465
07-08-2020,MAHARASHTRA,JALGAON,4.56120852,1.828188937,1.658915133,0.664913757
07-08-2020,MAHARASHTRA,HINGOLI,4.382659205,0.701974643,1.773743127,0.284102103
07-08-2020,MAHARASHTRA,AKOLA,3.320663885,0.61154798,1.746072174,0.321564286
07-08-2020,MAHARASHTRA,AURANGABAD,4.159148817,1.435342625,1.785716505,0.616259511
07-08-2020,MAHARASHTRA,DHULE,4.130227481,1.01013818,1.464071273,0.358070905
07-08-2020,MAHARASHTRA,KOLHAPUR,1.991839523,0.52758027,0.569150495,0.150751388
07-08-2020,MAHARASHTRA,RAIGARH,2.313428578,0.567202265,0.476834728,0.116909482
07-08-2020,MAHARASHTRA,AMRAVATI,2.472282188,1.027185959,0.99527984,0.413519736
07-08-2020,MAHARASHTRA,NANDED,4.321373062,1.565868824,1.82923518,0.662831535
07-08-2020,MAHARASHTRA,SOLAPUR,3.80733631,1.949039324,2.022945246,1.035579606
07-08-2020,MAHARASHTRA,AHMADNAGAR,3.234276403,1.885775491,1.790468854,1.043949824
07-08-2020,MAHARASHTRA,THANE,2.492720869,0.810595829,0.710927371,0.231183029
07-08-2020,MAHARASHTRA,SANGLI,2.701416227,0.796586034,1.330198751,0.392245274
07-08-2020,MAHARASHTRA,WARDHA,3.307903134,0.710829215,1.387071185,0.298065174
07-08-2020,MAHARASHTRA,BULDANA,4.249748564,1.412189006,2.076466117,0.690008498
07-08-2020,MAHARASHTRA,SINDHUDURG,1.952845246,0.342529566,0.833682379,0.146228107
06-08-2020,MAHARASHTRA,WASHIM,3.660220281,0.648500728,2.205577211,0.390773865
06-08-2020,MAHARASHTRA,SATARA,1.745353311,0.630133375,0.674620674,0.243561575
06-08-2020,MAHARASHTRA,PUNE,1.937575224,1.03908243,0.829529908,0.444860123
06-08-2020,MAHARASHTRA,PARBHANI,3.902451534,0.845389429,1.664559368,0.360594073
06-08-2020,MAHARASHTRA,JALNA,4.09625126,1.086393027,1.724787519,0.457441943
06-08-2020,MAHARASHTRA,GONDIYA,3.49272871,0.650491111,1.256454363,0.234003973
06-08-2020,MAHARASHTRA,MUMBAI,2.578609052,0.013167848,0.010407388,5.31E-05
06-08-2020,MAHARASHTRA,NASHIK,2.616262664,1.387834906,1.39510841,0.74005572
06-08-2020,MAHARASHTRA,GARHCHIROLI,4.433628913,2.186695969,0.887434812,0.437688892
06-08-2020,MAHARASHTRA,RATNAGIRI,1.83532961,0.521814332,0.871326779,0.247732505
06-08-2020,MAHARASHTRA,OSMANABAD,3.835445396,0.995160013,1.875275831,0.486566573
06-08-2020,MAHARASHTRA,BID,4.027208743,1.52195973,1.90406777,0.719583874
06-08-2020,MAHARASHTRA,LATUR,3.935212626,0.910642963,1.907992694,0.441526364
06-08-2020,MAHARASHTRA,YAVATMAL,3.358760538,1.550184063,1.49259923,0.688886127
06-08-2020,MAHARASHTRA,BHANDARA,3.512549786,0.46137305,1.476522799,0.193941116
06-08-2020,MAHARASHTRA,MUMBAI SUBURBAN,2.237406602,0.034629742,0.180799377,0.002798345
06-08-2020,MAHARASHTRA,NANDURBAR,4.207984373,0.844691781,1.627910434,0.326779389
06-08-2020,MAHARASHTRA,NAGPUR,3.512592668,1.186437518,1.206229758,0.40742448
06-08-2020,MAHARASHTRA,CHANDRAPUR,3.592950779,1.385225278,1.500588974,0.57853667
06-08-2020,MAHARASHTRA,JALGAON,4.261785505,1.70817648,1.524284729,0.610952222
06-08-2020,MAHARASHTRA,HINGOLI,3.633825554,0.582033253,1.453852553,0.232864929
06-08-2020,MAHARASHTRA,AKOLA,3.906341755,0.719408977,2.076178823,0.38235817
06-08-2020,MAHARASHTRA,AURANGABAD,3.910154583,1.349413495,1.676814304,0.578676828
06-08-2020,MAHARASHTRA,DHULE,3.890464736,0.951498915,1.366819098,0.334285741
06-08-2020,MAHARASHTRA,KOLHAPUR,1.72323251,0.456434096,0.481365416,0.127499677
06-08-2020,MAHARASHTRA,RAIGARH,1.940481444,0.475763756,0.39131638,0.095942248
06-08-2020,MAHARASHTRA,AMRAVATI,3.438809736,1.428759667,1.390675721,0.577799161
06-08-2020,MAHARASHTRA,NANDED,3.754430582,1.360434685,1.612528432,0.584306877
06-08-2020,MAHARASHTRA,SOLAPUR,3.62350277,1.854931851,1.939419039,0.992821139
06-08-2020,MAHARASHTRA,AHMADNAGAR,3.050446106,1.778591495,1.730598075,1.009041599
06-08-2020,MAHARASHTRA,THANE,2.003284584,0.651438413,0.579254817,0.188365069
06-08-2020,MAHARASHTRA,SANGLI,2.167809721,0.639237645,1.068066051,0.314948319
06-08-2020,MAHARASHTRA,WARDHA,3.251721547,0.698756457,1.329814563,0.285761403
06-08-2020,MAHARASHTRA,BULDANA,3.87897552,1.288981337,1.898004838,0.630705917
06-08-2020,MAHARASHTRA,SINDHUDURG,1.973766746,0.346199202,0.844680413,0.148157165
05-08-2020,MAHARASHTRA,WASHIM,3.488222366,0.618026941,2.08975454,0.370252946
05-08-2020,MAHARASHTRA,SATARA,1.836686387,0.663107798,0.683566598,0.246791366
05-08-2020,MAHARASHTRA,PUNE,1.920951606,1.03016752,0.809460137,0.434097111
05-08-2020,MAHARASHTRA,PARBHANI,3.904762225,0.845889994,1.646194938,0.35661578
05-08-2020,MAHARASHTRA,JALNA,3.974329276,1.054057317,1.67826629,0.44510375
05-08-2020,MAHARASHTRA,GONDIYA,4.352982915,0.810706163,1.448647658,0.269798345
05-08-2020,MAHARASHTRA,MUMBAI,2.203082543,0.011250196,0.009082984,4.64E-05
05-08-2020,MAHARASHTRA,NASHIK,3.778375241,2.004294569,1.921857481,1.019477491
05-08-2020,MAHARASHTRA,GARHCHIROLI,4.939463197,2.436176883,1.010284085,0.49827899
05-08-2020,MAHARASHTRA,RATNAGIRI,2.263518493,0.64355546,1.048875862,0.298212623
05-08-2020,MAHARASHTRA,OSMANABAD,2.822689856,0.732386407,1.370243082,0.355528754
05-08-2020,MAHARASHTRA,BID,3.567818298,1.348347235,1.672763498,0.632169536
05-08-2020,MAHARASHTRA,LATUR,2.874177057,0.66510996,1.404957289,0.325119527
05-08-2020,MAHARASHTRA,YAVATMAL,3.973575317,1.83394233,1.783053248,0.822940694
05-08-2020,MAHARASHTRA,BHANDARA,4.27024339,0.560896026,1.781228922,0.233964234
05-08-2020,MAHARASHTRA,MUMBAI SUBURBAN,2.095278355,0.032429934,0.172896543,0.002676028
05-08-2020,MAHARASHTRA,NANDURBAR,3.803372333,0.763471787,1.4677458,0.294628664
05-08-2020,MAHARASHTRA,NAGPUR,4.424121044,1.494321627,1.548195553,0.522929204
05-08-2020,MAHARASHTRA,CHANDRAPUR,4.58253209,1.766748191,1.852736155,0.7143034
05-08-2020,MAHARASHTRA,JALGAON,4.24908947,1.703087751,1.545023844,0.619264716
05-08-2020,MAHARASHTRA,HINGOLI,3.490645765,0.559100012,1.412776363,0.226285718
05-08-2020,MAHARASHTRA,AKOLA,3.832080582,0.705732715,2.022722358,0.372513394
05-08-2020,MAHARASHTRA,AURANGABAD,3.794819562,1.309610815,1.638473103,0.565445092
05-08-2020,MAHARASHTRA,DHULE,3.770190355,0.922083164,1.339812226,0.327680616
05-08-2020,MAHARASHTRA,KOLHAPUR,1.815890293,0.480976444,0.49878626,0.132113951
05-08-2020,MAHARASHTRA,RAIGARH,1.920513115,0.470867957,0.389506858,0.095498592
05-08-2020,MAHARASHTRA,AMRAVATI,4.305634001,1.788908569,1.739501414,0.722729564
05-08-2020,MAHARASHTRA,NANDED,3.499670046,1.268121067,1.491095808,0.540305224
05-08-2020,MAHARASHTRA,SOLAPUR,2.632974919,1.347864028,1.394829298,0.714036516
05-08-2020,MAHARASHTRA,AHMADNAGAR,2.855307775,1.664814243,1.576943951,0.919452107
05-08-2020,MAHARASHTRA,THANE,3.064341642,0.99647842,0.871951084,0.283545551
05-08-2020,MAHARASHTRA,SANGLI,2.05475967,0.605901763,0.99762598,0.294177148
05-08-2020,MAHARASHTRA,WARDHA,4.519700626,0.971230147,1.832160415,0.393709579
05-08-2020,MAHARASHTRA,BULDANA,3.778093562,1.25545832,1.843296211,0.612526272
05-08-2020,MAHARASHTRA,SINDHUDURG,2.011310817,0.352784442,0.865019994,0.151724733
04-08-2020,MAHARASHTRA,WASHIM,2.293254121,0.40630805,1.370654114,0.242846092
04-08-2020,MAHARASHTRA,SATARA,1.375448959,0.496585011,0.504111292,0.182001746
04-08-2020,MAHARASHTRA,PUNE,1.385134251,0.742819503,0.571606015,0.306540753
04-08-2020,MAHARASHTRA,PARBHANI,1.945246472,0.421399418,0.818735972,0.177363058
04-08-2020,MAHARASHTRA,JALNA,1.857490148,0.492636857,0.781421027,0.207245674
04-08-2020,MAHARASHTRA,GONDIYA,2.415964829,0.449952967,0.846411356,0.157636939
04-08-2020,MAHARASHTRA,MUMBAI,2.27439032,0.011614334,0.009385642,4.79E-05
04-08-2020,MAHARASHTRA,NASHIK,1.76971001,0.938768633,0.962057986,0.51033777
04-08-2020,MAHARASHTRA,GARHCHIROLI,2.303572679,1.136137731,0.477045909,0.235282291
04-08-2020,MAHARASHTRA,RATNAGIRI,1.895136707,0.538818472,0.899543953,0.25575511
04-08-2020,MAHARASHTRA,OSMANABAD,1.518262723,0.393934523,0.741546684,0.19240467
04-08-2020,MAHARASHTRA,BID,1.670838555,0.631442063,0.80157059,0.302928961
04-08-2020,MAHARASHTRA,LATUR,1.484079279,0.343429055,0.728906714,0.168675452
04-08-2020,MAHARASHTRA,YAVATMAL,2.373817233,1.095598689,1.049907187,0.48456845
04-08-2020,MAHARASHTRA,BHANDARA,2.209187175,0.290176506,0.93369061,0.122640165
04-08-2020,MAHARASHTRA,MUMBAI SUBURBAN,2.106030219,0.032596347,0.171214363,0.002649992
04-08-2020,MAHARASHTRA,NANDURBAR,2.371855871,0.476115637,0.911458468,0.182962057
04-08-2020,MAHARASHTRA,NAGPUR,2.090082062,0.705960528,0.739930615,0.249924066
04-08-2020,MAHARASHTRA,CHANDRAPUR,2.306720641,0.889332456,0.959568684,0.369951852
04-08-2020,MAHARASHTRA,JALGAON,1.961267526,0.786100346,0.709424944,0.284346315
04-08-2020,MAHARASHTRA,HINGOLI,2.332524991,0.373602719,0.96602668,0.154729401
04-08-2020,MAHARASHTRA,AKOLA,2.289072401,0.421565582,1.2157914,0.22390546
04-08-2020,MAHARASHTRA,AURANGABAD,1.894490424,0.653797923,0.818995046,0.282639201
04-08-2020,MAHARASHTRA,DHULE,2.457149151,0.600949992,0.871414143,0.213123539
04-08-2020,MAHARASHTRA,KOLHAPUR,1.365421898,0.361660488,0.376880235,0.099824596
04-08-2020,MAHARASHTRA,RAIGARH,2.053422328,0.5034544,0.417487194,0.102358761
04-08-2020,MAHARASHTRA,AMRAVATI,2.108108031,0.875878563,0.874666298,0.363407116
04-08-2020,MAHARASHTRA,NANDED,2.172939504,0.787374331,0.902973787,0.327196583
04-08-2020,MAHARASHTRA,SOLAPUR,1.468593718,0.75179776,0.778630431,0.398593979
04-08-2020,MAHARASHTRA,AHMADNAGAR,1.694600903,0.988053107,0.91752515,0.534971729
04-08-2020,MAHARASHTRA,THANE,1.742633106,0.566678421,0.520604436,0.169292836
04-08-2020,MAHARASHTRA,SANGLI,1.315579627,0.387934427,0.629826138,0.185721364
04-08-2020,MAHARASHTRA,WARDHA,2.191734605,0.470977815,0.907520446,0.195015398
04-08-2020,MAHARASHTRA,BULDANA,1.984275461,0.659373596,0.969902586,0.322298072
04-08-2020,MAHARASHTRA,SINDHUDURG,1.634897658,0.286761476,0.698825315,0.122574143
03-08-2020,MAHARASHTRA,WASHIM,4.757058339,0.84283337,2.856299458,0.506065793
03-08-2020,MAHARASHTRA,SATARA,1.807093302,0.652423663,0.691665789,0.249715456
03-08-2020,MAHARASHTRA,PUNE,2.457056601,1.317669793,1.048052774,0.562049519
03-08-2020,MAHARASHTRA,PARBHANI,4.214385598,0.912963813,1.784818535,0.386645858
03-08-2020,MAHARASHTRA,JALNA,3.842243784,1.019026078,1.620148072,0.429689845
03-08-2020,MAHARASHTRA,GONDIYA,4.578815131,0.852765498,1.53493959,0.285869485
03-08-2020,MAHARASHTRA,MUMBAI,2.289710273,0.011692567,0.009809769,5.01E-05
03-08-2020,MAHARASHTRA,NASHIK,3.374927393,1.79027974,1.747282775,0.926871777
03-08-2020,MAHARASHTRA,GARHCHIROLI,6.115594612,3.016252905,1.197275865,0.590504609
03-08-2020,MAHARASHTRA,RATNAGIRI,1.870778243,0.531892961,0.855643466,0.243273481
03-08-2020,MAHARASHTRA,OSMANABAD,3.650618184,0.947204005,1.78395643,0.462872475
03-08-2020,MAHARASHTRA,BID,3.949334105,1.492529405,1.841403932,0.695902003
03-08-2020,MAHARASHTRA,LATUR,3.967333157,0.918075938,1.926900079,0.4459017
03-08-2020,MAHARASHTRA,YAVATMAL,4.50285879,2.078224945,2.016410267,0.930643023
03-08-2020,MAHARASHTRA,BHANDARA,4.339414649,0.569981664,1.800840108,0.236540161
03-08-2020,MAHARASHTRA,MUMBAI SUBURBAN,2.378526879,0.036813948,0.193580906,0.002996173
03-08-2020,MAHARASHTRA,NANDURBAR,3.986312944,0.800194459,1.536151106,0.308360036
03-08-2020,MAHARASHTRA,NAGPUR,4.503289399,1.521062077,1.568771941,0.529879227
03-08-2020,MAHARASHTRA,CHANDRAPUR,4.890537786,1.885496624,1.960880755,0.75599744
03-08-2020,MAHARASHTRA,JALGAON,3.478528179,1.39423723,1.241946335,0.497787492
03-08-2020,MAHARASHTRA,HINGOLI,4.129506252,0.661426896,1.70389249,0.272914061
03-08-2020,MAHARASHTRA,AKOLA,4.62587777,0.851921876,2.458037693,0.452682969
03-08-2020,MAHARASHTRA,AURANGABAD,3.552342038,1.225930634,1.548737594,0.534476928
03-08-2020,MAHARASHTRA,DHULE,3.384255072,0.827694183,1.193827825,0.291976912
03-08-2020,MAHARASHTRA,KOLHAPUR,1.552162205,0.411122556,0.422016994,0.111780009
03-08-2020,MAHARASHTRA,RAIGARH,1.916737901,0.469942357,0.421444025,0.103328889
03-08-2020,MAHARASHTRA,AMRAVATI,4.260407952,1.77011801,1.784328491,0.741354357
03-08-2020,MAHARASHTRA,NANDED,4.009753813,1.452952197,1.718319591,0.622640776
03-08-2020,MAHARASHTRA,SOLAPUR,3.513990876,1.798870876,1.847652274,0.945844193
03-08-2020,MAHARASHTRA,AHMADNAGAR,3.545680436,2.067342562,1.93922159,1.130681516
03-08-2020,MAHARASHTRA,THANE,3.026201842,0.984075923,0.843218871,0.274202261
03-08-2020,MAHARASHTRA,SANGLI,2.423035083,0.714497783,1.201079782,0.354171035
03-08-2020,MAHARASHTRA,WARDHA,4.72270354,1.01485307,1.910366335,0.410515105
03-08-2020,MAHARASHTRA,BULDANA,4.024354662,1.337290743,1.951563745,0.648503511
03-08-2020,MAHARASHTRA,SINDHUDURG,1.859901357,0.326227184,0.774247205,0.135803162
02-08-2020,MAHARASHTRA,WASHIM,5.417073694,0.959771807,3.254110521,0.576548098
02-08-2020,MAHARASHTRA,SATARA,3.330879806,1.202563698,1.292171814,0.46651906
02-08-2020,MAHARASHTRA,PUNE,3.648277379,1.956497419,1.546591469,0.829405745
02-08-2020,MAHARASHTRA,PARBHANI,5.132575924,1.111871702,2.180536119,0.472370296
02-08-2020,MAHARASHTRA,JALNA,4.86231378,1.289565374,2.04722577,0.542957856
02-08-2020,MAHARASHTRA,GONDIYA,6.243741124,1.162843849,2.036448476,0.379271263
02-08-2020,MAHARASHTRA,MUMBAI,3.025448051,0.015449663,0.012993015,6.63E-05
02-08-2020,MAHARASHTRA,NASHIK,3.580448403,1.899301374,1.877762726,0.996086781
02-08-2020,MAHARASHTRA,GARHCHIROLI,6.521157783,3.216279422,1.305039449,0.643654342
02-08-2020,MAHARASHTRA,RATNAGIRI,2.307779035,0.656139459,1.074548597,0.305511803
02-08-2020,MAHARASHTRA,OSMANABAD,4.35491339,1.129943258,2.122184906,0.550630589
02-08-2020,MAHARASHTRA,BID,4.701654393,1.776845728,2.184784486,0.825672127
02-08-2020,MAHARASHTRA,LATUR,4.909104804,1.136010216,2.388793266,0.552787863
02-08-2020,MAHARASHTRA,YAVATMAL,5.48845305,2.533110757,2.414515902,1.114382531
02-08-2020,MAHARASHTRA,BHANDARA,5.619226341,0.738084797,2.324538149,0.305327845
02-08-2020,MAHARASHTRA,MUMBAI SUBURBAN,3.112162652,0.048168888,0.252520778,0.003908422
02-08-2020,MAHARASHTRA,NANDURBAR,4.219308088,0.846964852,1.623654044,0.325924981
02-08-2020,MAHARASHTRA,NAGPUR,5.231995087,1.767194734,1.83218731,0.618852218
02-08-2020,MAHARASHTRA,CHANDRAPUR,5.968722236,2.301179567,2.353998422,0.907559919
02-08-2020,MAHARASHTRA,JALGAON,4.366828835,1.750279149,1.545303758,0.619376909
02-08-2020,MAHARASHTRA,HINGOLI,5.221500122,0.83633258,2.128015143,0.340846185
02-08-2020,MAHARASHTRA,AKOLA,5.186775284,0.955219215,2.761804043,0.508625908
02-08-2020,MAHARASHTRA,AURANGABAD,4.273027263,1.474642634,1.877819903,0.648044845
02-08-2020,MAHARASHTRA,DHULE,3.819742614,0.934202261,1.349698688,0.330098568
02-08-2020,MAHARASHTRA,KOLHAPUR,2.460099781,0.651608772,0.72510469,0.192059111
02-08-2020,MAHARASHTRA,RAIGARH,3.260456431,0.799392854,0.684884123,0.167918659
02-08-2020,MAHARASHTRA,AMRAVATI,5.029763314,2.089770447,2.064580438,0.85779368
02-08-2020,MAHARASHTRA,NANDED,5.400917031,1.957046401,2.275877807,0.824674485
02-08-2020,MAHARASHTRA,SOLAPUR,4.34236018,2.222927018,2.285520216,1.169996138
02-08-2020,MAHARASHTRA,AHMADNAGAR,4.048000781,2.360225197,2.215184205,1.291584132
02-08-2020,MAHARASHTRA,THANE,3.285420855,1.068370099,0.920299224,0.299267648
02-08-2020,MAHARASHTRA,SANGLI,3.332821205,0.982772961,1.633202645,0.481594211
02-08-2020,MAHARASHTRA,WARDHA,5.379734477,1.156041238,2.181394438,0.468755835
02-08-2020,MAHARASHTRA,BULDANA,4.835759886,1.606920232,2.358286808,0.783657352
02-08-2020,MAHARASHTRA,SINDHUDURG,1.913207643,0.33557712,0.782085619,0.137178022
01-08-2020,MAHARASHTRA,WASHIM,4.565946703,0.808973103,2.721248794,0.482138147
01-08-2020,MAHARASHTRA,SATARA,4.106745582,1.482678283,1.565525158,0.565209144
01-08-2020,MAHARASHTRA,PUNE,4.091372171,2.1941202,1.734884613,0.930383553
01-08-2020,MAHARASHTRA,PARBHANI,4.467250281,0.967741977,1.901359892,0.411892253
01-08-2020,MAHARASHTRA,JALNA,4.129178048,1.095125751,1.730617657,0.458988191
01-08-2020,MAHARASHTRA,GONDIYA,5.6895896,1.059637826,1.816622801,0.338330595
01-08-2020,MAHARASHTRA,MUMBAI,3.074317677,0.015699219,0.013674352,0.000069829
01-08-2020,MAHARASHTRA,NASHIK,3.7559157,1.992380576,1.948463286,1.033590931
01-08-2020,MAHARASHTRA,GARHCHIROLI,7.465854821,3.682210434,1.455381454,0.717804043
01-08-2020,MAHARASHTRA,RATNAGIRI,3.63429825,1.033290644,1.654177339,0.470309768
01-08-2020,MAHARASHTRA,OSMANABAD,3.922615632,1.017777551,1.902212011,0.493555541
01-08-2020,MAHARASHTRA,BID,3.957073798,1.495454384,1.8535012,0.700473794
01-08-2020,MAHARASHTRA,LATUR,4.253565425,0.984312613,2.078942855,0.481085741
01-08-2020,MAHARASHTRA,YAVATMAL,4.674767213,2.157566623,2.050882483,0.946553142
01-08-2020,MAHARASHTRA,BHANDARA,4.8100014,0.631793185,2.012242771,0.264307879
01-08-2020,MAHARASHTRA,MUMBAI SUBURBAN,3.480328817,0.053867226,0.276498884,0.004279546
01-08-2020,MAHARASHTRA,NANDURBAR,4.006613393,0.804269479,1.546584417,0.310454372
01-08-2020,MAHARASHTRA,NAGPUR,4.797042495,1.620282147,1.645483308,0.555789787
01-08-2020,MAHARASHTRA,CHANDRAPUR,5.55317759,2.140970596,2.165521096,0.834894422
01-08-2020,MAHARASHTRA,JALGAON,4.362218922,1.748431439,1.552767876,0.62236862
01-08-2020,MAHARASHTRA,HINGOLI,4.763616108,0.762992868,1.937542336,0.310337977
01-08-2020,MAHARASHTRA,AKOLA,4.591768911,0.845640239,2.410283629,0.443888372
01-08-2020,MAHARASHTRA,AURANGABAD,4.068072908,1.403911882,1.750016007,0.603939094
01-08-2020,MAHARASHTRA,DHULE,3.768194176,0.921594954,1.329506048,0.325160013
01-08-2020,MAHARASHTRA,KOLHAPUR,3.520888724,0.932580864,0.98536401,0.260994224
01-08-2020,MAHARASHTRA,RAIGARH,3.769597606,0.924223173,0.789345098,0.193530214
01-08-2020,MAHARASHTRA,AMRAVATI,4.969211707,2.064612413,1.974397735,0.820324493
01-08-2020,MAHARASHTRA,NANDED,4.897143755,1.774501905,2.055235574,0.744723787
01-08-2020,MAHARASHTRA,SOLAPUR,4.096140107,2.096882832,2.128479223,1.089604219
01-08-2020,MAHARASHTRA,AHMADNAGAR,3.978228437,2.319543771,2.136798563,1.245880641
01-08-2020,MAHARASHTRA,THANE,3.45982911,1.125085075,0.952356499,0.309692198
01-08-2020,MAHARASHTRA,SANGLI,4.102417805,1.209709446,1.987414721,0.586043274
01-08-2020,MAHARASHTRA,WARDHA,4.500583217,0.967122042,1.840295873,0.395457792
01-08-2020,MAHARASHTRA,BULDANA,4.563104508,1.516317007,2.208345555,0.733831959
01-08-2020,MAHARASHTRA,SINDHUDURG,3.36036525,0.589408942,1.426866831,0.250272815
23-09-2020,MAHARASHTRA,WASHIM,2.554045261,0.452513806,1.518639631,0.269065474
23-09-2020,MAHARASHTRA,SATARA,2.26241739,0.816811528,0.854896048,0.308647268
23-09-2020,MAHARASHTRA,PUNE,2.521280595,1.352111823,1.05962751,0.568256816
23-09-2020,MAHARASHTRA,PARBHANI,3.224620851,0.698550733,1.37797755,0.298511754
23-09-2020,MAHARASHTRA,JALNA,3.00025073,0.795715709,1.266021154,0.335769577
23-09-2020,MAHARASHTRA,GONDIYA,2.791606072,0.519912963,0.980139117,0.182542601
23-09-2020,MAHARASHTRA,MUMBAI,2.365257887,0.012078356,0.010131864,5.17E-05
23-09-2020,MAHARASHTRA,NASHIK,2.140371861,1.135391649,1.093115402,0.579859099
23-09-2020,MAHARASHTRA,GARHCHIROLI,2.97753121,1.468538667,0.626934192,0.309208212
23-09-2020,MAHARASHTRA,RATNAGIRI,2.001935486,0.569183117,0.962849668,0.273753964
23-09-2020,MAHARASHTRA,OSMANABAD,3.105882758,0.805864771,1.507341658,0.391100899
23-09-2020,MAHARASHTRA,BID,3.176366876,1.200410205,1.468954406,0.555146156
23-09-2020,MAHARASHTRA,LATUR,3.182211291,0.736391803,1.546269634,0.357820452
23-09-2020,MAHARASHTRA,YAVATMAL,2.166419261,0.999877358,0.957588073,0.441959989
23-09-2020,MAHARASHTRA,BHANDARA,2.98873508,0.392570043,1.243316206,0.163309455
23-09-2020,MAHARASHTRA,MUMBAI SUBURBAN,2.437957988,0.037733801,0.196703329,0.003044501
23-09-2020,MAHARASHTRA,NANDURBAR,3.147862843,0.631887772,1.207243349,0.242336578
23-09-2020,MAHARASHTRA,NAGPUR,3.355642409,1.133424916,1.164234306,0.393239806
23-09-2020,MAHARASHTRA,CHANDRAPUR,2.807939345,1.082572181,1.178116901,0.454210873
23-09-2020,MAHARASHTRA,JALGAON,2.705536273,1.084412489,0.973248727,0.390090159
23-09-2020,MAHARASHTRA,HINGOLI,2.607976291,0.417722013,1.041674741,0.166846022
23-09-2020,MAHARASHTRA,AKOLA,3.166675632,0.58318883,1.670120935,0.307576774
23-09-2020,MAHARASHTRA,AURANGABAD,2.780888116,0.959698107,1.190089222,0.410705619
23-09-2020,MAHARASHTRA,DHULE,2.582550113,0.631619562,0.901227424,0.220415034
23-09-2020,MAHARASHTRA,KOLHAPUR,1.697040678,0.449496643,0.482341177,0.127758128
23-09-2020,MAHARASHTRA,RAIGARH,2.576352458,0.63166547,0.535256631,0.13123326
23-09-2020,MAHARASHTRA,AMRAVATI,3.167943485,1.316219921,1.302875941,0.541320032
23-09-2020,MAHARASHTRA,NANDED,2.886988542,1.046113188,1.261638445,0.457160324
23-09-2020,MAHARASHTRA,SOLAPUR,3.16690644,1.62119253,1.657418586,0.848460377
23-09-2020,MAHARASHTRA,AHMADNAGAR,2.646524903,1.543081412,1.448084668,0.844319481
23-09-2020,MAHARASHTRA,THANE,2.577287316,0.838095582,0.721470474,0.23461149
23-09-2020,MAHARASHTRA,SANGLI,2.20104265,0.649037278,1.078981199,0.318166947
23-09-2020,MAHARASHTRA,WARDHA,3.165915735,0.680317804,1.276261591,0.274253504
23-09-2020,MAHARASHTRA,BULDANA,3.026292419,1.005635232,1.469621101,0.488354248
23-09-2020,MAHARASHTRA,SINDHUDURG,1.802591243,0.316174975,0.731924934,0.128379824
22-09-2020,MAHARASHTRA,WASHIM,2.434534512,0.43133945,1.45784398,0.258293985
22-09-2020,MAHARASHTRA,SATARA,1.681545856,0.60709666,0.663831618,0.23966635
22-09-2020,MAHARASHTRA,PUNE,2.222218666,1.191730955,0.935044991,0.50144573
22-09-2020,MAHARASHTRA,PARBHANI,2.551205837,0.552668605,1.08044675,0.234057554
22-09-2020,MAHARASHTRA,JALNA,2.353302137,0.624134329,0.993076379,0.263380146
22-09-2020,MAHARASHTRA,GONDIYA,3.282052435,0.61125444,1.120701334,0.208721122
22-09-2020,MAHARASHTRA,MUMBAI,2.625717839,0.013408413,0.011186585,5.71E-05
22-09-2020,MAHARASHTRA,NASHIK,2.806629453,1.488817761,1.424267723,0.755523705
22-09-2020,MAHARASHTRA,GARHCHIROLI,3.948768329,1.947559428,0.810000964,0.399497991
22-09-2020,MAHARASHTRA,RATNAGIRI,1.672181441,0.47542863,0.809297499,0.230096562
22-09-2020,MAHARASHTRA,OSMANABAD,2.718615413,0.705382836,1.311237938,0.340219043
22-09-2020,MAHARASHTRA,BID,2.516912666,0.951189761,1.190355778,0.44985837
22-09-2020,MAHARASHTRA,LATUR,2.909087507,0.673188547,1.397256798,0.323337566
22-09-2020,MAHARASHTRA,YAVATMAL,2.904026225,1.340308462,1.266194831,0.584392673
22-09-2020,MAHARASHTRA,BHANDARA,3.364592368,0.441938859,1.408305732,0.184980812
22-09-2020,MAHARASHTRA,MUMBAI SUBURBAN,2.701889925,0.04181884,0.220352509,0.003410534
22-09-2020,MAHARASHTRA,NANDURBAR,3.527452602,0.708084906,1.356455522,0.272288756
22-09-2020,MAHARASHTRA,NAGPUR,3.176525382,1.072925114,1.116108229,0.376984411
22-09-2020,MAHARASHTRA,CHANDRAPUR,3.605423423,1.390033978,1.448963015,0.558632811
22-09-2020,MAHARASHTRA,JALGAON,3.316004883,1.329095878,1.178802969,0.472478848
22-09-2020,MAHARASHTRA,HINGOLI,2.82431338,0.452372928,1.134156675,0.18165894
22-09-2020,MAHARASHTRA,AKOLA,2.688184533,0.495067817,1.399072193,0.257659252
22-09-2020,MAHARASHTRA,AURANGABAD,2.994846758,1.033536282,1.292065238,0.445898041
22-09-2020,MAHARASHTRA,DHULE,3.109114153,0.760402405,1.091552198,0.266963153
22-09-2020,MAHARASHTRA,KOLHAPUR,1.462393552,0.387345454,0.396938575,0.105137466
22-09-2020,MAHARASHTRA,RAIGARH,2.430442031,0.595891413,0.513922762,0.12600266
22-09-2020,MAHARASHTRA,AMRAVATI,2.964411073,1.231656097,1.159053136,0.481564407
22-09-2020,MAHARASHTRA,NANDED,2.968359346,1.075598262,1.226773904,0.444527001
22-09-2020,MAHARASHTRA,SOLAPUR,2.732901878,1.399018315,1.432386692,0.733262775
22-09-2020,MAHARASHTRA,AHMADNAGAR,2.809069925,1.637854827,1.50269651,0.876161433
22-09-2020,MAHARASHTRA,THANE,2.944888521,0.957634038,0.821640342,0.267185244
22-09-2020,MAHARASHTRA,SANGLI,2.12452265,0.626473275,1.042527453,0.307417569
22-09-2020,MAHARASHTRA,WARDHA,2.931773098,0.630003324,1.199192985,0.257692373
22-09-2020,MAHARASHTRA,BULDANA,2.417857658,0.803452711,1.176082301,0.390811473
22-09-2020,MAHARASHTRA,SINDHUDURG,1.834579392,0.321785704,0.770913644,0.135218454
21-09-2020,MAHARASHTRA,WASHIM,3.860326642,0.683954638,2.30717658,0.408774767
21-09-2020,MAHARASHTRA,SATARA,2.631103792,0.949920168,0.974480431,0.351821398
21-09-2020,MAHARASHTRA,PUNE,2.989662713,1.603295686,1.248324504,0.6694512
21-09-2020,MAHARASHTRA,PARBHANI,3.836177757,0.831032518,1.625548488,0.352143133
21-09-2020,MAHARASHTRA,JALNA,3.730939359,0.989506319,1.573259801,0.417254306
21-09-2020,MAHARASHTRA,GONDIYA,2.715508073,0.505740356,0.974860601,0.181559522
21-09-2020,MAHARASHTRA,MUMBAI,2.414307129,0.012328829,0.010481789,0.000053526
21-09-2020,MAHARASHTRA,NASHIK,3.508251326,1.861003376,1.79687864,0.953180631
21-09-2020,MAHARASHTRA,GARHCHIROLI,3.886262295,1.916731026,0.771446645,0.380482738
21-09-2020,MAHARASHTRA,RATNAGIRI,3.219818879,0.915447356,1.494428156,0.424890454
21-09-2020,MAHARASHTRA,OSMANABAD,3.714711197,0.963833834,1.812516174,0.470282701
21-09-2020,MAHARASHTRA,BID,3.868842936,1.462110242,1.814586084,0.685767022
21-09-2020,MAHARASHTRA,LATUR,3.851720913,0.891322243,1.864800923,0.431531406
21-09-2020,MAHARASHTRA,YAVATMAL,3.776930311,1.743183864,1.664355038,0.768157368
21-09-2020,MAHARASHTRA,BHANDARA,2.868239835,0.376743005,1.206688987,0.158498473
21-09-2020,MAHARASHTRA,MUMBAI SUBURBAN,2.523482643,0.039057519,0.202352305,0.003131933
21-09-2020,MAHARASHTRA,NANDURBAR,4.25152179,0.853431285,1.63474903,0.328152138
21-09-2020,MAHARASHTRA,NAGPUR,3.309309169,1.117775082,1.150958567,0.388755701
21-09-2020,MAHARASHTRA,CHANDRAPUR,3.40316768,1.312056353,1.412934172,0.544742261
21-09-2020,MAHARASHTRA,JALGAON,4.000253962,1.603351394,1.433408678,0.574527973
21-09-2020,MAHARASHTRA,HINGOLI,3.928061163,0.629161247,1.596367683,0.255691712
21-09-2020,MAHARASHTRA,AKOLA,3.843319421,0.707802509,2.027361761,0.373367806
21-09-2020,MAHARASHTRA,AURANGABAD,3.837564004,1.324362131,1.658153449,0.572236875
21-09-2020,MAHARASHTRA,DHULE,3.831170688,0.936997248,1.351214193,0.330469218
21-09-2020,MAHARASHTRA,KOLHAPUR,1.884519958,0.499154443,0.514996884,0.136407673
21-09-2020,MAHARASHTRA,RAIGARH,3.133606283,0.768291962,0.644277337,0.157962761
21-09-2020,MAHARASHTRA,AMRAVATI,3.908947845,1.624093059,1.581868497,0.657236102
21-09-2020,MAHARASHTRA,NANDED,3.942546515,1.428599333,1.66570493,0.603575619
21-09-2020,MAHARASHTRA,SOLAPUR,3.509056741,1.796345009,1.828619901,0.936101202
21-09-2020,MAHARASHTRA,AHMADNAGAR,3.629988714,2.116499302,1.976918948,1.152661318
21-09-2020,MAHARASHTRA,THANE,2.830351823,0.920388404,0.761105048,0.247500065
21-09-2020,MAHARASHTRA,SANGLI,2.707260563,0.798309395,1.31353599,0.387331806
21-09-2020,MAHARASHTRA,WARDHA,3.722902357,0.800007634,1.519782925,0.326583355
21-09-2020,MAHARASHTRA,BULDANA,3.758247111,1.248863356,1.821876484,0.605408509
21-09-2020,MAHARASHTRA,SINDHUDURG,2.007260154,0.352073955,0.895448992,0.157061987
20-09-2020,MAHARASHTRA,WASHIM,4.822431147,0.854415819,2.885828194,0.511297556
20-09-2020,MAHARASHTRA,SATARA,3.221527203,1.163083597,1.18693503,0.428524913
20-09-2020,MAHARASHTRA,PUNE,3.355234392,1.799344388,1.40838442,0.755288098
20-09-2020,MAHARASHTRA,PARBHANI,4.567272489,0.989409823,1.937012677,0.419615728
20-09-2020,MAHARASHTRA,JALNA,4.54322616,1.204938103,1.910776805,0.506769352
20-09-2020,MAHARASHTRA,GONDIYA,4.478376844,0.834059719,1.501677175,0.279674642
20-09-2020,MAHARASHTRA,MUMBAI,2.694424149,0.013759266,0.011630612,5.94E-05
20-09-2020,MAHARASHTRA,NASHIK,3.764183918,1.996766573,1.928274339,1.022881407
20-09-2020,MAHARASHTRA,GARHCHIROLI,4.453501069,2.196497052,0.927386467,0.45739332
20-09-2020,MAHARASHTRA,RATNAGIRI,3.314390326,0.942335571,1.473089725,0.418823588
20-09-2020,MAHARASHTRA,OSMANABAD,3.788628946,0.983012829,1.854684333,0.48122382
20-09-2020,MAHARASHTRA,BID,4.303426773,1.626347843,2.027566829,0.766256547
20-09-2020,MAHARASHTRA,LATUR,4.007333001,0.927332255,1.954840733,0.452367414
20-09-2020,MAHARASHTRA,YAVATMAL,4.583631434,2.115504311,2.022090281,0.933264546
20-09-2020,MAHARASHTRA,BHANDARA,4.285391688,0.562885754,1.784896723,0.234446
20-09-2020,MAHARASHTRA,MUMBAI SUBURBAN,2.895353529,0.044813198,0.236633219,0.00366252
20-09-2020,MAHARASHTRA,NANDURBAR,4.06109623,0.815206118,1.56766663,0.31468632
20-09-2020,MAHARASHTRA,NAGPUR,4.34691033,1.468242404,1.507317283,0.509121878
20-09-2020,MAHARASHTRA,CHANDRAPUR,4.550762091,1.754499594,1.835007622,0.707468345
20-09-2020,MAHARASHTRA,JALGAON,4.354624897,1.745387659,1.563968723,0.626858059
20-09-2020,MAHARASHTRA,HINGOLI,4.561659477,0.730645284,1.857689055,0.297547801
20-09-2020,MAHARASHTRA,AKOLA,4.800976749,0.88416887,2.53544317,0.4669383
20-09-2020,MAHARASHTRA,AURANGABAD,4.378659197,1.511096732,1.892515589,0.653116398
20-09-2020,MAHARASHTRA,DHULE,3.809599609,0.931721566,1.350088196,0.33019383
20-09-2020,MAHARASHTRA,KOLHAPUR,3.346728539,0.886450904,0.905532902,0.239849289
20-09-2020,MAHARASHTRA,RAIGARH,3.264909113,0.800484554,0.673891381,0.165223479
20-09-2020,MAHARASHTRA,AMRAVATI,4.682872713,1.945644038,1.888256834,0.784534596
20-09-2020,MAHARASHTRA,NANDED,4.59439326,1.664798911,1.940895971,0.703292321
20-09-2020,MAHARASHTRA,SOLAPUR,3.765807724,1.927780144,1.962001165,1.004381309
20-09-2020,MAHARASHTRA,AHMADNAGAR,4.007196866,2.336434088,2.184752958,1.273840905
20-09-2020,MAHARASHTRA,THANE,3.415558794,1.110689025,0.930490021,0.302581544
20-09-2020,MAHARASHTRA,SANGLI,3.118900632,0.919692663,1.503298912,0.443288563
20-09-2020,MAHARASHTRA,WARDHA,4.500917819,0.967193944,1.831186443,0.393500284
20-09-2020,MAHARASHTRA,BULDANA,4.630071026,1.538569942,2.237450318,0.743503455
20-09-2020,MAHARASHTRA,SINDHUDURG,3.252139702,0.570426152,1.320666465,0.231645243
19-09-2020,MAHARASHTRA,WASHIM,4.120822022,0.730107992,2.460461407,0.435933056
19-09-2020,MAHARASHTRA,SATARA,3.219642284,1.162403076,1.206570789,0.435614106
19-09-2020,MAHARASHTRA,PUNE,2.913627503,1.56251954,1.223988185,0.656400124
19-09-2020,MAHARASHTRA,PARBHANI,4.062100583,0.879974258,1.722846582,0.373220852
19-09-2020,MAHARASHTRA,JALNA,4.165986097,1.10488785,1.751938051,0.464642709
19-09-2020,MAHARASHTRA,GONDIYA,4.783779241,0.890938326,1.584370032,0.295075486
19-09-2020,MAHARASHTRA,MUMBAI,2.446728593,0.012494392,0.010297711,0.000052586
19-09-2020,MAHARASHTRA,NASHIK,3.791020934,2.011002662,1.934430898,1.026147244
19-09-2020,MAHARASHTRA,GARHCHIROLI,5.182414695,2.556002216,1.034157549,0.510053545
19-09-2020,MAHARASHTRA,RATNAGIRI,3.445588943,0.979637491,1.56528712,0.44503682
19-09-2020,MAHARASHTRA,OSMANABAD,3.273966615,0.849476481,1.596677373,0.414280302
19-09-2020,MAHARASHTRA,BID,3.782164971,1.42935297,1.788469857,0.675897197
19-09-2020,MAHARASHTRA,LATUR,3.44088891,0.796252089,1.688078639,0.390636309
19-09-2020,MAHARASHTRA,YAVATMAL,3.8149671,1.760739157,1.685029016,0.777699123
19-09-2020,MAHARASHTRA,BHANDARA,4.250500983,0.558302863,1.764630463,0.231784028
19-09-2020,MAHARASHTRA,MUMBAI SUBURBAN,2.460094209,0.038076417,0.20001314,0.003095729
19-09-2020,MAHARASHTRA,NANDURBAR,4.268896839,0.856919074,1.643925004,0.329994082
19-09-2020,MAHARASHTRA,NAGPUR,3.875736371,1.309095439,1.360140687,0.459410496
19-09-2020,MAHARASHTRA,CHANDRAPUR,4.337336257,1.672215455,1.739994296,0.670836933
19-09-2020,MAHARASHTRA,JALGAON,4.298732106,1.722985135,1.544521944,0.619063548
19-09-2020,MAHARASHTRA,HINGOLI,4.084435876,0.654207932,1.659367174,0.265782399
19-09-2020,MAHARASHTRA,AKOLA,4.244145365,0.781620367,2.241362689,0.412779153
19-09-2020,MAHARASHTRA,AURANGABAD,4.148525027,1.431676303,1.797544388,0.620341371
19-09-2020,MAHARASHTRA,DHULE,3.851829895,0.942049913,1.364121687,0.33362603
19-09-2020,MAHARASHTRA,KOLHAPUR,3.459563148,0.916337505,0.973177644,0.25776641
19-09-2020,MAHARASHTRA,RAIGARH,3.103729849,0.760966912,0.63390995,0.155420903
19-09-2020,MAHARASHTRA,AMRAVATI,3.91532894,1.626744282,1.576465228,0.654991147
19-09-2020,MAHARASHTRA,NANDED,4.044415377,1.46551197,1.72062906,0.623477622
19-09-2020,MAHARASHTRA,SOLAPUR,3.62989951,1.85820645,1.889724148,0.967381491
19-09-2020,MAHARASHTRA,AHMADNAGAR,3.635764199,2.119866753,1.984267634,1.156946039
19-09-2020,MAHARASHTRA,THANE,3.21881995,1.046712473,0.889073569,0.289113529
19-09-2020,MAHARASHTRA,SANGLI,3.755791863,1.107497361,1.816766938,0.535723135
19-09-2020,MAHARASHTRA,WARDHA,3.87471782,0.832630979,1.578337778,0.3391661
19-09-2020,MAHARASHTRA,BULDANA,4.239467983,1.408772775,2.057098698,0.683572716
19-09-2020,MAHARASHTRA,SINDHUDURG,2.618106813,0.459216618,1.081598526,0.189712664
18-09-2020,MAHARASHTRA,WASHIM,3.358698726,0.595078547,1.993712325,0.353236634
18-09-2020,MAHARASHTRA,SATARA,2.849242628,1.028675891,1.035479419,0.373844159
18-09-2020,MAHARASHTRA,PUNE,2.632897012,1.411969451,1.096028269,0.587777808
18-09-2020,MAHARASHTRA,PARBHANI,4.06254994,0.880071602,1.727044492,0.374130247
18-09-2020,MAHARASHTRA,JALNA,3.857460599,1.023061827,1.62691303,0.431484023
18-09-2020,MAHARASHTRA,GONDIYA,5.726729784,1.06655487,1.858045429,0.346045208
18-09-2020,MAHARASHTRA,MUMBAI,2.547570668,0.013009349,0.010961379,5.60E-05
18-09-2020,MAHARASHTRA,NASHIK,2.6843678,1.423962274,1.415445438,0.750843794
18-09-2020,MAHARASHTRA,GARHCHIROLI,5.701309738,2.811924784,1.12540456,0.555057192
18-09-2020,MAHARASHTRA,RATNAGIRI,3.212854791,0.913467351,1.440139873,0.409455404
18-09-2020,MAHARASHTRA,OSMANABAD,2.948205264,0.764953137,1.426297333,0.370072815
18-09-2020,MAHARASHTRA,BID,3.556026622,1.343890934,1.647005115,0.622434947
18-09-2020,MAHARASHTRA,LATUR,3.492813542,0.808267907,1.709710074,0.395642014
18-09-2020,MAHARASHTRA,YAVATMAL,3.31396551,1.529509609,1.473368456,0.68001046
18-09-2020,MAHARASHTRA,BHANDARA,5.089485192,0.668503352,2.095241794,0.275209792
18-09-2020,MAHARASHTRA,MUMBAI SUBURBAN,2.6811428,0.041497724,0.216732464,0.003354504
18-09-2020,MAHARASHTRA,NANDURBAR,3.770537837,0.756880738,1.444301343,0.289922529
18-09-2020,MAHARASHTRA,NAGPUR,4.733439188,1.598799056,1.628948369,0.550204832
18-09-2020,MAHARASHTRA,CHANDRAPUR,4.194963936,1.617325269,1.730598455,0.667214463
18-09-2020,MAHARASHTRA,JALGAON,3.418065652,1.3700031,1.216198742,0.487467537
18-09-2020,MAHARASHTRA,HINGOLI,3.982666643,0.637907458,1.614065567,0.258526398
18-09-2020,MAHARASHTRA,AKOLA,3.54462497,0.652793633,1.831684133,0.337330959
18-09-2020,MAHARASHTRA,AURANGABAD,3.507614244,1.210494853,1.507418262,0.520217424
18-09-2020,MAHARASHTRA,DHULE,3.437976691,0.840832989,1.204679411,0.294630907
18-09-2020,MAHARASHTRA,KOLHAPUR,2.418361943,0.640553635,0.653886518,0.173195492
18-09-2020,MAHARASHTRA,RAIGARH,2.906857868,0.712698193,0.609019163,0.149318225
18-09-2020,MAHARASHTRA,AMRAVATI,3.914251151,1.626296481,1.523651478,0.633048044
18-09-2020,MAHARASHTRA,NANDED,3.838115659,1.390758346,1.641848876,0.594931271
18-09-2020,MAHARASHTRA,SOLAPUR,2.857233619,1.462665819,1.485905465,0.760659933
18-09-2020,MAHARASHTRA,AHMADNAGAR,2.933954009,1.710669675,1.597168961,0.931244491
18-09-2020,MAHARASHTRA,THANE,2.722163038,0.885207017,0.749479765,0.243719696
18-09-2020,MAHARASHTRA,SANGLI,2.855754875,0.842096981,1.375225339,0.405522588
18-09-2020,MAHARASHTRA,WARDHA,4.195530447,0.901569814,1.693701023,0.363956295
18-09-2020,MAHARASHTRA,BULDANA,3.472823316,1.154017193,1.685647914,0.560139834
18-09-2020,MAHARASHTRA,SINDHUDURG,2.767381919,0.485399511,1.123727154,0.197102036
17-09-2020,MAHARASHTRA,WASHIM,3.746945037,0.663866215,2.232675125,0.395574947
17-09-2020,MAHARASHTRA,SATARA,3.008142217,1.08604418,1.151322315,0.415667482
17-09-2020,MAHARASHTRA,PUNE,2.940636399,1.577003865,1.241205906,0.66563364
17-09-2020,MAHARASHTRA,PARBHANI,4.286297263,0.928542062,1.820310042,0.394334395
17-09-2020,MAHARASHTRA,JALNA,3.928500617,1.041902805,1.65902037,0.439999416
17-09-2020,MAHARASHTRA,GONDIYA,3.347057918,0.62336116,1.144731701,0.213196574
17-09-2020,MAHARASHTRA,MUMBAI,2.279711203,0.011641506,0.009913495,0.000050624
17-09-2020,MAHARASHTRA,NASHIK,3.164694721,1.678758735,1.649354704,0.874924396
17-09-2020,MAHARASHTRA,GARHCHIROLI,5.143979364,2.537045648,1.036955961,0.511433741
17-09-2020,MAHARASHTRA,RATNAGIRI,3.345402341,0.951152795,1.518408087,0.431708342
17-09-2020,MAHARASHTRA,OSMANABAD,3.916813241,1.016272039,1.901286181,0.493315322
17-09-2020,MAHARASHTRA,BID,4.019858127,1.519181791,1.881918866,0.711213377
17-09-2020,MAHARASHTRA,LATUR,4.091424169,0.946791694,1.997590585,0.462260107
17-09-2020,MAHARASHTRA,YAVATMAL,3.9886501,1.840899864,1.755739953,0.810334665
17-09-2020,MAHARASHTRA,BHANDARA,3.324428498,0.436663338,1.400225179,0.183919432
17-09-2020,MAHARASHTRA,MUMBAI SUBURBAN,2.44291206,0.037810478,0.196963969,0.003048535
17-09-2020,MAHARASHTRA,NANDURBAR,3.832034978,0.769225397,1.469209789,0.294922538
17-09-2020,MAHARASHTRA,NAGPUR,3.404270763,1.149849965,1.205866835,0.407301896
17-09-2020,MAHARASHTRA,CHANDRAPUR,4.803374022,1.85189153,1.925188263,0.742236566
17-09-2020,MAHARASHTRA,JALGAON,3.651816821,1.463693467,1.295043285,0.519069408
17-09-2020,MAHARASHTRA,HINGOLI,4.163290183,0.6668381,1.68167845,0.269356017
17-09-2020,MAHARASHTRA,AKOLA,3.948333418,0.727142346,2.059195761,0.379230495
17-09-2020,MAHARASHTRA,AURANGABAD,3.643146954,1.257267855,1.582411386,0.546097919
17-09-2020,MAHARASHTRA,DHULE,3.635879945,0.889234592,1.282811272,0.313739776
17-09-2020,MAHARASHTRA,KOLHAPUR,2.896675839,0.767245053,0.792617558,0.209941303
17-09-2020,MAHARASHTRA,RAIGARH,2.960073899,0.725745604,0.607873012,0.149037214
17-09-2020,MAHARASHTRA,AMRAVATI,4.295815651,1.784829232,1.718809538,0.714132485
17-09-2020,MAHARASHTRA,NANDED,4.454335486,1.614048352,1.895235786,0.686747149
17-09-2020,MAHARASHTRA,SOLAPUR,4.031819021,2.06395579,2.100885263,1.075478408
17-09-2020,MAHARASHTRA,AHMADNAGAR,3.474820891,2.026027233,1.917812028,1.118198468
17-09-2020,MAHARASHTRA,THANE,2.698410798,0.877483141,0.749249804,0.243644916
17-09-2020,MAHARASHTRA,SANGLI,3.548139017,1.046265273,1.721697784,0.507689409
17-09-2020,MAHARASHTRA,WARDHA,3.90082683,0.838241496,1.599896221,0.343798754
17-09-2020,MAHARASHTRA,BULDANA,3.817209574,1.268456549,1.849185063,0.614483134
17-09-2020,MAHARASHTRA,SINDHUDURG,3.1726149,0.556477481,1.338267959,0.234732549
16-09-2020,MAHARASHTRA,WASHIM,4.519415622,0.800728944,2.70237703,0.478794536
16-09-2020,MAHARASHTRA,SATARA,3.45698276,1.248091259,1.26283039,0.455925783
16-09-2020,MAHARASHTRA,PUNE,3.194412198,1.713098696,1.328290028,0.712335095
16-09-2020,MAHARASHTRA,PARBHANI,4.48236307,0.971015866,1.900233422,0.411648225
16-09-2020,MAHARASHTRA,JALNA,4.35793307,1.155795336,1.835553233,0.486818827
16-09-2020,MAHARASHTRA,GONDIYA,4.900483425,0.912673491,1.624980556,0.302638852
16-09-2020,MAHARASHTRA,MUMBAI,2.767624476,0.014133069,0.011697585,5.97E-05
16-09-2020,MAHARASHTRA,NASHIK,3.236595783,1.716899708,1.655295182,0.878075609
16-09-2020,MAHARASHTRA,GARHCHIROLI,5.447879716,2.686931372,1.104052373,0.544526148
16-09-2020,MAHARASHTRA,RATNAGIRI,3.200474524,0.909947438,1.448417911,0.411808986
16-09-2020,MAHARASHTRA,OSMANABAD,3.869338753,1.003954119,1.884547986,0.488972363
16-09-2020,MAHARASHTRA,BID,4.223000319,1.595953137,1.987780974,0.751220706
16-09-2020,MAHARASHTRA,LATUR,3.98817964,0.922899998,1.944092543,0.449880188
16-09-2020,MAHARASHTRA,YAVATMAL,4.481084472,2.068175345,1.978166585,0.912992242
16-09-2020,MAHARASHTRA,BHANDARA,4.868851723,0.639523169,2.02731245,0.26628728
16-09-2020,MAHARASHTRA,MUMBAI SUBURBAN,2.759743883,0.042714282,0.223390501,0.003457555
16-09-2020,MAHARASHTRA,NANDURBAR,3.926332376,0.788154231,1.508202267,0.302749712
16-09-2020,MAHARASHTRA,NAGPUR,4.678302808,1.580175812,1.63059603,0.550761358
16-09-2020,MAHARASHTRA,CHANDRAPUR,5.397755733,2.081049295,2.121437869,0.817898586
16-09-2020,MAHARASHTRA,JALGAON,4.24522664,1.701539481,1.520880848,0.609587904
16-09-2020,MAHARASHTRA,HINGOLI,4.425163687,0.708782626,1.797563896,0.287917498
16-09-2020,MAHARASHTRA,AKOLA,4.512400988,0.831023496,2.383361305,0.438930239
16-09-2020,MAHARASHTRA,AURANGABAD,4.134937655,1.426987234,1.788515834,0.617225573
16-09-2020,MAHARASHTRA,DHULE,3.524611928,0.862021546,1.238210668,0.302831715
16-09-2020,MAHARASHTRA,KOLHAPUR,2.70394089,0.716195179,0.761140629,0.201603982
16-09-2020,MAHARASHTRA,RAIGARH,3.272722763,0.802400291,0.662465858,0.16242219
16-09-2020,MAHARASHTRA,AMRAVATI,4.441503022,1.845359548,1.790973295,0.744115146
16-09-2020,MAHARASHTRA,NANDED,4.451538265,1.613034766,1.882675956,0.682196038
16-09-2020,MAHARASHTRA,SOLAPUR,3.998121923,2.04670568,2.086710921,1.068222325
16-09-2020,MAHARASHTRA,AHMADNAGAR,3.798856902,2.214959498,2.079564062,1.212509523
16-09-2020,MAHARASHTRA,THANE,2.752246839,0.894989823,0.749168111,0.24361835
16-09-2020,MAHARASHTRA,SANGLI,3.733191602,1.10083306,1.815903492,0.535468524
16-09-2020,MAHARASHTRA,WARDHA,4.466213438,0.959736384,1.793974006,0.385503772
16-09-2020,MAHARASHTRA,BULDANA,4.423551571,1.469943646,2.141580201,0.711645871
16-09-2020,MAHARASHTRA,SINDHUDURG,2.447587887,0.429307554,1.022905561,0.179417902
15-09-2020,MAHARASHTRA,WASHIM,4.357072583,0.771965763,2.604528284,0.461458152
15-09-2020,MAHARASHTRA,SATARA,3.361953778,1.213782485,1.267663488,0.4576707
15-09-2020,MAHARASHTRA,PUNE,3.343479655,1.79304056,1.396722666,0.749034135
15-09-2020,MAHARASHTRA,PARBHANI,4.359210453,0.944337272,1.847061421,0.400129556
15-09-2020,MAHARASHTRA,JALNA,4.306849606,1.142247163,1.813650665,0.481009907
15-09-2020,MAHARASHTRA,GONDIYA,3.416485731,0.636291502,1.193629857,0.222303441
15-09-2020,MAHARASHTRA,MUMBAI,2.270433403,0.011594128,0.010178242,5.20E-05
15-09-2020,MAHARASHTRA,NASHIK,3.315203537,1.758598344,1.708111855,0.906092989
15-09-2020,MAHARASHTRA,GARHCHIROLI,4.42913075,2.184477445,0.861502527,0.424898912
15-09-2020,MAHARASHTRA,RATNAGIRI,3.239624963,0.921078551,1.456925037,0.414227701
15-09-2020,MAHARASHTRA,OSMANABAD,3.708207854,0.962146451,1.809057452,0.469385287
15-09-2020,MAHARASHTRA,BID,4.056814198,1.533148202,1.907523292,0.720889783
15-09-2020,MAHARASHTRA,LATUR,3.870114132,0.895578597,1.884852637,0.43617155
15-09-2020,MAHARASHTRA,YAVATMAL,3.908873187,1.804080062,1.730341457,0.798612381
15-09-2020,MAHARASHTRA,BHANDARA,3.439402096,0.451765109,1.452374365,0.190769222
15-09-2020,MAHARASHTRA,MUMBAI SUBURBAN,2.671133323,0.041342801,0.215391314,0.003333746
15-09-2020,MAHARASHTRA,NANDURBAR,3.232033153,0.64878374,1.242985648,0.249511326
15-09-2020,MAHARASHTRA,NAGPUR,3.79920138,1.283244453,1.344258037,0.454045863
15-09-2020,MAHARASHTRA,CHANDRAPUR,3.825707036,1.474962063,1.591595979,0.613623486
15-09-2020,MAHARASHTRA,JALGAON,3.9965808,1.601879145,1.434801043,0.575086051
15-09-2020,MAHARASHTRA,HINGOLI,4.252687072,0.681156884,1.729195964,0.276966942
15-09-2020,MAHARASHTRA,AKOLA,4.316261679,0.794901623,2.282913257,0.420431287
15-09-2020,MAHARASHTRA,AURANGABAD,4.02467015,1.388933378,1.738785785,0.60006349
15-09-2020,MAHARASHTRA,DHULE,3.316965539,0.811237044,1.168144297,0.285695439
15-09-2020,MAHARASHTRA,KOLHAPUR,3.68408306,0.97580629,1.003467578,0.265789332
15-09-2020,MAHARASHTRA,RAIGARH,3.339103933,0.818675507,0.690876073,0.169387755
15-09-2020,MAHARASHTRA,AMRAVATI,4.112154206,1.708521415,1.670887997,0.694222002
15-09-2020,MAHARASHTRA,NANDED,4.221018407,1.529504866,1.792446183,0.649500877
15-09-2020,MAHARASHTRA,SOLAPUR,3.884988774,1.988790923,2.020333563,1.034242642
15-09-2020,MAHARASHTRA,AHMADNAGAR,3.53646426,2.061968983,1.947811461,1.135689922
15-09-2020,MAHARASHTRA,THANE,3.261329324,1.060535891,0.881269696,0.286575825
15-09-2020,MAHARASHTRA,SANGLI,3.586489255,1.057573884,1.73377868,0.51125179
15-09-2020,MAHARASHTRA,WARDHA,3.97391782,0.853947885,1.627067848,0.349637614
15-09-2020,MAHARASHTRA,BULDANA,4.244485374,1.410440052,2.056163065,0.683261805
15-09-2020,MAHARASHTRA,SINDHUDURG,3.523983876,0.618107692,1.425981321,0.250117496
14-09-2020,MAHARASHTRA,WASHIM,4.470085814,0.791988919,2.680665155,0.474947727
14-09-2020,MAHARASHTRA,SATARA,3.029885869,1.093894397,1.139262302,0.411313397
14-09-2020,MAHARASHTRA,PUNE,3.419874587,1.834009619,1.442711296,0.773696908
14-09-2020,MAHARASHTRA,PARBHANI,4.368582109,0.946367457,1.856896408,0.402260113
14-09-2020,MAHARASHTRA,JALNA,4.064425093,1.077952206,1.711935743,0.454033441
14-09-2020,MAHARASHTRA,GONDIYA,4.76860994,0.888113172,1.644609066,0.306294495
14-09-2020,MAHARASHTRA,MUMBAI,2.507233565,0.012803365,0.010892886,5.56E-05
14-09-2020,MAHARASHTRA,NASHIK,3.430427125,1.819720386,1.783268101,0.945960722
14-09-2020,MAHARASHTRA,GARHCHIROLI,5.382381154,2.654627035,1.097426466,0.541258206
14-09-2020,MAHARASHTRA,RATNAGIRI,2.724760439,0.774694116,1.257653673,0.357571582
14-09-2020,MAHARASHTRA,OSMANABAD,4.015360598,1.041841531,1.950124869,0.505987203
14-09-2020,MAHARASHTRA,BID,4.186994501,1.582345845,1.962944318,0.741834455
14-09-2020,MAHARASHTRA,LATUR,4.173196229,0.965714471,2.027577787,0.46919941
14-09-2020,MAHARASHTRA,YAVATMAL,4.322900069,1.995167776,1.913353291,0.883078667
14-09-2020,MAHARASHTRA,BHANDARA,4.451574968,0.58471391,1.871946161,0.245879934
14-09-2020,MAHARASHTRA,MUMBAI SUBURBAN,2.728499055,0.042230687,0.221605848,0.003429932
14-09-2020,MAHARASHTRA,NANDURBAR,3.569043529,0.716433681,1.376216204,0.276255426
14-09-2020,MAHARASHTRA,NAGPUR,4.45033116,1.503174537,1.563674419,0.528157453
14-09-2020,MAHARASHTRA,CHANDRAPUR,4.81771278,1.857419691,1.936124805,0.746453037
14-09-2020,MAHARASHTRA,JALGAON,3.975854941,1.593571964,1.428480835,0.572552833
14-09-2020,MAHARASHTRA,HINGOLI,4.325680875,0.69284837,1.753593812,0.280874769
14-09-2020,MAHARASHTRA,AKOLA,4.450100811,0.819550023,2.356669401,0.434014541
14-09-2020,MAHARASHTRA,AURANGABAD,3.927591239,1.355430971,1.711423297,0.590620561
14-09-2020,MAHARASHTRA,DHULE,3.583682971,0.876468671,1.267872681,0.310086214
14-09-2020,MAHARASHTRA,KOLHAPUR,2.176180651,0.576406865,0.60445398,0.160102252
14-09-2020,MAHARASHTRA,RAIGARH,3.458419105,0.847928987,0.700137636,0.171658489
14-09-2020,MAHARASHTRA,AMRAVATI,4.44367862,1.846263467,1.808630737,0.751451475
14-09-2020,MAHARASHTRA,NANDED,4.468601025,1.619217533,1.89483884,0.686603314
14-09-2020,MAHARASHTRA,SOLAPUR,4.028745482,2.062382393,2.105386358,1.077782594
14-09-2020,MAHARASHTRA,AHMADNAGAR,3.871772137,2.257473417,2.114611257,1.232944123
14-09-2020,MAHARASHTRA,THANE,3.322138093,1.08031,0.915654587,0.297757281
14-09-2020,MAHARASHTRA,SANGLI,3.273825427,0.965376452,1.609676129,0.474656778
14-09-2020,MAHARASHTRA,WARDHA,4.536812978,0.974907389,1.84198451,0.39582066
14-09-2020,MAHARASHTRA,BULDANA,4.1448608,1.377334863,2.007687965,0.667153557
14-09-2020,MAHARASHTRA,SINDHUDURG,2.674568891,0.469120082,1.138057611,0.199615602
13-09-2020,MAHARASHTRA,WASHIM,4.127093377,0.731219121,2.48712813,0.440657742
13-09-2020,MAHARASHTRA,SATARA,2.858640234,1.032068754,1.081561365,0.390481347
13-09-2020,MAHARASHTRA,PUNE,2.868970124,1.53857069,1.221604751,0.655121937
13-09-2020,MAHARASHTRA,PARBHANI,4.155212633,0.900145153,1.767127334,0.382813407
13-09-2020,MAHARASHTRA,JALNA,3.373351797,0.894668232,1.429428358,0.379107848
13-09-2020,MAHARASHTRA,GONDIYA,4.167043188,0.776076465,1.44864416,0.269797693
13-09-2020,MAHARASHTRA,MUMBAI,2.685836311,0.013715412,0.011604838,5.93E-05
13-09-2020,MAHARASHTRA,NASHIK,2.538573583,1.346623593,1.324980071,0.702855114
13-09-2020,MAHARASHTRA,GARHCHIROLI,4.766841294,2.351038584,0.925177933,0.456304056
13-09-2020,MAHARASHTRA,RATNAGIRI,2.855161518,0.811769283,1.299268897,0.369403473
13-09-2020,MAHARASHTRA,OSMANABAD,3.726631453,0.966926712,1.797136425,0.466292209
13-09-2020,MAHARASHTRA,BID,3.688075115,1.393794602,1.714658685,0.648002534
13-09-2020,MAHARASHTRA,LATUR,4.101015214,0.949011147,1.999933712,0.462802327
13-09-2020,MAHARASHTRA,YAVATMAL,4.216061669,1.945858162,1.854178903,0.855767642
13-09-2020,MAHARASHTRA,BHANDARA,4.014743863,0.52733619,1.707577628,0.224290144
13-09-2020,MAHARASHTRA,MUMBAI SUBURBAN,2.742118309,0.04244148,0.216408493,0.00334949
13-09-2020,MAHARASHTRA,NANDURBAR,2.961439654,0.594466023,1.14260039,0.229360442
13-09-2020,MAHARASHTRA,NAGPUR,3.783465278,1.277929318,1.335088064,0.45094855
13-09-2020,MAHARASHTRA,CHANDRAPUR,4.261797323,1.643092195,1.756458695,0.677184613
13-09-2020,MAHARASHTRA,JALGAON,3.362055797,1.347553655,1.208111806,0.484226193
13-09-2020,MAHARASHTRA,HINGOLI,3.83678208,0.614540991,1.51517289,0.242686665
13-09-2020,MAHARASHTRA,AKOLA,3.66799536,0.675514063,1.967390714,0.362323276
13-09-2020,MAHARASHTRA,AURANGABAD,2.884014551,0.995287545,1.266468928,0.437064629
13-09-2020,MAHARASHTRA,DHULE,2.915496648,0.713048976,1.024662291,0.250603752
13-09-2020,MAHARASHTRA,KOLHAPUR,2.575822275,0.68226029,0.701957143,0.185928
13-09-2020,MAHARASHTRA,RAIGARH,2.92879312,0.718076239,0.596048047,0.14613799
13-09-2020,MAHARASHTRA,AMRAVATI,3.679372376,1.528708843,1.530934792,0.636074122
13-09-2020,MAHARASHTRA,NANDED,4.564573639,1.653993638,1.930014665,0.699349431
13-09-2020,MAHARASHTRA,SOLAPUR,3.676730486,1.882180012,1.922189041,0.984000815
13-09-2020,MAHARASHTRA,AHMADNAGAR,3.046389074,1.776226004,1.664399501,0.970443894
13-09-2020,MAHARASHTRA,THANE,2.42691742,0.789197524,0.68166545,0.221667487
13-09-2020,MAHARASHTRA,SANGLI,3.17017182,0.934811367,1.546936739,0.456156363
13-09-2020,MAHARASHTRA,WARDHA,3.99895696,0.859328499,1.649709115,0.354502955
13-09-2020,MAHARASHTRA,BULDANA,3.303582085,1.097778429,1.59410008,0.529718541
13-09-2020,MAHARASHTRA,SINDHUDURG,2.679240286,0.469939445,1.08888988,0.190991569
12-09-2020,MAHARASHTRA,WASHIM,3.883595327,0.688077275,2.327350655,0.412349115
12-09-2020,MAHARASHTRA,SATARA,2.667897275,0.963203898,1.042823034,0.37649546
12-09-2020,MAHARASHTRA,PUNE,3.317761575,1.779248474,1.423622648,0.763460052
12-09-2020,MAHARASHTRA,PARBHANI,4.148689023,0.898731941,1.782618728,0.386169313
12-09-2020,MAHARASHTRA,JALNA,3.916335351,1.038676377,1.637711288,0.434347898
12-09-2020,MAHARASHTRA,GONDIYA,4.35141783,0.810414679,1.471035895,0.273967964
12-09-2020,MAHARASHTRA,MUMBAI,3.029716732,0.015471462,0.013213816,6.75E-05
12-09-2020,MAHARASHTRA,NASHIK,3.751422634,1.989997163,1.956146531,1.03766662
12-09-2020,MAHARASHTRA,GARHCHIROLI,5.808695719,2.864888281,1.125461454,0.555085253
12-09-2020,MAHARASHTRA,RATNAGIRI,1.799494139,0.51162572,0.854222487,0.242869474
12-09-2020,MAHARASHTRA,OSMANABAD,3.785375396,0.98216865,1.847852466,0.479451196
12-09-2020,MAHARASHTRA,BID,4.284297924,1.619118682,2.007475561,0.758663669
12-09-2020,MAHARASHTRA,LATUR,4.15569397,0.961664294,2.019677838,0.467371292
12-09-2020,MAHARASHTRA,YAVATMAL,4.134638496,1.908278554,1.813518185,0.837001315
12-09-2020,MAHARASHTRA,BHANDARA,4.525229864,0.594388473,1.90576887,0.250322543
12-09-2020,MAHARASHTRA,MUMBAI SUBURBAN,3.119678447,0.048285215,0.244370594,0.003782277
12-09-2020,MAHARASHTRA,NANDURBAR,3.952389739,0.793384868,1.520239644,0.305166041
12-09-2020,MAHARASHTRA,NAGPUR,4.317552624,1.458326343,1.531696403,0.517356338
12-09-2020,MAHARASHTRA,CHANDRAPUR,4.936721281,1.903302196,1.974013728,0.761060722
12-09-2020,MAHARASHTRA,JALGAON,4.083329483,1.636649093,1.450267164,0.581285064
12-09-2020,MAHARASHTRA,HINGOLI,4.200578714,0.672810639,1.685237615,0.269926092
12-09-2020,MAHARASHTRA,AKOLA,4.293767844,0.79075906,2.268724556,0.417818234
12-09-2020,MAHARASHTRA,AURANGABAD,4.048239111,1.397067142,1.741164362,0.600884348
12-09-2020,MAHARASHTRA,DHULE,3.716932881,0.909057874,1.313972879,0.321361034
12-09-2020,MAHARASHTRA,KOLHAPUR,2.040251997,0.540403324,0.586910622,0.155455528
12-09-2020,MAHARASHTRA,RAIGARH,2.713051501,0.665181096,0.567740639,0.139197631
12-09-2020,MAHARASHTRA,AMRAVATI,4.071287645,1.691542141,1.629209338,0.676905316
12-09-2020,MAHARASHTRA,NANDED,4.497814941,1.629803326,1.908500123,0.691553541
12-09-2020,MAHARASHTRA,SOLAPUR,3.432184081,1.756992605,1.808767577,0.925938464
12-09-2020,MAHARASHTRA,AHMADNAGAR,3.855503566,2.247987872,2.107825723,1.228987753
12-09-2020,MAHARASHTRA,THANE,3.12401164,1.015882218,0.871627301,0.283440261
12-09-2020,MAHARASHTRA,SANGLI,2.942633969,0.867715644,1.443636936,0.425695607
12-09-2020,MAHARASHTRA,WARDHA,4.093012079,0.879539831,1.666156604,0.358037325
12-09-2020,MAHARASHTRA,BULDANA,4.08097908,1.356107004,1.986820972,0.660219468
12-09-2020,MAHARASHTRA,SINDHUDURG,1.698134589,0.29785325,0.703357022,0.123369005
11-09-2020,MAHARASHTRA,WASHIM,4.178913807,0.740400423,2.492032117,0.441526607
11-09-2020,MAHARASHTRA,SATARA,2.70281211,0.97580937,1.007277945,0.363662444
11-09-2020,MAHARASHTRA,PUNE,2.56513664,1.375630933,1.07850546,0.578380679
11-09-2020,MAHARASHTRA,PARBHANI,4.031037826,0.873245122,1.713046659,0.371097892
11-09-2020,MAHARASHTRA,JALNA,3.775432061,1.001306513,1.592686316,0.422406537
11-09-2020,MAHARASHTRA,GONDIYA,4.790345173,0.892161175,1.598927611,0.297786712
11-09-2020,MAHARASHTRA,MUMBAI,2.403362666,0.01227294,0.010374972,5.30E-05
11-09-2020,MAHARASHTRA,NASHIK,3.508807437,1.861298373,1.796012938,0.952721407
11-09-2020,MAHARASHTRA,GARHCHIROLI,5.70783089,2.815141061,1.137174971,0.560862439
11-09-2020,MAHARASHTRA,RATNAGIRI,3.122027277,0.887643598,1.416484039,0.402729662
11-09-2020,MAHARASHTRA,OSMANABAD,3.768054,0.977674371,1.843849493,0.478412569
11-09-2020,MAHARASHTRA,BID,3.941668867,1.489632564,1.8493519,0.698905693
11-09-2020,MAHARASHTRA,LATUR,3.606230757,0.834513653,1.748726134,0.404670675
11-09-2020,MAHARASHTRA,YAVATMAL,4.329241259,1.998094454,1.9049652,0.879207273
11-09-2020,MAHARASHTRA,BHANDARA,4.454551429,0.585104868,1.856318268,0.243827212
11-09-2020,MAHARASHTRA,MUMBAI SUBURBAN,2.546427256,0.039412647,0.205975723,0.003188015
11-09-2020,MAHARASHTRA,NANDURBAR,4.171812082,0.837430718,1.60738446,0.322659098
11-09-2020,MAHARASHTRA,NAGPUR,4.427401942,1.495429806,1.550234937,0.523618041
11-09-2020,MAHARASHTRA,CHANDRAPUR,4.883648281,1.882840446,1.948678524,0.751292994
11-09-2020,MAHARASHTRA,JALGAON,3.670231981,1.471074491,1.304514826,0.522865719
11-09-2020,MAHARASHTRA,HINGOLI,4.320977838,0.69209508,1.757556481,0.281509473
11-09-2020,MAHARASHTRA,AKOLA,3.888343881,0.71609441,2.054572485,0.378379052
11-09-2020,MAHARASHTRA,AURANGABAD,3.826814116,1.320652292,1.660859955,0.573170904
11-09-2020,MAHARASHTRA,DHULE,3.802229325,0.929919,1.344895623,0.328923872
11-09-2020,MAHARASHTRA,KOLHAPUR,3.506455131,0.928757825,0.965772827,0.25580509
11-09-2020,MAHARASHTRA,RAIGARH,2.862082032,0.701720134,0.586367596,0.143764554
11-09-2020,MAHARASHTRA,AMRAVATI,3.920971298,1.629088573,1.575442593,0.654566262
11-09-2020,MAHARASHTRA,NANDED,4.259155427,1.543323986,1.784672389,0.646684009
11-09-2020,MAHARASHTRA,SOLAPUR,3.746167932,1.917726205,1.968161661,1.00753497
11-09-2020,MAHARASHTRA,AHMADNAGAR,3.441316182,2.006491995,1.907056096,1.11192712
11-09-2020,MAHARASHTRA,THANE,3.049714671,0.991721946,0.848359101,0.275873788
11-09-2020,MAHARASHTRA,SANGLI,3.295150847,0.971664832,1.597837116,0.471165723
11-09-2020,MAHARASHTRA,WARDHA,4.343925927,0.933458246,1.760546974,0.378320698
11-09-2020,MAHARASHTRA,BULDANA,3.661891953,1.216844592,1.771349674,0.588618479
11-09-2020,MAHARASHTRA,SINDHUDURG,3.080242721,0.540275377,1.247452521,0.218803498
10-09-2020,MAHARASHTRA,WASHIM,4.813799125,0.852886438,2.883954314,0.510965551
10-09-2020,MAHARASHTRA,SATARA,3.765440473,1.359455244,1.388975027,0.501468393
10-09-2020,MAHARASHTRA,PUNE,3.501333656,1.877694471,1.442839472,0.773765646
10-09-2020,MAHARASHTRA,PARBHANI,3.925607704,0.850405758,1.672515866,0.362317692
10-09-2020,MAHARASHTRA,JALNA,4.15683647,1.102461219,1.743565345,0.46242213
10-09-2020,MAHARASHTRA,GONDIYA,5.000277844,0.931259356,1.644749962,0.306320736
10-09-2020,MAHARASHTRA,MUMBAI,2.670593447,0.013637573,0.011834123,6.04E-05
10-09-2020,MAHARASHTRA,NASHIK,3.623960271,1.922382883,1.838788377,0.975412266
10-09-2020,MAHARASHTRA,GARHCHIROLI,5.003673867,2.467846022,1.043191201,0.514509003
10-09-2020,MAHARASHTRA,RATNAGIRI,3.729603028,1.060387357,1.645164314,0.467747218
10-09-2020,MAHARASHTRA,OSMANABAD,3.902249164,1.012493186,1.893841924,0.491383805
10-09-2020,MAHARASHTRA,BID,4.110090483,1.553282336,1.906468008,0.720490971
10-09-2020,MAHARASHTRA,LATUR,4.259588807,0.985706477,2.027484243,0.469177764
10-09-2020,MAHARASHTRA,YAVATMAL,4.88172237,2.25308358,2.150777234,0.992658021
10-09-2020,MAHARASHTRA,BHANDARA,4.581379964,0.601763783,1.906826315,0.250461439
10-09-2020,MAHARASHTRA,MUMBAI SUBURBAN,3.02854063,0.046874618,0.244660602,0.003786765
10-09-2020,MAHARASHTRA,NANDURBAR,3.835637064,0.769948463,1.473813158,0.295846598
10-09-2020,MAHARASHTRA,NAGPUR,4.51675399,1.525609969,1.588795098,0.536642387
10-09-2020,MAHARASHTRA,CHANDRAPUR,5.011768048,1.932235707,1.995856657,0.769482039
10-09-2020,MAHARASHTRA,JALGAON,4.48388591,1.797197076,1.607531327,0.64431849
10-09-2020,MAHARASHTRA,HINGOLI,4.607374136,0.737967444,1.888218636,0.302437753
10-09-2020,MAHARASHTRA,AKOLA,4.673235998,0.860643574,2.472016894,0.45525744
10-09-2020,MAHARASHTRA,AURANGABAD,4.188670185,1.445530593,1.800716747,0.621436168
10-09-2020,MAHARASHTRA,DHULE,3.701183146,0.905205929,1.317120306,0.322130806
10-09-2020,MAHARASHTRA,KOLHAPUR,3.980468853,1.054310253,1.090655514,0.288882876
10-09-2020,MAHARASHTRA,RAIGARH,3.513432314,0.861417026,0.731881521,0.179441397
10-09-2020,MAHARASHTRA,AMRAVATI,4.605020531,1.913297945,1.866363534,0.775438348
10-09-2020,MAHARASHTRA,NANDED,4.329507631,1.568816421,1.780748527,0.645262179
10-09-2020,MAHARASHTRA,SOLAPUR,3.962228736,2.028331355,2.056044842,1.052523844
10-09-2020,MAHARASHTRA,AHMADNAGAR,3.684863134,2.148494352,2.017987765,1.17660688
10-09-2020,MAHARASHTRA,THANE,3.741738918,1.21675796,1.019677746,0.331584069
10-09-2020,MAHARASHTRA,SANGLI,3.892663368,1.147857647,1.883566515,0.555420807
10-09-2020,MAHARASHTRA,WARDHA,4.650369822,0.99930941,1.884091087,0.404868865
10-09-2020,MAHARASHTRA,BULDANA,4.560201578,1.515352365,2.209905016,0.734350168
10-09-2020,MAHARASHTRA,SINDHUDURG,3.640567186,0.638556435,1.477124603,0.259088041
09-09-2020,MAHARASHTRA,WASHIM,4.191528394,0.742635417,2.530419582,0.448327919
09-09-2020,MAHARASHTRA,SATARA,3.70947969,1.339251451,1.379212658,0.497943838
09-09-2020,MAHARASHTRA,PUNE,3.674266098,1.970434644,1.560961146,0.837111913
09-09-2020,MAHARASHTRA,PARBHANI,4.661326047,1.009784678,1.99574366,0.432338641
09-09-2020,MAHARASHTRA,JALNA,4.239831815,1.124472946,1.772699248,0.470148919
09-09-2020,MAHARASHTRA,GONDIYA,4.251248995,0.791759083,1.407377743,0.262112173
09-09-2020,MAHARASHTRA,MUMBAI,2.783810921,0.014215726,0.011949683,6.10E-05
09-09-2020,MAHARASHTRA,NASHIK,3.467354678,1.839309149,1.788953281,0.948976508
09-09-2020,MAHARASHTRA,GARHCHIROLI,4.860898724,2.397428349,0.991648536,0.48908781
09-09-2020,MAHARASHTRA,RATNAGIRI,3.815193414,1.084722109,1.703432904,0.484313934
09-09-2020,MAHARASHTRA,OSMANABAD,4.255361805,1.104113205,2.02423994,0.525217396
09-09-2020,MAHARASHTRA,BID,4.047711184,1.529707997,1.873930548,0.708194438
09-09-2020,MAHARASHTRA,LATUR,4.818552559,1.115055627,2.33355792,0.540005916
09-09-2020,MAHARASHTRA,YAVATMAL,4.717421259,2.177252939,2.065340805,0.953226157
09-09-2020,MAHARASHTRA,BHANDARA,4.212907253,0.553364931,1.753073741,0.230266054
09-09-2020,MAHARASHTRA,MUMBAI SUBURBAN,2.847580647,0.044073787,0.226588827,0.003507057
09-09-2020,MAHARASHTRA,NANDURBAR,3.477652377,0.698088234,1.349147587,0.270821794
09-09-2020,MAHARASHTRA,NAGPUR,4.076517705,1.376912727,1.434051079,0.48437498
09-09-2020,MAHARASHTRA,CHANDRAPUR,4.446139039,1.71416325,1.801676904,0.694618029
09-09-2020,MAHARASHTRA,JALGAON,4.008908597,1.606820279,1.418807804,0.568675762
09-09-2020,MAHARASHTRA,HINGOLI,4.716111627,0.75538403,1.923270541,0.30805205
09-09-2020,MAHARASHTRA,AKOLA,4.393871986,0.809194677,2.352267574,0.433203881
09-09-2020,MAHARASHTRA,AURANGABAD,4.005503143,1.38231875,1.760315843,0.607493618
09-09-2020,MAHARASHTRA,DHULE,3.503225021,0.856790906,1.248317223,0.305303496
09-09-2020,MAHARASHTRA,KOLHAPUR,3.654017169,0.967842711,1.005535706,0.266337119
09-09-2020,MAHARASHTRA,RAIGARH,3.582408206,0.878328412,0.723163427,0.177303911
09-09-2020,MAHARASHTRA,AMRAVATI,4.39185021,1.824729754,1.782659773,0.740661037
09-09-2020,MAHARASHTRA,NANDED,4.87113882,1.765078901,2.051330437,0.743308743
09-09-2020,MAHARASHTRA,SOLAPUR,4.388983879,2.246794472,2.289471478,1.172018855
09-09-2020,MAHARASHTRA,AHMADNAGAR,3.684085706,2.148041065,2.021294948,1.178535165
09-09-2020,MAHARASHTRA,THANE,3.018792933,0.981666656,0.831739174,0.270469234
09-09-2020,MAHARASHTRA,SANGLI,4.064892056,1.198643959,1.972919412,0.581768938
09-09-2020,MAHARASHTRA,WARDHA,4.415048447,0.948741633,1.787717028,0.384159221
09-09-2020,MAHARASHTRA,BULDANA,3.984715267,1.324118594,1.935457612,0.643151453
09-09-2020,MAHARASHTRA,SINDHUDURG,3.561332895,0.624658719,1.453372599,0.254921933
08-09-2020,MAHARASHTRA,WASHIM,4.161028882,0.737231656,2.48074465,0.439526746
08-09-2020,MAHARASHTRA,SATARA,3.462923015,1.250235899,1.265228889,0.456791725
08-09-2020,MAHARASHTRA,PUNE,3.974213702,2.131290482,1.623468045,0.870633099
08-09-2020,MAHARASHTRA,PARBHANI,3.945306651,0.854673148,1.673297812,0.362487085
08-09-2020,MAHARASHTRA,JALNA,3.964783697,1.051525673,1.677964883,0.445023812
08-09-2020,MAHARASHTRA,GONDIYA,4.083777221,0.760568885,1.394179528,0.259654117
08-09-2020,MAHARASHTRA,MUMBAI,2.810860717,0.014353858,0.012773062,6.52E-05
08-09-2020,MAHARASHTRA,NASHIK,3.954720118,2.097839295,2.005142796,1.063657408
08-09-2020,MAHARASHTRA,GARHCHIROLI,5.637190709,2.780300842,1.102157819,0.543591741
08-09-2020,MAHARASHTRA,RATNAGIRI,3.746307473,1.065136705,1.707909215,0.485586623
08-09-2020,MAHARASHTRA,OSMANABAD,4.119801751,1.068940251,1.993082674,0.517133208
08-09-2020,MAHARASHTRA,BID,3.972704438,1.501361504,1.863916706,0.704410014
08-09-2020,MAHARASHTRA,LATUR,3.902547471,0.903083958,1.874695176,0.433821024
08-09-2020,MAHARASHTRA,YAVATMAL,4.298585224,1.983945634,1.902866263,0.878238541
08-09-2020,MAHARASHTRA,BHANDARA,3.887927265,0.510678843,1.639551572,0.215354929
08-09-2020,MAHARASHTRA,MUMBAI SUBURBAN,3.355195283,0.051930456,0.268093373,0.004149449
08-09-2020,MAHARASHTRA,NANDURBAR,3.656512105,0.733991728,1.403062752,0.281644481
08-09-2020,MAHARASHTRA,NAGPUR,4.436653136,1.498554553,1.570785203,0.53055924
08-09-2020,MAHARASHTRA,CHANDRAPUR,4.530318308,1.746617703,1.833225142,0.706781129
08-09-2020,MAHARASHTRA,JALGAON,3.798714516,1.522571885,1.364382466,0.546861412
08-09-2020,MAHARASHTRA,HINGOLI,4.62999359,0.741590424,1.904744705,0.305084749
08-09-2020,MAHARASHTRA,AKOLA,3.887365385,0.715914206,2.056147411,0.378669097
08-09-2020,MAHARASHTRA,AURANGABAD,4.059507999,1.400956091,1.774560711,0.612409592
08-09-2020,MAHARASHTRA,DHULE,3.720763989,0.909994856,1.306787088,0.31960359
08-09-2020,MAHARASHTRA,KOLHAPUR,4.036401233,1.069125111,1.109656042,0.293915563
08-09-2020,MAHARASHTRA,RAIGARH,4.753551377,1.165467192,0.973617324,0.238709748
08-09-2020,MAHARASHTRA,AMRAVATI,4.345082737,1.805298764,1.747903225,0.726220356
08-09-2020,MAHARASHTRA,NANDED,4.298153626,1.557455157,1.804685395,0.653935811
08-09-2020,MAHARASHTRA,SOLAPUR,4.234738376,2.167833611,2.217380674,1.135114363
08-09-2020,MAHARASHTRA,AHMADNAGAR,3.904912818,2.276796405,2.116006071,1.233757382
08-09-2020,MAHARASHTRA,THANE,4.091713444,1.330564482,1.099801152,0.357639011
08-09-2020,MAHARASHTRA,SANGLI,4.030265267,1.188433308,1.967691218,0.580227263
08-09-2020,MAHARASHTRA,WARDHA,3.947937283,0.848364975,1.595430673,0.34283916
08-09-2020,MAHARASHTRA,BULDANA,4.074668948,1.354010151,1.972733039,0.655538056
08-09-2020,MAHARASHTRA,SINDHUDURG,4.346665866,0.762406327,1.812860897,0.317976275
07-09-2020,MAHARASHTRA,WASHIM,4.709584289,0.83442214,2.811218039,0.498078477
07-09-2020,MAHARASHTRA,SATARA,3.391006703,1.224271603,1.232496845,0.444974316
07-09-2020,MAHARASHTRA,PUNE,3.807145965,2.041695431,1.558139513,0.835598727
07-09-2020,MAHARASHTRA,PARBHANI,4.139020989,0.896637552,1.759249231,0.381106771
07-09-2020,MAHARASHTRA,JALNA,4.1725929,1.106640083,1.766418774,0.468483235
07-09-2020,MAHARASHTRA,GONDIYA,4.171015798,0.77681633,1.394603336,0.259733048
07-09-2020,MAHARASHTRA,MUMBAI,2.983746306,0.01523671,0.013387787,6.84E-05
07-09-2020,MAHARASHTRA,NASHIK,3.388347612,1.797398692,1.730496015,0.917966994
07-09-2020,MAHARASHTRA,GARHCHIROLI,4.208624618,2.075722319,0.884749179,0.43636432
07-09-2020,MAHARASHTRA,RATNAGIRI,3.644078638,1.036071369,1.619235052,0.460375103
07-09-2020,MAHARASHTRA,OSMANABAD,4.237117701,1.099379517,2.055661987,0.533370286
07-09-2020,MAHARASHTRA,BID,4.35537875,1.645981495,2.045024403,0.7728541
07-09-2020,MAHARASHTRA,LATUR,4.07539378,0.943082121,1.959734211,0.453499808
07-09-2020,MAHARASHTRA,YAVATMAL,4.392141514,2.027125095,1.940973865,0.895826516
07-09-2020,MAHARASHTRA,BHANDARA,4.013279342,0.527143825,1.697756935,0.223000197
07-09-2020,MAHARASHTRA,MUMBAI SUBURBAN,3.431749323,0.053115331,0.273576082,0.004234308
07-09-2020,MAHARASHTRA,NANDURBAR,3.662681461,0.735230136,1.405263271,0.282086203
07-09-2020,MAHARASHTRA,NAGPUR,3.823213279,1.291354877,1.347321688,0.455080663
07-09-2020,MAHARASHTRA,CHANDRAPUR,4.072294185,1.570031206,1.676949967,0.64653084
07-09-2020,MAHARASHTRA,JALGAON,3.836639432,1.537772661,1.376398469,0.551677575
07-09-2020,MAHARASHTRA,HINGOLI,4.543830918,0.727789668,1.866374027,0.298938882
07-09-2020,MAHARASHTRA,AKOLA,4.168910673,0.767764817,2.185220304,0.402439726
07-09-2020,MAHARASHTRA,AURANGABAD,3.933252922,1.357384845,1.702182328,0.587431457
07-09-2020,MAHARASHTRA,DHULE,3.632010798,0.888288307,1.290932619,0.31572603
07-09-2020,MAHARASHTRA,KOLHAPUR,3.95958057,1.048777555,1.089263048,0.288514053
07-09-2020,MAHARASHTRA,RAIGARH,4.561521686,1.118385697,0.942043262,0.230968476
07-09-2020,MAHARASHTRA,AMRAVATI,4.254736311,1.767761552,1.777873262,0.738672333
07-09-2020,MAHARASHTRA,NANDED,4.510390691,1.634360205,1.902270009,0.689296031
07-09-2020,MAHARASHTRA,SOLAPUR,4.228376441,2.16457683,2.213331257,1.133041399
07-09-2020,MAHARASHTRA,AHMADNAGAR,3.620943096,2.111225169,2.014201822,1.174399451
07-09-2020,MAHARASHTRA,THANE,3.806513051,1.237821547,1.050374378,0.341566158
07-09-2020,MAHARASHTRA,SANGLI,3.972093118,1.171279668,1.931255717,0.569483264
07-09-2020,MAHARASHTRA,WARDHA,4.103742785,0.881845732,1.65171809,0.35493466
07-09-2020,MAHARASHTRA,BULDANA,4.2882787,1.424992549,2.073013922,0.688861336
07-09-2020,MAHARASHTRA,SINDHUDURG,4.15411429,0.728632731,1.74468086,0.306017478
06-09-2020,MAHARASHTRA,WASHIM,5.066048397,0.897578785,3.036724516,0.538032661
06-09-2020,MAHARASHTRA,SATARA,3.239663122,1.169631296,1.167922746,0.421660816
06-09-2020,MAHARASHTRA,PUNE,3.197724197,1.714874855,1.29507126,0.694520541
06-09-2020,MAHARASHTRA,PARBHANI,4.239933511,0.918498267,1.808123447,0.391694409
06-09-2020,MAHARASHTRA,JALNA,4.025946395,1.067747024,1.673982182,0.443967534
06-09-2020,MAHARASHTRA,GONDIYA,4.455312314,0.829764146,1.504209101,0.280146192
06-09-2020,MAHARASHTRA,MUMBAI,2.584973963,0.013200351,0.011598231,5.92E-05
06-09-2020,MAHARASHTRA,NASHIK,3.549563028,1.882917774,1.797312343,0.953410696
06-09-2020,MAHARASHTRA,GARHCHIROLI,5.015593251,2.473724744,1.045215278,0.515507292
06-09-2020,MAHARASHTRA,RATNAGIRI,4.181428769,1.188848831,1.855301429,0.527492648
06-09-2020,MAHARASHTRA,OSMANABAD,3.558720481,0.923359859,1.736798853,0.450636781
06-09-2020,MAHARASHTRA,BID,3.882505847,1.46727372,1.812613239,0.685021446
06-09-2020,MAHARASHTRA,LATUR,3.859996353,0.893237253,1.876947784,0.434342297
06-09-2020,MAHARASHTRA,YAVATMAL,4.863296546,2.244579425,2.142608327,0.988887789
06-09-2020,MAHARASHTRA,BHANDARA,4.261355706,0.55972863,1.780649238,0.233888093
06-09-2020,MAHARASHTRA,MUMBAI SUBURBAN,3.00756828,0.046550016,0.242064207,0.003746579
06-09-2020,MAHARASHTRA,NANDURBAR,3.510402112,0.704662268,1.361392711,0.273279825
06-09-2020,MAHARASHTRA,NAGPUR,4.580839045,1.54725578,1.60246228,0.541258708
06-09-2020,MAHARASHTRA,CHANDRAPUR,4.883425022,1.882754371,1.976031784,0.761838763
06-09-2020,MAHARASHTRA,JALGAON,3.928536209,1.574606029,1.417025672,0.567961462
06-09-2020,MAHARASHTRA,HINGOLI,4.734072006,0.758260761,1.947217113,0.311887595
06-09-2020,MAHARASHTRA,AKOLA,4.622221504,0.851248522,2.46917665,0.454734368
06-09-2020,MAHARASHTRA,AURANGABAD,4.107309736,1.417452704,1.764391367,0.608900101
06-09-2020,MAHARASHTRA,DHULE,3.593815849,0.87894689,1.280918542,0.313276867
06-09-2020,MAHARASHTRA,KOLHAPUR,3.736492093,0.989687916,0.998125965,0.264374494
06-09-2020,MAHARASHTRA,RAIGARH,4.1048453,1.006418601,0.842813074,0.206639396
06-09-2020,MAHARASHTRA,AMRAVATI,4.9608611,2.061142895,2.014570797,0.837015631
06-09-2020,MAHARASHTRA,NANDED,4.455028556,1.614299488,1.856298899,0.672638194
06-09-2020,MAHARASHTRA,SOLAPUR,3.108855076,1.591475064,1.642873134,0.841014316
06-09-2020,MAHARASHTRA,AHMADNAGAR,3.435523294,2.003114397,1.869989894,1.09031532
06-09-2020,MAHARASHTRA,THANE,3.469455952,1.128215581,0.937515785,0.304866218
06-09-2020,MAHARASHTRA,SANGLI,3.832633329,1.130156157,1.847013641,0.544642197
06-09-2020,MAHARASHTRA,WARDHA,4.945291332,1.06268455,1.991974228,0.428051675
06-09-2020,MAHARASHTRA,BULDANA,4.387519468,1.457970199,2.115042072,0.702827266
06-09-2020,MAHARASHTRA,SINDHUDURG,3.814385332,0.669044183,1.561457091,0.273879981
05-09-2020,MAHARASHTRA,WASHIM,4.00982376,0.710441839,2.397922073,0.424852629
05-09-2020,MAHARASHTRA,SATARA,3.890239836,1.404512164,1.403634972,0.506761145
05-09-2020,MAHARASHTRA,PUNE,3.778705201,2.026443224,1.565594914,0.839596909
05-09-2020,MAHARASHTRA,PARBHANI,4.351741009,0.942719164,1.850233633,0.400816754
05-09-2020,MAHARASHTRA,JALNA,4.06724315,1.078699601,1.724217741,0.457290828
05-09-2020,MAHARASHTRA,GONDIYA,4.659348261,0.867764111,1.527376516,0.284460927
05-09-2020,MAHARASHTRA,MUMBAI,2.675950117,0.013664927,0.01222435,6.24E-05
05-09-2020,MAHARASHTRA,NASHIK,4.064394153,2.156017496,2.057308666,1.091329559
05-09-2020,MAHARASHTRA,GARHCHIROLI,6.221871787,3.068669531,1.233839572,0.608538078
05-09-2020,MAHARASHTRA,RATNAGIRI,4.426012338,1.258387954,2.006446084,0.570465555
05-09-2020,MAHARASHTRA,OSMANABAD,3.827632623,0.993132879,1.821270647,0.472554171
05-09-2020,MAHARASHTRA,BID,3.97220239,1.50117177,1.846219807,0.697722015
05-09-2020,MAHARASHTRA,LATUR,4.290213975,0.992793411,2.087029871,0.482957148
05-09-2020,MAHARASHTRA,YAVATMAL,3.902819176,1.801285926,1.732169675,0.799456167
05-09-2020,MAHARASHTRA,BHANDARA,4.524984102,0.594356192,1.911780824,0.251112213
05-09-2020,MAHARASHTRA,MUMBAI SUBURBAN,3.305500475,0.051161299,0.267190801,0.004135479
05-09-2020,MAHARASHTRA,NANDURBAR,4.33738625,0.870667329,1.681097988,0.337456019
05-09-2020,MAHARASHTRA,NAGPUR,4.330968154,1.462857665,1.547102023,0.522559846
05-09-2020,MAHARASHTRA,CHANDRAPUR,4.978301715,1.919333106,1.97399131,0.761052079
05-09-2020,MAHARASHTRA,JALGAON,4.575759461,1.834021135,1.64046393,0.657518286
05-09-2020,MAHARASHTRA,HINGOLI,3.963887517,0.634899588,1.595526959,0.255557052
05-09-2020,MAHARASHTRA,AKOLA,4.285098129,0.789162407,2.247082978,0.413832626
05-09-2020,MAHARASHTRA,AURANGABAD,3.946972674,1.362119599,1.703764365,0.587977426
05-09-2020,MAHARASHTRA,DHULE,4.235066675,1.035778916,1.512687059,0.369960967
05-09-2020,MAHARASHTRA,KOLHAPUR,4.253711647,1.12668431,1.197104851,0.317078205
05-09-2020,MAHARASHTRA,RAIGARH,4.13452093,1.013694418,0.857456889,0.21022974
05-09-2020,MAHARASHTRA,AMRAVATI,3.896507306,1.618924253,1.546643461,0.642600774
05-09-2020,MAHARASHTRA,NANDED,4.398807511,1.593927542,1.898394585,0.687891754
05-09-2020,MAHARASHTRA,SOLAPUR,3.777995179,1.934019107,1.972079893,1.009540778
05-09-2020,MAHARASHTRA,AHMADNAGAR,3.728106794,2.173707978,2.002133386,1.167362834
05-09-2020,MAHARASHTRA,THANE,4.165038647,1.354408749,1.104991178,0.359326731
05-09-2020,MAHARASHTRA,SANGLI,3.846022993,1.134104464,1.845390895,0.544163687
05-09-2020,MAHARASHTRA,WARDHA,3.749691228,0.805764245,1.539846527,0.330894785
05-09-2020,MAHARASHTRA,BULDANA,4.331777548,1.439447191,2.113919996,0.7024544
05-09-2020,MAHARASHTRA,SINDHUDURG,3.8267825,0.671218649,1.541881464,0.270446411
04-09-2020,MAHARASHTRA,WASHIM,4.391842877,0.778126201,2.616559335,0.463589758
04-09-2020,MAHARASHTRA,SATARA,3.359449456,1.212878337,1.264488225,0.456524319
04-09-2020,MAHARASHTRA,PUNE,3.652306058,1.958657918,1.561811706,0.837568051
04-09-2020,MAHARASHTRA,PARBHANI,4.6730248,1.012318983,1.9867967,0.430400458
04-09-2020,MAHARASHTRA,JALNA,4.49448386,1.192010845,1.886958957,0.500452468
04-09-2020,MAHARASHTRA,GONDIYA,4.527406502,0.843191077,1.578746299,0.294028113
04-09-2020,MAHARASHTRA,MUMBAI,2.23542095,0.011415334,0.010077877,5.15E-05
04-09-2020,MAHARASHTRA,NASHIK,3.870101305,2.052952005,1.968049755,1.04398086
04-09-2020,MAHARASHTRA,GARHCHIROLI,4.856467221,2.395242702,0.975574988,0.481160227
04-09-2020,MAHARASHTRA,RATNAGIRI,3.454445525,0.982155563,1.573914347,0.447489682
04-09-2020,MAHARASHTRA,OSMANABAD,4.294285845,1.114212592,2.073165568,0.537911836
04-09-2020,MAHARASHTRA,BID,4.520290219,1.708304715,2.10274063,0.794666173
04-09-2020,MAHARASHTRA,LATUR,4.649515198,1.075938888,2.257606959,0.522430193
04-09-2020,MAHARASHTRA,YAVATMAL,4.350426769,2.007872299,1.922963841,0.887514268
04-09-2020,MAHARASHTRA,BHANDARA,4.226646699,0.555169606,1.762453021,0.231498021
04-09-2020,MAHARASHTRA,MUMBAI SUBURBAN,2.75348627,0.042617429,0.226086503,0.003499282
04-09-2020,MAHARASHTRA,NANDURBAR,3.862156937,0.775271943,1.490027806,0.299101453
04-09-2020,MAHARASHTRA,NAGPUR,4.121763371,1.392195215,1.431774182,0.483605919
04-09-2020,MAHARASHTRA,CHANDRAPUR,4.415997866,1.702542631,1.813387624,0.699132977
04-09-2020,MAHARASHTRA,JALGAON,3.983325414,1.596566222,1.431976085,0.573953773
04-09-2020,MAHARASHTRA,HINGOLI,4.557365836,0.729957568,1.871326646,0.299732147
04-09-2020,MAHARASHTRA,AKOLA,4.097895074,0.754686274,2.178869606,0.401270153
04-09-2020,MAHARASHTRA,AURANGABAD,4.222311734,1.457140457,1.835767183,0.633532245
04-09-2020,MAHARASHTRA,DHULE,3.611391627,0.883245434,1.284268087,0.314096072
04-09-2020,MAHARASHTRA,KOLHAPUR,3.769658198,0.998472651,1.080635719,0.286228924
04-09-2020,MAHARASHTRA,RAIGARH,3.320537217,0.814123353,0.689722521,0.169104929
04-09-2020,MAHARASHTRA,AMRAVATI,4.312710986,1.791848921,1.747228936,0.725940202
04-09-2020,MAHARASHTRA,NANDED,4.523802075,1.63921988,1.929382294,0.699120289
04-09-2020,MAHARASHTRA,SOLAPUR,3.941691463,2.017817981,2.070306028,1.059824385
04-09-2020,MAHARASHTRA,AHMADNAGAR,4.133924317,2.410323728,2.236097862,1.303778038
04-09-2020,MAHARASHTRA,THANE,4.102287576,1.334003032,1.116082402,0.362933432
04-09-2020,MAHARASHTRA,SANGLI,4.093676891,1.20713195,1.974792009,0.582321124
04-09-2020,MAHARASHTRA,WARDHA,4.253170237,0.913955922,1.748095966,0.375645124
04-09-2020,MAHARASHTRA,BULDANA,4.08738279,1.358234953,1.976805516,0.656891337
04-09-2020,MAHARASHTRA,SINDHUDURG,3.154824341,0.553357013,1.298140149,0.227694121
03-09-2020,MAHARASHTRA,WASHIM,4.653407469,0.824468993,2.778350433,0.492255148
03-09-2020,MAHARASHTRA,SATARA,3.744908875,1.352042622,1.338073431,0.483091143
03-09-2020,MAHARASHTRA,PUNE,3.853763426,2.066695433,1.602749072,0.859521933
03-09-2020,MAHARASHTRA,PARBHANI,4.408872226,0.955095519,1.87730401,0.406681019
03-09-2020,MAHARASHTRA,JALNA,4.75958151,1.262319091,2.004361684,0.531589597
03-09-2020,MAHARASHTRA,GONDIYA,3.5899995,0.668606971,1.209398206,0.225240163
03-09-2020,MAHARASHTRA,MUMBAI,2.464972331,0.012587555,0.011267007,5.75E-05
03-09-2020,MAHARASHTRA,NASHIK,3.858646403,2.046875583,1.990663552,1.055976681
03-09-2020,MAHARASHTRA,GARHCHIROLI,4.778590446,2.356833346,0.965007185,0.475948115
03-09-2020,MAHARASHTRA,RATNAGIRI,4.431305527,1.259892895,1.957122414,0.556442026
03-09-2020,MAHARASHTRA,OSMANABAD,3.6435424,0.945368094,1.774915873,0.460526776
03-09-2020,MAHARASHTRA,BID,4.162595594,1.573125028,1.93458576,0.73111721
03-09-2020,MAHARASHTRA,LATUR,4.216366916,0.975704549,2.077866728,0.480836716
03-09-2020,MAHARASHTRA,YAVATMAL,4.702439956,2.17033855,2.06992544,0.955342124
03-09-2020,MAHARASHTRA,BHANDARA,3.845597446,0.505118826,1.640430984,0.21547044
03-09-2020,MAHARASHTRA,MUMBAI SUBURBAN,3.063054461,0.04740881,0.2489018,0.003852409
03-09-2020,MAHARASHTRA,NANDURBAR,3.424100299,0.687338431,1.328679256,0.266713074
03-09-2020,MAHARASHTRA,NAGPUR,4.0440052,1.365931079,1.436470558,0.4851922
03-09-2020,MAHARASHTRA,CHANDRAPUR,4.614188497,1.778952993,1.880050358,0.72483411
03-09-2020,MAHARASHTRA,JALGAON,4.42064714,1.771850193,1.586279113,0.635800339
03-09-2020,MAHARASHTRA,HINGOLI,4.580030656,0.733587813,1.871232488,0.299717066
03-09-2020,MAHARASHTRA,AKOLA,4.696093729,0.864853154,2.480024774,0.456732206
03-09-2020,MAHARASHTRA,AURANGABAD,4.140053663,1.428752794,1.778755819,0.613857344
03-09-2020,MAHARASHTRA,DHULE,3.582572135,0.876196992,1.287086031,0.314785262
03-09-2020,MAHARASHTRA,KOLHAPUR,4.145989469,1.098151843,1.122703197,0.297371374
03-09-2020,MAHARASHTRA,RAIGARH,4.023295883,0.986424461,0.825203547,0.202321924
03-09-2020,MAHARASHTRA,AMRAVATI,4.543094271,1.887568769,1.828140294,0.759557323
03-09-2020,MAHARASHTRA,NANDED,4.834452882,1.751785587,2.057287233,0.745467214
03-09-2020,MAHARASHTRA,SOLAPUR,3.574503111,1.829848104,1.87330599,0.95897676
03-09-2020,MAHARASHTRA,AHMADNAGAR,3.82384735,2.229530416,2.081583665,1.213687072
03-09-2020,MAHARASHTRA,THANE,3.858777911,1.254817304,1.032108893,0.335626493
03-09-2020,MAHARASHTRA,SANGLI,3.7770473,1.113765105,1.805477946,0.532394269
03-09-2020,MAHARASHTRA,WARDHA,4.352695176,0.935342653,1.774835425,0.381391117
03-09-2020,MAHARASHTRA,BULDANA,4.808496336,1.59786057,2.328098173,0.773625686
03-09-2020,MAHARASHTRA,SINDHUDURG,4.3748562,0.767350919,1.814811408,0.318318395
02-09-2020,MAHARASHTRA,WASHIM,3.673586685,0.650868925,2.200053502,0.3897952
02-09-2020,MAHARASHTRA,SATARA,3.386620985,1.222688206,1.260697472,0.455155725
02-09-2020,MAHARASHTRA,PUNE,3.352952411,1.798120608,1.399431825,0.750487002
02-09-2020,MAHARASHTRA,PARBHANI,4.041698288,0.875554501,1.71946556,0.37248842
02-09-2020,MAHARASHTRA,JALNA,3.867254652,1.025659371,1.630912503,0.432544749
02-09-2020,MAHARASHTRA,GONDIYA,3.000487733,0.558815402,1.002853967,0.186773049
02-09-2020,MAHARASHTRA,MUMBAI,2.388557433,0.012197336,0.010891259,0.000055617
02-09-2020,MAHARASHTRA,NASHIK,4.08794174,2.168508659,2.122868819,1.126106903
02-09-2020,MAHARASHTRA,GARHCHIROLI,5.086703658,2.50879688,0.999046646,0.492736608
02-09-2020,MAHARASHTRA,RATNAGIRI,3.215386502,0.914187158,1.411033874,0.401180091
02-09-2020,MAHARASHTRA,OSMANABAD,3.808237759,0.98810061,1.82381651,0.473214731
02-09-2020,MAHARASHTRA,BID,3.968792167,1.499882981,1.844701015,0.697148034
02-09-2020,MAHARASHTRA,LATUR,4.043061808,0.935600217,1.958260858,0.453158861
02-09-2020,MAHARASHTRA,YAVATMAL,3.94228153,1.819499167,1.754130782,0.809591976
02-09-2020,MAHARASHTRA,BHANDARA,3.232845258,0.424633889,1.363133747,0.179047476
02-09-2020,MAHARASHTRA,MUMBAI SUBURBAN,2.820771392,0.043658843,0.221604261,0.003429908
02-09-2020,MAHARASHTRA,NANDURBAR,4.120952614,0.827221418,1.596115119,0.320396941
02-09-2020,MAHARASHTRA,NAGPUR,3.62290589,1.223697673,1.287370418,0.434831109
02-09-2020,MAHARASHTRA,CHANDRAPUR,4.427949802,1.707150577,1.784151444,0.687861268
02-09-2020,MAHARASHTRA,JALGAON,4.19389896,1.680966711,1.504678482,0.603093795
02-09-2020,MAHARASHTRA,HINGOLI,3.729967947,0.597432471,1.499146419,0.24011969
02-09-2020,MAHARASHTRA,AKOLA,3.77000573,0.694300739,2.008732641,0.369936986
02-09-2020,MAHARASHTRA,AURANGABAD,3.919961128,1.352797782,1.700175168,0.586738776
02-09-2020,MAHARASHTRA,DHULE,4.096871057,1.001980131,1.455656712,0.356012938
02-09-2020,MAHARASHTRA,KOLHAPUR,3.563951057,0.943986821,0.96886379,0.256623796
02-09-2020,MAHARASHTRA,RAIGARH,3.59979596,0.88259151,0.743965509,0.182404128
02-09-2020,MAHARASHTRA,AMRAVATI,3.839136478,1.595087771,1.505097147,0.625339075
02-09-2020,MAHARASHTRA,NANDED,3.984416633,1.443771157,1.730577247,0.627082392
02-09-2020,MAHARASHTRA,SOLAPUR,3.745630051,1.917450855,1.960242802,1.003481173
02-09-2020,MAHARASHTRA,AHMADNAGAR,3.593426845,2.095181558,1.931899764,1.126412456
02-09-2020,MAHARASHTRA,THANE,3.238387624,1.05307559,0.886401328,0.288244556
02-09-2020,MAHARASHTRA,SANGLI,3.815133378,1.124995821,1.84811541,0.544967084
02-09-2020,MAHARASHTRA,WARDHA,3.982367806,0.855763686,1.633322592,0.350981685
02-09-2020,MAHARASHTRA,BULDANA,3.932147628,1.306650398,1.921957198,0.638665273
02-09-2020,MAHARASHTRA,SINDHUDURG,3.178822573,0.557566309,1.247767931,0.218858821
01-09-2020,MAHARASHTRA,WASHIM,4.381415056,0.776278648,2.604329478,0.461422929
01-09-2020,MAHARASHTRA,SATARA,3.77234828,1.361949203,1.387713556,0.501012959
01-09-2020,MAHARASHTRA,PUNE,4.075627696,2.185676757,1.743153016,0.93481773
01-09-2020,MAHARASHTRA,PARBHANI,4.064206024,0.88043036,1.722949147,0.373243071
01-09-2020,MAHARASHTRA,JALNA,4.194491083,1.11244784,1.752074957,0.464679019
01-09-2020,MAHARASHTRA,GONDIYA,4.190663341,0.780475518,1.432756643,0.266838778
01-09-2020,MAHARASHTRA,MUMBAI,2.730557245,0.013943783,0.012579887,6.42E-05
01-09-2020,MAHARASHTRA,NASHIK,4.131160582,2.191434727,2.152168724,1.141649468
01-09-2020,MAHARASHTRA,GARHCHIROLI,5.118377959,2.524418861,1.012922121,0.499580087
01-09-2020,MAHARASHTRA,RATNAGIRI,3.558041928,1.01160972,1.589294801,0.451862598
01-09-2020,MAHARASHTRA,OSMANABAD,3.490278231,0.905601559,1.711983933,0.444198203
01-09-2020,MAHARASHTRA,BID,3.769761823,1.424665582,1.776413865,0.671341005
01-09-2020,MAHARASHTRA,LATUR,3.772352583,0.872955711,1.845573887,0.4270821
01-09-2020,MAHARASHTRA,YAVATMAL,3.888543277,1.794697105,1.718908765,0.793335798
01-09-2020,MAHARASHTRA,BHANDARA,3.976031477,0.522251322,1.673642651,0.219832789
01-09-2020,MAHARASHTRA,MUMBAI SUBURBAN,3.295221371,0.051002202,0.256303333,0.003966967
01-09-2020,MAHARASHTRA,NANDURBAR,4.257832006,0.854697969,1.638369066,0.328878808
01-09-2020,MAHARASHTRA,NAGPUR,3.818662559,1.289817795,1.342454781,0.453436783
01-09-2020,MAHARASHTRA,CHANDRAPUR,4.165584792,1.605998442,1.70938351,0.659035259
01-09-2020,MAHARASHTRA,JALGAON,4.409925169,1.767552694,1.5806588,0.633547648
01-09-2020,MAHARASHTRA,HINGOLI,4.351758257,0.697025209,1.795620018,0.287606145
01-09-2020,MAHARASHTRA,AKOLA,4.115515744,0.757931374,2.148522726,0.395681339
01-09-2020,MAHARASHTRA,AURANGABAD,4.219602335,1.45620543,1.812936344,0.625653211
01-09-2020,MAHARASHTRA,DHULE,4.210786632,1.029840696,1.49027285,0.364479078
01-09-2020,MAHARASHTRA,KOLHAPUR,3.556357017,0.941975382,0.966989068,0.256127237
01-09-2020,MAHARASHTRA,RAIGARH,3.859874757,0.946357162,0.79304711,0.194437866
01-09-2020,MAHARASHTRA,AMRAVATI,4.210929401,1.749560619,1.667270903,0.692719168
01-09-2020,MAHARASHTRA,NANDED,4.075012123,1.476598837,1.725337406,0.625183712
01-09-2020,MAHARASHTRA,SOLAPUR,3.451153234,1.766703233,1.793911613,0.918333447
01-09-2020,MAHARASHTRA,AHMADNAGAR,3.949672197,2.302893785,2.130071041,1.241958096
01-09-2020,MAHARASHTRA,THANE,3.627696054,1.179672914,1.000629788,0.325389956
01-09-2020,MAHARASHTRA,SANGLI,3.397173905,1.001749104,1.635692791,0.482328498
01-09-2020,MAHARASHTRA,WARDHA,3.726276332,0.800732661,1.524386746,0.327572662
01-09-2020,MAHARASHTRA,BULDANA,4.378751319,1.455056548,2.117060561,0.703498008
01-09-2020,MAHARASHTRA,SINDHUDURG,3.605259058,0.63236338,1.462279303,0.256484171
