Date,StateName,DistrictName,Avg Soilmoisture Level (at 15cm),Avg SoilMoisture Volume (at 15cm),Aggregate Soilmoisture Perg (at 15cm),Volume Soilmoisture percg (at 15cm)
31-01-2020,MAHARASHTRA,WASHIM,0,569.69,0,21.43594877
31-01-2020,MAHARASHTRA,SATARA,0,625.27,0,11.54582108
31-01-2020,MAHARASHTRA,PUNE,0,1044.53,0,12.98483859
31-01-2020,MAHARASHTRA,PARBHANI,0,624.18,0,19.20877895
31-01-2020,MAHARASHTRA,JALNA,0,608.1,0,15.28573909
31-01-2020,MAHARASHTRA,GONDIYA,0,532.17,0,19.04928076
31-01-2020,MAHARASHTRA,MUMBAI,0,0.12,0,0.16073071
31-01-2020,MAHARASHTRA,NASHIK,0,717.32,0,9.01494236
31-01-2020,MAHARASHTRA,GARHCHIROLI,0,1196.63,0,16.17484695
31-01-2020,MAHARASHTRA,RATNAGIRI,0,463.11,0,10.85895968
31-01-2020,MAHARASHTRA,OSMANABAD,0,576.67,0,14.81685891
31-01-2020,MAHARASHTRA,BID,0,848.87,0,14.97448197
31-01-2020,MAHARASHTRA,LATUR,0,555.05,0,15.99032269
31-01-2020,MAHARASHTRA,YAVATMAL,0,1232.93,0,17.80920424
31-01-2020,MAHARASHTRA,BHANDARA,0,387.06,0,19.64531319
31-01-2020,MAHARASHTRA,MUMBAI SUBURBAN,0,5.6,0,2.412213077
31-01-2020,MAHARASHTRA,NANDURBAR,0,285.07,0,9.467455433
31-01-2020,MAHARASHTRA,NAGPUR,0,1307.66,0,25.8098225
31-01-2020,MAHARASHTRA,CHANDRAPUR,0,1216.89,0,21.04222301
31-01-2020,MAHARASHTRA,JALGAON,0,900.99,0,14.98611021
31-01-2020,MAHARASHTRA,HINGOLI,0,513.71,0,21.38183996
31-01-2020,MAHARASHTRA,AKOLA,0,496.05,0,17.95674889
31-01-2020,MAHARASHTRA,AURANGABAD,0,728.75,0,14.07775886
31-01-2020,MAHARASHTRA,DHULE,0,322.3,0,8.785383879
31-01-2020,MAHARASHTRA,KOLHAPUR,0,444.7,0,11.19289936
31-01-2020,MAHARASHTRA,RAIGARH,0,384.36,0,10.45106973
31-01-2020,MAHARASHTRA,AMRAVATI,0,1424.07,0,22.85022221
31-01-2020,MAHARASHTRA,NANDED,0,1362.73,0,25.07174458
31-01-2020,MAHARASHTRA,SOLAPUR,0,1276.78,0,16.62741665
31-01-2020,MAHARASHTRA,AHMADNAGAR,0,1125.56,0,12.86954566
31-01-2020,MAHARASHTRA,THANE,0,396.79,0,8.134548207
31-01-2020,MAHARASHTRA,SANGLI,0,606.51,0,13.7121459
31-01-2020,MAHARASHTRA,WARDHA,0,793.36,0,24.61321727
31-01-2020,MAHARASHTRA,BULDANA,0,747.09,0,14.988275
31-01-2020,MAHARASHTRA,SINDHUDURG,0,283.22,0,10.7648407
30-01-2020,MAHARASHTRA,WASHIM,0,571.13,0,21.49013602
30-01-2020,MAHARASHTRA,SATARA,0,628.09,0,11.59791629
30-01-2020,MAHARASHTRA,PUNE,0,1049.12,0,13.04197431
30-01-2020,MAHARASHTRA,PARBHANI,0,625.5,0,19.24952447
30-01-2020,MAHARASHTRA,JALNA,0,609.68,0,15.3252421
30-01-2020,MAHARASHTRA,GONDIYA,0,535.75,0,19.17771248
30-01-2020,MAHARASHTRA,MUMBAI,0,0.12,0,0.161433473
30-01-2020,MAHARASHTRA,NASHIK,0,721.09,0,9.062395013
30-01-2020,MAHARASHTRA,GARHCHIROLI,0,1205.5,0,16.29465264
30-01-2020,MAHARASHTRA,RATNAGIRI,0,464.28,0,10.88641281
30-01-2020,MAHARASHTRA,OSMANABAD,0,579.04,0,14.87788306
30-01-2020,MAHARASHTRA,BID,0,851.86,0,15.02717796
30-01-2020,MAHARASHTRA,LATUR,0,557.37,0,16.05732848
30-01-2020,MAHARASHTRA,YAVATMAL,0,1240.11,0,17.91278955
30-01-2020,MAHARASHTRA,BHANDARA,0,390.17,0,19.80333868
30-01-2020,MAHARASHTRA,MUMBAI SUBURBAN,0,5.67,0,2.442117061
30-01-2020,MAHARASHTRA,NANDURBAR,0,287.02,0,9.532322708
30-01-2020,MAHARASHTRA,NAGPUR,0,1318.94,0,26.03256953
30-01-2020,MAHARASHTRA,CHANDRAPUR,0,1227.93,0,21.23314131
30-01-2020,MAHARASHTRA,JALGAON,0,904.03,0,15.03669271
30-01-2020,MAHARASHTRA,HINGOLI,0,515.37,0,21.45073131
30-01-2020,MAHARASHTRA,AKOLA,0,497.76,0,18.01867767
30-01-2020,MAHARASHTRA,AURANGABAD,0,731.6,0,14.13295315
30-01-2020,MAHARASHTRA,DHULE,0,324.92,0,8.85680216
30-01-2020,MAHARASHTRA,KOLHAPUR,0,446.31,0,11.23342305
30-01-2020,MAHARASHTRA,RAIGARH,0,385.4,0,10.47954763
30-01-2020,MAHARASHTRA,AMRAVATI,0,1430.3,0,22.95003393
30-01-2020,MAHARASHTRA,NANDED,0,1369.04,0,25.18780782
30-01-2020,MAHARASHTRA,SOLAPUR,0,1281.31,0,16.68648566
30-01-2020,MAHARASHTRA,AHMADNAGAR,0,1130.71,0,12.92844243
30-01-2020,MAHARASHTRA,THANE,0,398.6,0,8.171825011
30-01-2020,MAHARASHTRA,SANGLI,0,609.09,0,13.77049197
30-01-2020,MAHARASHTRA,WARDHA,0,799.55,0,24.80514083
30-01-2020,MAHARASHTRA,BULDANA,0,749.47,0,15.03610331
30-01-2020,MAHARASHTRA,SINDHUDURG,0,284,0,10.79418837
29-01-2020,MAHARASHTRA,WASHIM,0,572.62,0,21.54608014
29-01-2020,MAHARASHTRA,SATARA,0,631.03,0,11.65224181
29-01-2020,MAHARASHTRA,PUNE,0,1053.91,0,13.10151762
29-01-2020,MAHARASHTRA,PARBHANI,0,626.9,0,19.29235236
29-01-2020,MAHARASHTRA,JALNA,0,611.17,0,15.36284328
29-01-2020,MAHARASHTRA,GONDIYA,0,540.27,0,19.33929912
29-01-2020,MAHARASHTRA,MUMBAI,0,0.12,0,0.162200106
29-01-2020,MAHARASHTRA,NASHIK,0,725.06,0,9.112253045
29-01-2020,MAHARASHTRA,GARHCHIROLI,0,1215.12,0,16.42471797
29-01-2020,MAHARASHTRA,RATNAGIRI,0,465.8,0,10.922166
29-01-2020,MAHARASHTRA,OSMANABAD,0,581.39,0,14.93825156
29-01-2020,MAHARASHTRA,BID,0,854.88,0,15.08053492
29-01-2020,MAHARASHTRA,LATUR,0,559.5,0,16.1187787
29-01-2020,MAHARASHTRA,YAVATMAL,0,1247.01,0,18.01246363
29-01-2020,MAHARASHTRA,BHANDARA,0,393.91,0,19.99303127
29-01-2020,MAHARASHTRA,MUMBAI SUBURBAN,0,5.76,0,2.480806938
29-01-2020,MAHARASHTRA,NANDURBAR,0,288.84,0,9.592697531
29-01-2020,MAHARASHTRA,NAGPUR,0,1330.8,0,26.26665243
29-01-2020,MAHARASHTRA,CHANDRAPUR,0,1239.3,0,21.42976037
29-01-2020,MAHARASHTRA,JALGAON,0,906.87,0,15.0838953
29-01-2020,MAHARASHTRA,HINGOLI,0,516.84,0,21.51187758
29-01-2020,MAHARASHTRA,AKOLA,0,499.41,0,18.07837135
29-01-2020,MAHARASHTRA,AURANGABAD,0,733.85,0,14.17632283
29-01-2020,MAHARASHTRA,DHULE,0,327.44,0,8.925428516
29-01-2020,MAHARASHTRA,KOLHAPUR,0,447.82,0,11.27127894
29-01-2020,MAHARASHTRA,RAIGARH,0,386.54,0,10.51046226
29-01-2020,MAHARASHTRA,AMRAVATI,0,1436.99,0,23.0574179
29-01-2020,MAHARASHTRA,NANDED,0,1375.44,0,25.30556935
29-01-2020,MAHARASHTRA,SOLAPUR,0,1286,0,16.74746242
29-01-2020,MAHARASHTRA,AHMADNAGAR,0,1135.44,0,12.98260304
29-01-2020,MAHARASHTRA,THANE,0,400.54,0,8.211521175
29-01-2020,MAHARASHTRA,SANGLI,0,611.71,0,13.82964081
29-01-2020,MAHARASHTRA,WARDHA,0,805.47,0,24.98896026
29-01-2020,MAHARASHTRA,BULDANA,0,751.62,0,15.07920606
29-01-2020,MAHARASHTRA,SINDHUDURG,0,284.79,0,10.82420739
28-01-2020,MAHARASHTRA,WASHIM,0,573.92,0,21.59510735
28-01-2020,MAHARASHTRA,SATARA,0,634.14,0,11.70966359
28-01-2020,MAHARASHTRA,PUNE,0,1060.72,0,13.18617376
28-01-2020,MAHARASHTRA,PARBHANI,0,633.24,0,19.48742249
28-01-2020,MAHARASHTRA,JALNA,0,614.87,0,15.45584386
28-01-2020,MAHARASHTRA,GONDIYA,0,538.22,0,19.26604423
28-01-2020,MAHARASHTRA,MUMBAI,0,0.65,0,0.842143807
28-01-2020,MAHARASHTRA,NASHIK,0,728.74,0,9.158512946
28-01-2020,MAHARASHTRA,GARHCHIROLI,0,1221.75,0,16.51439189
28-01-2020,MAHARASHTRA,RATNAGIRI,0,469.97,0,11.01998783
28-01-2020,MAHARASHTRA,OSMANABAD,0,584.22,0,15.01091162
28-01-2020,MAHARASHTRA,BID,0,857.67,0,15.12961154
28-01-2020,MAHARASHTRA,LATUR,0,561.45,0,16.17487619
28-01-2020,MAHARASHTRA,YAVATMAL,0,1254.45,0,18.11998741
28-01-2020,MAHARASHTRA,BHANDARA,0,395.57,0,20.07729113
28-01-2020,MAHARASHTRA,MUMBAI SUBURBAN,0,5.97,0,2.572153284
28-01-2020,MAHARASHTRA,NANDURBAR,0,293.27,0,9.740005377
28-01-2020,MAHARASHTRA,NAGPUR,0,1341.58,0,26.47945153
28-01-2020,MAHARASHTRA,CHANDRAPUR,0,1251.69,0,21.64400095
28-01-2020,MAHARASHTRA,JALGAON,0,914.34,0,15.20817102
28-01-2020,MAHARASHTRA,HINGOLI,0,527,0,21.9348575
28-01-2020,MAHARASHTRA,AKOLA,0,501.2,0,18.14304595
28-01-2020,MAHARASHTRA,AURANGABAD,0,737.75,0,14.2516237
28-01-2020,MAHARASHTRA,DHULE,0,331.69,0,9.041503388
28-01-2020,MAHARASHTRA,KOLHAPUR,0,464.39,0,11.68853967
28-01-2020,MAHARASHTRA,RAIGARH,0,392.24,0,10.66531614
28-01-2020,MAHARASHTRA,AMRAVATI,0,1442.77,0,23.15019644
28-01-2020,MAHARASHTRA,NANDED,0,1382.47,0,25.43492954
28-01-2020,MAHARASHTRA,SOLAPUR,0,1297.14,0,16.89262053
28-01-2020,MAHARASHTRA,AHMADNAGAR,0,1139.77,0,13.03204396
28-01-2020,MAHARASHTRA,THANE,0,407.3,0,8.350173603
28-01-2020,MAHARASHTRA,SANGLI,0,617.47,0,13.95992684
28-01-2020,MAHARASHTRA,WARDHA,0,812.05,0,25.19284266
28-01-2020,MAHARASHTRA,BULDANA,0,790.52,0,15.85950857
28-01-2020,MAHARASHTRA,SINDHUDURG,0,289.83,0,11.01585661
27-01-2020,MAHARASHTRA,WASHIM,0,575.42,0,21.65163677
27-01-2020,MAHARASHTRA,SATARA,0,636.57,0,11.75449199
27-01-2020,MAHARASHTRA,PUNE,0,1062.3,0,13.20580339
27-01-2020,MAHARASHTRA,PARBHANI,0,629.55,0,19.37409452
27-01-2020,MAHARASHTRA,JALNA,0,614.03,0,15.4348149
27-01-2020,MAHARASHTRA,GONDIYA,0,567.11,0,20.30000463
27-01-2020,MAHARASHTRA,MUMBAI,0,0.15,0,0.200364094
27-01-2020,MAHARASHTRA,NASHIK,0,731.69,0,9.195635971
27-01-2020,MAHARASHTRA,GARHCHIROLI,0,1248.66,0,16.87807547
27-01-2020,MAHARASHTRA,RATNAGIRI,0,467.93,0,10.97213934
27-01-2020,MAHARASHTRA,OSMANABAD,0,586.09,0,15.05893657
27-01-2020,MAHARASHTRA,BID,0,860.72,0,15.18348731
27-01-2020,MAHARASHTRA,LATUR,0,563.98,0,16.2477367
27-01-2020,MAHARASHTRA,YAVATMAL,0,1262.43,0,18.23519159
27-01-2020,MAHARASHTRA,BHANDARA,0,409.75,0,20.79700023
27-01-2020,MAHARASHTRA,MUMBAI SUBURBAN,0,5.91,0,2.5466798
27-01-2020,MAHARASHTRA,NANDURBAR,0,292.59,0,9.717361663
27-01-2020,MAHARASHTRA,NAGPUR,0,1374.54,0,27.13004727
27-01-2020,MAHARASHTRA,CHANDRAPUR,0,1268.11,0,21.92793623
27-01-2020,MAHARASHTRA,JALGAON,0,912.15,0,15.17168613
27-01-2020,MAHARASHTRA,HINGOLI,0,520.18,0,21.6509391
27-01-2020,MAHARASHTRA,AKOLA,0,502.72,0,18.19825306
27-01-2020,MAHARASHTRA,AURANGABAD,0,738.82,0,14.27244625
27-01-2020,MAHARASHTRA,DHULE,0,332.02,0,9.050272834
27-01-2020,MAHARASHTRA,KOLHAPUR,0,450.95,0,11.35016604
27-01-2020,MAHARASHTRA,RAIGARH,0,388.24,0,10.55657924
27-01-2020,MAHARASHTRA,AMRAVATI,0,1454.78,0,23.34294217
27-01-2020,MAHARASHTRA,NANDED,0,1388.65,0,25.54856458
27-01-2020,MAHARASHTRA,SOLAPUR,0,1295.71,0,16.87398942
27-01-2020,MAHARASHTRA,AHMADNAGAR,0,1144.57,0,13.08691084
27-01-2020,MAHARASHTRA,THANE,0,403.12,0,8.264519368
27-01-2020,MAHARASHTRA,SANGLI,0,617.01,0,13.94964652
27-01-2020,MAHARASHTRA,WARDHA,0,822.76,0,25.52517288
27-01-2020,MAHARASHTRA,BULDANA,0,755.7,0,15.1609997
27-01-2020,MAHARASHTRA,SINDHUDURG,0,286.07,0,10.87318463
26-01-2020,MAHARASHTRA,WASHIM,0,577.4,0,21.72600871
26-01-2020,MAHARASHTRA,SATARA,0,640.22,0,11.82192818
26-01-2020,MAHARASHTRA,PUNE,0,1068.24,0,13.27962585
26-01-2020,MAHARASHTRA,PARBHANI,0,631.32,0,19.42842604
26-01-2020,MAHARASHTRA,JALNA,0,616.41,0,15.49456851
26-01-2020,MAHARASHTRA,GONDIYA,0,572.66,0,20.49867802
26-01-2020,MAHARASHTRA,MUMBAI,0,0.15,0,0.201705749
26-01-2020,MAHARASHTRA,NASHIK,0,736.69,0,9.258438121
26-01-2020,MAHARASHTRA,GARHCHIROLI,0,1260.25,0,17.03471365
26-01-2020,MAHARASHTRA,RATNAGIRI,0,469.36,0,11.00554874
26-01-2020,MAHARASHTRA,OSMANABAD,0,588.95,0,15.1324003
26-01-2020,MAHARASHTRA,BID,0,864.61,0,15.25210863
26-01-2020,MAHARASHTRA,LATUR,0,566.75,0,16.32753014
26-01-2020,MAHARASHTRA,YAVATMAL,0,1271.29,0,18.36330208
26-01-2020,MAHARASHTRA,BHANDARA,0,414.08,0,21.01653301
26-01-2020,MAHARASHTRA,MUMBAI SUBURBAN,0,5.98,0,2.577023932
26-01-2020,MAHARASHTRA,NANDURBAR,0,295.1,0,9.800706901
26-01-2020,MAHARASHTRA,NAGPUR,0,1388.73,0,27.40994824
26-01-2020,MAHARASHTRA,CHANDRAPUR,0,1281.27,0,22.1554627
26-01-2020,MAHARASHTRA,JALGAON,0,916.01,0,15.23591819
26-01-2020,MAHARASHTRA,HINGOLI,0,522.2,0,21.73509465
26-01-2020,MAHARASHTRA,AKOLA,0,504.83,0,18.27475709
26-01-2020,MAHARASHTRA,AURANGABAD,0,742.23,0,14.3382533
26-01-2020,MAHARASHTRA,DHULE,0,335.35,0,9.141085514
26-01-2020,MAHARASHTRA,KOLHAPUR,0,452.64,0,11.39275989
26-01-2020,MAHARASHTRA,RAIGARH,0,389.53,0,10.5918781
26-01-2020,MAHARASHTRA,AMRAVATI,0,1462.7,0,23.46999791
26-01-2020,MAHARASHTRA,NANDED,0,1396.5,0,25.693082
26-01-2020,MAHARASHTRA,SOLAPUR,0,1301.53,0,16.94980169
26-01-2020,MAHARASHTRA,AHMADNAGAR,0,1150.91,0,13.15947479
26-01-2020,MAHARASHTRA,THANE,0,405.07,0,8.304375816
26-01-2020,MAHARASHTRA,SANGLI,0,620.49,0,14.02821505
26-01-2020,MAHARASHTRA,WARDHA,0,829.72,0,25.74117003
26-01-2020,MAHARASHTRA,BULDANA,0,758.81,0,15.22349004
26-01-2020,MAHARASHTRA,SINDHUDURG,0,286.9,0,10.90455861
25-01-2020,MAHARASHTRA,WASHIM,0,578.94,0,21.78415817
25-01-2020,MAHARASHTRA,SATARA,0,643.18,0,11.87658166
25-01-2020,MAHARASHTRA,PUNE,0,1072.85,0,13.33696426
25-01-2020,MAHARASHTRA,PARBHANI,0,632.88,0,19.47646366
25-01-2020,MAHARASHTRA,JALNA,0,617.89,0,15.53182065
25-01-2020,MAHARASHTRA,GONDIYA,0,560.06,0,20.04792872
25-01-2020,MAHARASHTRA,MUMBAI,0,0.16,0,0.202408512
25-01-2020,MAHARASHTRA,NASHIK,0,741.26,0,9.315891547
25-01-2020,MAHARASHTRA,GARHCHIROLI,0,1272.42,0,17.19923343
25-01-2020,MAHARASHTRA,RATNAGIRI,0,470.61,0,11.03494917
25-01-2020,MAHARASHTRA,OSMANABAD,0,591.57,0,15.19988036
25-01-2020,MAHARASHTRA,BID,0,868.23,0,15.31595209
25-01-2020,MAHARASHTRA,LATUR,0,568.89,0,16.3890936
25-01-2020,MAHARASHTRA,YAVATMAL,0,1279.05,0,18.47533498
25-01-2020,MAHARASHTRA,BHANDARA,0,412.33,0,20.92800725
25-01-2020,MAHARASHTRA,MUMBAI SUBURBAN,0,6.08,0,2.619667185
25-01-2020,MAHARASHTRA,NANDURBAR,0,297.34,0,9.875183611
25-01-2020,MAHARASHTRA,NAGPUR,0,1383.99,0,27.31655158
25-01-2020,MAHARASHTRA,CHANDRAPUR,0,1311.48,0,22.67774405
25-01-2020,MAHARASHTRA,JALGAON,0,919.6,0,15.29556138
25-01-2020,MAHARASHTRA,HINGOLI,0,524.04,0,21.81175402
25-01-2020,MAHARASHTRA,AKOLA,0,506.81,0,18.34642188
25-01-2020,MAHARASHTRA,AURANGABAD,0,745.55,0,14.40241091
25-01-2020,MAHARASHTRA,DHULE,0,338.66,0,9.231284354
25-01-2020,MAHARASHTRA,KOLHAPUR,0,454.33,0,11.43517941
25-01-2020,MAHARASHTRA,RAIGARH,0,390.47,0,10.61739052
25-01-2020,MAHARASHTRA,AMRAVATI,0,1464.15,0,23.49328931
25-01-2020,MAHARASHTRA,NANDED,0,1402.93,0,25.81132103
25-01-2020,MAHARASHTRA,SOLAPUR,0,1306.83,0,17.0187546
25-01-2020,MAHARASHTRA,AHMADNAGAR,0,1156.48,0,13.22316213
25-01-2020,MAHARASHTRA,THANE,0,407.13,0,8.346649289
25-01-2020,MAHARASHTRA,SANGLI,0,623.25,0,14.09062643
25-01-2020,MAHARASHTRA,WARDHA,0,831.99,0,25.81141538
25-01-2020,MAHARASHTRA,BULDANA,0,761.23,0,15.27206771
25-01-2020,MAHARASHTRA,SINDHUDURG,0,287.89,0,10.94239847
24-01-2020,MAHARASHTRA,WASHIM,0,580.93,0,21.85911731
24-01-2020,MAHARASHTRA,SATARA,0,647.38,0,11.95409563
24-01-2020,MAHARASHTRA,PUNE,0,1079,0,13.41344369
24-01-2020,MAHARASHTRA,PARBHANI,0,634.68,0,19.53187482
24-01-2020,MAHARASHTRA,JALNA,0,620.06,0,15.58634667
24-01-2020,MAHARASHTRA,GONDIYA,0,565.54,0,20.24381301
24-01-2020,MAHARASHTRA,MUMBAI,0,0.16,0,0.203175145
24-01-2020,MAHARASHTRA,NASHIK,0,746.9,0,9.386679851
24-01-2020,MAHARASHTRA,GARHCHIROLI,0,1284.07,0,17.3567871
24-01-2020,MAHARASHTRA,RATNAGIRI,0,472.32,0,11.07489576
24-01-2020,MAHARASHTRA,OSMANABAD,0,594.49,0,15.27488064
24-01-2020,MAHARASHTRA,BID,0,872.06,0,15.38346489
24-01-2020,MAHARASHTRA,LATUR,0,571.78,0,16.47254075
24-01-2020,MAHARASHTRA,YAVATMAL,0,1288.56,0,18.61272251
24-01-2020,MAHARASHTRA,BHANDARA,0,416.73,0,21.15110909
24-01-2020,MAHARASHTRA,MUMBAI SUBURBAN,0,6.19,0,2.666832083
24-01-2020,MAHARASHTRA,NANDURBAR,0,300.08,0,9.966010322
24-01-2020,MAHARASHTRA,NAGPUR,0,1399.06,0,27.61384891
24-01-2020,MAHARASHTRA,CHANDRAPUR,0,1325.31,0,22.91696314
24-01-2020,MAHARASHTRA,JALGAON,0,923.8,0,15.36538842
24-01-2020,MAHARASHTRA,HINGOLI,0,526.17,0,21.90039426
24-01-2020,MAHARASHTRA,AKOLA,0,508.79,0,18.41789104
24-01-2020,MAHARASHTRA,AURANGABAD,0,748.97,0,14.46854359
24-01-2020,MAHARASHTRA,DHULE,0,342.08,0,9.32463316
24-01-2020,MAHARASHTRA,KOLHAPUR,0,456.56,0,11.49144653
24-01-2020,MAHARASHTRA,RAIGARH,0,392.01,0,10.65917248
24-01-2020,MAHARASHTRA,AMRAVATI,0,1468.36,0,23.5608333
24-01-2020,MAHARASHTRA,NANDED,0,1411.08,0,25.96137631
24-01-2020,MAHARASHTRA,SOLAPUR,0,1312.63,0,17.09435719
24-01-2020,MAHARASHTRA,AHMADNAGAR,0,1162.96,0,13.29719281
24-01-2020,MAHARASHTRA,THANE,0,409.41,0,8.393375584
24-01-2020,MAHARASHTRA,SANGLI,0,626.76,0,14.16996694
24-01-2020,MAHARASHTRA,WARDHA,0,839.75,0,26.05236528
24-01-2020,MAHARASHTRA,BULDANA,0,764.39,0,15.33539392
24-01-2020,MAHARASHTRA,SINDHUDURG,0,288.93,0,10.98184789
23-01-2020,MAHARASHTRA,WASHIM,0,582.99,0,21.93636365
23-01-2020,MAHARASHTRA,SATARA,0,651.69,0,12.03368702
23-01-2020,MAHARASHTRA,PUNE,0,1085.41,0,13.49306898
23-01-2020,MAHARASHTRA,PARBHANI,0,636.51,0,19.58816822
23-01-2020,MAHARASHTRA,JALNA,0,622.24,0,15.64112197
23-01-2020,MAHARASHTRA,GONDIYA,0,571.04,0,20.44073567
23-01-2020,MAHARASHTRA,MUMBAI,0,0.17,0,0.216401211
23-01-2020,MAHARASHTRA,NASHIK,0,752.1,0,9.452136836
23-01-2020,MAHARASHTRA,GARHCHIROLI,0,1296.12,0,17.51962562
23-01-2020,MAHARASHTRA,RATNAGIRI,0,474.14,0,11.11754997
23-01-2020,MAHARASHTRA,OSMANABAD,0,597.76,0,15.35883691
23-01-2020,MAHARASHTRA,BID,0,876.13,0,15.45530806
23-01-2020,MAHARASHTRA,LATUR,0,574.5,0,16.55072028
23-01-2020,MAHARASHTRA,YAVATMAL,0,1297.83,0,18.74659818
23-01-2020,MAHARASHTRA,BHANDARA,0,421.29,0,21.38268387
23-01-2020,MAHARASHTRA,MUMBAI SUBURBAN,0,6.27,0,2.70207538
23-01-2020,MAHARASHTRA,NANDURBAR,0,302.68,0,10.05241695
23-01-2020,MAHARASHTRA,NAGPUR,0,1414.35,0,27.91572587
23-01-2020,MAHARASHTRA,CHANDRAPUR,0,1339.02,0,23.15406436
23-01-2020,MAHARASHTRA,JALGAON,0,927.78,0,15.4316971
23-01-2020,MAHARASHTRA,HINGOLI,0,528.37,0,21.99185422
23-01-2020,MAHARASHTRA,AKOLA,0,510.87,0,18.49338978
23-01-2020,MAHARASHTRA,AURANGABAD,0,752.51,0,14.53679616
23-01-2020,MAHARASHTRA,DHULE,0,345.72,0,9.423832948
23-01-2020,MAHARASHTRA,KOLHAPUR,0,459.02,0,11.55318768
23-01-2020,MAHARASHTRA,RAIGARH,0,393.34,0,10.6953302
23-01-2020,MAHARASHTRA,AMRAVATI,0,1476.68,0,23.69432216
23-01-2020,MAHARASHTRA,NANDED,0,1419.11,0,26.10900296
23-01-2020,MAHARASHTRA,SOLAPUR,0,1319.08,0,17.17836172
23-01-2020,MAHARASHTRA,AHMADNAGAR,0,1169.6,0,13.37307949
23-01-2020,MAHARASHTRA,THANE,0,411.44,0,8.434915216
23-01-2020,MAHARASHTRA,SANGLI,0,630.69,0,14.25887608
23-01-2020,MAHARASHTRA,WARDHA,0,847.72,0,26.2996827
23-01-2020,MAHARASHTRA,BULDANA,0,767.63,0,15.4004191
23-01-2020,MAHARASHTRA,SINDHUDURG,0,290.12,0,11.0269938
22-01-2020,MAHARASHTRA,WASHIM,0,584.82,0,22.00519224
22-01-2020,MAHARASHTRA,SATARA,0,653.97,0,12.07585398
22-01-2020,MAHARASHTRA,PUNE,0,1089.3,0,13.54137703
22-01-2020,MAHARASHTRA,PARBHANI,0,638.27,0,19.64243068
22-01-2020,MAHARASHTRA,JALNA,0,623.96,0,15.68426843
22-01-2020,MAHARASHTRA,GONDIYA,0,575.25,0,20.59150639
22-01-2020,MAHARASHTRA,MUMBAI,0,0.18,0,0.230219711
22-01-2020,MAHARASHTRA,NASHIK,0,755.7,0,9.497348569
22-01-2020,MAHARASHTRA,GARHCHIROLI,0,1300.87,0,17.58389461
22-01-2020,MAHARASHTRA,RATNAGIRI,0,475.38,0,11.14666152
22-01-2020,MAHARASHTRA,OSMANABAD,0,599.85,0,15.41244784
22-01-2020,MAHARASHTRA,BID,0,878.47,0,15.49665699
22-01-2020,MAHARASHTRA,LATUR,0,576.9,0,16.62006931
22-01-2020,MAHARASHTRA,YAVATMAL,0,1310.71,0,18.93263341
22-01-2020,MAHARASHTRA,BHANDARA,0,425.79,0,21.61090733
22-01-2020,MAHARASHTRA,MUMBAI SUBURBAN,0,6.35,0,2.736625582
22-01-2020,MAHARASHTRA,NANDURBAR,0,306.15,0,10.16746205
22-01-2020,MAHARASHTRA,NAGPUR,0,1438.28,0,28.38796347
22-01-2020,MAHARASHTRA,CHANDRAPUR,0,1338.26,0,23.14089894
22-01-2020,MAHARASHTRA,JALGAON,0,936.16,0,15.57100355
22-01-2020,MAHARASHTRA,HINGOLI,0,530.86,0,22.09575636
22-01-2020,MAHARASHTRA,AKOLA,0,513.19,0,18.57711492
22-01-2020,MAHARASHTRA,AURANGABAD,0,755.63,0,14.59717194
22-01-2020,MAHARASHTRA,DHULE,0,347.51,0,9.472682016
22-01-2020,MAHARASHTRA,KOLHAPUR,0,460,0,11.57802655
22-01-2020,MAHARASHTRA,RAIGARH,0,394.62,0,10.73013008
22-01-2020,MAHARASHTRA,AMRAVATI,0,1487.33,0,23.86527179
22-01-2020,MAHARASHTRA,NANDED,0,1429.33,0,26.29707338
22-01-2020,MAHARASHTRA,SOLAPUR,0,1323.12,0,17.23087124
22-01-2020,MAHARASHTRA,AHMADNAGAR,0,1172.83,0,13.41002099
22-01-2020,MAHARASHTRA,THANE,0,413.16,0,8.47014908
22-01-2020,MAHARASHTRA,SANGLI,0,632.5,0,14.29963707
22-01-2020,MAHARASHTRA,WARDHA,0,860.59,0,26.69878108
22-01-2020,MAHARASHTRA,BULDANA,0,770.41,0,15.45617791
22-01-2020,MAHARASHTRA,SINDHUDURG,0,290.73,0,11.05010809
21-01-2020,MAHARASHTRA,WASHIM,0,587,0,22.0871689
21-01-2020,MAHARASHTRA,SATARA,0,658.55,0,12.16047466
21-01-2020,MAHARASHTRA,PUNE,0,1096.11,0,13.62607983
21-01-2020,MAHARASHTRA,PARBHANI,0,639.9,0,19.69249417
21-01-2020,MAHARASHTRA,JALNA,0,626.22,0,15.74122224
21-01-2020,MAHARASHTRA,GONDIYA,0,580.79,0,20.78978464
21-01-2020,MAHARASHTRA,MUMBAI,0,0.18,0,0.231625236
21-01-2020,MAHARASHTRA,NASHIK,0,760.55,0,9.558298405
21-01-2020,MAHARASHTRA,GARHCHIROLI,0,1313.12,0,17.74942805
21-01-2020,MAHARASHTRA,RATNAGIRI,0,477.11,0,11.18741132
21-01-2020,MAHARASHTRA,OSMANABAD,0,603.6,0,15.50880999
21-01-2020,MAHARASHTRA,BID,0,882.94,0,15.57539779
21-01-2020,MAHARASHTRA,LATUR,0,579.95,0,16.70775497
21-01-2020,MAHARASHTRA,YAVATMAL,0,1320.47,0,19.07363302
21-01-2020,MAHARASHTRA,BHANDARA,0,430.33,0,21.84162061
21-01-2020,MAHARASHTRA,MUMBAI SUBURBAN,0,6.48,0,2.789512803
21-01-2020,MAHARASHTRA,NANDURBAR,0,307.15,0,10.20093821
21-01-2020,MAHARASHTRA,NAGPUR,0,1453.92,0,28.69678673
21-01-2020,MAHARASHTRA,CHANDRAPUR,0,1352.32,0,23.38403864
21-01-2020,MAHARASHTRA,JALGAON,0,934.61,0,15.54524077
21-01-2020,MAHARASHTRA,HINGOLI,0,533.05,0,22.18663994
21-01-2020,MAHARASHTRA,AKOLA,0,515.52,0,18.66147833
21-01-2020,MAHARASHTRA,AURANGABAD,0,758.4,0,14.65068911
21-01-2020,MAHARASHTRA,DHULE,0,351.56,0,9.583062001
21-01-2020,MAHARASHTRA,KOLHAPUR,0,462.28,0,11.63523435
21-01-2020,MAHARASHTRA,RAIGARH,0,396.01,0,10.76782186
21-01-2020,MAHARASHTRA,AMRAVATI,0,1495.98,0,24.00396042
21-01-2020,MAHARASHTRA,NANDED,0,1437.98,0,26.45619765
21-01-2020,MAHARASHTRA,SOLAPUR,0,1330.17,0,17.32279191
21-01-2020,MAHARASHTRA,AHMADNAGAR,0,1179.88,0,13.49068551
21-01-2020,MAHARASHTRA,THANE,0,415.77,0,8.523806118
21-01-2020,MAHARASHTRA,SANGLI,0,636.68,0,14.3942838
21-01-2020,MAHARASHTRA,WARDHA,0,868.92,0,26.95714453
21-01-2020,MAHARASHTRA,BULDANA,0,773.69,0,15.52188924
21-01-2020,MAHARASHTRA,SINDHUDURG,0,291.96,0,11.0967911
20-01-2020,MAHARASHTRA,WASHIM,0,589.32,0,22.17482875
20-01-2020,MAHARASHTRA,SATARA,0,663.52,0,12.25227464
20-01-2020,MAHARASHTRA,PUNE,0,1103.26,0,13.71496238
20-01-2020,MAHARASHTRA,PARBHANI,0,642.1,0,19.76025658
20-01-2020,MAHARASHTRA,JALNA,0,628.81,0,15.8061784
20-01-2020,MAHARASHTRA,GONDIYA,0,586.29,0,20.9866617
20-01-2020,MAHARASHTRA,MUMBAI,0,0.18,0,0.233030761
20-01-2020,MAHARASHTRA,NASHIK,0,767.24,0,9.642342263
20-01-2020,MAHARASHTRA,GARHCHIROLI,0,1325.41,0,17.91559979
20-01-2020,MAHARASHTRA,RATNAGIRI,0,479.26,0,11.23769607
20-01-2020,MAHARASHTRA,OSMANABAD,0,607.18,0,15.60096799
20-01-2020,MAHARASHTRA,BID,0,887.64,0,15.65837538
20-01-2020,MAHARASHTRA,LATUR,0,583.4,0,16.80706245
20-01-2020,MAHARASHTRA,YAVATMAL,0,1331.11,0,19.22733819
20-01-2020,MAHARASHTRA,BHANDARA,0,435.37,0,22.09712775
20-01-2020,MAHARASHTRA,MUMBAI SUBURBAN,0,6.6,0,2.843077517
20-01-2020,MAHARASHTRA,NANDURBAR,0,310.42,0,10.30938072
20-01-2020,MAHARASHTRA,NAGPUR,0,1470.68,0,29.02745349
20-01-2020,MAHARASHTRA,CHANDRAPUR,0,1368,0,23.65510359
20-01-2020,MAHARASHTRA,JALGAON,0,939.52,0,15.62690827
20-01-2020,MAHARASHTRA,HINGOLI,0,535.7,0,22.29707004
20-01-2020,MAHARASHTRA,AKOLA,0,518.39,0,18.76544902
20-01-2020,MAHARASHTRA,AURANGABAD,0,762.9,0,14.73759381
20-01-2020,MAHARASHTRA,DHULE,0,355.74,0,9.696812571
20-01-2020,MAHARASHTRA,KOLHAPUR,0,465.09,0,11.70618863
20-01-2020,MAHARASHTRA,RAIGARH,0,398.05,0,10.82339471
20-01-2020,MAHARASHTRA,AMRAVATI,0,1505.37,0,24.15462329
20-01-2020,MAHARASHTRA,NANDED,0,1446.98,0,26.62189347
20-01-2020,MAHARASHTRA,SOLAPUR,0,1337.58,0,17.41923486
20-01-2020,MAHARASHTRA,AHMADNAGAR,0,1187.56,0,13.57854008
20-01-2020,MAHARASHTRA,THANE,0,418.43,0,8.578232862
20-01-2020,MAHARASHTRA,SANGLI,0,640.73,0,14.48583133
20-01-2020,MAHARASHTRA,WARDHA,0,877.97,0,27.23795963
20-01-2020,MAHARASHTRA,BULDANA,0,777.77,0,15.60385964
20-01-2020,MAHARASHTRA,SINDHUDURG,0,293.06,0,11.13854621
19-01-2020,MAHARASHTRA,WASHIM,0,591.08,0,22.24091997
19-01-2020,MAHARASHTRA,SATARA,0,668.18,0,12.3382718
19-01-2020,MAHARASHTRA,PUNE,0,1110.58,0,13.8059645
19-01-2020,MAHARASHTRA,PARBHANI,0,644.15,0,19.82342006
19-01-2020,MAHARASHTRA,JALNA,0,631.46,0,15.87279391
19-01-2020,MAHARASHTRA,GONDIYA,0,586.37,0,20.98973491
19-01-2020,MAHARASHTRA,MUMBAI,0,0.18,0,0.233733524
19-01-2020,MAHARASHTRA,NASHIK,0,772.49,0,9.708309286
19-01-2020,MAHARASHTRA,GARHCHIROLI,0,1328.33,0,17.95497168
19-01-2020,MAHARASHTRA,RATNAGIRI,0,480.77,0,11.27318074
19-01-2020,MAHARASHTRA,OSMANABAD,0,610.98,0,15.69850189
19-01-2020,MAHARASHTRA,BID,0,893.13,0,15.75526141
19-01-2020,MAHARASHTRA,LATUR,0,586.41,0,16.8938695
19-01-2020,MAHARASHTRA,YAVATMAL,0,1336.38,0,19.30336927
19-01-2020,MAHARASHTRA,BHANDARA,0,436.09,0,22.13378867
19-01-2020,MAHARASHTRA,MUMBAI SUBURBAN,0,6.71,0,2.889214261
19-01-2020,MAHARASHTRA,NANDURBAR,0,312.74,0,10.38642358
19-01-2020,MAHARASHTRA,NAGPUR,0,1477.21,0,29.156486
19-01-2020,MAHARASHTRA,CHANDRAPUR,0,1376.52,0,23.80250729
19-01-2020,MAHARASHTRA,JALGAON,0,943.42,0,15.69176123
19-01-2020,MAHARASHTRA,HINGOLI,0,537.71,0,22.38049155
19-01-2020,MAHARASHTRA,AKOLA,0,520.23,0,18.83219886
19-01-2020,MAHARASHTRA,AURANGABAD,0,767.41,0,14.8246349
19-01-2020,MAHARASHTRA,DHULE,0,359.09,0,9.78836647
19-01-2020,MAHARASHTRA,KOLHAPUR,0,467.55,0,11.76793073
19-01-2020,MAHARASHTRA,RAIGARH,0,398.95,0,10.84802302
19-01-2020,MAHARASHTRA,AMRAVATI,0,1511.58,0,24.25437437
19-01-2020,MAHARASHTRA,NANDED,0,1454.62,0,26.76246677
19-01-2020,MAHARASHTRA,SOLAPUR,0,1346.13,0,17.53057201
19-01-2020,MAHARASHTRA,AHMADNAGAR,0,1196.56,0,13.6813876
19-01-2020,MAHARASHTRA,THANE,0,420.89,0,8.628658142
19-01-2020,MAHARASHTRA,SANGLI,0,646.11,0,14.60753007
19-01-2020,MAHARASHTRA,WARDHA,0,882.66,0,27.3834496
19-01-2020,MAHARASHTRA,BULDANA,0,780.93,0,15.66728767
19-01-2020,MAHARASHTRA,SINDHUDURG,0,294.21,0,11.18231195
18-01-2020,MAHARASHTRA,WASHIM,0,593.45,0,22.33006514
18-01-2020,MAHARASHTRA,SATARA,0,673.48,0,12.43616755
18-01-2020,MAHARASHTRA,PUNE,0,1118.31,0,13.90204751
18-01-2020,MAHARASHTRA,PARBHANI,0,646.62,0,19.89921566
18-01-2020,MAHARASHTRA,JALNA,0,634.14,0,15.94030945
18-01-2020,MAHARASHTRA,GONDIYA,0,592.4,0,21.20553496
18-01-2020,MAHARASHTRA,MUMBAI,0,0.18,0,0.235139049
18-01-2020,MAHARASHTRA,NASHIK,0,779.39,0,9.795088789
18-01-2020,MAHARASHTRA,GARHCHIROLI,0,1342.24,0,18.14302289
18-01-2020,MAHARASHTRA,RATNAGIRI,0,483.24,0,11.33105991
18-01-2020,MAHARASHTRA,OSMANABAD,0,614.86,0,15.7981967
18-01-2020,MAHARASHTRA,BID,0,898.5,0,15.84999178
18-01-2020,MAHARASHTRA,LATUR,0,589.76,0,16.99032407
18-01-2020,MAHARASHTRA,YAVATMAL,0,1347.63,0,19.46599432
18-01-2020,MAHARASHTRA,BHANDARA,0,440.74,0,22.36960319
18-01-2020,MAHARASHTRA,MUMBAI SUBURBAN,0,6.82,0,2.938757762
18-01-2020,MAHARASHTRA,NANDURBAR,0,315.84,0,10.48952227
18-01-2020,MAHARASHTRA,NAGPUR,0,1493.69,0,29.48170096
18-01-2020,MAHARASHTRA,CHANDRAPUR,0,1392.58,0,24.0801608
18-01-2020,MAHARASHTRA,JALGAON,0,948.1,0,15.7695584
18-01-2020,MAHARASHTRA,HINGOLI,0,540.28,0,22.48774817
18-01-2020,MAHARASHTRA,AKOLA,0,523.14,0,18.93751118
18-01-2020,MAHARASHTRA,AURANGABAD,0,771.8,0,14.90943269
18-01-2020,MAHARASHTRA,DHULE,0,363.15,0,9.898863351
18-01-2020,MAHARASHTRA,KOLHAPUR,0,470.43,0,11.84060562
18-01-2020,MAHARASHTRA,RAIGARH,0,401.01,0,10.90391545
18-01-2020,MAHARASHTRA,AMRAVATI,0,1521.04,0,24.40614932
18-01-2020,MAHARASHTRA,NANDED,0,1464.06,0,26.93602394
18-01-2020,MAHARASHTRA,SOLAPUR,0,1353.71,0,17.62930658
18-01-2020,MAHARASHTRA,AHMADNAGAR,0,1204.98,0,13.77765919
18-01-2020,MAHARASHTRA,THANE,0,424.06,0,8.69378388
18-01-2020,MAHARASHTRA,SANGLI,0,650.58,0,14.70842186
18-01-2020,MAHARASHTRA,WARDHA,0,891.65,0,27.66241253
18-01-2020,MAHARASHTRA,BULDANA,0,784.87,0,15.74621954
18-01-2020,MAHARASHTRA,SINDHUDURG,0,295.61,0,11.23568466
17-01-2020,MAHARASHTRA,WASHIM,0,595.07,0,22.39087339
17-01-2020,MAHARASHTRA,SATARA,0,677.8,0,12.5158003
17-01-2020,MAHARASHTRA,PUNE,0,1126.04,0,13.99816908
17-01-2020,MAHARASHTRA,PARBHANI,0,647.98,0,19.94111809
17-01-2020,MAHARASHTRA,JALNA,0,635.92,0,15.9849083
17-01-2020,MAHARASHTRA,GONDIYA,0,597.9,0,21.40220558
17-01-2020,MAHARASHTRA,MUMBAI,0,0.22,0,0.290260237
17-01-2020,MAHARASHTRA,NASHIK,0,787.11,0,9.892129187
17-01-2020,MAHARASHTRA,GARHCHIROLI,0,1356.71,0,18.33867765
17-01-2020,MAHARASHTRA,RATNAGIRI,0,486.11,0,11.39837686
17-01-2020,MAHARASHTRA,OSMANABAD,0,617.85,0,15.87507819
17-01-2020,MAHARASHTRA,BID,0,902.09,0,15.91324381
17-01-2020,MAHARASHTRA,LATUR,0,592.15,0,17.05921089
17-01-2020,MAHARASHTRA,YAVATMAL,0,1356.07,0,19.58784573
17-01-2020,MAHARASHTRA,BHANDARA,0,445.47,0,22.60997374
17-01-2020,MAHARASHTRA,MUMBAI SUBURBAN,0,7.1,0,3.056345923
17-01-2020,MAHARASHTRA,NANDURBAR,0,319.68,0,10.61697749
17-01-2020,MAHARASHTRA,NAGPUR,0,1509.69,0,29.79740708
17-01-2020,MAHARASHTRA,CHANDRAPUR,0,1406.35,0,24.31835022
17-01-2020,MAHARASHTRA,JALGAON,0,952.24,0,15.83851779
17-01-2020,MAHARASHTRA,HINGOLI,0,542.38,0,22.57508914
17-01-2020,MAHARASHTRA,AKOLA,0,524.83,0,18.99859227
17-01-2020,MAHARASHTRA,AURANGABAD,0,774.46,0,14.96080305
17-01-2020,MAHARASHTRA,DHULE,0,367.76,0,10.02467182
17-01-2020,MAHARASHTRA,KOLHAPUR,0,472.86,0,11.90169556
17-01-2020,MAHARASHTRA,RAIGARH,0,404.46,0,10.99780753
17-01-2020,MAHARASHTRA,AMRAVATI,0,1527.82,0,24.51482663
17-01-2020,MAHARASHTRA,NANDED,0,1471.61,0,27.07493091
17-01-2020,MAHARASHTRA,SOLAPUR,0,1359.74,0,17.70777878
17-01-2020,MAHARASHTRA,AHMADNAGAR,0,1212.22,0,13.86046213
17-01-2020,MAHARASHTRA,THANE,0,429.22,0,8.799406935
17-01-2020,MAHARASHTRA,SANGLI,0,653.45,0,14.77332224
17-01-2020,MAHARASHTRA,WARDHA,0,898.68,0,27.88059445
17-01-2020,MAHARASHTRA,BULDANA,0,787.43,0,15.79762137
17-01-2020,MAHARASHTRA,SINDHUDURG,0,296.89,0,11.28423018
16-01-2020,MAHARASHTRA,WASHIM,0,597.59,0,22.48580721
16-01-2020,MAHARASHTRA,SATARA,0,683.65,0,12.62391417
16-01-2020,MAHARASHTRA,PUNE,0,1134.9,0,14.1083305
16-01-2020,MAHARASHTRA,PARBHANI,0,650.38,0,20.01518689
16-01-2020,MAHARASHTRA,JALNA,0,638.67,0,16.05407114
16-01-2020,MAHARASHTRA,GONDIYA,0,604.15,0,21.62616813
16-01-2020,MAHARASHTRA,MUMBAI,0,0.22,0,0.292304654
16-01-2020,MAHARASHTRA,NASHIK,0,794.62,0,9.986441927
16-01-2020,MAHARASHTRA,GARHCHIROLI,0,1371.15,0,18.53382216
16-01-2020,MAHARASHTRA,RATNAGIRI,0,488.78,0,11.46102731
16-01-2020,MAHARASHTRA,OSMANABAD,0,622.2,0,15.98675869
16-01-2020,MAHARASHTRA,BID,0,907.45,0,16.00790717
16-01-2020,MAHARASHTRA,LATUR,0,595.75,0,17.16295543
16-01-2020,MAHARASHTRA,YAVATMAL,0,1367.93,0,19.75918539
16-01-2020,MAHARASHTRA,BHANDARA,0,450.49,0,22.86453229
16-01-2020,MAHARASHTRA,MUMBAI SUBURBAN,0,7.24,0,3.118239205
16-01-2020,MAHARASHTRA,NANDURBAR,0,323.1,0,10.73058599
16-01-2020,MAHARASHTRA,NAGPUR,0,1527.3,0,30.14505154
16-01-2020,MAHARASHTRA,CHANDRAPUR,0,1421.89,0,24.58703981
16-01-2020,MAHARASHTRA,JALGAON,0,956.94,0,15.91670955
16-01-2020,MAHARASHTRA,HINGOLI,0,545.16,0,22.69055585
16-01-2020,MAHARASHTRA,AKOLA,0,527.63,0,19.099848
16-01-2020,MAHARASHTRA,AURANGABAD,0,779.12,0,15.05079898
16-01-2020,MAHARASHTRA,DHULE,0,371.97,0,10.13927594
16-01-2020,MAHARASHTRA,KOLHAPUR,0,476.15,0,11.98443628
16-01-2020,MAHARASHTRA,RAIGARH,0,406.61,0,11.05606031
16-01-2020,MAHARASHTRA,AMRAVATI,0,1537.21,0,24.66557522
16-01-2020,MAHARASHTRA,NANDED,0,1481.35,0,27.25407079
16-01-2020,MAHARASHTRA,SOLAPUR,0,1368.53,0,17.82231396
16-01-2020,MAHARASHTRA,AHMADNAGAR,0,1221.21,0,13.96328137
16-01-2020,MAHARASHTRA,THANE,0,432.29,0,8.862361056
16-01-2020,MAHARASHTRA,SANGLI,0,658.6,0,14.8898711
16-01-2020,MAHARASHTRA,WARDHA,0,907.99,0,28.16925721
16-01-2020,MAHARASHTRA,BULDANA,0,791.28,0,15.87484144
16-01-2020,MAHARASHTRA,SINDHUDURG,0,298.53,0,11.34656451
15-01-2020,MAHARASHTRA,WASHIM,0,600.2,0,22.58406398
15-01-2020,MAHARASHTRA,SATARA,0,689.81,0,12.73761538
15-01-2020,MAHARASHTRA,PUNE,0,1143.67,0,14.21733619
15-01-2020,MAHARASHTRA,PARBHANI,0,653.01,0,20.09603543
15-01-2020,MAHARASHTRA,JALNA,0,641.34,0,16.12128776
15-01-2020,MAHARASHTRA,GONDIYA,0,611.28,0,21.88140716
15-01-2020,MAHARASHTRA,MUMBAI,0,0.23,0,0.297151588
15-01-2020,MAHARASHTRA,NASHIK,0,801.31,0,10.07058169
15-01-2020,MAHARASHTRA,GARHCHIROLI,0,1385.46,0,18.72727054
15-01-2020,MAHARASHTRA,RATNAGIRI,0,491.1,0,11.51529592
15-01-2020,MAHARASHTRA,OSMANABAD,0,626.7,0,16.10242142
15-01-2020,MAHARASHTRA,BID,0,912.56,0,16.09800105
15-01-2020,MAHARASHTRA,LATUR,0,599.53,0,17.27183666
15-01-2020,MAHARASHTRA,YAVATMAL,0,1380.41,0,19.93941411
15-01-2020,MAHARASHTRA,BHANDARA,0,456,0,23.1440998
15-01-2020,MAHARASHTRA,MUMBAI SUBURBAN,0,7.36,0,3.169099919
15-01-2020,MAHARASHTRA,NANDURBAR,0,326.46,0,10.84209654
15-01-2020,MAHARASHTRA,NAGPUR,0,1545.71,0,30.50841908
15-01-2020,MAHARASHTRA,CHANDRAPUR,0,1440.14,0,24.90261199
15-01-2020,MAHARASHTRA,JALGAON,0,961.97,0,16.00031782
15-01-2020,MAHARASHTRA,HINGOLI,0,548.1,0,22.81300087
15-01-2020,MAHARASHTRA,AKOLA,0,530.75,0,19.21275289
15-01-2020,MAHARASHTRA,AURANGABAD,0,783.32,0,15.13196739
15-01-2020,MAHARASHTRA,DHULE,0,376.24,0,10.25567375
15-01-2020,MAHARASHTRA,KOLHAPUR,0,479.67,0,12.07298059
15-01-2020,MAHARASHTRA,RAIGARH,0,408.35,0,11.10361121
15-01-2020,MAHARASHTRA,AMRAVATI,0,1548.06,0,24.83963806
15-01-2020,MAHARASHTRA,NANDED,0,1491.83,0,27.44691551
15-01-2020,MAHARASHTRA,SOLAPUR,0,1377.48,0,17.93889679
15-01-2020,MAHARASHTRA,AHMADNAGAR,0,1229.74,0,14.06075696
15-01-2020,MAHARASHTRA,THANE,0,435.14,0,8.920885388
15-01-2020,MAHARASHTRA,SANGLI,0,663.92,0,15.00998574
15-01-2020,MAHARASHTRA,WARDHA,0,918.26,0,28.48794933
15-01-2020,MAHARASHTRA,BULDANA,0,795.61,0,15.96178471
15-01-2020,MAHARASHTRA,SINDHUDURG,0,300.06,0,11.40473315
14-01-2020,MAHARASHTRA,WASHIM,0,604.43,0,22.74304956
14-01-2020,MAHARASHTRA,SATARA,0,699.55,0,12.91744502
14-01-2020,MAHARASHTRA,PUNE,0,1158.83,0,14.40573537
14-01-2020,MAHARASHTRA,PARBHANI,0,657.6,0,20.23722431
14-01-2020,MAHARASHTRA,JALNA,0,646.8,0,16.2583804
14-01-2020,MAHARASHTRA,GONDIYA,0,621.21,0,22.23674167
14-01-2020,MAHARASHTRA,MUMBAI,0,0.27,0,0.352535232
14-01-2020,MAHARASHTRA,NASHIK,0,824.11,0,10.35710475
14-01-2020,MAHARASHTRA,GARHCHIROLI,0,1405.74,0,19.00133013
14-01-2020,MAHARASHTRA,RATNAGIRI,0,493.68,0,11.57587814
14-01-2020,MAHARASHTRA,OSMANABAD,0,635.07,0,16.31735866
14-01-2020,MAHARASHTRA,BID,0,922.93,0,16.28097139
14-01-2020,MAHARASHTRA,LATUR,0,605.3,0,17.43824018
14-01-2020,MAHARASHTRA,YAVATMAL,0,1396.99,0,20.17886183
14-01-2020,MAHARASHTRA,BHANDARA,0,465.75,0,23.63894887
14-01-2020,MAHARASHTRA,MUMBAI SUBURBAN,0,7.5,0,3.231906924
14-01-2020,MAHARASHTRA,NANDURBAR,0,331.34,0,11.00410561
14-01-2020,MAHARASHTRA,NAGPUR,0,1570.3,0,30.99382484
14-01-2020,MAHARASHTRA,CHANDRAPUR,0,1462.32,0,25.28604686
14-01-2020,MAHARASHTRA,JALGAON,0,972.65,0,16.17792628
14-01-2020,MAHARASHTRA,HINGOLI,0,552.83,0,23.01009848
14-01-2020,MAHARASHTRA,AKOLA,0,535.65,0,19.39041003
14-01-2020,MAHARASHTRA,AURANGABAD,0,793.42,0,15.32703805
14-01-2020,MAHARASHTRA,DHULE,0,389,0,10.60346694
14-01-2020,MAHARASHTRA,KOLHAPUR,0,484.88,0,12.20427057
14-01-2020,MAHARASHTRA,RAIGARH,0,409.26,0,11.12814666
14-01-2020,MAHARASHTRA,AMRAVATI,0,1562.77,0,25.07570405
14-01-2020,MAHARASHTRA,NANDED,0,1506.46,0,27.71620314
14-01-2020,MAHARASHTRA,SOLAPUR,0,1393.61,0,18.14886308
14-01-2020,MAHARASHTRA,AHMADNAGAR,0,1248.65,0,14.2770016
14-01-2020,MAHARASHTRA,THANE,0,437.13,0,8.961640539
14-01-2020,MAHARASHTRA,SANGLI,0,673.79,0,15.23327497
14-01-2020,MAHARASHTRA,WARDHA,0,930.67,0,28.87296662
14-01-2020,MAHARASHTRA,BULDANA,0,803.01,0,16.11021869
14-01-2020,MAHARASHTRA,SINDHUDURG,0,302.52,0,11.49825203
13-01-2020,MAHARASHTRA,WASHIM,0,607.48,0,22.85796738
13-01-2020,MAHARASHTRA,SATARA,0,706.21,0,13.04055121
13-01-2020,MAHARASHTRA,PUNE,0,1167.45,0,14.5128877
13-01-2020,MAHARASHTRA,PARBHANI,0,660.66,0,20.33130453
13-01-2020,MAHARASHTRA,JALNA,0,650.21,0,16.34413967
13-01-2020,MAHARASHTRA,GONDIYA,0,627.93,0,22.47710751
13-01-2020,MAHARASHTRA,MUMBAI,0,0.26,0,0.335698899
13-01-2020,MAHARASHTRA,NASHIK,0,819.42,0,10.29816419
13-01-2020,MAHARASHTRA,GARHCHIROLI,0,1420.01,0,19.19419243
13-01-2020,MAHARASHTRA,RATNAGIRI,0,496.23,0,11.63567371
13-01-2020,MAHARASHTRA,OSMANABAD,0,640.24,0,16.45026655
13-01-2020,MAHARASHTRA,BID,0,929.37,0,16.39447422
13-01-2020,MAHARASHTRA,LATUR,0,609.59,0,17.56176268
13-01-2020,MAHARASHTRA,YAVATMAL,0,1410.64,0,20.37610168
13-01-2020,MAHARASHTRA,BHANDARA,0,471.28,0,23.91972809
13-01-2020,MAHARASHTRA,MUMBAI SUBURBAN,0,7.62,0,3.281239169
13-01-2020,MAHARASHTRA,NANDURBAR,0,334.68,0,11.11500387
13-01-2020,MAHARASHTRA,NAGPUR,0,1590.05,0,31.38348153
13-01-2020,MAHARASHTRA,CHANDRAPUR,0,1480.45,0,25.59955812
13-01-2020,MAHARASHTRA,JALGAON,0,977.09,0,16.25185815
13-01-2020,MAHARASHTRA,HINGOLI,0,556.13,0,23.14740903
13-01-2020,MAHARASHTRA,AKOLA,0,539.06,0,19.51383691
13-01-2020,MAHARASHTRA,AURANGABAD,0,798.25,0,15.42049845
13-01-2020,MAHARASHTRA,DHULE,0,387.64,0,10.5663538
13-01-2020,MAHARASHTRA,KOLHAPUR,0,488.83,0,12.30360705
13-01-2020,MAHARASHTRA,RAIGARH,0,411.62,0,11.19240578
13-01-2020,MAHARASHTRA,AMRAVATI,0,1574.34,0,25.26134118
13-01-2020,MAHARASHTRA,NANDED,0,1518.18,0,27.931733
13-01-2020,MAHARASHTRA,SOLAPUR,0,1403.89,0,18.28277857
13-01-2020,MAHARASHTRA,AHMADNAGAR,0,1256.3,0,14.36442173
13-01-2020,MAHARASHTRA,THANE,0,440.2,0,9.024539601
13-01-2020,MAHARASHTRA,SANGLI,0,679.49,0,15.36202102
13-01-2020,MAHARASHTRA,WARDHA,0,941.34,0,29.20404672
13-01-2020,MAHARASHTRA,BULDANA,0,808.02,0,16.2106183
13-01-2020,MAHARASHTRA,SINDHUDURG,0,304.25,0,11.56420483
12-01-2020,MAHARASHTRA,WASHIM,0,610.84,0,22.98426264
12-01-2020,MAHARASHTRA,SATARA,0,711.27,0,13.13393644
12-01-2020,MAHARASHTRA,PUNE,0,1176.2,0,14.62172384
12-01-2020,MAHARASHTRA,PARBHANI,0,664.06,0,20.43600758
12-01-2020,MAHARASHTRA,JALNA,0,653.92,0,16.43726976
12-01-2020,MAHARASHTRA,GONDIYA,0,632.15,0,22.6282435
12-01-2020,MAHARASHTRA,MUMBAI,0,0.26,0,0.337168294
12-01-2020,MAHARASHTRA,NASHIK,0,824.65,0,10.36383456
12-01-2020,MAHARASHTRA,GARHCHIROLI,0,1427.72,0,19.29850635
12-01-2020,MAHARASHTRA,RATNAGIRI,0,500.38,0,11.73288636
12-01-2020,MAHARASHTRA,OSMANABAD,0,645.76,0,16.59208601
12-01-2020,MAHARASHTRA,BID,0,935.99,0,16.51122374
12-01-2020,MAHARASHTRA,LATUR,0,613.77,0,17.68217087
12-01-2020,MAHARASHTRA,YAVATMAL,0,1424,0,20.56904929
12-01-2020,MAHARASHTRA,BHANDARA,0,473.81,0,24.04815318
12-01-2020,MAHARASHTRA,MUMBAI SUBURBAN,0,7.7,0,3.316107204
12-01-2020,MAHARASHTRA,NANDURBAR,0,336.79,0,11.18521254
12-01-2020,MAHARASHTRA,NAGPUR,0,1610.35,0,31.78421929
12-01-2020,MAHARASHTRA,CHANDRAPUR,0,1498.52,0,25.91210254
12-01-2020,MAHARASHTRA,JALGAON,0,982.08,0,16.33476244
12-01-2020,MAHARASHTRA,HINGOLI,0,559.57,0,23.29040139
12-01-2020,MAHARASHTRA,AKOLA,0,543.03,0,19.65734975
12-01-2020,MAHARASHTRA,AURANGABAD,0,802.47,0,15.50190854
12-01-2020,MAHARASHTRA,DHULE,0,394.64,0,10.75730537
12-01-2020,MAHARASHTRA,KOLHAPUR,0,491.26,0,12.36479359
12-01-2020,MAHARASHTRA,RAIGARH,0,413.93,0,11.25530357
12-01-2020,MAHARASHTRA,AMRAVATI,0,1586.13,0,25.45051913
12-01-2020,MAHARASHTRA,NANDED,0,1528.06,0,28.11351926
12-01-2020,MAHARASHTRA,SOLAPUR,0,1413.77,0,18.41142811
12-01-2020,MAHARASHTRA,AHMADNAGAR,0,1262.54,0,14.43583316
12-01-2020,MAHARASHTRA,THANE,0,444.06,0,9.103700185
12-01-2020,MAHARASHTRA,SANGLI,0,683.35,0,15.44941008
12-01-2020,MAHARASHTRA,WARDHA,0,953.44,0,29.57942184
12-01-2020,MAHARASHTRA,BULDANA,0,812.74,0,16.30545323
12-01-2020,MAHARASHTRA,SINDHUDURG,0,304.87,0,11.58769383
11-01-2020,MAHARASHTRA,WASHIM,0,613.79,0,23.09526646
11-01-2020,MAHARASHTRA,SATARA,0,718.63,0,13.26981705
11-01-2020,MAHARASHTRA,PUNE,0,1183.86,0,14.71696434
11-01-2020,MAHARASHTRA,PARBHANI,0,667.16,0,20.53158397
11-01-2020,MAHARASHTRA,JALNA,0,657.57,0,16.52902612
11-01-2020,MAHARASHTRA,GONDIYA,0,639.1,0,22.87727529
11-01-2020,MAHARASHTRA,MUMBAI,0,0.27,0,0.354412435
11-01-2020,MAHARASHTRA,NASHIK,0,831.92,0,10.4552985
11-01-2020,MAHARASHTRA,GARHCHIROLI,0,1443.77,0,19.51534968
11-01-2020,MAHARASHTRA,RATNAGIRI,0,501.18,0,11.75178672
11-01-2020,MAHARASHTRA,OSMANABAD,0,651.43,0,16.73785299
11-01-2020,MAHARASHTRA,BID,0,942.54,0,16.62681189
11-01-2020,MAHARASHTRA,LATUR,0,618.25,0,17.81108404
11-01-2020,MAHARASHTRA,YAVATMAL,0,1437.8,0,20.76839787
11-01-2020,MAHARASHTRA,BHANDARA,0,478.9,0,24.30664051
11-01-2020,MAHARASHTRA,MUMBAI SUBURBAN,0,7.88,0,3.392088562
11-01-2020,MAHARASHTRA,NANDURBAR,0,340.64,0,11.31309582
11-01-2020,MAHARASHTRA,NAGPUR,0,1630.46,0,32.18126706
11-01-2020,MAHARASHTRA,CHANDRAPUR,0,1518.32,0,26.25448672
11-01-2020,MAHARASHTRA,JALGAON,0,985.69,0,16.39492139
11-01-2020,MAHARASHTRA,HINGOLI,0,563.04,0,23.43477029
11-01-2020,MAHARASHTRA,AKOLA,0,546.56,0,19.78516276
11-01-2020,MAHARASHTRA,AURANGABAD,0,808.4,0,15.61658015
11-01-2020,MAHARASHTRA,DHULE,0,394.65,0,10.75751459
11-01-2020,MAHARASHTRA,KOLHAPUR,0,495.75,0,12.47770633
11-01-2020,MAHARASHTRA,RAIGARH,0,416.32,0,11.32029198
11-01-2020,MAHARASHTRA,AMRAVATI,0,1598.26,0,25.64512808
11-01-2020,MAHARASHTRA,NANDED,0,1539.74,0,28.3283853
11-01-2020,MAHARASHTRA,SOLAPUR,0,1424.31,0,18.54870543
11-01-2020,MAHARASHTRA,AHMADNAGAR,0,1273.53,0,14.56151786
11-01-2020,MAHARASHTRA,THANE,0,447.22,0,9.168468448
11-01-2020,MAHARASHTRA,SANGLI,0,689.77,0,15.59459547
11-01-2020,MAHARASHTRA,WARDHA,0,965.3,0,29.9474678
11-01-2020,MAHARASHTRA,BULDANA,0,817.74,0,16.40567682
11-01-2020,MAHARASHTRA,SINDHUDURG,0,306.88,0,11.66384074
10-01-2020,MAHARASHTRA,WASHIM,0,617.1,0,23.22009192
10-01-2020,MAHARASHTRA,SATARA,0,726.49,0,13.41490107
10-01-2020,MAHARASHTRA,PUNE,0,1195.34,0,14.85965283
10-01-2020,MAHARASHTRA,PARBHANI,0,670.53,0,20.63524038
10-01-2020,MAHARASHTRA,JALNA,0,661.49,0,16.62774363
10-01-2020,MAHARASHTRA,GONDIYA,0,645.96,0,23.12259876
10-01-2020,MAHARASHTRA,MUMBAI,0,0.28,0,0.36026562
10-01-2020,MAHARASHTRA,NASHIK,0,841.87,0,10.58026137
10-01-2020,MAHARASHTRA,GARHCHIROLI,0,1460.25,0,19.73813922
10-01-2020,MAHARASHTRA,RATNAGIRI,0,504.45,0,11.82842779
10-01-2020,MAHARASHTRA,OSMANABAD,0,657.08,0,16.88313512
10-01-2020,MAHARASHTRA,BID,0,949.57,0,16.75075961
10-01-2020,MAHARASHTRA,LATUR,0,622.77,0,17.94144853
10-01-2020,MAHARASHTRA,YAVATMAL,0,1452.54,0,20.98128485
10-01-2020,MAHARASHTRA,BHANDARA,0,483.38,0,24.534015
10-01-2020,MAHARASHTRA,MUMBAI SUBURBAN,0,8.08,0,3.478904157
10-01-2020,MAHARASHTRA,NANDURBAR,0,345.3,0,11.46772395
10-01-2020,MAHARASHTRA,NAGPUR,0,1652.16,0,32.60954623
10-01-2020,MAHARASHTRA,CHANDRAPUR,0,1540.07,0,26.63061155
10-01-2020,MAHARASHTRA,JALGAON,0,992.62,0,16.51015754
10-01-2020,MAHARASHTRA,HINGOLI,0,566.87,0,23.5944266
10-01-2020,MAHARASHTRA,AKOLA,0,550.37,0,19.92313438
10-01-2020,MAHARASHTRA,AURANGABAD,0,814.7,0,15.73812494
10-01-2020,MAHARASHTRA,DHULE,0,400.82,0,10.92568681
10-01-2020,MAHARASHTRA,KOLHAPUR,0,499.84,0,12.58071275
10-01-2020,MAHARASHTRA,RAIGARH,0,419.33,0,11.40215337
10-01-2020,MAHARASHTRA,AMRAVATI,0,1610.36,0,25.8393176
10-01-2020,MAHARASHTRA,NANDED,0,1552.33,0,28.56014247
10-01-2020,MAHARASHTRA,SOLAPUR,0,1435.44,0,18.69370388
10-01-2020,MAHARASHTRA,AHMADNAGAR,0,1284.8,0,14.69036109
10-01-2020,MAHARASHTRA,THANE,0,451.67,0,9.259667379
10-01-2020,MAHARASHTRA,SANGLI,0,696.3,0,15.74221929
10-01-2020,MAHARASHTRA,WARDHA,0,978.72,0,30.36369679
10-01-2020,MAHARASHTRA,BULDANA,0,823.23,0,16.5157734
10-01-2020,MAHARASHTRA,SINDHUDURG,0,309.05,0,11.74663893
09-01-2020,MAHARASHTRA,WASHIM,0,620.24,0,23.33822888
09-01-2020,MAHARASHTRA,SATARA,0,734.63,0,13.5652382
09-01-2020,MAHARASHTRA,PUNE,0,1207.19,0,15.00694133
09-01-2020,MAHARASHTRA,PARBHANI,0,673.6,0,20.72950397
09-01-2020,MAHARASHTRA,JALNA,0,665.08,0,16.71800118
09-01-2020,MAHARASHTRA,GONDIYA,0,654.64,0,23.433383
09-01-2020,MAHARASHTRA,MUMBAI,0,0.3,0,0.396729128
09-01-2020,MAHARASHTRA,NASHIK,0,852.09,0,10.70869623
09-01-2020,MAHARASHTRA,GARHCHIROLI,0,1478.65,0,19.98684509
09-01-2020,MAHARASHTRA,RATNAGIRI,0,508.3,0,11.91873104
09-01-2020,MAHARASHTRA,OSMANABAD,0,662.52,0,17.0228551
09-01-2020,MAHARASHTRA,BID,0,956.18,0,16.86744621
09-01-2020,MAHARASHTRA,LATUR,0,627.1,0,18.06603984
09-01-2020,MAHARASHTRA,YAVATMAL,0,1467.01,0,21.19027106
09-01-2020,MAHARASHTRA,BHANDARA,0,489.53,0,24.84594521
09-01-2020,MAHARASHTRA,MUMBAI SUBURBAN,0,8.3,0,3.575709192
09-01-2020,MAHARASHTRA,NANDURBAR,0,349.6,0,11.61070939
09-01-2020,MAHARASHTRA,NAGPUR,0,1681.15,0,33.18168666
09-01-2020,MAHARASHTRA,CHANDRAPUR,0,1565.31,0,27.06694164
09-01-2020,MAHARASHTRA,JALGAON,0,999.33,0,16.62168511
09-01-2020,MAHARASHTRA,HINGOLI,0,570.73,0,23.7548926
09-01-2020,MAHARASHTRA,AKOLA,0,554.11,0,20.05843139
09-01-2020,MAHARASHTRA,AURANGABAD,0,821.07,0,15.86132466
09-01-2020,MAHARASHTRA,DHULE,0,406.56,0,11.08211214
09-01-2020,MAHARASHTRA,KOLHAPUR,0,504.64,0,12.70147952
09-01-2020,MAHARASHTRA,RAIGARH,0,422.46,0,11.48719319
09-01-2020,MAHARASHTRA,AMRAVATI,0,1623.34,0,26.04762036
09-01-2020,MAHARASHTRA,NANDED,0,1565.21,0,28.7969798
09-01-2020,MAHARASHTRA,SOLAPUR,0,1446.92,0,18.84319219
09-01-2020,MAHARASHTRA,AHMADNAGAR,0,1296.75,0,14.82699461
09-01-2020,MAHARASHTRA,THANE,0,456.47,0,9.358205394
09-01-2020,MAHARASHTRA,SANGLI,0,702.95,0,15.89244281
09-01-2020,MAHARASHTRA,WARDHA,0,994.92,0,30.86614835
09-01-2020,MAHARASHTRA,BULDANA,0,828.37,0,16.61890024
09-01-2020,MAHARASHTRA,SINDHUDURG,0,311.56,0,11.84179821
08-01-2020,MAHARASHTRA,WASHIM,0,623.25,0,23.45135982
08-01-2020,MAHARASHTRA,SATARA,0,743.3,0,13.72528473
08-01-2020,MAHARASHTRA,PUNE,0,1219.38,0,15.15851508
08-01-2020,MAHARASHTRA,PARBHANI,0,676.54,0,20.82000244
08-01-2020,MAHARASHTRA,JALNA,0,668.57,0,16.80561504
08-01-2020,MAHARASHTRA,GONDIYA,0.04,671.69,0.37,24.04371772
08-01-2020,MAHARASHTRA,MUMBAI,0,0.31,0,0.402646184
08-01-2020,MAHARASHTRA,NASHIK,0,861.76,0,10.83031199
08-01-2020,MAHARASHTRA,GARHCHIROLI,0,1495.5,0,20.21463275
08-01-2020,MAHARASHTRA,RATNAGIRI,0,512.09,0,12.00756089
08-01-2020,MAHARASHTRA,OSMANABAD,0,668.12,0,17.16667922
08-01-2020,MAHARASHTRA,BID,0,963.03,0,16.98830347
08-01-2020,MAHARASHTRA,LATUR,0,631.15,0,18.18278751
08-01-2020,MAHARASHTRA,YAVATMAL,0,1482.06,0,21.40764887
08-01-2020,MAHARASHTRA,BHANDARA,0,497.01,0,25.22572511
08-01-2020,MAHARASHTRA,MUMBAI SUBURBAN,0,8.54,0,3.678451661
08-01-2020,MAHARASHTRA,NANDURBAR,0,354.1,0,11.76020228
08-01-2020,MAHARASHTRA,NAGPUR,0,1745.04,0.02,34.44278616
08-01-2020,MAHARASHTRA,CHANDRAPUR,0.01,1611.55,0.06,27.8664935
08-01-2020,MAHARASHTRA,JALGAON,0,1005.77,0,16.72883894
08-01-2020,MAHARASHTRA,HINGOLI,0,574.58,0,23.91517501
08-01-2020,MAHARASHTRA,AKOLA,0,557.93,0,20.1966324
08-01-2020,MAHARASHTRA,AURANGABAD,0,826.75,0,15.97094658
08-01-2020,MAHARASHTRA,DHULE,0,412.01,0,11.23080794
08-01-2020,MAHARASHTRA,KOLHAPUR,0,509.76,0,12.83049223
08-01-2020,MAHARASHTRA,RAIGARH,0,425.85,0,11.57946251
08-01-2020,MAHARASHTRA,AMRAVATI,0,1637.81,0,26.27972564
08-01-2020,MAHARASHTRA,NANDED,0,1578.11,0,29.03445831
08-01-2020,MAHARASHTRA,SOLAPUR,0,1457.89,0,18.98605528
08-01-2020,MAHARASHTRA,AHMADNAGAR,0,1308.33,0,14.95935699
08-01-2020,MAHARASHTRA,THANE,0,461.17,0,9.454465337
08-01-2020,MAHARASHTRA,SANGLI,0,709.98,0,16.05136014
08-01-2020,MAHARASHTRA,WARDHA,0.02,1031.45,0.12,31.99959075
08-01-2020,MAHARASHTRA,BULDANA,0,833.42,0,16.72030507
08-01-2020,MAHARASHTRA,SINDHUDURG,0,313.85,0,11.92881152
07-01-2020,MAHARASHTRA,WASHIM,0,626.87,0,23.58766523
07-01-2020,MAHARASHTRA,SATARA,0,752.6,0,13.89702384
07-01-2020,MAHARASHTRA,PUNE,0,1232.8,0,15.32530346
07-01-2020,MAHARASHTRA,PARBHANI,0,680.13,0,20.93053197
07-01-2020,MAHARASHTRA,JALNA,0,672.56,0,16.9060225
07-01-2020,MAHARASHTRA,GONDIYA,0,595.45,0,21.31457311
07-01-2020,MAHARASHTRA,MUMBAI,0,0.31,0,0.404754472
07-01-2020,MAHARASHTRA,NASHIK,0,873.01,0,10.9716906
07-01-2020,MAHARASHTRA,GARHCHIROLI,0,1480.36,0,20.00999076
07-01-2020,MAHARASHTRA,RATNAGIRI,0,515.74,0,12.09311342
07-01-2020,MAHARASHTRA,OSMANABAD,0,674.35,0,17.32685854
07-01-2020,MAHARASHTRA,BID,0,970.07,0,17.11250686
07-01-2020,MAHARASHTRA,LATUR,0,635.77,0,18.31586838
07-01-2020,MAHARASHTRA,YAVATMAL,0,1468.41,0,21.21048832
07-01-2020,MAHARASHTRA,BHANDARA,0,453.92,0,23.03851643
07-01-2020,MAHARASHTRA,MUMBAI SUBURBAN,0,8.7,0,3.748912036
07-01-2020,MAHARASHTRA,NANDURBAR,0,359.34,0,11.93422683
07-01-2020,MAHARASHTRA,NAGPUR,0,1537.82,0,30.35273365
07-01-2020,MAHARASHTRA,CHANDRAPUR,0,1383.52,0,23.92344102
07-01-2020,MAHARASHTRA,JALGAON,0,1013.51,0,16.85762883
07-01-2020,MAHARASHTRA,HINGOLI,0,576.95,0,24.01372883
07-01-2020,MAHARASHTRA,AKOLA,0,562.09,0,20.34724057
07-01-2020,MAHARASHTRA,AURANGABAD,0,833.85,0,16.10815767
07-01-2020,MAHARASHTRA,DHULE,0,418.8,0,11.41574113
07-01-2020,MAHARASHTRA,KOLHAPUR,0,515.03,0,12.96293956
07-01-2020,MAHARASHTRA,RAIGARH,0,428.9,0,11.66225257
07-01-2020,MAHARASHTRA,AMRAVATI,0,1629.67,0,26.14917635
07-01-2020,MAHARASHTRA,NANDED,0,1585.52,0,29.17073518
07-01-2020,MAHARASHTRA,SOLAPUR,0,1470.88,0,19.1551378
07-01-2020,MAHARASHTRA,AHMADNAGAR,0,1322.08,0,15.11658678
07-01-2020,MAHARASHTRA,THANE,0,465.52,0,9.543708048
07-01-2020,MAHARASHTRA,SANGLI,0,717.66,0,16.22514049
07-01-2020,MAHARASHTRA,WARDHA,0,868.26,0,26.93665733
07-01-2020,MAHARASHTRA,BULDANA,0,839.41,0,16.84040574
07-01-2020,MAHARASHTRA,SINDHUDURG,0,316.33,0,12.02330869
06-01-2020,MAHARASHTRA,WASHIM,0.07,292.43,0.42,11.00344679
06-01-2020,MAHARASHTRA,SATARA,3.66,425.06,28.94,7.848853867
06-01-2020,MAHARASHTRA,PUNE,1.18,753.45,7.83,9.366398928
06-01-2020,MAHARASHTRA,PARBHANI,0.14,281.57,0.92,8.66516856
06-01-2020,MAHARASHTRA,JALNA,0.66,272.9,3.88,6.859776355
06-01-2020,MAHARASHTRA,GONDIYA,0.36,641.28,3.22,22.95519207
06-01-2020,MAHARASHTRA,MUMBAI,0,2.84,0,3.706686137
06-01-2020,MAHARASHTRA,NASHIK,1.13,671.54,6.96,8.439686766
06-01-2020,MAHARASHTRA,GARHCHIROLI,0.58,1705.57,4.96,23.05422193
06-01-2020,MAHARASHTRA,RATNAGIRI,0.07,463.28,0.47,10.86310415
06-01-2020,MAHARASHTRA,OSMANABAD,1.62,234.41,16.61,6.022913604
06-01-2020,MAHARASHTRA,BID,1.57,449.36,14.26,7.926897626
06-01-2020,MAHARASHTRA,LATUR,2.64,274.81,24.68,7.916914855
06-01-2020,MAHARASHTRA,YAVATMAL,0.21,934.65,1.38,13.50057599
06-01-2020,MAHARASHTRA,BHANDARA,0.47,479.25,7.23,24.32437163
06-01-2020,MAHARASHTRA,MUMBAI SUBURBAN,0.18,16.23,1.9,6.990567557
06-01-2020,MAHARASHTRA,NANDURBAR,0.47,239.97,2.7,7.96983109
06-01-2020,MAHARASHTRA,NAGPUR,1.2,1260.64,14.93,24.8818225
06-01-2020,MAHARASHTRA,CHANDRAPUR,0.52,1189.98,4.35,20.57683236
06-01-2020,MAHARASHTRA,JALGAON,0.42,636.23,2.57,10.58240155
06-01-2020,MAHARASHTRA,HINGOLI,0.57,332.45,3.49,13.83733013
06-01-2020,MAHARASHTRA,AKOLA,0.22,324.71,1.4,11.75426268
06-01-2020,MAHARASHTRA,AURANGABAD,0.64,404.21,3.85,7.808528358
06-01-2020,MAHARASHTRA,DHULE,0.51,285.96,3.31,7.79486661
06-01-2020,MAHARASHTRA,KOLHAPUR,2.29,356.49,20.5,8.972774162
06-01-2020,MAHARASHTRA,RAIGARH,2.61,344.86,19.4,9.377229283
06-01-2020,MAHARASHTRA,AMRAVATI,0.42,1073.18,3.17,17.21989474
06-01-2020,MAHARASHTRA,NANDED,0.62,1045.66,4.9,19.23833755
06-01-2020,MAHARASHTRA,SOLAPUR,0.8,574.17,7.22,7.477366902
06-01-2020,MAHARASHTRA,AHMADNAGAR,0.82,682.16,5.81,7.79983168
06-01-2020,MAHARASHTRA,THANE,2.37,417.97,17.51,8.568771068
06-01-2020,MAHARASHTRA,SANGLI,2.29,318.79,18.45,7.207305361
06-01-2020,MAHARASHTRA,WARDHA,0.32,568.48,2.43,17.63643392
06-01-2020,MAHARASHTRA,BULDANA,0.85,470.93,4.99,9.447819967
06-01-2020,MAHARASHTRA,SINDHUDURG,0.07,304.17,0.56,11.56096416
05-01-2020,MAHARASHTRA,WASHIM,0.07,303.79,0.43,11.43089375
05-01-2020,MAHARASHTRA,SATARA,3.69,439.74,29.15,8.11995491
05-01-2020,MAHARASHTRA,PUNE,1.2,780.99,7.95,9.708697268
05-01-2020,MAHARASHTRA,PARBHANI,0.15,293.19,0.96,9.022821655
05-01-2020,MAHARASHTRA,JALNA,0.67,284.95,3.96,7.162820893
05-01-2020,MAHARASHTRA,GONDIYA,0.37,655.37,3.27,23.45945429
05-01-2020,MAHARASHTRA,MUMBAI,0,2.96,0,3.860957374
05-01-2020,MAHARASHTRA,NASHIK,1.15,694.28,7.12,8.725384684
05-01-2020,MAHARASHTRA,GARHCHIROLI,0.61,1733.15,5.16,23.4270116
05-01-2020,MAHARASHTRA,RATNAGIRI,0.07,470.11,0.48,11.02312228
05-01-2020,MAHARASHTRA,OSMANABAD,1.63,244.8,16.64,6.289967639
05-01-2020,MAHARASHTRA,BID,1.58,469.64,14.31,8.284715275
05-01-2020,MAHARASHTRA,LATUR,2.65,288.4,24.73,8.308471987
05-01-2020,MAHARASHTRA,YAVATMAL,0.22,965.6,1.41,13.94770891
05-01-2020,MAHARASHTRA,BHANDARA,0.47,491.9,7.29,24.96654639
05-01-2020,MAHARASHTRA,MUMBAI SUBURBAN,0.19,16.67,1.96,7.179205836
05-01-2020,MAHARASHTRA,NANDURBAR,0.47,247.04,2.75,8.204438967
05-01-2020,MAHARASHTRA,NAGPUR,1.2,1295.13,14.96,25.56256546
05-01-2020,MAHARASHTRA,CHANDRAPUR,0.53,1219.62,4.39,21.08948141
05-01-2020,MAHARASHTRA,JALGAON,0.43,657.09,2.64,10.92928425
05-01-2020,MAHARASHTRA,HINGOLI,0.59,346.22,3.63,14.41029243
05-01-2020,MAHARASHTRA,AKOLA,0.23,335.66,1.43,12.15079254
05-01-2020,MAHARASHTRA,AURANGABAD,0.65,420.33,3.91,8.119766585
05-01-2020,MAHARASHTRA,DHULE,0.52,295.76,3.38,8.062075836
05-01-2020,MAHARASHTRA,KOLHAPUR,2.3,365.25,20.6,9.193209911
05-01-2020,MAHARASHTRA,RAIGARH,2.65,351.47,19.66,9.556732658
05-01-2020,MAHARASHTRA,AMRAVATI,0.43,1102.53,3.18,17.69083477
05-01-2020,MAHARASHTRA,NANDED,0.64,1087.12,5.02,20.00103571
05-01-2020,MAHARASHTRA,SOLAPUR,0.8,602.59,7.26,7.847463863
05-01-2020,MAHARASHTRA,AHMADNAGAR,0.83,710.39,5.87,8.122545396
05-01-2020,MAHARASHTRA,THANE,2.4,427,17.72,8.753898259
05-01-2020,MAHARASHTRA,SANGLI,2.3,332.15,18.51,7.509231325
05-01-2020,MAHARASHTRA,WARDHA,0.33,587.25,2.46,18.21883961
05-01-2020,MAHARASHTRA,BULDANA,0.86,487.64,5.07,9.783100809
05-01-2020,MAHARASHTRA,SINDHUDURG,0.08,307.08,0.58,11.67147159
04-01-2020,MAHARASHTRA,WASHIM,0.07,314.68,0.43,11.84062322
04-01-2020,MAHARASHTRA,SATARA,3.72,455.97,29.34,8.419682775
04-01-2020,MAHARASHTRA,PUNE,1.22,809.21,8.07,10.05956427
04-01-2020,MAHARASHTRA,PARBHANI,0.15,304.62,0.98,9.374501857
04-01-2020,MAHARASHTRA,JALNA,0.69,297.03,4.02,7.466355823
04-01-2020,MAHARASHTRA,GONDIYA,0.38,670.26,3.32,23.99263403
04-01-2020,MAHARASHTRA,MUMBAI,0,3.12,0,4.074009241
04-01-2020,MAHARASHTRA,NASHIK,1.18,715.36,7.27,8.990418566
04-01-2020,MAHARASHTRA,GARHCHIROLI,0.64,1765.98,5.36,23.87068803
04-01-2020,MAHARASHTRA,RATNAGIRI,0.07,477.38,0.49,11.19353903
04-01-2020,MAHARASHTRA,OSMANABAD,1.63,255.02,16.67,6.552607664
04-01-2020,MAHARASHTRA,BID,1.58,489.35,14.37,8.632357356
04-01-2020,MAHARASHTRA,LATUR,2.65,301.14,24.8,8.675650418
04-01-2020,MAHARASHTRA,YAVATMAL,0.22,994.91,1.44,14.37104218
04-01-2020,MAHARASHTRA,BHANDARA,0.48,507.54,7.35,25.76017427
04-01-2020,MAHARASHTRA,MUMBAI SUBURBAN,0.19,17.15,2.03,7.385724921
04-01-2020,MAHARASHTRA,NANDURBAR,0.49,253.54,2.82,8.420512219
04-01-2020,MAHARASHTRA,NAGPUR,1.2,1335.44,14.98,26.3581936
04-01-2020,MAHARASHTRA,CHANDRAPUR,0.53,1251.51,4.43,21.64088026
04-01-2020,MAHARASHTRA,JALGAON,0.44,677.42,2.7,11.26741505
04-01-2020,MAHARASHTRA,HINGOLI,0.62,359.71,3.79,14.97172586
04-01-2020,MAHARASHTRA,AKOLA,0.23,346.25,1.46,12.53417206
04-01-2020,MAHARASHTRA,AURANGABAD,0.66,435.61,3.97,8.415094471
04-01-2020,MAHARASHTRA,DHULE,0.54,304.3,3.46,8.29475061
04-01-2020,MAHARASHTRA,KOLHAPUR,2.32,377.24,20.73,9.494988115
04-01-2020,MAHARASHTRA,RAIGARH,2.7,358.67,19.97,9.75270105
04-01-2020,MAHARASHTRA,AMRAVATI,0.42,1133.11,3.19,18.18153307
04-01-2020,MAHARASHTRA,NANDED,0.67,1126.96,5.17,20.73404838
04-01-2020,MAHARASHTRA,SOLAPUR,0.8,631.9,7.29,8.229249174
04-01-2020,MAHARASHTRA,AHMADNAGAR,0.84,737.93,5.93,8.437496041
04-01-2020,MAHARASHTRA,THANE,2.43,436.76,17.94,8.954035358
04-01-2020,MAHARASHTRA,SANGLI,2.31,347.85,18.58,7.864362219
04-01-2020,MAHARASHTRA,WARDHA,0.33,606.41,2.48,18.81324176
04-01-2020,MAHARASHTRA,BULDANA,0.87,504.17,5.13,10.11481685
04-01-2020,MAHARASHTRA,SINDHUDURG,0.08,311.19,0.62,11.82765184
03-01-2020,MAHARASHTRA,WASHIM,0.07,324.06,0.44,12.19371575
03-01-2020,MAHARASHTRA,SATARA,3.75,465.86,29.52,8.602387428
03-01-2020,MAHARASHTRA,PUNE,1.24,826.53,8.18,10.27491158
03-01-2020,MAHARASHTRA,PARBHANI,0.16,313.46,1,9.646396634
03-01-2020,MAHARASHTRA,JALNA,0.7,306.37,4.09,7.701222252
03-01-2020,MAHARASHTRA,GONDIYA,0.38,680.62,3.34,24.36323964
03-01-2020,MAHARASHTRA,MUMBAI,0,3.23,0,4.21658118
03-01-2020,MAHARASHTRA,NASHIK,1.2,729.59,7.43,9.169209541
03-01-2020,MAHARASHTRA,GARHCHIROLI,0.67,1795.3,5.61,24.26704614
03-01-2020,MAHARASHTRA,RATNAGIRI,0.07,480.75,0.5,11.27264165
03-01-2020,MAHARASHTRA,OSMANABAD,1.63,262.78,16.72,6.751814559
03-01-2020,MAHARASHTRA,BID,1.59,504.91,14.41,8.90691189
03-01-2020,MAHARASHTRA,LATUR,2.66,310.2,24.85,8.936496497
03-01-2020,MAHARASHTRA,YAVATMAL,0.22,1016.17,1.46,14.67817803
03-01-2020,MAHARASHTRA,BHANDARA,0.48,521.13,7.35,26.45003238
03-01-2020,MAHARASHTRA,MUMBAI SUBURBAN,0.2,17.45,2.09,7.517343857
03-01-2020,MAHARASHTRA,NANDURBAR,0.49,258.44,2.87,8.583247832
03-01-2020,MAHARASHTRA,NAGPUR,1.2,1374.72,14.97,27.13353668
03-01-2020,MAHARASHTRA,CHANDRAPUR,0.54,1274.32,4.46,22.03531636
03-01-2020,MAHARASHTRA,JALGAON,0.45,694.77,2.75,11.55609331
03-01-2020,MAHARASHTRA,HINGOLI,0.64,370.5,3.9,15.42099327
03-01-2020,MAHARASHTRA,AKOLA,0.23,355.63,1.48,12.87361074
03-01-2020,MAHARASHTRA,AURANGABAD,0.67,447.9,4.03,8.652463849
03-01-2020,MAHARASHTRA,DHULE,0.54,311.64,3.52,8.494816852
03-01-2020,MAHARASHTRA,KOLHAPUR,2.32,383.61,20.79,9.655330625
03-01-2020,MAHARASHTRA,RAIGARH,2.72,361.65,20.14,9.833617451
03-01-2020,MAHARASHTRA,AMRAVATI,0.42,1159.9,3.16,18.6113983
03-01-2020,MAHARASHTRA,NANDED,0.69,1158.75,5.34,21.31887261
03-01-2020,MAHARASHTRA,SOLAPUR,0.81,655.02,7.32,8.530322731
03-01-2020,MAHARASHTRA,AHMADNAGAR,0.85,758.51,5.98,8.672813102
03-01-2020,MAHARASHTRA,THANE,2.46,442.6,18.1,9.073820435
03-01-2020,MAHARASHTRA,SANGLI,2.32,359.44,18.63,8.126274778
03-01-2020,MAHARASHTRA,WARDHA,0.33,623.35,2.5,19.33877497
03-01-2020,MAHARASHTRA,BULDANA,0.88,517.55,5.21,10.38325729
03-01-2020,MAHARASHTRA,SINDHUDURG,0.08,313.34,0.63,11.90954178
02-01-2020,MAHARASHTRA,WASHIM,0.07,333.09,0.44,12.53319231
02-01-2020,MAHARASHTRA,SATARA,3.77,483.4,29.71,8.926266873
02-01-2020,MAHARASHTRA,PUNE,1.26,855.9,8.3,10.6399385
02-01-2020,MAHARASHTRA,PARBHANI,0.16,324.66,1.05,9.99133542
02-01-2020,MAHARASHTRA,JALNA,0.71,317.45,4.16,7.979542535
02-01-2020,MAHARASHTRA,GONDIYA,0.38,692.43,3.38,24.78598198
02-01-2020,MAHARASHTRA,MUMBAI,0,3.35,0,4.368194306
02-01-2020,MAHARASHTRA,NASHIK,1.23,751.26,7.6,9.441546763
02-01-2020,MAHARASHTRA,GARHCHIROLI,0.9,1855.97,7.06,25.08706849
02-01-2020,MAHARASHTRA,RATNAGIRI,0.07,487.24,0.5,11.42491722
02-01-2020,MAHARASHTRA,OSMANABAD,1.64,273.84,16.75,7.036015622
02-01-2020,MAHARASHTRA,BID,1.59,525.3,14.46,9.266605113
02-01-2020,MAHARASHTRA,LATUR,2.67,324.42,24.96,9.346330951
02-01-2020,MAHARASHTRA,YAVATMAL,0.23,1038.92,1.5,15.00679501
02-01-2020,MAHARASHTRA,BHANDARA,0.46,541.94,7.15,27.50638075
02-01-2020,MAHARASHTRA,MUMBAI SUBURBAN,0.21,17.84,2.19,7.686082468
02-01-2020,MAHARASHTRA,NANDURBAR,0.5,265.41,2.94,8.814494304
02-01-2020,MAHARASHTRA,NAGPUR,1.21,1441.37,15.01,28.44906012
02-01-2020,MAHARASHTRA,CHANDRAPUR,0.55,1295.38,4.51,22.39949779
02-01-2020,MAHARASHTRA,JALGAON,0.45,714.08,2.82,11.87724012
02-01-2020,MAHARASHTRA,HINGOLI,0.68,388.16,4.15,16.15623202
02-01-2020,MAHARASHTRA,AKOLA,0.24,364.75,1.5,13.20375399
02-01-2020,MAHARASHTRA,AURANGABAD,0.68,463.03,4.09,8.944663133
02-01-2020,MAHARASHTRA,DHULE,0.56,320.3,3.61,8.73092595
02-01-2020,MAHARASHTRA,KOLHAPUR,2.34,395.89,20.9,9.964332356
02-01-2020,MAHARASHTRA,RAIGARH,2.76,368.67,20.42,10.02442322
02-01-2020,MAHARASHTRA,AMRAVATI,0.41,1191.98,3.06,19.12603273
02-01-2020,MAHARASHTRA,NANDED,0.8,1222.44,5.94,22.49072153
02-01-2020,MAHARASHTRA,SOLAPUR,0.81,685.75,7.35,8.93046309
02-01-2020,MAHARASHTRA,AHMADNAGAR,0.85,786.69,6.03,8.994937595
02-01-2020,MAHARASHTRA,THANE,2.49,452.19,18.31,9.270424293
02-01-2020,MAHARASHTRA,SANGLI,2.33,376.21,18.7,8.505403414
02-01-2020,MAHARASHTRA,WARDHA,0.33,645.73,2.51,20.03290261
02-01-2020,MAHARASHTRA,BULDANA,0.9,530.93,5.28,10.65160622
02-01-2020,MAHARASHTRA,SINDHUDURG,0.09,316.89,0.65,12.04428473
01-01-2020,MAHARASHTRA,WASHIM,0.07,341.11,0.45,12.83500719
01-01-2020,MAHARASHTRA,SATARA,3.8,502.67,29.92,9.282012252
01-01-2020,MAHARASHTRA,PUNE,1.28,888.93,8.44,11.05051538
01-01-2020,MAHARASHTRA,PARBHANI,0.17,337.72,1.08,10.39315632
01-01-2020,MAHARASHTRA,JALNA,0.72,332.07,4.22,8.347213213
01-01-2020,MAHARASHTRA,GONDIYA,0.39,541.3,3.41,19.37639982
01-01-2020,MAHARASHTRA,MUMBAI,0,3.48,0,4.545599403
01-01-2020,MAHARASHTRA,NASHIK,1.26,776.07,7.79,9.753371373
01-01-2020,MAHARASHTRA,GARHCHIROLI,0.53,1316.28,4.38,17.7920812
01-01-2020,MAHARASHTRA,RATNAGIRI,0.08,494.41,0.52,11.59293357
01-01-2020,MAHARASHTRA,OSMANABAD,1.64,285.3,16.78,7.330595242
01-01-2020,MAHARASHTRA,BID,1.6,548.84,14.51,9.681871783
01-01-2020,MAHARASHTRA,LATUR,2.68,337.22,25.08,9.714936933
01-01-2020,MAHARASHTRA,YAVATMAL,0.23,793.93,1.53,11.46799651
01-01-2020,MAHARASHTRA,BHANDARA,0.47,429.94,6.99,21.82164479
01-01-2020,MAHARASHTRA,MUMBAI SUBURBAN,0.22,18.3,2.28,7.883499065
01-01-2020,MAHARASHTRA,NANDURBAR,0.52,273.04,3,9.06810206
01-01-2020,MAHARASHTRA,NAGPUR,1.17,1042.74,14.73,20.58109715
01-01-2020,MAHARASHTRA,CHANDRAPUR,0.51,844.5,4.24,14.60290436
01-01-2020,MAHARASHTRA,JALGAON,0.46,738.89,2.89,12.2898506
01-01-2020,MAHARASHTRA,HINGOLI,0.21,270.48,1.2,11.25801197
01-01-2020,MAHARASHTRA,AKOLA,0.24,370.83,1.52,13.42380548
01-01-2020,MAHARASHTRA,AURANGABAD,0.69,481.85,4.15,9.308184374
01-01-2020,MAHARASHTRA,DHULE,0.57,330.85,3.69,9.018445724
01-01-2020,MAHARASHTRA,KOLHAPUR,2.35,408.68,21,10.28621256
01-01-2020,MAHARASHTRA,RAIGARH,2.81,375.9,20.69,10.2211088
01-01-2020,MAHARASHTRA,AMRAVATI,0.37,1191.74,2.83,19.12231129
01-01-2020,MAHARASHTRA,NANDED,0.38,737.56,3.14,13.56975989
01-01-2020,MAHARASHTRA,SOLAPUR,0.82,719.85,7.39,9.374608602
01-01-2020,MAHARASHTRA,AHMADNAGAR,0.86,819.76,6.09,9.373071931
01-01-2020,MAHARASHTRA,THANE,2.52,462.12,18.53,9.473951972
01-01-2020,MAHARASHTRA,SANGLI,2.33,394.81,18.76,8.925928841
01-01-2020,MAHARASHTRA,WARDHA,0.34,437.08,2.52,13.55987767
01-01-2020,MAHARASHTRA,BULDANA,0.91,550.59,5.36,11.04611996
01-01-2020,MAHARASHTRA,SINDHUDURG,0.09,320.7,0.68,12.18945164
29-02-2020,MAHARASHTRA,WASHIM,0,548.51,0,20.63905914
29-02-2020,MAHARASHTRA,SATARA,0,591.09,0,10.91479619
29-02-2020,MAHARASHTRA,PUNE,0,985.88,0,12.25581152
29-02-2020,MAHARASHTRA,PARBHANI,0,606.96,0,18.67883492
29-02-2020,MAHARASHTRA,JALNA,0,591.02,0,14.85638485
29-02-2020,MAHARASHTRA,GONDIYA,0,555.55,0,19.88624904
29-02-2020,MAHARASHTRA,MUMBAI,0,0.03,0,0.04129011
29-02-2020,MAHARASHTRA,NASHIK,0,667.11,0,8.383932994
29-02-2020,MAHARASHTRA,GARHCHIROLI,0,1290.4,0,17.44232496
29-02-2020,MAHARASHTRA,RATNAGIRI,0,448.07,0,10.50635752
29-02-2020,MAHARASHTRA,OSMANABAD,0,547.83,0,14.07589845
29-02-2020,MAHARASHTRA,BID,0,809.38,0,14.27780469
29-02-2020,MAHARASHTRA,LATUR,0,520.22,0,14.98706005
29-02-2020,MAHARASHTRA,YAVATMAL,0,1223.86,0,17.67816556
29-02-2020,MAHARASHTRA,BHANDARA,0,384.21,0,19.50033984
29-02-2020,MAHARASHTRA,MUMBAI SUBURBAN,0,4.43,0,1.90988242
29-02-2020,MAHARASHTRA,NANDURBAR,0,257.92,0,8.565741739
29-02-2020,MAHARASHTRA,NAGPUR,0,1139.29,0,22.48678645
29-02-2020,MAHARASHTRA,CHANDRAPUR,0,1172.02,0,20.26626045
29-02-2020,MAHARASHTRA,JALGAON,0,859.06,0,14.28862954
29-02-2020,MAHARASHTRA,HINGOLI,0,485.02,0,20.18762344
29-02-2020,MAHARASHTRA,AKOLA,0,471.36,0,17.06309745
29-02-2020,MAHARASHTRA,AURANGABAD,0,702.59,0,13.57246338
29-02-2020,MAHARASHTRA,DHULE,0,285.76,0,7.789334318
29-02-2020,MAHARASHTRA,KOLHAPUR,0.04,471.51,0.38,11.86765972
29-02-2020,MAHARASHTRA,RAIGARH,0,372.21,0,10.12092272
29-02-2020,MAHARASHTRA,AMRAVATI,0,1303.68,0,20.91848145
29-02-2020,MAHARASHTRA,NANDED,0,1239.47,0,22.80407893
29-02-2020,MAHARASHTRA,SOLAPUR,0,1219.11,0,15.87646445
29-02-2020,MAHARASHTRA,AHMADNAGAR,0,1062.86,0,12.1526231
29-02-2020,MAHARASHTRA,THANE,0,373.63,0,7.659809438
29-02-2020,MAHARASHTRA,SANGLI,0,574.53,0,12.98915835
29-02-2020,MAHARASHTRA,WARDHA,0,685.91,0,21.27968451
29-02-2020,MAHARASHTRA,BULDANA,0,715.72,0,14.35896866
29-02-2020,MAHARASHTRA,SINDHUDURG,0,275.49,0,10.4709037
28-02-2020,MAHARASHTRA,WASHIM,0,548.67,0,20.6449528
28-02-2020,MAHARASHTRA,SATARA,0,591.34,0,10.9193933
28-02-2020,MAHARASHTRA,PUNE,0,986.11,0,12.25863858
28-02-2020,MAHARASHTRA,PARBHANI,0,607.11,0,18.68346983
28-02-2020,MAHARASHTRA,JALNA,0,587.17,0,14.75962884
28-02-2020,MAHARASHTRA,GONDIYA,0,559.04,0,20.0112628
28-02-2020,MAHARASHTRA,MUMBAI,0,0.03,0,0.04129011
28-02-2020,MAHARASHTRA,NASHIK,0,667.44,0,8.388172255
28-02-2020,MAHARASHTRA,GARHCHIROLI,0,1297.56,0,17.53904476
28-02-2020,MAHARASHTRA,RATNAGIRI,0,448.16,0,10.50859659
28-02-2020,MAHARASHTRA,OSMANABAD,0,548.01,0,14.08054711
28-02-2020,MAHARASHTRA,BID,0,809.72,0,14.28378169
28-02-2020,MAHARASHTRA,LATUR,0,520.49,0,14.99495382
28-02-2020,MAHARASHTRA,YAVATMAL,0,1226.77,0,17.72012834
28-02-2020,MAHARASHTRA,BHANDARA,0,386.17,0,19.60026312
28-02-2020,MAHARASHTRA,MUMBAI SUBURBAN,0,4.44,0,1.910725826
28-02-2020,MAHARASHTRA,NANDURBAR,0,258.06,0,8.570322645
28-02-2020,MAHARASHTRA,NAGPUR,0,1143.35,0,22.56674882
28-02-2020,MAHARASHTRA,CHANDRAPUR,0,1177.62,0,20.36310378
28-02-2020,MAHARASHTRA,JALGAON,0,859.5,0,14.29588598
28-02-2020,MAHARASHTRA,HINGOLI,0,485.48,0,20.20675653
28-02-2020,MAHARASHTRA,AKOLA,0,471.66,0,17.07394898
28-02-2020,MAHARASHTRA,AURANGABAD,0,693.44,0,13.3956634
28-02-2020,MAHARASHTRA,DHULE,0,286.15,0,7.799917647
28-02-2020,MAHARASHTRA,KOLHAPUR,0,427.22,0,10.75287091
28-02-2020,MAHARASHTRA,RAIGARH,0,372.27,0,10.12250074
28-02-2020,MAHARASHTRA,AMRAVATI,0,1305.77,0,20.95195968
28-02-2020,MAHARASHTRA,NANDED,0,1241.59,0,22.84302696
28-02-2020,MAHARASHTRA,SOLAPUR,0,1219.56,0,15.88230454
28-02-2020,MAHARASHTRA,AHMADNAGAR,0,1063.05,0,12.15484817
28-02-2020,MAHARASHTRA,THANE,0,373.76,0,7.662478485
28-02-2020,MAHARASHTRA,SANGLI,0,574.85,0,12.99629138
28-02-2020,MAHARASHTRA,WARDHA,0,687.93,0,21.34237466
28-02-2020,MAHARASHTRA,BULDANA,0,715.99,0,14.36426642
28-02-2020,MAHARASHTRA,SINDHUDURG,0,275.26,0,10.46205568
27-02-2020,MAHARASHTRA,WASHIM,0,548.97,0,20.65631616
27-02-2020,MAHARASHTRA,SATARA,0,591.64,0,10.92494831
27-02-2020,MAHARASHTRA,PUNE,0,986.86,0,12.26796824
27-02-2020,MAHARASHTRA,PARBHANI,0,607.32,0,18.68988637
27-02-2020,MAHARASHTRA,JALNA,0,587.37,0,14.76466316
27-02-2020,MAHARASHTRA,GONDIYA,0,564.45,0,20.2048915
27-02-2020,MAHARASHTRA,MUMBAI,0,0.03,0,0.04129011
27-02-2020,MAHARASHTRA,NASHIK,0,667.95,0,8.39448793
27-02-2020,MAHARASHTRA,GARHCHIROLI,0,1310.31,0,17.71139905
27-02-2020,MAHARASHTRA,RATNAGIRI,0,448.28,0,10.51135767
27-02-2020,MAHARASHTRA,OSMANABAD,0,548.39,0,14.0903763
27-02-2020,MAHARASHTRA,BID,0,810.14,0,14.29129277
27-02-2020,MAHARASHTRA,LATUR,0,521.03,0,15.01043063
27-02-2020,MAHARASHTRA,YAVATMAL,0,1230.86,0,17.77926953
27-02-2020,MAHARASHTRA,BHANDARA,0,389.24,0,19.75576873
27-02-2020,MAHARASHTRA,MUMBAI SUBURBAN,0,4.46,0,1.920709762
27-02-2020,MAHARASHTRA,NANDURBAR,0,258.43,0,8.582705742
27-02-2020,MAHARASHTRA,NAGPUR,0,1149.96,0,22.69737219
27-02-2020,MAHARASHTRA,CHANDRAPUR,0,1186.38,0,20.51463058
27-02-2020,MAHARASHTRA,JALGAON,0,860.1,0,14.30586409
27-02-2020,MAHARASHTRA,HINGOLI,0,486.11,0,20.23287675
27-02-2020,MAHARASHTRA,AKOLA,0,472.05,0,17.08811404
27-02-2020,MAHARASHTRA,AURANGABAD,0,693.94,0,13.40535897
27-02-2020,MAHARASHTRA,DHULE,0,286.61,0,7.812666471
27-02-2020,MAHARASHTRA,KOLHAPUR,0,427.36,0,10.75641568
27-02-2020,MAHARASHTRA,RAIGARH,0,372.36,0,10.12498977
27-02-2020,MAHARASHTRA,AMRAVATI,0,1309.27,0,21.00814003
27-02-2020,MAHARASHTRA,NANDED,0,1244.72,0,22.90068363
27-02-2020,MAHARASHTRA,SOLAPUR,0,1220.31,0,15.89201708
27-02-2020,MAHARASHTRA,AHMADNAGAR,0,1063.78,0,12.16313932
27-02-2020,MAHARASHTRA,THANE,0,373.99,0,7.667272082
27-02-2020,MAHARASHTRA,SANGLI,0,575.13,0,13.00278959
27-02-2020,MAHARASHTRA,WARDHA,0,690.91,0,21.43475283
27-02-2020,MAHARASHTRA,BULDANA,0,716.39,0,14.37247486
27-02-2020,MAHARASHTRA,SINDHUDURG,0,275.32,0,10.46435126
26-02-2020,MAHARASHTRA,WASHIM,0,549.31,0,20.66935465
26-02-2020,MAHARASHTRA,SATARA,0,591.98,0,10.93111281
26-02-2020,MAHARASHTRA,PUNE,0,987.72,0,12.27860719
26-02-2020,MAHARASHTRA,PARBHANI,0,607.54,0,18.69670036
26-02-2020,MAHARASHTRA,JALNA,0,587.65,0,14.77154792
26-02-2020,MAHARASHTRA,GONDIYA,0,570.5,0,20.42143903
26-02-2020,MAHARASHTRA,MUMBAI,0,0.03,0,0.041992873
26-02-2020,MAHARASHTRA,NASHIK,0,668.82,0,8.405502163
26-02-2020,MAHARASHTRA,GARHCHIROLI,0,1323.47,0,17.88930688
26-02-2020,MAHARASHTRA,RATNAGIRI,0,448.48,0,10.51587956
26-02-2020,MAHARASHTRA,OSMANABAD,0,548.78,0,14.1004488
26-02-2020,MAHARASHTRA,BID,0,810.69,0,14.30100482
26-02-2020,MAHARASHTRA,LATUR,0,521.63,0,15.02767427
26-02-2020,MAHARASHTRA,YAVATMAL,0,1235.46,0,17.84565068
26-02-2020,MAHARASHTRA,BHANDARA,0,392.43,0,19.91769081
26-02-2020,MAHARASHTRA,MUMBAI SUBURBAN,0,4.48,0,1.928011814
26-02-2020,MAHARASHTRA,NANDURBAR,0,258.77,0,8.594169809
26-02-2020,MAHARASHTRA,NAGPUR,0,1157.11,0,22.83846167
26-02-2020,MAHARASHTRA,CHANDRAPUR,0,1195.84,0,20.67825239
26-02-2020,MAHARASHTRA,JALGAON,0,860.72,0,14.31620857
26-02-2020,MAHARASHTRA,HINGOLI,0,486.8,0,20.26155075
26-02-2020,MAHARASHTRA,AKOLA,0,472.32,0,17.09786771
26-02-2020,MAHARASHTRA,AURANGABAD,0,694.44,0,13.41499188
26-02-2020,MAHARASHTRA,DHULE,0,287.09,0,7.825663196
26-02-2020,MAHARASHTRA,KOLHAPUR,0,427.53,0,10.76060407
26-02-2020,MAHARASHTRA,RAIGARH,0,372.61,0,10.13164432
26-02-2020,MAHARASHTRA,AMRAVATI,0,1313.11,0,21.06973215
26-02-2020,MAHARASHTRA,NANDED,0,1247.91,0,22.95919554
26-02-2020,MAHARASHTRA,SOLAPUR,0,1221.11,0,15.90251536
26-02-2020,MAHARASHTRA,AHMADNAGAR,0,1064.77,0,12.17455141
26-02-2020,MAHARASHTRA,THANE,0,374.38,0,7.675277705
26-02-2020,MAHARASHTRA,SANGLI,0,575.5,0,13.01116551
26-02-2020,MAHARASHTRA,WARDHA,0,694.02,0,21.53129609
26-02-2020,MAHARASHTRA,BULDANA,0,716.73,0,14.3791635
26-02-2020,MAHARASHTRA,SINDHUDURG,0,275.39,0,10.46710469
25-02-2020,MAHARASHTRA,WASHIM,0,549.69,0,20.68335901
25-02-2020,MAHARASHTRA,SATARA,0,592.35,0,10.9379465
25-02-2020,MAHARASHTRA,PUNE,0,988.41,0,12.28721519
25-02-2020,MAHARASHTRA,PARBHANI,0,607.79,0,18.70440234
25-02-2020,MAHARASHTRA,JALNA,0,587.9,0,14.77790831
25-02-2020,MAHARASHTRA,GONDIYA,0,577.21,0,20.66166642
25-02-2020,MAHARASHTRA,MUMBAI,0,0.03,0,0.041992873
25-02-2020,MAHARASHTRA,NASHIK,0,669.36,0,8.41221996
25-02-2020,MAHARASHTRA,GARHCHIROLI,0,1337.18,0,18.07468284
25-02-2020,MAHARASHTRA,RATNAGIRI,0,448.7,0,10.52125681
25-02-2020,MAHARASHTRA,OSMANABAD,0,549.19,0,14.1107798
25-02-2020,MAHARASHTRA,BID,0,811.12,0,14.30848189
25-02-2020,MAHARASHTRA,LATUR,0,522.19,0,15.04389309
25-02-2020,MAHARASHTRA,YAVATMAL,0,1240,0,17.91132885
25-02-2020,MAHARASHTRA,BHANDARA,0,395.71,0,20.08429893
25-02-2020,MAHARASHTRA,MUMBAI SUBURBAN,0,4.51,0,1.942136119
25-02-2020,MAHARASHTRA,NANDURBAR,0,259.18,0,8.607762052
25-02-2020,MAHARASHTRA,NAGPUR,0,1164.05,0,22.97549443
25-02-2020,MAHARASHTRA,CHANDRAPUR,0,1205.34,0,20.8424711
25-02-2020,MAHARASHTRA,JALGAON,0,861.42,0,14.32788
25-02-2020,MAHARASHTRA,HINGOLI,0,487.47,0,20.28949324
25-02-2020,MAHARASHTRA,AKOLA,0,472.82,0,17.11594665
25-02-2020,MAHARASHTRA,AURANGABAD,0,694.86,0,13.42307257
25-02-2020,MAHARASHTRA,DHULE,0,287.65,0,7.840994607
25-02-2020,MAHARASHTRA,KOLHAPUR,0,427.7,0,10.76501651
25-02-2020,MAHARASHTRA,RAIGARH,0,372.78,0,10.13625717
25-02-2020,MAHARASHTRA,AMRAVATI,0,1316.67,0,21.12688009
25-02-2020,MAHARASHTRA,NANDED,0,1250.79,0,23.01228538
25-02-2020,MAHARASHTRA,SOLAPUR,0,1222.04,0,15.91460039
25-02-2020,MAHARASHTRA,AHMADNAGAR,0,1065.61,0,12.18413492
25-02-2020,MAHARASHTRA,THANE,0,374.88,0,7.685430371
25-02-2020,MAHARASHTRA,SANGLI,0,575.87,0,13.01948186
25-02-2020,MAHARASHTRA,WARDHA,0,697.12,0,21.62747724
25-02-2020,MAHARASHTRA,BULDANA,0,717.26,0,14.38984516
25-02-2020,MAHARASHTRA,SINDHUDURG,0,275.48,0,10.47065228
24-02-2020,MAHARASHTRA,WASHIM,0,550.03,0,20.69622794
24-02-2020,MAHARASHTRA,SATARA,0,592.79,0,10.94615523
24-02-2020,MAHARASHTRA,PUNE,0,989.37,0,12.29913377
24-02-2020,MAHARASHTRA,PARBHANI,0,608.02,0,18.71141672
24-02-2020,MAHARASHTRA,JALNA,0,588.14,0,14.78387673
24-02-2020,MAHARASHTRA,GONDIYA,0,587.17,0.03,21.01823951
24-02-2020,MAHARASHTRA,MUMBAI,0,0.03,0,0.041992873
24-02-2020,MAHARASHTRA,NASHIK,0,670.05,0,8.420891126
24-02-2020,MAHARASHTRA,GARHCHIROLI,0,1351.6,0,18.26952137
24-02-2020,MAHARASHTRA,RATNAGIRI,0,448.94,0,10.52665359
24-02-2020,MAHARASHTRA,OSMANABAD,0,549.58,0,14.12077964
24-02-2020,MAHARASHTRA,BID,0,811.54,0,14.31588701
24-02-2020,MAHARASHTRA,LATUR,0,522.79,0,15.06118444
24-02-2020,MAHARASHTRA,YAVATMAL,0,1244.45,0,17.97551059
24-02-2020,MAHARASHTRA,BHANDARA,0,399.03,0,20.25289425
24-02-2020,MAHARASHTRA,MUMBAI SUBURBAN,0,4.54,0,1.953652784
24-02-2020,MAHARASHTRA,NANDURBAR,0,259.6,0,8.621698537
24-02-2020,MAHARASHTRA,NAGPUR,0,1170.86,0,23.10982996
24-02-2020,MAHARASHTRA,CHANDRAPUR,0,1215.02,0,21.00979743
24-02-2020,MAHARASHTRA,JALGAON,0,861.97,0,14.3370075
24-02-2020,MAHARASHTRA,HINGOLI,0,488.15,0,20.31776429
24-02-2020,MAHARASHTRA,AKOLA,0,473.22,0,17.13042703
24-02-2020,MAHARASHTRA,AURANGABAD,0,695.36,0,13.43277611
24-02-2020,MAHARASHTRA,DHULE,0,288.29,0,7.858389175
24-02-2020,MAHARASHTRA,KOLHAPUR,0,427.98,0,10.77196672
24-02-2020,MAHARASHTRA,RAIGARH,0,373.02,0,10.14288646
24-02-2020,MAHARASHTRA,AMRAVATI,0,1319.93,0,21.17916619
24-02-2020,MAHARASHTRA,NANDED,0,1253.98,0,23.07102953
24-02-2020,MAHARASHTRA,SOLAPUR,0,1222.81,0,15.92463556
24-02-2020,MAHARASHTRA,AHMADNAGAR,0,1066.43,0,12.19348829
24-02-2020,MAHARASHTRA,THANE,0,375.14,0,7.690726222
24-02-2020,MAHARASHTRA,SANGLI,0,576.27,0,13.02842962
24-02-2020,MAHARASHTRA,WARDHA,0,699.98,0,21.71605859
24-02-2020,MAHARASHTRA,BULDANA,0,717.78,0,14.40035964
24-02-2020,MAHARASHTRA,SINDHUDURG,0,275.63,0,10.47627726
23-02-2020,MAHARASHTRA,WASHIM,0,551.51,0,20.75179782
23-02-2020,MAHARASHTRA,SATARA,0,593.74,0,10.9635796
23-02-2020,MAHARASHTRA,PUNE,0,990.58,0,12.3142065
23-02-2020,MAHARASHTRA,PARBHANI,0,608.26,0,18.71868587
23-02-2020,MAHARASHTRA,JALNA,0,588.58,0,14.79499239
23-02-2020,MAHARASHTRA,GONDIYA,0,541.83,0,19.39512611
23-02-2020,MAHARASHTRA,MUMBAI,0,0.03,0,0.041992873
23-02-2020,MAHARASHTRA,NASHIK,0,670.85,0,8.430958654
23-02-2020,MAHARASHTRA,GARHCHIROLI,0,1370.1,0,18.51965035
23-02-2020,MAHARASHTRA,RATNAGIRI,0,449.22,0,10.53338296
23-02-2020,MAHARASHTRA,OSMANABAD,0,550.4,0,14.14186656
23-02-2020,MAHARASHTRA,BID,0,812.76,0,14.33740077
23-02-2020,MAHARASHTRA,LATUR,0,522.82,0,15.06195495
23-02-2020,MAHARASHTRA,YAVATMAL,0,1262.09,0,18.23034098
23-02-2020,MAHARASHTRA,BHANDARA,0,406.08,0,20.6104063
23-02-2020,MAHARASHTRA,MUMBAI SUBURBAN,0,4.56,0,1.962242676
23-02-2020,MAHARASHTRA,NANDURBAR,0,260.07,0,8.637119265
23-02-2020,MAHARASHTRA,NAGPUR,0,1176.84,0,23.22777892
23-02-2020,MAHARASHTRA,CHANDRAPUR,0,1238.95,0,21.42357401
23-02-2020,MAHARASHTRA,JALGAON,0,862.57,0,14.34696272
23-02-2020,MAHARASHTRA,HINGOLI,0,489.06,0,20.3557169
23-02-2020,MAHARASHTRA,AKOLA,0,474.33,0,17.17051482
23-02-2020,MAHARASHTRA,AURANGABAD,0,695.98,0,13.44486386
23-02-2020,MAHARASHTRA,DHULE,0,288.78,0,7.87169589
23-02-2020,MAHARASHTRA,KOLHAPUR,0,428.24,0,10.77865986
23-02-2020,MAHARASHTRA,RAIGARH,0,373.23,0,10.14844244
23-02-2020,MAHARASHTRA,AMRAVATI,0,1329.82,0,21.33777208
23-02-2020,MAHARASHTRA,NANDED,0,1258.54,0,23.1549002
23-02-2020,MAHARASHTRA,SOLAPUR,0,1223.87,0,15.9384458
23-02-2020,MAHARASHTRA,AHMADNAGAR,0,1067.56,0,12.20647071
23-02-2020,MAHARASHTRA,THANE,0,375.54,0,7.698987719
23-02-2020,MAHARASHTRA,SANGLI,0,576.94,0,13.04362999
23-02-2020,MAHARASHTRA,WARDHA,0,707.56,0,21.95114397
23-02-2020,MAHARASHTRA,BULDANA,0,718.94,0,14.42348736
23-02-2020,MAHARASHTRA,SINDHUDURG,0,275.79,0,10.48241971
22-02-2020,MAHARASHTRA,WASHIM,0,550.82,0,20.72588866
22-02-2020,MAHARASHTRA,SATARA,0,593.99,0,10.96833392
22-02-2020,MAHARASHTRA,PUNE,0,991.33,0,12.32352531
22-02-2020,MAHARASHTRA,PARBHANI,0,608.47,0,18.72537888
22-02-2020,MAHARASHTRA,JALNA,0,588.96,0,14.80462008
22-02-2020,MAHARASHTRA,GONDIYA,0,534.33,0,19.1266247
22-02-2020,MAHARASHTRA,MUMBAI,0,0.03,0,0.041992873
22-02-2020,MAHARASHTRA,NASHIK,0,672.05,0,8.446082429
22-02-2020,MAHARASHTRA,GARHCHIROLI,0,1376.96,0,18.61229931
22-02-2020,MAHARASHTRA,RATNAGIRI,0,449.41,0,10.5377368
22-02-2020,MAHARASHTRA,OSMANABAD,0,550.52,0,14.14497074
22-02-2020,MAHARASHTRA,BID,0,812.86,0,14.3392866
22-02-2020,MAHARASHTRA,LATUR,0,523.51,0,15.08178322
22-02-2020,MAHARASHTRA,YAVATMAL,0,1258.48,0,18.17814465
22-02-2020,MAHARASHTRA,BHANDARA,0,406.27,0,20.6201562
22-02-2020,MAHARASHTRA,MUMBAI SUBURBAN,0,4.57,0,1.96990978
22-02-2020,MAHARASHTRA,NANDURBAR,0,261.4,0,8.681266178
22-02-2020,MAHARASHTRA,NAGPUR,0,1181.52,0,23.32029342
22-02-2020,MAHARASHTRA,CHANDRAPUR,0,1231.03,0,21.28673577
22-02-2020,MAHARASHTRA,JALGAON,0,863.27,0,14.35871186
22-02-2020,MAHARASHTRA,HINGOLI,0,489.85,0,20.38855919
22-02-2020,MAHARASHTRA,AKOLA,0,474.08,0,17.16160658
22-02-2020,MAHARASHTRA,AURANGABAD,0,698.21,0,13.48794497
22-02-2020,MAHARASHTRA,DHULE,0,289.42,0,7.889102194
22-02-2020,MAHARASHTRA,KOLHAPUR,0,428.53,0,10.78583506
22-02-2020,MAHARASHTRA,RAIGARH,0,373.41,0,10.15346272
22-02-2020,MAHARASHTRA,AMRAVATI,0,1328.63,0,21.31873754
22-02-2020,MAHARASHTRA,NANDED,0,1261.5,0,23.20928705
22-02-2020,MAHARASHTRA,SOLAPUR,0,1224.52,0,15.94682175
22-02-2020,MAHARASHTRA,AHMADNAGAR,0,1075.28,0,12.29466301
22-02-2020,MAHARASHTRA,THANE,0,377.43,0,7.73772151
22-02-2020,MAHARASHTRA,SANGLI,0,577.39,0,13.05385958
22-02-2020,MAHARASHTRA,WARDHA,0,707.69,0,21.95535666
22-02-2020,MAHARASHTRA,BULDANA,0,718.85,0,14.42169312
22-02-2020,MAHARASHTRA,SINDHUDURG,0,275.93,0,10.48779285
21-02-2020,MAHARASHTRA,WASHIM,0,551.3,0,20.74390214
21-02-2020,MAHARASHTRA,SATARA,0,594.59,0,10.97944833
21-02-2020,MAHARASHTRA,PUNE,0,992.43,0,12.33726172
21-02-2020,MAHARASHTRA,PARBHANI,0,608.76,0,18.73414522
21-02-2020,MAHARASHTRA,JALNA,0,589.38,0,14.81512024
21-02-2020,MAHARASHTRA,GONDIYA,0,538.52,0,19.27682127
21-02-2020,MAHARASHTRA,MUMBAI,0,0.03,0,0.041992873
21-02-2020,MAHARASHTRA,NASHIK,0,672.68,0,8.454005674
21-02-2020,MAHARASHTRA,GARHCHIROLI,0,1392.62,0,18.82398893
21-02-2020,MAHARASHTRA,RATNAGIRI,0,449.72,0,10.54494283
21-02-2020,MAHARASHTRA,OSMANABAD,0,551.07,0,14.15906502
21-02-2020,MAHARASHTRA,BID,0,813.55,0,14.35144061
21-02-2020,MAHARASHTRA,LATUR,0,524.47,0,15.10949025
21-02-2020,MAHARASHTRA,YAVATMAL,0,1262.66,0,18.23851162
21-02-2020,MAHARASHTRA,BHANDARA,0,410.15,0,20.81706737
21-02-2020,MAHARASHTRA,MUMBAI SUBURBAN,0,4.58,0,1.972085735
21-02-2020,MAHARASHTRA,NANDURBAR,0,261.16,0,8.673373315
21-02-2020,MAHARASHTRA,NAGPUR,0,1187.71,0,23.44233526
21-02-2020,MAHARASHTRA,CHANDRAPUR,0,1242.02,0,21.47667647
21-02-2020,MAHARASHTRA,JALGAON,0,864.19,0,14.37395948
21-02-2020,MAHARASHTRA,HINGOLI,0,490.72,0,20.42485923
21-02-2020,MAHARASHTRA,AKOLA,0,474.7,0,17.18402781
21-02-2020,MAHARASHTRA,AURANGABAD,0,697.27,0,13.4697492
21-02-2020,MAHARASHTRA,DHULE,0,290.04,0,7.905949847
21-02-2020,MAHARASHTRA,KOLHAPUR,0,428.82,0,10.79321093
21-02-2020,MAHARASHTRA,RAIGARH,0,373.63,0,10.15948789
21-02-2020,MAHARASHTRA,AMRAVATI,0,1330.55,0,21.34953401
21-02-2020,MAHARASHTRA,NANDED,0,1265.32,0,23.27961512
21-02-2020,MAHARASHTRA,SOLAPUR,0,1225.49,0,15.95946011
21-02-2020,MAHARASHTRA,AHMADNAGAR,0,1069.56,0,12.22932733
21-02-2020,MAHARASHTRA,THANE,0,376.47,0,7.718037927
21-02-2020,MAHARASHTRA,SANGLI,0,577.89,0,13.06514037
21-02-2020,MAHARASHTRA,WARDHA,0,709.44,0,22.00945907
21-02-2020,MAHARASHTRA,BULDANA,0,719.55,0,14.43581019
21-02-2020,MAHARASHTRA,SINDHUDURG,0,276.09,0,10.49383156
20-02-2020,MAHARASHTRA,WASHIM,0,551.8,0,20.76272769
20-02-2020,MAHARASHTRA,SATARA,0,595.27,0,10.99200756
20-02-2020,MAHARASHTRA,PUNE,0,993.56,0,12.35128346
20-02-2020,MAHARASHTRA,PARBHANI,0,609.1,0,18.74461234
20-02-2020,MAHARASHTRA,JALNA,0,589.77,0,14.82484672
20-02-2020,MAHARASHTRA,GONDIYA,0,542.4,0,19.4155337
20-02-2020,MAHARASHTRA,MUMBAI,0,0.04,0,0.045801641
20-02-2020,MAHARASHTRA,NASHIK,0,673.83,0,8.468362003
20-02-2020,MAHARASHTRA,GARHCHIROLI,0,1408.89,0,19.04400229
20-02-2020,MAHARASHTRA,RATNAGIRI,0,450.07,0,10.55317726
20-02-2020,MAHARASHTRA,OSMANABAD,0,551.7,0,14.17528022
20-02-2020,MAHARASHTRA,BID,0,814.23,0,14.36347013
20-02-2020,MAHARASHTRA,LATUR,0,525.25,0,15.13198605
20-02-2020,MAHARASHTRA,YAVATMAL,0,1268.47,0,18.32252378
20-02-2020,MAHARASHTRA,BHANDARA,0,414.06,0,21.0156473
20-02-2020,MAHARASHTRA,MUMBAI SUBURBAN,0,4.63,0,1.994383065
20-02-2020,MAHARASHTRA,NANDURBAR,0,261.87,0,8.696985843
20-02-2020,MAHARASHTRA,NAGPUR,0,1195.9,0,23.60409103
20-02-2020,MAHARASHTRA,CHANDRAPUR,0,1253.39,0,21.67330513
20-02-2020,MAHARASHTRA,JALGAON,0,865.14,0,14.38972355
20-02-2020,MAHARASHTRA,HINGOLI,0,491.49,0,20.45684055
20-02-2020,MAHARASHTRA,AKOLA,0,475.27,0,17.20445006
20-02-2020,MAHARASHTRA,AURANGABAD,0,697.94,0,13.4826618
20-02-2020,MAHARASHTRA,DHULE,0,291.04,0,7.933195393
20-02-2020,MAHARASHTRA,KOLHAPUR,0,429.16,0,10.80168549
20-02-2020,MAHARASHTRA,RAIGARH,0,373.9,0,10.16685843
20-02-2020,MAHARASHTRA,AMRAVATI,0,1334.81,0,21.41798877
20-02-2020,MAHARASHTRA,NANDED,0,1269.11,0,23.34938662
20-02-2020,MAHARASHTRA,SOLAPUR,0,1226.82,0,15.97687428
20-02-2020,MAHARASHTRA,AHMADNAGAR,0,1070.96,0,12.24523572
20-02-2020,MAHARASHTRA,THANE,0,377.17,0,7.73236241
20-02-2020,MAHARASHTRA,SANGLI,0,578.59,0,13.08095703
20-02-2020,MAHARASHTRA,WARDHA,0,713.2,0,22.12633545
20-02-2020,MAHARASHTRA,BULDANA,0,720.3,0,14.45088316
20-02-2020,MAHARASHTRA,SINDHUDURG,0,276.21,0,10.49808798
19-02-2020,MAHARASHTRA,WASHIM,0,552.38,0,20.78455866
19-02-2020,MAHARASHTRA,SATARA,0,595.98,0,11.00494068
19-02-2020,MAHARASHTRA,PUNE,0,995.11,0,12.37058169
19-02-2020,MAHARASHTRA,PARBHANI,0,609.6,0,18.76020828
19-02-2020,MAHARASHTRA,JALNA,0,590.29,0,14.83805791
19-02-2020,MAHARASHTRA,GONDIYA,0,546.69,0,19.56910361
19-02-2020,MAHARASHTRA,MUMBAI,0,0.05,0,0.067041124
19-02-2020,MAHARASHTRA,NASHIK,0,674.99,0,8.482944403
19-02-2020,MAHARASHTRA,GARHCHIROLI,0,1426.18,0,19.27763936
19-02-2020,MAHARASHTRA,RATNAGIRI,0,450.32,0,10.55921619
19-02-2020,MAHARASHTRA,OSMANABAD,0,552.3,0,14.19087071
19-02-2020,MAHARASHTRA,BID,0,815.14,0,14.3794042
19-02-2020,MAHARASHTRA,LATUR,0,526.23,0,15.16006154
19-02-2020,MAHARASHTRA,YAVATMAL,0,1274.73,0,18.41291883
19-02-2020,MAHARASHTRA,BHANDARA,0,418.4,0,21.23588077
19-02-2020,MAHARASHTRA,MUMBAI SUBURBAN,0,4.65,0,2.004266742
19-02-2020,MAHARASHTRA,NANDURBAR,0,262.36,0,8.713326122
19-02-2020,MAHARASHTRA,NAGPUR,0,1204.65,0,23.77681901
19-02-2020,MAHARASHTRA,CHANDRAPUR,0,1265.52,0,21.88306966
19-02-2020,MAHARASHTRA,JALGAON,0,866.19,0,14.40717111
19-02-2020,MAHARASHTRA,HINGOLI,0,492.28,0,20.48974079
19-02-2020,MAHARASHTRA,AKOLA,0,475.9,0,17.22730038
19-02-2020,MAHARASHTRA,AURANGABAD,0,698.92,0,13.50167109
19-02-2020,MAHARASHTRA,DHULE,0,292.02,0,7.959901563
19-02-2020,MAHARASHTRA,KOLHAPUR,0,429.58,0,10.81237735
19-02-2020,MAHARASHTRA,RAIGARH,0,374.14,0,10.17327197
19-02-2020,MAHARASHTRA,AMRAVATI,0,1339.3,0,21.49001304
19-02-2020,MAHARASHTRA,NANDED,0,1273.12,0,23.42318104
19-02-2020,MAHARASHTRA,SOLAPUR,0,1227.87,0,15.99046735
19-02-2020,MAHARASHTRA,AHMADNAGAR,0,1072.64,0,12.26446872
19-02-2020,MAHARASHTRA,THANE,0,377.62,0,7.741727445
19-02-2020,MAHARASHTRA,SANGLI,0,579.05,0,13.09131429
19-02-2020,MAHARASHTRA,WARDHA,0,716.79,0,22.23771215
19-02-2020,MAHARASHTRA,BULDANA,0,720.96,0,14.46412147
19-02-2020,MAHARASHTRA,SINDHUDURG,0,276.37,0,10.50432694
18-02-2020,MAHARASHTRA,WASHIM,0,552.91,0,20.80474247
18-02-2020,MAHARASHTRA,SATARA,0,596.63,0,11.0169906
18-02-2020,MAHARASHTRA,PUNE,0,996.56,0,12.38859867
18-02-2020,MAHARASHTRA,PARBHANI,0,610.11,0,18.77567337
18-02-2020,MAHARASHTRA,JALNA,0,590.86,0,14.85219436
18-02-2020,MAHARASHTRA,GONDIYA,0,544.72,0,19.49867576
18-02-2020,MAHARASHTRA,MUMBAI,0,0.05,0,0.067041124
18-02-2020,MAHARASHTRA,NASHIK,0,676.43,0,8.501112272
18-02-2020,MAHARASHTRA,GARHCHIROLI,0,1440.25,0,19.46782784
18-02-2020,MAHARASHTRA,RATNAGIRI,0,450.66,0,10.56703629
18-02-2020,MAHARASHTRA,OSMANABAD,0,552.99,0,14.20864329
18-02-2020,MAHARASHTRA,BID,0,816.17,0,14.39763535
18-02-2020,MAHARASHTRA,LATUR,0,527.14,0,15.1863886
18-02-2020,MAHARASHTRA,YAVATMAL,0,1279.68,0,18.48437117
18-02-2020,MAHARASHTRA,BHANDARA,0,419.67,0,21.30043484
18-02-2020,MAHARASHTRA,MUMBAI SUBURBAN,0,4.69,0,2.017999151
18-02-2020,MAHARASHTRA,NANDURBAR,0,263.11,0,8.738258082
18-02-2020,MAHARASHTRA,NAGPUR,0,1209.23,0,23.86714
18-02-2020,MAHARASHTRA,CHANDRAPUR,0,1276.1,0,22.0659724
18-02-2020,MAHARASHTRA,JALGAON,0,867.3,0,14.42563072
18-02-2020,MAHARASHTRA,HINGOLI,0,493.26,0,20.53071324
18-02-2020,MAHARASHTRA,AKOLA,0,476.7,0,17.25634162
18-02-2020,MAHARASHTRA,AURANGABAD,0,700.02,0,13.5227876
18-02-2020,MAHARASHTRA,DHULE,0,292.96,0,7.985667762
18-02-2020,MAHARASHTRA,KOLHAPUR,0,429.96,0,10.82176533
18-02-2020,MAHARASHTRA,RAIGARH,0,374.38,0,10.17967245
18-02-2020,MAHARASHTRA,AMRAVATI,0,1343.26,0,21.55342711
18-02-2020,MAHARASHTRA,NANDED,0,1276.87,0,23.49207745
18-02-2020,MAHARASHTRA,SOLAPUR,0,1229.23,0,16.00819149
18-02-2020,MAHARASHTRA,AHMADNAGAR,0,1074.13,0,12.28157543
18-02-2020,MAHARASHTRA,THANE,0,378.3,0,7.755571744
18-02-2020,MAHARASHTRA,SANGLI,0,579.94,0,13.11141412
18-02-2020,MAHARASHTRA,WARDHA,0,719.4,0,22.31866666
18-02-2020,MAHARASHTRA,BULDANA,0,721.95,0,14.48400038
18-02-2020,MAHARASHTRA,SINDHUDURG,0,276.58,0,10.51243894
17-02-2020,MAHARASHTRA,WASHIM,0,553.52,0,20.82747364
17-02-2020,MAHARASHTRA,SATARA,0,597.55,0,11.03408309
17-02-2020,MAHARASHTRA,PUNE,0,998.24,0,12.40947691
17-02-2020,MAHARASHTRA,PARBHANI,0,610.54,0,18.78888019
17-02-2020,MAHARASHTRA,JALNA,0,591.45,0,14.86704569
17-02-2020,MAHARASHTRA,GONDIYA,0,548.79,0,19.64454907
17-02-2020,MAHARASHTRA,MUMBAI,0,0.06,0,0.080156861
17-02-2020,MAHARASHTRA,NASHIK,0,677.8,0,8.518363802
17-02-2020,MAHARASHTRA,GARHCHIROLI,0,1457.87,0,19.7060006
17-02-2020,MAHARASHTRA,RATNAGIRI,0,451.1,0,10.57732445
17-02-2020,MAHARASHTRA,OSMANABAD,0,553.65,0,14.22555961
17-02-2020,MAHARASHTRA,BID,0,817.17,0,14.41528177
17-02-2020,MAHARASHTRA,LATUR,0,528.28,0,15.21920449
17-02-2020,MAHARASHTRA,YAVATMAL,0,1286.83,0,18.58769495
17-02-2020,MAHARASHTRA,BHANDARA,0,423.88,0,21.51399219
17-02-2020,MAHARASHTRA,MUMBAI SUBURBAN,0,4.73,0,2.0362445
17-02-2020,MAHARASHTRA,NANDURBAR,0,263.84,0,8.76254513
17-02-2020,MAHARASHTRA,NAGPUR,0,1218.29,0,24.0460028
17-02-2020,MAHARASHTRA,CHANDRAPUR,0,1289.19,0,22.29236089
17-02-2020,MAHARASHTRA,JALGAON,0,868.43,0,14.44441698
17-02-2020,MAHARASHTRA,HINGOLI,0,494.23,0,20.57089591
17-02-2020,MAHARASHTRA,AKOLA,0,477.29,0,17.27771627
17-02-2020,MAHARASHTRA,AURANGABAD,0,700.85,0,13.53896196
17-02-2020,MAHARASHTRA,DHULE,0,294,0,8.013987229
17-02-2020,MAHARASHTRA,KOLHAPUR,0,430.36,0,10.83201303
17-02-2020,MAHARASHTRA,RAIGARH,0,374.75,0,10.18998882
17-02-2020,MAHARASHTRA,AMRAVATI,0,1347.95,0,21.62880755
17-02-2020,MAHARASHTRA,NANDED,0,1280.98,0,23.56769995
17-02-2020,MAHARASHTRA,SOLAPUR,0,1230.85,0,16.02930793
17-02-2020,MAHARASHTRA,AHMADNAGAR,0,1075.81,0,12.30074878
17-02-2020,MAHARASHTRA,THANE,0,378.89,0,7.767641909
17-02-2020,MAHARASHTRA,SANGLI,0,580.73,0,13.12929262
17-02-2020,MAHARASHTRA,WARDHA,0,723.33,0,22.44056049
17-02-2020,MAHARASHTRA,BULDANA,0,722.66,0,14.49818339
17-02-2020,MAHARASHTRA,SINDHUDURG,0,276.72,0,10.51757701
16-02-2020,MAHARASHTRA,WASHIM,0,554.29,0,20.85645806
16-02-2020,MAHARASHTRA,SATARA,0,598.63,0,11.05390496
16-02-2020,MAHARASHTRA,PUNE,0,999.62,0,12.42655556
16-02-2020,MAHARASHTRA,PARBHANI,0,610.98,0,18.80244278
16-02-2020,MAHARASHTRA,JALNA,0,592.05,0,14.88223066
16-02-2020,MAHARASHTRA,GONDIYA,0,553.41,0,19.80984205
16-02-2020,MAHARASHTRA,MUMBAI,0,0.06,0,0.080156861
16-02-2020,MAHARASHTRA,NASHIK,0,679.01,0,8.53358214
16-02-2020,MAHARASHTRA,GARHCHIROLI,0,1477.02,0,19.96486389
16-02-2020,MAHARASHTRA,RATNAGIRI,0,451.51,0,10.58713329
16-02-2020,MAHARASHTRA,OSMANABAD,0,554.44,0,14.24586077
16-02-2020,MAHARASHTRA,BID,0,818.29,0,14.43493092
16-02-2020,MAHARASHTRA,LATUR,0,529.35,0,15.2499528
16-02-2020,MAHARASHTRA,YAVATMAL,0,1293.94,0,18.69040941
16-02-2020,MAHARASHTRA,BHANDARA,0,428.71,0,21.7593798
16-02-2020,MAHARASHTRA,MUMBAI SUBURBAN,0,4.75,0,2.048092019
16-02-2020,MAHARASHTRA,NANDURBAR,0,264.56,0,8.786225136
16-02-2020,MAHARASHTRA,NAGPUR,0,1227.89,0,24.2353695
16-02-2020,MAHARASHTRA,CHANDRAPUR,0,1303.27,0,22.53576913
16-02-2020,MAHARASHTRA,JALGAON,0,869.8,0,14.46722839
16-02-2020,MAHARASHTRA,HINGOLI,0,495.03,0,20.60424847
16-02-2020,MAHARASHTRA,AKOLA,0,478.07,0,17.30596692
16-02-2020,MAHARASHTRA,AURANGABAD,0,701.94,0,13.55997705
16-02-2020,MAHARASHTRA,DHULE,0,294.96,0,8.040030776
16-02-2020,MAHARASHTRA,KOLHAPUR,0,430.87,0,10.84467352
16-02-2020,MAHARASHTRA,RAIGARH,0,375,0,10.19660912
16-02-2020,MAHARASHTRA,AMRAVATI,0,1352.87,0,21.70771846
16-02-2020,MAHARASHTRA,NANDED,0,1285.14,0,23.64430174
16-02-2020,MAHARASHTRA,SOLAPUR,0,1232.36,0,16.04893205
16-02-2020,MAHARASHTRA,AHMADNAGAR,0,1077.63,0,12.32157738
16-02-2020,MAHARASHTRA,THANE,0,379.45,0,7.779059896
16-02-2020,MAHARASHTRA,SANGLI,0,581.63,0,13.14956362
16-02-2020,MAHARASHTRA,WARDHA,0,727.54,0,22.57104753
16-02-2020,MAHARASHTRA,BULDANA,0,723.41,0,14.51329777
16-02-2020,MAHARASHTRA,SINDHUDURG,0,276.94,0,10.52597028
15-02-2020,MAHARASHTRA,WASHIM,0,554.98,0,20.88259424
15-02-2020,MAHARASHTRA,SATARA,0,599.62,0,11.07223585
15-02-2020,MAHARASHTRA,PUNE,0,1001.58,0,12.45091234
15-02-2020,MAHARASHTRA,PARBHANI,0,611.41,0,18.81582331
15-02-2020,MAHARASHTRA,JALNA,0,592.62,0,14.89656028
15-02-2020,MAHARASHTRA,GONDIYA,0,557.72,0,19.96409054
15-02-2020,MAHARASHTRA,MUMBAI,0,0.06,0,0.080156861
15-02-2020,MAHARASHTRA,NASHIK,0,680.58,0,8.553269503
15-02-2020,MAHARASHTRA,GARHCHIROLI,0,1496.87,0,20.2331655
15-02-2020,MAHARASHTRA,RATNAGIRI,0,451.88,0,10.59570437
15-02-2020,MAHARASHTRA,OSMANABAD,0,555.34,0,14.26900004
15-02-2020,MAHARASHTRA,BID,0,820.5,0,14.47397804
15-02-2020,MAHARASHTRA,LATUR,0,530.59,0,15.28576349
15-02-2020,MAHARASHTRA,YAVATMAL,0,1301.47,0,18.79920622
15-02-2020,MAHARASHTRA,BHANDARA,0,433.4,0,21.99700118
15-02-2020,MAHARASHTRA,MUMBAI SUBURBAN,0,4.79,0,2.064520586
15-02-2020,MAHARASHTRA,NANDURBAR,0,265.55,0,8.819150655
15-02-2020,MAHARASHTRA,NAGPUR,0,1237.58,0,24.42670554
15-02-2020,MAHARASHTRA,CHANDRAPUR,0,1318.05,0,22.79141379
15-02-2020,MAHARASHTRA,JALGAON,0,871.02,0,14.48755753
15-02-2020,MAHARASHTRA,HINGOLI,0,496.03,0,20.64576488
15-02-2020,MAHARASHTRA,AKOLA,0,479.02,0,17.34029883
15-02-2020,MAHARASHTRA,AURANGABAD,0,703.11,0,13.58250578
15-02-2020,MAHARASHTRA,DHULE,0,296.21,0,8.074114177
15-02-2020,MAHARASHTRA,KOLHAPUR,0,431.41,0,10.85837349
15-02-2020,MAHARASHTRA,RAIGARH,0,375.33,0,10.20555019
15-02-2020,MAHARASHTRA,AMRAVATI,0,1357.98,0,21.78974768
15-02-2020,MAHARASHTRA,NANDED,0,1289.72,0,23.72850348
15-02-2020,MAHARASHTRA,SOLAPUR,0,1233.97,0,16.06989574
15-02-2020,MAHARASHTRA,AHMADNAGAR,0,1080.51,0,12.35450382
15-02-2020,MAHARASHTRA,THANE,0,380.42,0,7.798958221
15-02-2020,MAHARASHTRA,SANGLI,0,582.56,0,13.17067243
15-02-2020,MAHARASHTRA,WARDHA,0,731.93,0,22.70746237
15-02-2020,MAHARASHTRA,BULDANA,0,724.44,0,14.53391145
15-02-2020,MAHARASHTRA,SINDHUDURG,0,277.19,0,10.53565539
14-02-2020,MAHARASHTRA,WASHIM,0,555.7,0,20.90956311
14-02-2020,MAHARASHTRA,SATARA,0,600.58,0,11.08993554
14-02-2020,MAHARASHTRA,PUNE,0,1003.47,0,12.47451243
14-02-2020,MAHARASHTRA,PARBHANI,0,611.99,0,18.83365083
14-02-2020,MAHARASHTRA,JALNA,0,593.26,0,14.91248359
14-02-2020,MAHARASHTRA,GONDIYA,0,562.75,0,20.14413343
14-02-2020,MAHARASHTRA,MUMBAI,0,0.07,0,0.09402182
14-02-2020,MAHARASHTRA,NASHIK,0,682.21,0,8.573704918
14-02-2020,MAHARASHTRA,GARHCHIROLI,0,1518.96,0,20.53178179
14-02-2020,MAHARASHTRA,RATNAGIRI,0,452.29,0,10.60528064
14-02-2020,MAHARASHTRA,OSMANABAD,0,556.14,0,14.28954442
14-02-2020,MAHARASHTRA,BID,0,820.8,0,14.47931321
14-02-2020,MAHARASHTRA,LATUR,0,531.75,0,15.31930541
14-02-2020,MAHARASHTRA,YAVATMAL,0,1309.42,0,18.91401655
14-02-2020,MAHARASHTRA,BHANDARA,0,438.4,0,22.25097876
14-02-2020,MAHARASHTRA,MUMBAI SUBURBAN,0,4.86,0,2.093183315
14-02-2020,MAHARASHTRA,NANDURBAR,0,266.42,0,8.848215319
14-02-2020,MAHARASHTRA,NAGPUR,0,1247.69,0,24.62624984
14-02-2020,MAHARASHTRA,CHANDRAPUR,0,1333.64,0,23.06106255
14-02-2020,MAHARASHTRA,JALGAON,0,872.4,0,14.51048205
14-02-2020,MAHARASHTRA,HINGOLI,0,497.09,0,20.68985991
14-02-2020,MAHARASHTRA,AKOLA,0,479.96,0,17.37420416
14-02-2020,MAHARASHTRA,AURANGABAD,0,704.3,0,13.60544795
14-02-2020,MAHARASHTRA,DHULE,0,297.36,0,8.105527592
14-02-2020,MAHARASHTRA,KOLHAPUR,0,432.1,0,10.87574378
14-02-2020,MAHARASHTRA,RAIGARH,0,375.76,0,10.2173098
14-02-2020,MAHARASHTRA,AMRAVATI,0,1363.26,0,21.87441415
14-02-2020,MAHARASHTRA,NANDED,0,1294.35,0,23.81360773
14-02-2020,MAHARASHTRA,SOLAPUR,0,1235.69,0,16.09235169
14-02-2020,MAHARASHTRA,AHMADNAGAR,0,1081.57,0,12.36665002
14-02-2020,MAHARASHTRA,THANE,0,381.01,0,7.811084933
14-02-2020,MAHARASHTRA,SANGLI,0,583.46,0,13.19108435
14-02-2020,MAHARASHTRA,WARDHA,0,736.23,0,22.8406957
14-02-2020,MAHARASHTRA,BULDANA,0,725.43,0,14.55375468
14-02-2020,MAHARASHTRA,SINDHUDURG,0,277.41,0,10.54384648
13-02-2020,MAHARASHTRA,WASHIM,0,556.47,0,20.93841285
13-02-2020,MAHARASHTRA,SATARA,0,601.74,0,11.11147093
13-02-2020,MAHARASHTRA,PUNE,0,1005.43,0,12.4988076
13-02-2020,MAHARASHTRA,PARBHANI,0,612.67,0,18.85448397
13-02-2020,MAHARASHTRA,JALNA,0,593.99,0,14.9310399
13-02-2020,MAHARASHTRA,GONDIYA,0,568.34,0,20.34401661
13-02-2020,MAHARASHTRA,MUMBAI,0,0.07,0,0.09402182
13-02-2020,MAHARASHTRA,NASHIK,0,683.89,0,8.59483765
13-02-2020,MAHARASHTRA,GARHCHIROLI,0,1542.38,0,20.84833802
13-02-2020,MAHARASHTRA,RATNAGIRI,0,452.78,0,10.61687513
13-02-2020,MAHARASHTRA,OSMANABAD,0,557.05,0,14.31288999
13-02-2020,MAHARASHTRA,BID,0,822.18,0,14.50363428
13-02-2020,MAHARASHTRA,LATUR,0,532.93,0,15.35316624
13-02-2020,MAHARASHTRA,YAVATMAL,0,1317.81,0,19.03519552
13-02-2020,MAHARASHTRA,BHANDARA,0,444.13,0,22.54189111
13-02-2020,MAHARASHTRA,MUMBAI SUBURBAN,0,4.86,0,2.094377667
13-02-2020,MAHARASHTRA,NANDURBAR,0,267.44,0,8.882128627
13-02-2020,MAHARASHTRA,NAGPUR,0,1258.85,0,24.84657291
13-02-2020,MAHARASHTRA,CHANDRAPUR,0,1350.19,0,23.34715246
13-02-2020,MAHARASHTRA,JALGAON,0,873.85,0,14.53458789
13-02-2020,MAHARASHTRA,HINGOLI,0,498.26,0,20.73885141
13-02-2020,MAHARASHTRA,AKOLA,0,480.74,0,17.40246756
13-02-2020,MAHARASHTRA,AURANGABAD,0,705.52,0,13.62917944
13-02-2020,MAHARASHTRA,DHULE,0,298.5,0,8.136585947
13-02-2020,MAHARASHTRA,KOLHAPUR,0,432.63,0,10.88907806
13-02-2020,MAHARASHTRA,RAIGARH,0,376.06,0,10.2256
13-02-2020,MAHARASHTRA,AMRAVATI,0,1368.28,0,21.95490592
13-02-2020,MAHARASHTRA,NANDED,0,1299.2,0,23.90288791
13-02-2020,MAHARASHTRA,SOLAPUR,0,1237.53,0,16.11631917
13-02-2020,MAHARASHTRA,AHMADNAGAR,0,1083.69,0,12.39087295
13-02-2020,MAHARASHTRA,THANE,0,381.56,0,7.822443415
13-02-2020,MAHARASHTRA,SANGLI,0,584.41,0,13.21259084
13-02-2020,MAHARASHTRA,WARDHA,0,740.93,0,22.98647626
13-02-2020,MAHARASHTRA,BULDANA,0,726.42,0,14.57367642
13-02-2020,MAHARASHTRA,SINDHUDURG,0,277.61,0,10.55137446
12-02-2020,MAHARASHTRA,WASHIM,0,557.28,0,20.96914081
12-02-2020,MAHARASHTRA,SATARA,0,602.76,0,11.13022491
12-02-2020,MAHARASHTRA,PUNE,0,1007.34,0,12.52254784
12-02-2020,MAHARASHTRA,PARBHANI,0,613.19,0,18.87050545
12-02-2020,MAHARASHTRA,JALNA,0,594.68,0,14.94817776
12-02-2020,MAHARASHTRA,GONDIYA,0,573.85,0,20.54147525
12-02-2020,MAHARASHTRA,MUMBAI,0,0.07,0,0.09408569
12-02-2020,MAHARASHTRA,NASHIK,0,685.73,0,8.617924753
12-02-2020,MAHARASHTRA,GARHCHIROLI,0,1566.45,0,21.17373207
12-02-2020,MAHARASHTRA,RATNAGIRI,0,453.33,0,10.62981559
12-02-2020,MAHARASHTRA,OSMANABAD,0,557.98,0,14.33666583
12-02-2020,MAHARASHTRA,BID,0,823.45,0,14.52606632
12-02-2020,MAHARASHTRA,LATUR,0,534.1,0,15.38689844
12-02-2020,MAHARASHTRA,YAVATMAL,0,1326.17,0,19.15592403
12-02-2020,MAHARASHTRA,BHANDARA,0,450.23,0,22.85168021
12-02-2020,MAHARASHTRA,MUMBAI SUBURBAN,0,4.93,0,2.122349601
12-02-2020,MAHARASHTRA,NANDURBAR,0,269.5,0,8.950451027
12-02-2020,MAHARASHTRA,NAGPUR,0,1270.22,0,25.07099564
12-02-2020,MAHARASHTRA,CHANDRAPUR,0,1367.01,0,23.6380058
12-02-2020,MAHARASHTRA,JALGAON,0,875.31,0,14.55900456
12-02-2020,MAHARASHTRA,HINGOLI,0,499.2,0,20.77798936
12-02-2020,MAHARASHTRA,AKOLA,0,481.71,0,17.43776069
12-02-2020,MAHARASHTRA,AURANGABAD,0,706.53,0,13.64866917
12-02-2020,MAHARASHTRA,DHULE,0,300.11,0,8.180484375
12-02-2020,MAHARASHTRA,KOLHAPUR,0,433.11,0,10.90115156
12-02-2020,MAHARASHTRA,RAIGARH,0,376.73,0,10.2436391
12-02-2020,MAHARASHTRA,AMRAVATI,0,1373.71,0,22.04208241
12-02-2020,MAHARASHTRA,NANDED,0,1303.52,0,23.98234636
12-02-2020,MAHARASHTRA,SOLAPUR,0,1239.33,0,16.13967139
12-02-2020,MAHARASHTRA,AHMADNAGAR,0,1085.4,0,12.41041639
12-02-2020,MAHARASHTRA,THANE,0,382.59,0,7.843609324
12-02-2020,MAHARASHTRA,SANGLI,0,585.49,0,13.23690749
12-02-2020,MAHARASHTRA,WARDHA,0,745.75,0,23.13594299
12-02-2020,MAHARASHTRA,BULDANA,0,727.56,0,14.59638213
12-02-2020,MAHARASHTRA,SINDHUDURG,0,278.18,0,10.57320511
11-02-2020,MAHARASHTRA,WASHIM,0,558.11,0,21.00033153
11-02-2020,MAHARASHTRA,SATARA,0,604,0,11.15320664
11-02-2020,MAHARASHTRA,PUNE,0,1009.32,0,12.5471246
11-02-2020,MAHARASHTRA,PARBHANI,0,613.68,0,18.8855463
11-02-2020,MAHARASHTRA,JALNA,0,595.47,0,14.96805365
11-02-2020,MAHARASHTRA,GONDIYA,0,579.73,0,20.75206565
11-02-2020,MAHARASHTRA,MUMBAI,0,0.07,0,0.094788453
11-02-2020,MAHARASHTRA,NASHIK,0,687.6,0,8.641448289
11-02-2020,MAHARASHTRA,GARHCHIROLI,0,1591.92,0,21.51788691
11-02-2020,MAHARASHTRA,RATNAGIRI,0,453.88,0,10.64265074
11-02-2020,MAHARASHTRA,OSMANABAD,0,559.07,0,14.3648376
11-02-2020,MAHARASHTRA,BID,0,824.88,0,14.55127919
11-02-2020,MAHARASHTRA,LATUR,0,535.37,0,15.42351428
11-02-2020,MAHARASHTRA,YAVATMAL,0,1334.84,0,19.28119487
11-02-2020,MAHARASHTRA,BHANDARA,0,455.86,0,23.13710608
11-02-2020,MAHARASHTRA,MUMBAI SUBURBAN,0,4.96,0,2.135340241
11-02-2020,MAHARASHTRA,NANDURBAR,0,269.34,0,8.944977045
11-02-2020,MAHARASHTRA,NAGPUR,0,1281.85,0,25.3004132
11-02-2020,MAHARASHTRA,CHANDRAPUR,0,1384.37,0,23.93813663
11-02-2020,MAHARASHTRA,JALGAON,0,876.84,0,14.58437953
11-02-2020,MAHARASHTRA,HINGOLI,0,500.1,0,20.81544185
11-02-2020,MAHARASHTRA,AKOLA,0,482.73,0,17.47453417
11-02-2020,MAHARASHTRA,AURANGABAD,0,707.96,0,13.67629045
11-02-2020,MAHARASHTRA,DHULE,0,301.23,0,8.21104824
11-02-2020,MAHARASHTRA,KOLHAPUR,0,433.8,0,10.91841207
11-02-2020,MAHARASHTRA,RAIGARH,0,376.98,0,10.25052183
11-02-2020,MAHARASHTRA,AMRAVATI,0,1379.23,0,22.13059469
11-02-2020,MAHARASHTRA,NANDED,0,1308.04,0,24.06565066
11-02-2020,MAHARASHTRA,SOLAPUR,0,1241.41,0,16.16687399
11-02-2020,MAHARASHTRA,AHMADNAGAR,0,1087.39,0,12.43314933
11-02-2020,MAHARASHTRA,THANE,0,383.09,0,7.853811876
11-02-2020,MAHARASHTRA,SANGLI,0,586.65,0,13.26325863
11-02-2020,MAHARASHTRA,WARDHA,0,750.38,0,23.27963032
11-02-2020,MAHARASHTRA,BULDANA,0,728.65,0,14.61825748
11-02-2020,MAHARASHTRA,SINDHUDURG,0,278.32,0,10.5784181
10-02-2020,MAHARASHTRA,WASHIM,0,558.98,0,21.03300433
10-02-2020,MAHARASHTRA,SATARA,0,605.26,0,11.17634177
10-02-2020,MAHARASHTRA,PUNE,0,1011.42,0,12.5733354
10-02-2020,MAHARASHTRA,PARBHANI,0,614.53,0,18.91190453
10-02-2020,MAHARASHTRA,JALNA,0,596.31,0,14.98920777
10-02-2020,MAHARASHTRA,GONDIYA,0,585.73,0,20.96666119
10-02-2020,MAHARASHTRA,MUMBAI,0,0.07,0,0.094788453
10-02-2020,MAHARASHTRA,NASHIK,0,689.5,0,8.665411771
10-02-2020,MAHARASHTRA,GARHCHIROLI,0,1620.2,0,21.90019301
10-02-2020,MAHARASHTRA,RATNAGIRI,0,454.52,0,10.65753853
10-02-2020,MAHARASHTRA,OSMANABAD,0,560.23,0,14.39462846
10-02-2020,MAHARASHTRA,BID,0,826.55,0,14.58071776
10-02-2020,MAHARASHTRA,LATUR,0,536.82,0,15.46528118
10-02-2020,MAHARASHTRA,YAVATMAL,0,1343.72,0,19.40938613
10-02-2020,MAHARASHTRA,BHANDARA,0,462.12,0,23.4548091
10-02-2020,MAHARASHTRA,MUMBAI SUBURBAN,0,5,0,2.152811675
10-02-2020,MAHARASHTRA,NANDURBAR,0,270.5,0,8.983557859
10-02-2020,MAHARASHTRA,NAGPUR,0,1293.77,0,25.53582586
10-02-2020,MAHARASHTRA,CHANDRAPUR,0,1402.43,0,24.25045554
10-02-2020,MAHARASHTRA,JALGAON,0,878.7,0,14.61538251
10-02-2020,MAHARASHTRA,HINGOLI,0,501.24,0,20.86278148
10-02-2020,MAHARASHTRA,AKOLA,0,483.86,0,17.51560212
10-02-2020,MAHARASHTRA,AURANGABAD,0,709.44,0,13.70490748
10-02-2020,MAHARASHTRA,DHULE,0,302.89,0,8.256308024
10-02-2020,MAHARASHTRA,KOLHAPUR,0,434.43,0,10.93428608
10-02-2020,MAHARASHTRA,RAIGARH,0,377.35,0,10.26065925
10-02-2020,MAHARASHTRA,AMRAVATI,0,1384.26,0,22.21143575
10-02-2020,MAHARASHTRA,NANDED,0,1312.46,0,24.14697012
10-02-2020,MAHARASHTRA,SOLAPUR,0,1243.7,0,16.19666141
10-02-2020,MAHARASHTRA,AHMADNAGAR,0,1090.34,0,12.46688139
10-02-2020,MAHARASHTRA,THANE,0,383.98,0,7.872037568
10-02-2020,MAHARASHTRA,SANGLI,0,587.79,0,13.28881505
10-02-2020,MAHARASHTRA,WARDHA,0,755.09,0,23.42572442
10-02-2020,MAHARASHTRA,BULDANA,0,729.95,0,14.64433702
10-02-2020,MAHARASHTRA,SINDHUDURG,0,278.58,0,10.5882975
09-02-2020,MAHARASHTRA,WASHIM,0,559.98,0,21.07049573
09-02-2020,MAHARASHTRA,SATARA,0,606.62,0,11.20153756
09-02-2020,MAHARASHTRA,PUNE,0,1014.07,0,12.60620663
09-02-2020,MAHARASHTRA,PARBHANI,0,615.24,0,18.93367403
09-02-2020,MAHARASHTRA,JALNA,0,597.33,0,15.01503379
09-02-2020,MAHARASHTRA,GONDIYA,0,592.46,0,21.20776588
09-02-2020,MAHARASHTRA,MUMBAI,0,0.07,0,0.094788453
09-02-2020,MAHARASHTRA,NASHIK,0,691.5,0,8.690498233
09-02-2020,MAHARASHTRA,GARHCHIROLI,0,1655.19,0.01,22.37321253
09-02-2020,MAHARASHTRA,RATNAGIRI,0,455.04,0,10.6697258
09-02-2020,MAHARASHTRA,OSMANABAD,0,561.5,0,14.42725587
09-02-2020,MAHARASHTRA,BID,0,828.17,0,14.60937866
09-02-2020,MAHARASHTRA,LATUR,0,538.15,0,15.50357667
09-02-2020,MAHARASHTRA,YAVATMAL,0,1353.11,0,19.54511702
09-02-2020,MAHARASHTRA,BHANDARA,0,468.9,0,23.79896618
09-02-2020,MAHARASHTRA,MUMBAI SUBURBAN,0,5.03,0,2.167360493
09-02-2020,MAHARASHTRA,NANDURBAR,0,271.56,0,9.018915282
09-02-2020,MAHARASHTRA,NAGPUR,0,1305.85,0,25.77412734
09-02-2020,MAHARASHTRA,CHANDRAPUR,0,1423.09,0,24.60773159
09-02-2020,MAHARASHTRA,JALGAON,0,880.26,0,14.64120012
09-02-2020,MAHARASHTRA,HINGOLI,0,502.35,0,20.90877389
09-02-2020,MAHARASHTRA,AKOLA,0,484.97,0,17.55576576
09-02-2020,MAHARASHTRA,AURANGABAD,0,710.96,0,13.73412271
09-02-2020,MAHARASHTRA,DHULE,0,304.41,0,8.297637911
09-02-2020,MAHARASHTRA,KOLHAPUR,0,435.08,0,10.95062715
09-02-2020,MAHARASHTRA,RAIGARH,0,377.92,0,10.27604472
09-02-2020,MAHARASHTRA,AMRAVATI,0,1389.54,0,22.29609226
09-02-2020,MAHARASHTRA,NANDED,0,1317.2,0,24.23408568
09-02-2020,MAHARASHTRA,SOLAPUR,0,1246.08,0,16.22764962
09-02-2020,MAHARASHTRA,AHMADNAGAR,0,1093.11,0,12.4985296
09-02-2020,MAHARASHTRA,THANE,0,384.88,0,7.890399735
09-02-2020,MAHARASHTRA,SANGLI,0,589.13,0,13.3191958
09-02-2020,MAHARASHTRA,WARDHA,0,759.77,0,23.57099568
09-02-2020,MAHARASHTRA,BULDANA,0,731.42,0,14.6738155
09-02-2020,MAHARASHTRA,SINDHUDURG,0,278.84,0,10.59810812
08-02-2020,MAHARASHTRA,WASHIM,0,561.66,0,21.13377301
08-02-2020,MAHARASHTRA,SATARA,0,609.56,0,11.25583205
08-02-2020,MAHARASHTRA,PUNE,0,1018.96,0,12.66707004
08-02-2020,MAHARASHTRA,PARBHANI,0,616.12,0,18.96056836
08-02-2020,MAHARASHTRA,JALNA,0,598.61,0,15.04700082
08-02-2020,MAHARASHTRA,GONDIYA,0,774.86,0,27.73684719
08-02-2020,MAHARASHTRA,MUMBAI,0,0.07,0,0.095491215
08-02-2020,MAHARASHTRA,NASHIK,0,695.58,0,8.741809218
08-02-2020,MAHARASHTRA,GARHCHIROLI,0.01,1541.02,0.04,20.82990376
08-02-2020,MAHARASHTRA,RATNAGIRI,0,456.33,0,10.70001686
08-02-2020,MAHARASHTRA,OSMANABAD,0,563.21,0,14.47117826
08-02-2020,MAHARASHTRA,BID,0,830.57,0,14.6515556
08-02-2020,MAHARASHTRA,LATUR,0,540.18,0,15.56212179
08-02-2020,MAHARASHTRA,YAVATMAL,0,1197.49,0,17.29721885
08-02-2020,MAHARASHTRA,BHANDARA,0,520.14,0,26.399805
08-02-2020,MAHARASHTRA,MUMBAI SUBURBAN,0,5.09,0,2.19413939
08-02-2020,MAHARASHTRA,NANDURBAR,0,273.48,0,9.082751322
08-02-2020,MAHARASHTRA,NAGPUR,0,1394.81,0,27.53005235
08-02-2020,MAHARASHTRA,CHANDRAPUR,0,1222.66,0,21.14190526
08-02-2020,MAHARASHTRA,JALGAON,0,882.91,0,14.68536694
08-02-2020,MAHARASHTRA,HINGOLI,0,503.97,0,20.97617165
08-02-2020,MAHARASHTRA,AKOLA,0,485.8,0,17.58564333
08-02-2020,MAHARASHTRA,AURANGABAD,0,713.32,0,13.77985175
08-02-2020,MAHARASHTRA,DHULE,0,306.68,0,8.359593129
08-02-2020,MAHARASHTRA,KOLHAPUR,0,436.59,0,10.98882506
08-02-2020,MAHARASHTRA,RAIGARH,0,379.24,0,10.31185242
08-02-2020,MAHARASHTRA,AMRAVATI,0,1407.81,0,22.58920291
08-02-2020,MAHARASHTRA,NANDED,0,1320.61,0,24.29691854
08-02-2020,MAHARASHTRA,SOLAPUR,0,1249.56,0,16.27292528
08-02-2020,MAHARASHTRA,AHMADNAGAR,0,1097.5,0,12.54874556
08-02-2020,MAHARASHTRA,THANE,0,386.8,0,7.92989807
08-02-2020,MAHARASHTRA,SANGLI,0,591.49,0,13.37255917
08-02-2020,MAHARASHTRA,WARDHA,0,780.21,0,24.20516753
08-02-2020,MAHARASHTRA,BULDANA,0,733.24,0,14.71046962
08-02-2020,MAHARASHTRA,SINDHUDURG,0,279.56,0,10.62550668
07-02-2020,MAHARASHTRA,WASHIM,0,562.54,0,21.16679252
07-02-2020,MAHARASHTRA,SATARA,0,610.49,0,11.27302675
07-02-2020,MAHARASHTRA,PUNE,0,1020.5,0,12.68620907
07-02-2020,MAHARASHTRA,PARBHANI,0,616.81,0,18.98187264
07-02-2020,MAHARASHTRA,JALNA,0,599.41,0,15.06727189
07-02-2020,MAHARASHTRA,GONDIYA,0.01,788.47,0.06,28.22382326
07-02-2020,MAHARASHTRA,MUMBAI,0,0.09,0,0.110979019
07-02-2020,MAHARASHTRA,NASHIK,0,697.04,0,8.76006238
07-02-2020,MAHARASHTRA,GARHCHIROLI,0,1332.56,0,18.01224733
07-02-2020,MAHARASHTRA,RATNAGIRI,0,456.91,0,10.71366925
07-02-2020,MAHARASHTRA,OSMANABAD,0,564.15,0,14.4952666
07-02-2020,MAHARASHTRA,BID,0,832.14,0,14.67937398
07-02-2020,MAHARASHTRA,LATUR,0,541.33,0,15.59519039
07-02-2020,MAHARASHTRA,YAVATMAL,0,1201.3,0,17.35222788
07-02-2020,MAHARASHTRA,BHANDARA,0,528.73,0.01,26.83575359
07-02-2020,MAHARASHTRA,MUMBAI SUBURBAN,0,5.15,0,2.220241249
07-02-2020,MAHARASHTRA,NANDURBAR,0,274.32,0,9.110412989
07-02-2020,MAHARASHTRA,NAGPUR,0,1406.99,0,27.77036851
07-02-2020,MAHARASHTRA,CHANDRAPUR,0,1230.15,0,21.27147422
07-02-2020,MAHARASHTRA,JALGAON,0,884.74,0,14.71584369
07-02-2020,MAHARASHTRA,HINGOLI,0,504.83,0,21.01198304
07-02-2020,MAHARASHTRA,AKOLA,0,486.81,0,17.62241949
07-02-2020,MAHARASHTRA,AURANGABAD,0,714.51,0,13.80275603
07-02-2020,MAHARASHTRA,DHULE,0,308.19,0,8.400918201
07-02-2020,MAHARASHTRA,KOLHAPUR,0,437.19,0,11.00384216
07-02-2020,MAHARASHTRA,RAIGARH,0,379.41,0,10.31654234
07-02-2020,MAHARASHTRA,AMRAVATI,0,1413.37,0,22.67844588
07-02-2020,MAHARASHTRA,NANDED,0,1324.41,0,24.36675257
07-02-2020,MAHARASHTRA,SOLAPUR,0,1251.89,0,16.30327478
07-02-2020,MAHARASHTRA,AHMADNAGAR,0,1099.71,0,12.57405435
07-02-2020,MAHARASHTRA,THANE,0,387.5,0,7.94419446
07-02-2020,MAHARASHTRA,SANGLI,0,592.67,0,13.39914148
07-02-2020,MAHARASHTRA,WARDHA,0,784.31,0,24.33246586
07-02-2020,MAHARASHTRA,BULDANA,0,734.51,0,14.73586814
07-02-2020,MAHARASHTRA,SINDHUDURG,0,279.81,0,10.63505079
06-02-2020,MAHARASHTRA,WASHIM,0,563.34,0,21.19709756
06-02-2020,MAHARASHTRA,SATARA,0,611.38,0,11.28935095
06-02-2020,MAHARASHTRA,PUNE,0,1022.54,0,12.71153988
06-02-2020,MAHARASHTRA,PARBHANI,0,617.49,0,19.00301219
06-02-2020,MAHARASHTRA,JALNA,0,600.35,0,15.09071419
06-02-2020,MAHARASHTRA,GONDIYA,0,635.69,0,22.75488867
06-02-2020,MAHARASHTRA,MUMBAI,0,0.09,0,0.111681781
06-02-2020,MAHARASHTRA,NASHIK,0,698.59,0,8.779630506
06-02-2020,MAHARASHTRA,GARHCHIROLI,0,1241.57,0,16.78224906
06-02-2020,MAHARASHTRA,RATNAGIRI,0,457.34,0,10.72381431
06-02-2020,MAHARASHTRA,OSMANABAD,0,565.75,0,14.53646871
06-02-2020,MAHARASHTRA,BID,0,834.02,0,14.71249316
06-02-2020,MAHARASHTRA,LATUR,0,543.01,0,15.64351883
06-02-2020,MAHARASHTRA,YAVATMAL,0,1205.56,0,17.41379734
06-02-2020,MAHARASHTRA,BHANDARA,0,472.43,0,23.97841555
06-02-2020,MAHARASHTRA,MUMBAI SUBURBAN,0,5.21,0,2.24397449
06-02-2020,MAHARASHTRA,NANDURBAR,0,275.42,0,9.146922751
06-02-2020,MAHARASHTRA,NAGPUR,0,1364.51,0,26.93204659
06-02-2020,MAHARASHTRA,CHANDRAPUR,0,1188.2,0,20.54614322
06-02-2020,MAHARASHTRA,JALGAON,0,886.28,0,14.74135853
06-02-2020,MAHARASHTRA,HINGOLI,0,505.94,0,21.05829826
06-02-2020,MAHARASHTRA,AKOLA,0,487.63,0,17.65206828
06-02-2020,MAHARASHTRA,AURANGABAD,0,716.23,0,13.83591265
06-02-2020,MAHARASHTRA,DHULE,0,309.51,0,8.436893342
06-02-2020,MAHARASHTRA,KOLHAPUR,0,437.67,0,11.01598993
06-02-2020,MAHARASHTRA,RAIGARH,0,379.6,0,10.3218241
06-02-2020,MAHARASHTRA,AMRAVATI,0,1412.99,0,22.67235076
06-02-2020,MAHARASHTRA,NANDED,0,1328.63,0,24.44440978
06-02-2020,MAHARASHTRA,SOLAPUR,0,1254.64,0,16.33913679
06-02-2020,MAHARASHTRA,AHMADNAGAR,0,1102.07,0,12.60099482
06-02-2020,MAHARASHTRA,THANE,0,388.24,0,7.959381288
06-02-2020,MAHARASHTRA,SANGLI,0,593.94,0,13.42794567
06-02-2020,MAHARASHTRA,WARDHA,0,784.75,0,24.345872
06-02-2020,MAHARASHTRA,BULDANA,0,735.58,0,14.75733037
06-02-2020,MAHARASHTRA,SINDHUDURG,0,280.1,0,10.64596446
05-02-2020,MAHARASHTRA,WASHIM,0,563.94,0,21.21962237
05-02-2020,MAHARASHTRA,SATARA,0,613.56,0,11.32964986
05-02-2020,MAHARASHTRA,PUNE,0,1025.67,0,12.75040158
05-02-2020,MAHARASHTRA,PARBHANI,0,618.59,0,19.03683033
05-02-2020,MAHARASHTRA,JALNA,0,601.45,0,15.11851172
05-02-2020,MAHARASHTRA,GONDIYA,0,537.23,0,19.2307323
05-02-2020,MAHARASHTRA,MUMBAI,0,0.1,0,0.128175058
05-02-2020,MAHARASHTRA,NASHIK,0,701.37,0,8.814534271
05-02-2020,MAHARASHTRA,GARHCHIROLI,0,1166.76,0,15.7710128
05-02-2020,MAHARASHTRA,RATNAGIRI,0,458.11,0,10.74177441
05-02-2020,MAHARASHTRA,OSMANABAD,0,567.14,0,14.572078
05-02-2020,MAHARASHTRA,BID,0,836.13,0,14.7496442
05-02-2020,MAHARASHTRA,LATUR,0,544.87,0,15.69723184
05-02-2020,MAHARASHTRA,YAVATMAL,0,1205.55,0,17.4136844
05-02-2020,MAHARASHTRA,BHANDARA,0,388.01,0,19.69367379
05-02-2020,MAHARASHTRA,MUMBAI SUBURBAN,0,5.26,0,2.264002941
05-02-2020,MAHARASHTRA,NANDURBAR,0,276.87,0,9.195343905
05-02-2020,MAHARASHTRA,NAGPUR,0,1264.68,0,24.96157655
05-02-2020,MAHARASHTRA,CHANDRAPUR,0,1172.78,0,20.27944441
05-02-2020,MAHARASHTRA,JALGAON,0,888.42,0,14.7769987
05-02-2020,MAHARASHTRA,HINGOLI,0,507.18,0,21.10996573
05-02-2020,MAHARASHTRA,AKOLA,0,488.7,0,17.69082052
05-02-2020,MAHARASHTRA,AURANGABAD,0,717.81,0,13.86655868
05-02-2020,MAHARASHTRA,DHULE,0,311.41,0,8.488439662
05-02-2020,MAHARASHTRA,KOLHAPUR,0,438.64,0,11.0403339
05-02-2020,MAHARASHTRA,RAIGARH,0,380.27,0,10.34002181
05-02-2020,MAHARASHTRA,AMRAVATI,0,1397.1,0,22.41732518
05-02-2020,MAHARASHTRA,NANDED,0,1333.45,0,24.5329843
05-02-2020,MAHARASHTRA,SOLAPUR,0,1257.83,0,16.38066916
05-02-2020,MAHARASHTRA,AHMADNAGAR,0,1105.12,0,12.63582737
05-02-2020,MAHARASHTRA,THANE,0,389.55,0,7.986214892
05-02-2020,MAHARASHTRA,SANGLI,0,595.61,0,13.46582596
05-02-2020,MAHARASHTRA,WARDHA,0,766.65,0,23.78435085
05-02-2020,MAHARASHTRA,BULDANA,0,737.51,0,14.79600105
05-02-2020,MAHARASHTRA,SINDHUDURG,0,280.61,0,10.66549417
04-02-2020,MAHARASHTRA,WASHIM,0,564.55,0,21.24267941
04-02-2020,MAHARASHTRA,SATARA,0,616.18,0,11.37795224
04-02-2020,MAHARASHTRA,PUNE,0,1028.72,0,12.78831485
04-02-2020,MAHARASHTRA,PARBHANI,0,619.49,0,19.06438942
04-02-2020,MAHARASHTRA,JALNA,0,602.61,0,15.14764713
04-02-2020,MAHARASHTRA,GONDIYA,0,632.67,0,22.64681961
04-02-2020,MAHARASHTRA,MUMBAI,0,0.11,0,0.149701481
04-02-2020,MAHARASHTRA,NASHIK,0,704.13,0,8.849282513
04-02-2020,MAHARASHTRA,GARHCHIROLI,0,1239.69,0,16.75688454
04-02-2020,MAHARASHTRA,RATNAGIRI,0,458.93,0,10.76108392
04-02-2020,MAHARASHTRA,OSMANABAD,0,569.5,0,14.63270371
04-02-2020,MAHARASHTRA,BID,0,838.74,0,14.7956842
04-02-2020,MAHARASHTRA,LATUR,0,546.84,0,15.75390672
04-02-2020,MAHARASHTRA,YAVATMAL,0,1210.43,0,17.48412056
04-02-2020,MAHARASHTRA,BHANDARA,0,426.41,0,21.64228733
04-02-2020,MAHARASHTRA,MUMBAI SUBURBAN,0,5.31,0,2.288289824
04-02-2020,MAHARASHTRA,NANDURBAR,0,278.32,0,9.243400401
04-02-2020,MAHARASHTRA,NAGPUR,0,1331.97,0,26.28979395
04-02-2020,MAHARASHTRA,CHANDRAPUR,0,1233.87,0,21.33581164
04-02-2020,MAHARASHTRA,JALGAON,0,891.4,0,14.82652047
04-02-2020,MAHARASHTRA,HINGOLI,0,507.91,0,21.14032419
04-02-2020,MAHARASHTRA,AKOLA,0,490.1,0,17.74147508
04-02-2020,MAHARASHTRA,AURANGABAD,0,720.41,0,13.9168311
04-02-2020,MAHARASHTRA,DHULE,0,313.35,0,8.541544784
04-02-2020,MAHARASHTRA,KOLHAPUR,0,439.62,0,11.06502879
04-02-2020,MAHARASHTRA,RAIGARH,0,381.1,0,10.36253122
04-02-2020,MAHARASHTRA,AMRAVATI,0,1412.34,0,22.66187601
04-02-2020,MAHARASHTRA,NANDED,0,1339.33,0,24.64132932
04-02-2020,MAHARASHTRA,SOLAPUR,0,1260.93,0,16.42101132
04-02-2020,MAHARASHTRA,AHMADNAGAR,0,1109.26,0,12.68318494
04-02-2020,MAHARASHTRA,THANE,0,390.84,0,8.012577654
04-02-2020,MAHARASHTRA,SANGLI,0,598.1,0,13.52210234
04-02-2020,MAHARASHTRA,WARDHA,0,775.16,0,24.04856209
04-02-2020,MAHARASHTRA,BULDANA,0,739.32,0,14.83236854
04-02-2020,MAHARASHTRA,SINDHUDURG,0,280.94,0,10.67815176
03-02-2020,MAHARASHTRA,WASHIM,0,581.41,0,21.87700092
03-02-2020,MAHARASHTRA,SATARA,0,625.25,0,11.54544244
03-02-2020,MAHARASHTRA,PUNE,0,1040.39,0,12.93343111
03-02-2020,MAHARASHTRA,PARBHANI,0,621.73,0,19.1333215
03-02-2020,MAHARASHTRA,JALNA,0,604.89,0,15.20493688
03-02-2020,MAHARASHTRA,GONDIYA,0,550.62,0,19.70987657
03-02-2020,MAHARASHTRA,MUMBAI,0,0.12,0,0.158686293
03-02-2020,MAHARASHTRA,NASHIK,0,706.99,0,8.885121737
03-02-2020,MAHARASHTRA,GARHCHIROLI,0,1177.94,0,15.92225639
03-02-2020,MAHARASHTRA,RATNAGIRI,0,480.89,0,11.27599717
03-02-2020,MAHARASHTRA,OSMANABAD,0,580.23,0,14.90841538
03-02-2020,MAHARASHTRA,BID,0,841.87,0,14.8509081
03-02-2020,MAHARASHTRA,LATUR,0,556.97,0,16.04580152
03-02-2020,MAHARASHTRA,YAVATMAL,0,1219.21,0,17.61094772
03-02-2020,MAHARASHTRA,BHANDARA,0,387.33,0,19.65891516
03-02-2020,MAHARASHTRA,MUMBAI SUBURBAN,0,5.38,0,2.318587277
03-02-2020,MAHARASHTRA,NANDURBAR,0,280.22,0,9.306327438
03-02-2020,MAHARASHTRA,NAGPUR,0,1292,0,25.50091239
03-02-2020,MAHARASHTRA,CHANDRAPUR,0,1192.65,0,20.62303229
03-02-2020,MAHARASHTRA,JALGAON,0,892.78,0,14.8495246
03-02-2020,MAHARASHTRA,HINGOLI,0,513.51,0,21.37354651
03-02-2020,MAHARASHTRA,AKOLA,0,492.16,0,17.81590972
03-02-2020,MAHARASHTRA,AURANGABAD,0,722.6,0,13.95906
03-02-2020,MAHARASHTRA,DHULE,0,315.25,0,8.593150377
03-02-2020,MAHARASHTRA,KOLHAPUR,0,440.79,0,11.09451247
03-02-2020,MAHARASHTRA,RAIGARH,0,384.74,0,10.4615009
03-02-2020,MAHARASHTRA,AMRAVATI,0,1406.55,0,22.56898384
03-02-2020,MAHARASHTRA,NANDED,0,1347.35,0,24.78887891
03-02-2020,MAHARASHTRA,SOLAPUR,0,1274.03,0,16.59158977
03-02-2020,MAHARASHTRA,AHMADNAGAR,0,1112.65,0,12.72193962
03-02-2020,MAHARASHTRA,THANE,0,391.99,0,8.036262692
03-02-2020,MAHARASHTRA,SANGLI,0,599.57,0,13.55519701
03-02-2020,MAHARASHTRA,WARDHA,0,778.04,0,24.13772154
03-02-2020,MAHARASHTRA,BULDANA,0,741.7,0,14.88009539
03-02-2020,MAHARASHTRA,SINDHUDURG,0,281.38,0,10.69470252
02-02-2020,MAHARASHTRA,WASHIM,0,566.93,0,21.33219737
02-02-2020,MAHARASHTRA,SATARA,0,619.9,0,11.44663304
02-02-2020,MAHARASHTRA,PUNE,0,1036.13,0,12.88045556
02-02-2020,MAHARASHTRA,PARBHANI,0,621.68,0,19.13169539
02-02-2020,MAHARASHTRA,JALNA,0,605.2,0,15.21277511
02-02-2020,MAHARASHTRA,GONDIYA,0,524.95,0,18.79117858
02-02-2020,MAHARASHTRA,MUMBAI,0,0.12,0,0.159389056
02-02-2020,MAHARASHTRA,NASHIK,0,710.24,0,8.925952036
02-02-2020,MAHARASHTRA,GARHCHIROLI,0,1180.56,0,15.95758706
02-02-2020,MAHARASHTRA,RATNAGIRI,0,460.62,0,10.80067256
02-02-2020,MAHARASHTRA,OSMANABAD,0,572.21,0,14.70243576
02-02-2020,MAHARASHTRA,BID,0,843.1,0,14.8726053
02-02-2020,MAHARASHTRA,LATUR,0,550.53,0,15.86013929
02-02-2020,MAHARASHTRA,YAVATMAL,0,1220.11,0,17.62391584
02-02-2020,MAHARASHTRA,BHANDARA,0,381.06,0,19.34091309
02-02-2020,MAHARASHTRA,MUMBAI SUBURBAN,0,5.45,0,2.34580938
02-02-2020,MAHARASHTRA,NANDURBAR,0,281.67,0,9.354575578
02-02-2020,MAHARASHTRA,NAGPUR,0,1287.11,0,25.40426217
02-02-2020,MAHARASHTRA,CHANDRAPUR,0,1197.12,0,20.70028289
02-02-2020,MAHARASHTRA,JALGAON,0,895.49,0,14.8945029
02-02-2020,MAHARASHTRA,HINGOLI,0,510.58,0,21.25129333
02-02-2020,MAHARASHTRA,AKOLA,0,493.01,0,17.84687117
02-02-2020,MAHARASHTRA,AURANGABAD,0,724.02,0,13.98653946
02-02-2020,MAHARASHTRA,DHULE,0,317.55,0,8.655912288
02-02-2020,MAHARASHTRA,KOLHAPUR,0,442.02,0,11.12540113
02-02-2020,MAHARASHTRA,RAIGARH,0,382.51,0,10.40086166
02-02-2020,MAHARASHTRA,AMRAVATI,0,1412.37,0,22.66244952
02-02-2020,MAHARASHTRA,NANDED,0,1350.33,0,24.8437037
02-02-2020,MAHARASHTRA,SOLAPUR,0,1267.82,0,16.51078786
02-02-2020,MAHARASHTRA,AHMADNAGAR,0,1116.65,0,12.76769304
02-02-2020,MAHARASHTRA,THANE,0,393.53,0,8.067827845
02-02-2020,MAHARASHTRA,SANGLI,0,601.53,0,13.59956015
02-02-2020,MAHARASHTRA,WARDHA,0,782.59,0,24.27897263
02-02-2020,MAHARASHTRA,BULDANA,0,742.68,0,14.89984708
02-02-2020,MAHARASHTRA,SINDHUDURG,0,282.1,0,10.7222747
01-02-2020,MAHARASHTRA,WASHIM,0,568.34,0,21.38518298
01-02-2020,MAHARASHTRA,SATARA,0,622.48,0,11.49440487
01-02-2020,MAHARASHTRA,PUNE,0,1040.32,0,12.93256226
01-02-2020,MAHARASHTRA,PARBHANI,0,622.82,0,19.16681719
01-02-2020,MAHARASHTRA,JALNA,0,606.52,0,15.24597067
01-02-2020,MAHARASHTRA,GONDIYA,0,528.78,0,18.92817862
01-02-2020,MAHARASHTRA,MUMBAI,0,0.12,0,0.16073071
01-02-2020,MAHARASHTRA,NASHIK,0,713.72,0,8.9697253
01-02-2020,MAHARASHTRA,GARHCHIROLI,0,1188.48,0,16.06460594
01-02-2020,MAHARASHTRA,RATNAGIRI,0,461.98,0,10.83243534
01-02-2020,MAHARASHTRA,OSMANABAD,0,574.39,0,14.7584983
01-02-2020,MAHARASHTRA,BID,0,845.92,0,14.92235693
01-02-2020,MAHARASHTRA,LATUR,0,552.71,0,15.92299788
01-02-2020,MAHARASHTRA,YAVATMAL,0,1226.75,0,17.71980517
01-02-2020,MAHARASHTRA,BHANDARA,0,384.35,0,19.50787593
01-02-2020,MAHARASHTRA,MUMBAI SUBURBAN,0,5.51,0,2.373323874
01-02-2020,MAHARASHTRA,NANDURBAR,0,283.36,0,9.410827262
01-02-2020,MAHARASHTRA,NAGPUR,0,1298.36,0,25.62635954
01-02-2020,MAHARASHTRA,CHANDRAPUR,0,1207.5,0,20.87977727
01-02-2020,MAHARASHTRA,JALGAON,0,898.12,0,14.93832284
01-02-2020,MAHARASHTRA,HINGOLI,0,512.15,0,21.31685336
01-02-2020,MAHARASHTRA,AKOLA,0,494.55,0,17.90262048
01-02-2020,MAHARASHTRA,AURANGABAD,0,726.32,0,14.03098068
01-02-2020,MAHARASHTRA,DHULE,0,319.98,0,8.722146676
01-02-2020,MAHARASHTRA,KOLHAPUR,0,443.34,0,11.15857911
01-02-2020,MAHARASHTRA,RAIGARH,0,383.38,0,10.42452508
01-02-2020,MAHARASHTRA,AMRAVATI,0,1418.25,0,22.75670325
01-02-2020,MAHARASHTRA,NANDED,0,1356.44,0,24.95608165
01-02-2020,MAHARASHTRA,SOLAPUR,0,1272.29,0,16.56891761
01-02-2020,MAHARASHTRA,AHMADNAGAR,0,1121.12,0,12.81881987
01-02-2020,MAHARASHTRA,THANE,0,395.08,0,8.099669931
01-02-2020,MAHARASHTRA,SANGLI,0,604.13,0,13.65838006
01-02-2020,MAHARASHTRA,WARDHA,0,788.41,0,24.45943581
01-02-2020,MAHARASHTRA,BULDANA,0,745.07,0,14.9476788
01-02-2020,MAHARASHTRA,SINDHUDURG,0,282.65,0,10.74299114
31-03-2020,MAHARASHTRA,WASHIM,0,702.25,0,26.42406593
31-03-2020,MAHARASHTRA,SATARA,0,758.45,0,14.0051327
31-03-2020,MAHARASHTRA,PUNE,0,1317.41,0,16.37716506
31-03-2020,MAHARASHTRA,PARBHANI,0,689.9,0,21.23129905
31-03-2020,MAHARASHTRA,JALNA,0,837.32,0,21.04751575
31-03-2020,MAHARASHTRA,GONDIYA,0,745.6,0,26.68939587
31-03-2020,MAHARASHTRA,MUMBAI,0,0.02,0,0.028174373
31-03-2020,MAHARASHTRA,NASHIK,0,818.64,0,10.28838745
31-03-2020,MAHARASHTRA,GARHCHIROLI,0,1758.57,0,23.77050051
31-03-2020,MAHARASHTRA,RATNAGIRI,0,448.68,0,10.52074347
31-03-2020,MAHARASHTRA,OSMANABAD,0,786.24,0,20.20175509
31-03-2020,MAHARASHTRA,BID,0,1341.49,0,23.66452128
31-03-2020,MAHARASHTRA,LATUR,0,781.08,0,22.50210691
31-03-2020,MAHARASHTRA,YAVATMAL,0,1529.62,0,22.09466294
31-03-2020,MAHARASHTRA,BHANDARA,0,516.29,0,26.20426893
31-03-2020,MAHARASHTRA,MUMBAI SUBURBAN,0,4.22,0,1.817044642
31-03-2020,MAHARASHTRA,NANDURBAR,0,316.3,0,10.50469043
31-03-2020,MAHARASHTRA,NAGPUR,0,1524.19,0,30.0836749
31-03-2020,MAHARASHTRA,CHANDRAPUR,0,1781.74,0,30.80952921
31-03-2020,MAHARASHTRA,JALGAON,0,977.1,0,16.25198047
31-03-2020,MAHARASHTRA,HINGOLI,0,522.38,0,21.74259642
31-03-2020,MAHARASHTRA,AKOLA,0,755.02,0,27.33137643
31-03-2020,MAHARASHTRA,AURANGABAD,0,1277.41,0,24.67677987
31-03-2020,MAHARASHTRA,DHULE,0,353.12,0,9.625567099
31-03-2020,MAHARASHTRA,KOLHAPUR,0,557.05,0,14.02064511
31-03-2020,MAHARASHTRA,RAIGARH,0,382.93,0,10.41231051
31-03-2020,MAHARASHTRA,AMRAVATI,0,1718.37,0,27.57236835
31-03-2020,MAHARASHTRA,NANDED,0,1501.2,0,27.61932486
31-03-2020,MAHARASHTRA,SOLAPUR,0,1757.64,0,22.88970911
31-03-2020,MAHARASHTRA,AHMADNAGAR,0,1612.8,0,18.44063912
31-03-2020,MAHARASHTRA,THANE,0,379.26,0,7.775335623
31-03-2020,MAHARASHTRA,SANGLI,0,882.78,0,19.95819414
31-03-2020,MAHARASHTRA,WARDHA,0,854.72,0,26.51677642
31-03-2020,MAHARASHTRA,BULDANA,0,1076.04,0,21.58773473
31-03-2020,MAHARASHTRA,SINDHUDURG,0,275.77,0,10.48148644
30-03-2020,MAHARASHTRA,WASHIM,0,675.85,0,25.430458
30-03-2020,MAHARASHTRA,SATARA,0,766.37,0,14.15134866
30-03-2020,MAHARASHTRA,PUNE,0,1310.27,0,16.28834238
30-03-2020,MAHARASHTRA,PARBHANI,0,693.23,0,21.33363256
30-03-2020,MAHARASHTRA,JALNA,0,828.03,0,20.81403031
30-03-2020,MAHARASHTRA,GONDIYA,0,760.74,0,27.23130004
30-03-2020,MAHARASHTRA,MUMBAI,0,0.02,0,0.028174373
30-03-2020,MAHARASHTRA,NASHIK,0,825.16,0,10.37024812
30-03-2020,MAHARASHTRA,GARHCHIROLI,0,1791.15,0,24.21090845
30-03-2020,MAHARASHTRA,RATNAGIRI,0,448.83,0,10.52428026
30-03-2020,MAHARASHTRA,OSMANABAD,0,795.11,0,20.4295819
30-03-2020,MAHARASHTRA,BID,0,1359.03,0,23.97396567
30-03-2020,MAHARASHTRA,LATUR,0,789.36,0,22.74059533
30-03-2020,MAHARASHTRA,YAVATMAL,0,1545.04,0,22.31739431
30-03-2020,MAHARASHTRA,BHANDARA,0,527.93,0,26.79507735
30-03-2020,MAHARASHTRA,MUMBAI SUBURBAN,0,4.22,0,1.817044642
30-03-2020,MAHARASHTRA,NANDURBAR,0,319.41,0,10.6079158
30-03-2020,MAHARASHTRA,NAGPUR,0,1562.37,0,30.83717433
30-03-2020,MAHARASHTRA,CHANDRAPUR,0,1804.3,0,31.19953352
30-03-2020,MAHARASHTRA,JALGAON,0,981.06,0,16.31790387
30-03-2020,MAHARASHTRA,HINGOLI,0,524.11,0,21.81474525
30-03-2020,MAHARASHTRA,AKOLA,0,711.44,0,25.75389808
30-03-2020,MAHARASHTRA,AURANGABAD,0,1302.46,0,25.16066845
30-03-2020,MAHARASHTRA,DHULE,0,356.68,0,9.722649722
30-03-2020,MAHARASHTRA,KOLHAPUR,0,563.76,0,14.18947618
30-03-2020,MAHARASHTRA,RAIGARH,0,383.48,0,10.42730821
30-03-2020,MAHARASHTRA,AMRAVATI,0,1746.34,0,28.02121629
30-03-2020,MAHARASHTRA,NANDED,0,1505.72,0,27.70250067
30-03-2020,MAHARASHTRA,SOLAPUR,0,1779.22,0,23.17067049
30-03-2020,MAHARASHTRA,AHMADNAGAR,0,1630.17,0,18.63924384
30-03-2020,MAHARASHTRA,THANE,0,379.67,0,7.783582236
30-03-2020,MAHARASHTRA,SANGLI,0,896.96,0,20.27870379
30-03-2020,MAHARASHTRA,WARDHA,0,867.76,0,26.9212735
30-03-2020,MAHARASHTRA,BULDANA,0,1049.23,0,21.04983384
30-03-2020,MAHARASHTRA,SINDHUDURG,0,275.85,0,10.48446043
29-03-2020,MAHARASHTRA,WASHIM,0,681.85,0,25.6561869
29-03-2020,MAHARASHTRA,SATARA,0,776.45,0,14.3374787
29-03-2020,MAHARASHTRA,PUNE,0,1324.56,0,16.46607857
29-03-2020,MAHARASHTRA,PARBHANI,0,678.67,0,20.88556742
29-03-2020,MAHARASHTRA,JALNA,0,832.83,0,20.93462442
29-03-2020,MAHARASHTRA,GONDIYA,0,773.02,0,27.6709829
29-03-2020,MAHARASHTRA,MUMBAI,0,0.02,0,0.028174373
29-03-2020,MAHARASHTRA,NASHIK,0,832.37,0,10.46092651
29-03-2020,MAHARASHTRA,GARHCHIROLI,0,1764.47,0,23.85035988
29-03-2020,MAHARASHTRA,RATNAGIRI,0,449.05,0,10.52935211
29-03-2020,MAHARASHTRA,OSMANABAD,0,804.81,0,20.6789068
29-03-2020,MAHARASHTRA,BID,0,1378.61,0,24.31933658
29-03-2020,MAHARASHTRA,LATUR,0,798.53,0,23.0047998
29-03-2020,MAHARASHTRA,YAVATMAL,0,1546.97,0,22.3452887
29-03-2020,MAHARASHTRA,BHANDARA,0,538.4,0,27.32642326
29-03-2020,MAHARASHTRA,MUMBAI SUBURBAN,0,4.22,0,1.817044642
29-03-2020,MAHARASHTRA,NANDURBAR,0,322.95,0,10.72559343
29-03-2020,MAHARASHTRA,NAGPUR,0.15,1647.03,1.13,32.50821568
29-03-2020,MAHARASHTRA,CHANDRAPUR,0.01,1839.95,0.06,31.81598511
29-03-2020,MAHARASHTRA,JALGAON,0,985.18,0,16.38638545
29-03-2020,MAHARASHTRA,HINGOLI,0,523.59,0,21.79294814
29-03-2020,MAHARASHTRA,AKOLA,0,729.14,0,26.39453506
29-03-2020,MAHARASHTRA,AURANGABAD,0,1330.46,0,25.70154749
29-03-2020,MAHARASHTRA,DHULE,0,360.71,0,9.832476711
29-03-2020,MAHARASHTRA,KOLHAPUR,0,570.79,0,14.36645723
29-03-2020,MAHARASHTRA,RAIGARH,0,384.15,0,10.44543939
29-03-2020,MAHARASHTRA,AMRAVATI,0.01,1802.38,0.08,28.9203296
29-03-2020,MAHARASHTRA,NANDED,0,1489.56,0,27.40515066
29-03-2020,MAHARASHTRA,SOLAPUR,0,1801.46,0,23.46038489
29-03-2020,MAHARASHTRA,AHMADNAGAR,0,1653.93,0,18.91098363
29-03-2020,MAHARASHTRA,THANE,0,380.02,0,7.790780431
29-03-2020,MAHARASHTRA,SANGLI,0,911.88,0,20.61595799
29-03-2020,MAHARASHTRA,WARDHA,0,885.71,0,27.47807142
29-03-2020,MAHARASHTRA,BULDANA,0.01,1068.42,0.05,21.43478581
29-03-2020,MAHARASHTRA,SINDHUDURG,0,275.9,0,10.48658972
28-03-2020,MAHARASHTRA,WASHIM,0,649.34,0,24.43287271
28-03-2020,MAHARASHTRA,SATARA,0,786.54,0,14.52385316
28-03-2020,MAHARASHTRA,PUNE,0,1337.05,0,16.62133441
28-03-2020,MAHARASHTRA,PARBHANI,0,681.01,0,20.95760988
28-03-2020,MAHARASHTRA,JALNA,0,830.25,0,20.86964184
28-03-2020,MAHARASHTRA,GONDIYA,0,777.76,0,27.84039902
28-03-2020,MAHARASHTRA,MUMBAI,0,0.02,0,0.028174373
28-03-2020,MAHARASHTRA,NASHIK,0,837.86,0,10.52992703
28-03-2020,MAHARASHTRA,GARHCHIROLI,0,1798.95,0,24.31631858
28-03-2020,MAHARASHTRA,RATNAGIRI,0,449.18,0,10.53231895
28-03-2020,MAHARASHTRA,OSMANABAD,0,815.3,0,20.94836243
28-03-2020,MAHARASHTRA,BID,0,1401.81,0,24.72861548
28-03-2020,MAHARASHTRA,LATUR,0,808.32,0,23.28703755
28-03-2020,MAHARASHTRA,YAVATMAL,0,1506.85,0,21.76582928
28-03-2020,MAHARASHTRA,BHANDARA,0,523.7,0,26.58037049
28-03-2020,MAHARASHTRA,MUMBAI SUBURBAN,0,4.22,0,1.819136304
28-03-2020,MAHARASHTRA,NANDURBAR,0,326.52,0,10.84402655
28-03-2020,MAHARASHTRA,NAGPUR,0,1365.07,0,26.94299849
28-03-2020,MAHARASHTRA,CHANDRAPUR,0,1679.65,0,29.04405416
28-03-2020,MAHARASHTRA,JALGAON,0,988.86,0,16.44767312
28-03-2020,MAHARASHTRA,HINGOLI,0,525.44,0,21.87015743
28-03-2020,MAHARASHTRA,AKOLA,0,584,0,21.14047687
28-03-2020,MAHARASHTRA,AURANGABAD,0,1366.53,0,26.39826206
28-03-2020,MAHARASHTRA,DHULE,0,364.88,0,9.946023729
28-03-2020,MAHARASHTRA,KOLHAPUR,0,578.32,0,14.55610603
28-03-2020,MAHARASHTRA,RAIGARH,0,384.84,0,10.46431355
28-03-2020,MAHARASHTRA,AMRAVATI,0,1479.14,0,23.73385177
28-03-2020,MAHARASHTRA,NANDED,0,1500.38,0,27.60426566
28-03-2020,MAHARASHTRA,SOLAPUR,0,1826.76,0,23.78981204
28-03-2020,MAHARASHTRA,AHMADNAGAR,0,1676.87,0,19.173178
28-03-2020,MAHARASHTRA,THANE,0,380.47,0,7.800116707
28-03-2020,MAHARASHTRA,SANGLI,0,928.42,0,20.99005417
28-03-2020,MAHARASHTRA,WARDHA,0,781.63,0,24.24912842
28-03-2020,MAHARASHTRA,BULDANA,0,960.94,0,19.27852456
28-03-2020,MAHARASHTRA,SINDHUDURG,0,276,0,10.49033682
27-03-2020,MAHARASHTRA,WASHIM,0,652.46,0,24.55043277
27-03-2020,MAHARASHTRA,SATARA,0,795.41,0,14.6876719
27-03-2020,MAHARASHTRA,PUNE,0,1295.52,0,16.10496559
27-03-2020,MAHARASHTRA,PARBHANI,0,683.71,0,21.0407491
27-03-2020,MAHARASHTRA,JALNA,0,838.95,0,21.08845358
27-03-2020,MAHARASHTRA,GONDIYA,0,795.4,0,28.47210739
27-03-2020,MAHARASHTRA,MUMBAI,0,0.02,0,0.028174373
27-03-2020,MAHARASHTRA,NASHIK,0,845.7,0,10.62841759
27-03-2020,MAHARASHTRA,GARHCHIROLI,0,1838.44,0,24.85010598
27-03-2020,MAHARASHTRA,RATNAGIRI,0,449.26,0,10.53432982
27-03-2020,MAHARASHTRA,OSMANABAD,0,826.81,0,21.24410847
27-03-2020,MAHARASHTRA,BID,0,1426.46,0,25.16332801
27-03-2020,MAHARASHTRA,LATUR,0,819.39,0,23.6058953
27-03-2020,MAHARASHTRA,YAVATMAL,0,1499.81,0,21.66407303
27-03-2020,MAHARASHTRA,BHANDARA,0,535.57,0,27.18311207
27-03-2020,MAHARASHTRA,MUMBAI SUBURBAN,0,4.22,0,1.819136304
27-03-2020,MAHARASHTRA,NANDURBAR,0,330.37,0,10.97193515
27-03-2020,MAHARASHTRA,NAGPUR,0,1381.39,0,27.26506431
27-03-2020,MAHARASHTRA,CHANDRAPUR,0,1638.34,0,28.32975574
27-03-2020,MAHARASHTRA,JALGAON,0,993.18,0,16.51937413
27-03-2020,MAHARASHTRA,HINGOLI,0,527.42,0,21.95241033
27-03-2020,MAHARASHTRA,AKOLA,0,588.24,0,21.29389398
27-03-2020,MAHARASHTRA,AURANGABAD,0.13,1455.34,0.81,28.11387439
27-03-2020,MAHARASHTRA,DHULE,0,369.31,0,10.06696688
27-03-2020,MAHARASHTRA,KOLHAPUR,0,586.43,0,14.76025472
27-03-2020,MAHARASHTRA,RAIGARH,0,375.03,0,10.19749825
27-03-2020,MAHARASHTRA,AMRAVATI,0,1487.94,0,23.87491494
27-03-2020,MAHARASHTRA,NANDED,0,1511.36,0,27.80632293
27-03-2020,MAHARASHTRA,SOLAPUR,0,1852.36,0,24.12319183
27-03-2020,MAHARASHTRA,AHMADNAGAR,0,1665.38,0,19.04181315
27-03-2020,MAHARASHTRA,THANE,0,380.96,0,7.810097966
27-03-2020,MAHARASHTRA,SANGLI,0,945.67,0,21.38004398
27-03-2020,MAHARASHTRA,WARDHA,0,786.75,0,24.40817191
27-03-2020,MAHARASHTRA,BULDANA,0,969.6,0,19.4522934
27-03-2020,MAHARASHTRA,SINDHUDURG,0,276.11,0,10.49466127
26-03-2020,MAHARASHTRA,WASHIM,0,643.24,0,24.20339372
26-03-2020,MAHARASHTRA,SATARA,0,805.72,0,14.87796917
26-03-2020,MAHARASHTRA,PUNE,0,1303.88,0,16.20893231
26-03-2020,MAHARASHTRA,PARBHANI,0,685.03,0,21.08134011
26-03-2020,MAHARASHTRA,JALNA,0,700.13,0,17.59892912
26-03-2020,MAHARASHTRA,GONDIYA,0,814.79,0,29.16607026
26-03-2020,MAHARASHTRA,MUMBAI,0,0.02,0,0.028174373
26-03-2020,MAHARASHTRA,NASHIK,0,853.15,0,10.72203443
26-03-2020,MAHARASHTRA,GARHCHIROLI,0,1880.99,0,25.42535336
26-03-2020,MAHARASHTRA,RATNAGIRI,0,449.35,0,10.53634098
26-03-2020,MAHARASHTRA,OSMANABAD,0,839.22,0,21.56301979
26-03-2020,MAHARASHTRA,BID,0,1454.4,0,25.65636132
26-03-2020,MAHARASHTRA,LATUR,0,831.99,0,23.96888011
26-03-2020,MAHARASHTRA,YAVATMAL,0,1515.1,0,21.88490243
26-03-2020,MAHARASHTRA,BHANDARA,0,548.7,0,27.84928034
26-03-2020,MAHARASHTRA,MUMBAI SUBURBAN,0,4.25,0,1.828561075
26-03-2020,MAHARASHTRA,NANDURBAR,0,333.94,0,11.0906468
26-03-2020,MAHARASHTRA,NAGPUR,0,1403.92,0,27.70986575
26-03-2020,MAHARASHTRA,CHANDRAPUR,0,1675.02,0,28.96406572
26-03-2020,MAHARASHTRA,JALGAON,0,978.72,0,16.27901026
26-03-2020,MAHARASHTRA,HINGOLI,0,527.54,0,21.95719312
26-03-2020,MAHARASHTRA,AKOLA,0,578.73,0,20.9499237
26-03-2020,MAHARASHTRA,AURANGABAD,0,979.93,0,18.93009343
26-03-2020,MAHARASHTRA,DHULE,0,355.4,0,9.687643137
26-03-2020,MAHARASHTRA,KOLHAPUR,0,591.82,0,14.89572571
26-03-2020,MAHARASHTRA,RAIGARH,0,375.16,0,10.20099426
26-03-2020,MAHARASHTRA,AMRAVATI,0,1497.28,0,24.02485679
26-03-2020,MAHARASHTRA,NANDED,0,1523.16,0,28.02347618
26-03-2020,MAHARASHTRA,SOLAPUR,0,1880.13,0,24.48485684
26-03-2020,MAHARASHTRA,AHMADNAGAR,0,1667.4,0,19.06495281
26-03-2020,MAHARASHTRA,THANE,0,381.4,0,7.81922193
26-03-2020,MAHARASHTRA,SANGLI,0,965.02,0,21.81748317
26-03-2020,MAHARASHTRA,WARDHA,0,794.69,0,24.65426924
26-03-2020,MAHARASHTRA,BULDANA,0,892.58,0,17.90720637
26-03-2020,MAHARASHTRA,SINDHUDURG,0,276.08,0,10.49320357
25-03-2020,MAHARASHTRA,WASHIM,0,645.86,0,24.3022184
25-03-2020,MAHARASHTRA,SATARA,0,818.48,0,15.1135465
25-03-2020,MAHARASHTRA,PUNE,0,1318.34,0,16.38872307
25-03-2020,MAHARASHTRA,PARBHANI,0,688.15,0,21.1775167
25-03-2020,MAHARASHTRA,JALNA,0,704.03,0,17.69709863
25-03-2020,MAHARASHTRA,GONDIYA,0,835.62,0,29.91168791
25-03-2020,MAHARASHTRA,MUMBAI,0,0.02,0,0.028174373
25-03-2020,MAHARASHTRA,NASHIK,0,857.24,0,10.77345225
25-03-2020,MAHARASHTRA,GARHCHIROLI,0,1928.39,0,26.06601092
25-03-2020,MAHARASHTRA,RATNAGIRI,0,449.83,0,10.54763414
25-03-2020,MAHARASHTRA,OSMANABAD,0,853.35,0,21.9260962
25-03-2020,MAHARASHTRA,BID,0,1493.62,0.04,26.34812386
25-03-2020,MAHARASHTRA,LATUR,0,847.64,0.01,24.4195671
25-03-2020,MAHARASHTRA,YAVATMAL,0,1530.55,0,22.10818289
25-03-2020,MAHARASHTRA,BHANDARA,0,562.77,0,28.56332369
25-03-2020,MAHARASHTRA,MUMBAI SUBURBAN,0,4.25,0,1.82940448
25-03-2020,MAHARASHTRA,NANDURBAR,0,267.57,0,8.886411502
25-03-2020,MAHARASHTRA,NAGPUR,0,1427.88,0,28.18273858
25-03-2020,MAHARASHTRA,CHANDRAPUR,0,1712.93,0,29.61959936
25-03-2020,MAHARASHTRA,JALGAON,0,983.34,0,16.35572486
25-03-2020,MAHARASHTRA,HINGOLI,0,529.47,0,22.03749783
25-03-2020,MAHARASHTRA,AKOLA,0,582.63,0,21.09082127
25-03-2020,MAHARASHTRA,AURANGABAD,0,989.95,0,19.12361718
25-03-2020,MAHARASHTRA,DHULE,0,289.62,0,7.894509619
25-03-2020,MAHARASHTRA,KOLHAPUR,0,600.56,0,15.11569519
25-03-2020,MAHARASHTRA,RAIGARH,0,375.45,0,10.20884333
25-03-2020,MAHARASHTRA,AMRAVATI,0,1506.97,0,24.18027053
25-03-2020,MAHARASHTRA,NANDED,0,1535.18,0,28.24445265
25-03-2020,MAHARASHTRA,SOLAPUR,0,1913.98,0,24.92567996
25-03-2020,MAHARASHTRA,AHMADNAGAR,0,1697,0,19.40337097
25-03-2020,MAHARASHTRA,THANE,0,381.99,0,7.831308836
25-03-2020,MAHARASHTRA,SANGLI,0.01,990.7,0.02,22.39793536
25-03-2020,MAHARASHTRA,WARDHA,0,802.81,0,24.9062213
25-03-2020,MAHARASHTRA,BULDANA,0,899.19,0,18.03973112
25-03-2020,MAHARASHTRA,SINDHUDURG,0,276.2,0,10.49796704
24-03-2020,MAHARASHTRA,WASHIM,0,646.2,0,24.31481799
24-03-2020,MAHARASHTRA,SATARA,0,592.69,0,10.94431446
24-03-2020,MAHARASHTRA,PUNE,0,999.41,0,12.42399871
24-03-2020,MAHARASHTRA,PARBHANI,0,685.32,0,21.0902626
24-03-2020,MAHARASHTRA,JALNA,0,641.27,0,16.11933723
24-03-2020,MAHARASHTRA,GONDIYA,0,848.05,0,30.3565935
24-03-2020,MAHARASHTRA,MUMBAI,0,0.02,0,0.028174373
24-03-2020,MAHARASHTRA,NASHIK,0,704.53,0,8.854294527
24-03-2020,MAHARASHTRA,GARHCHIROLI,0,1936.49,0.04,26.17549501
24-03-2020,MAHARASHTRA,RATNAGIRI,0,446.39,0,10.46687262
24-03-2020,MAHARASHTRA,OSMANABAD,0.01,836.32,0.11,21.48835456
24-03-2020,MAHARASHTRA,BID,0.28,1542.53,2.42,27.2109568
24-03-2020,MAHARASHTRA,LATUR,0.1,870.08,0.92,25.0661864
24-03-2020,MAHARASHTRA,YAVATMAL,0,1493.26,0,21.56942925
24-03-2020,MAHARASHTRA,BHANDARA,0,567.79,0,28.81806942
24-03-2020,MAHARASHTRA,MUMBAI SUBURBAN,0,4.25,0,1.83142822
24-03-2020,MAHARASHTRA,NANDURBAR,0,258.34,0,8.579658207
24-03-2020,MAHARASHTRA,NAGPUR,0,1417.05,0,27.96893152
24-03-2020,MAHARASHTRA,CHANDRAPUR,0,1726.84,0,29.8600891
24-03-2020,MAHARASHTRA,JALGAON,0,894.78,0,14.8827787
24-03-2020,MAHARASHTRA,HINGOLI,0,530.58,0,22.08398454
24-03-2020,MAHARASHTRA,AKOLA,0,553.56,0,20.03860692
24-03-2020,MAHARASHTRA,AURANGABAD,0,700.46,0,13.53127454
24-03-2020,MAHARASHTRA,DHULE,0,281.89,0,7.683831303
24-03-2020,MAHARASHTRA,KOLHAPUR,0,475.15,0,11.9592152
24-03-2020,MAHARASHTRA,RAIGARH,0,371.65,0,10.10569553
24-03-2020,MAHARASHTRA,AMRAVATI,0,1498.94,0,24.05154678
24-03-2020,MAHARASHTRA,NANDED,0,1528.68,0,28.12493957
24-03-2020,MAHARASHTRA,SOLAPUR,0,1532.56,0.03,19.95840905
24-03-2020,MAHARASHTRA,AHMADNAGAR,0.14,1348.75,0.77,15.42152591
24-03-2020,MAHARASHTRA,THANE,0,370.66,0,7.599026035
24-03-2020,MAHARASHTRA,SANGLI,0.01,746.15,0.06,16.86916854
24-03-2020,MAHARASHTRA,WARDHA,0,798.42,0,24.77020042
24-03-2020,MAHARASHTRA,BULDANA,0,804.51,0,16.14029883
24-03-2020,MAHARASHTRA,SINDHUDURG,0,274.76,0,10.44326731
23-03-2020,MAHARASHTRA,WASHIM,0,649.04,0,24.42182116
23-03-2020,MAHARASHTRA,SATARA,0,590.36,0,10.90134036
23-03-2020,MAHARASHTRA,PUNE,0,993.03,0,12.34472112
23-03-2020,MAHARASHTRA,PARBHANI,0,686.77,0,21.13485794
23-03-2020,MAHARASHTRA,JALNA,0,640.62,0,16.10299185
23-03-2020,MAHARASHTRA,GONDIYA,0,865.76,0,30.99056922
23-03-2020,MAHARASHTRA,MUMBAI,0,0.03,0,0.04129011
23-03-2020,MAHARASHTRA,NASHIK,0,662,0,8.319729303
23-03-2020,MAHARASHTRA,GARHCHIROLI,0,1982.26,0.01,26.7941809
23-03-2020,MAHARASHTRA,RATNAGIRI,0,446.45,0,10.46841421
23-03-2020,MAHARASHTRA,OSMANABAD,0,588.79,0,15.1282928
23-03-2020,MAHARASHTRA,BID,0,1023.54,0,18.05573422
23-03-2020,MAHARASHTRA,LATUR,0,704.76,0,20.30355806
23-03-2020,MAHARASHTRA,YAVATMAL,0,1506.69,0,21.76348159
23-03-2020,MAHARASHTRA,BHANDARA,0,581.98,0,29.53835862
23-03-2020,MAHARASHTRA,MUMBAI SUBURBAN,0,4.27,0,1.840802922
23-03-2020,MAHARASHTRA,NANDURBAR,0,254.8,0,8.462082178
23-03-2020,MAHARASHTRA,NAGPUR,0,1443.84,0,28.49775429
23-03-2020,MAHARASHTRA,CHANDRAPUR,0,1770.38,0,30.61306079
23-03-2020,MAHARASHTRA,JALGAON,0,896.32,0,14.90842986
23-03-2020,MAHARASHTRA,HINGOLI,0,532.81,0,22.17691561
23-03-2020,MAHARASHTRA,AKOLA,0,556.85,0,20.15767627
23-03-2020,MAHARASHTRA,AURANGABAD,0,700.17,0,13.52583607
23-03-2020,MAHARASHTRA,DHULE,0,282.06,0,7.688421743
23-03-2020,MAHARASHTRA,KOLHAPUR,0,445.93,0,11.22377968
23-03-2020,MAHARASHTRA,RAIGARH,0,371.69,0,10.10666852
23-03-2020,MAHARASHTRA,AMRAVATI,0,1509.4,0,24.21935365
23-03-2020,MAHARASHTRA,NANDED,0,1530.45,0,28.15751905
23-03-2020,MAHARASHTRA,SOLAPUR,0,1298.89,0,16.91533732
23-03-2020,MAHARASHTRA,AHMADNAGAR,0,1078.61,0,12.33273264
23-03-2020,MAHARASHTRA,THANE,0,370.77,0,7.601213927
23-03-2020,MAHARASHTRA,SANGLI,0,577.38,0,13.05366049
23-03-2020,MAHARASHTRA,WARDHA,0,806.96,0,25.03494603
23-03-2020,MAHARASHTRA,BULDANA,0,807.73,0,16.20477401
23-03-2020,MAHARASHTRA,SINDHUDURG,0,274.65,0,10.43879984
22-03-2020,MAHARASHTRA,WASHIM,0,652.13,0,24.53808546
22-03-2020,MAHARASHTRA,SATARA,0,590.47,0,10.90331415
22-03-2020,MAHARASHTRA,PUNE,0,993.69,0,12.35283774
22-03-2020,MAHARASHTRA,PARBHANI,0,689.84,0,21.22938956
22-03-2020,MAHARASHTRA,JALNA,0,641.77,0,16.13192661
22-03-2020,MAHARASHTRA,GONDIYA,0,892.2,0,31.93706935
22-03-2020,MAHARASHTRA,MUMBAI,0,0.03,0,0.04129011
22-03-2020,MAHARASHTRA,NASHIK,0,662.09,0,8.320818804
22-03-2020,MAHARASHTRA,GARHCHIROLI,0,2041.89,0,27.60022319
22-03-2020,MAHARASHTRA,RATNAGIRI,0,446.5,0,10.46963982
22-03-2020,MAHARASHTRA,OSMANABAD,0,589.79,0,15.15409793
22-03-2020,MAHARASHTRA,BID,0,1029.66,0,18.16360557
22-03-2020,MAHARASHTRA,LATUR,0,710.59,0,20.47150182
22-03-2020,MAHARASHTRA,YAVATMAL,0,1522.7,0,21.99470151
22-03-2020,MAHARASHTRA,BHANDARA,0,600,0,30.45299636
22-03-2020,MAHARASHTRA,MUMBAI SUBURBAN,0,4.28,0,1.845240083
22-03-2020,MAHARASHTRA,NANDURBAR,0,254.84,0,8.463496408
22-03-2020,MAHARASHTRA,NAGPUR,0,1474.28,0,29.09857884
22-03-2020,MAHARASHTRA,CHANDRAPUR,0,1819.98,0,31.47066799
22-03-2020,MAHARASHTRA,JALGAON,0,898.01,0,14.93641781
22-03-2020,MAHARASHTRA,HINGOLI,0,535.22,0,22.27716888
22-03-2020,MAHARASHTRA,AKOLA,0,560.27,0,20.28138322
22-03-2020,MAHARASHTRA,AURANGABAD,0,700.28,0,13.52781272
22-03-2020,MAHARASHTRA,DHULE,0,282.15,0,7.690945215
22-03-2020,MAHARASHTRA,KOLHAPUR,0,446.81,0,11.24605765
22-03-2020,MAHARASHTRA,RAIGARH,0,371.7,0,10.10705273
22-03-2020,MAHARASHTRA,AMRAVATI,0,1520.36,0,24.39517544
22-03-2020,MAHARASHTRA,NANDED,0,1544.39,0,28.41393358
22-03-2020,MAHARASHTRA,SOLAPUR,0,1302.03,0,16.95621486
22-03-2020,MAHARASHTRA,AHMADNAGAR,0,1079.2,0,12.33948767
22-03-2020,MAHARASHTRA,THANE,0,370.86,0,7.60314203
22-03-2020,MAHARASHTRA,SANGLI,0,577.45,0,13.05521323
22-03-2020,MAHARASHTRA,WARDHA,0,815.98,0,25.31472082
22-03-2020,MAHARASHTRA,BULDANA,0,811.01,0,16.2707388
22-03-2020,MAHARASHTRA,SINDHUDURG,0,274.7,0,10.4407565
21-03-2020,MAHARASHTRA,WASHIM,0,655.33,0,24.65840075
21-03-2020,MAHARASHTRA,SATARA,0,590.56,0,10.90487259
21-03-2020,MAHARASHTRA,PUNE,0,994.4,0,12.36175004
21-03-2020,MAHARASHTRA,PARBHANI,0,693.13,0,21.33074451
21-03-2020,MAHARASHTRA,JALNA,0,642.98,0,16.16235298
21-03-2020,MAHARASHTRA,GONDIYA,0,923.12,0,33.04365405
21-03-2020,MAHARASHTRA,MUMBAI,0,0.03,0,0.04129011
21-03-2020,MAHARASHTRA,NASHIK,0,662.21,0,8.322402553
21-03-2020,MAHARASHTRA,GARHCHIROLI,0,2117.86,0.04,28.62700792
21-03-2020,MAHARASHTRA,RATNAGIRI,0,446.56,0,10.47097303
21-03-2020,MAHARASHTRA,OSMANABAD,0,591.02,0,15.18568258
21-03-2020,MAHARASHTRA,BID,0,1035.92,0,18.27405407
21-03-2020,MAHARASHTRA,LATUR,0,717.04,0,20.657134
21-03-2020,MAHARASHTRA,YAVATMAL,0,1539.61,0,22.23901066
21-03-2020,MAHARASHTRA,BHANDARA,0,621.29,0,31.53379184
21-03-2020,MAHARASHTRA,MUMBAI SUBURBAN,0,4.3,0,1.850272627
21-03-2020,MAHARASHTRA,NANDURBAR,0,254.95,0,8.467050888
21-03-2020,MAHARASHTRA,NAGPUR,0,1511.73,0,29.8378215
21-03-2020,MAHARASHTRA,CHANDRAPUR,0,1877.89,0,32.47209538
21-03-2020,MAHARASHTRA,JALGAON,0,899.9,0,14.96801204
21-03-2020,MAHARASHTRA,HINGOLI,0,537.8,0,22.38438402
21-03-2020,MAHARASHTRA,AKOLA,0,563.8,0,20.40946282
21-03-2020,MAHARASHTRA,AURANGABAD,0,700.58,0,13.53359286
21-03-2020,MAHARASHTRA,DHULE,0,282.26,0,7.693919842
21-03-2020,MAHARASHTRA,KOLHAPUR,0,447.85,0,11.27214248
21-03-2020,MAHARASHTRA,RAIGARH,0,371.74,0,10.10809563
21-03-2020,MAHARASHTRA,AMRAVATI,0,1532.22,0,24.58555359
21-03-2020,MAHARASHTRA,NANDED,0,1559.54,0,28.69265206
21-03-2020,MAHARASHTRA,SOLAPUR,0,1305.41,0,17.00029762
21-03-2020,MAHARASHTRA,AHMADNAGAR,0,1079.87,0,12.34722386
21-03-2020,MAHARASHTRA,THANE,0,370.98,0,7.6055604
21-03-2020,MAHARASHTRA,SANGLI,0,577.55,0,13.05731589
21-03-2020,MAHARASHTRA,WARDHA,0,825.65,0,25.6149821
21-03-2020,MAHARASHTRA,BULDANA,0,814.89,0,16.34859525
21-03-2020,MAHARASHTRA,SINDHUDURG,0,274.71,0,10.44138646
20-03-2020,MAHARASHTRA,WASHIM,0,658.52,0,24.77859207
20-03-2020,MAHARASHTRA,SATARA,0,590.69,0,10.90742065
20-03-2020,MAHARASHTRA,PUNE,0,995.06,0,12.3698809
20-03-2020,MAHARASHTRA,PARBHANI,0,696.51,0,21.43475289
20-03-2020,MAHARASHTRA,JALNA,0,644.39,0,16.19784908
20-03-2020,MAHARASHTRA,GONDIYA,0,963.8,0,34.50017904
20-03-2020,MAHARASHTRA,MUMBAI,0,0.03,0,0.04129011
20-03-2020,MAHARASHTRA,NASHIK,0,662.27,0,8.323146437
20-03-2020,MAHARASHTRA,GARHCHIROLI,0.22,2256.87,1.46,30.506061
20-03-2020,MAHARASHTRA,RATNAGIRI,0,446.56,0,10.47097303
20-03-2020,MAHARASHTRA,OSMANABAD,0,592.48,0,15.2231588
20-03-2020,MAHARASHTRA,BID,0,1042.21,0,18.38513265
20-03-2020,MAHARASHTRA,LATUR,0,723.81,0,20.85233314
20-03-2020,MAHARASHTRA,YAVATMAL,0,1557.4,0,22.4959454
20-03-2020,MAHARASHTRA,BHANDARA,0.03,649.91,0.17,32.98639376
20-03-2020,MAHARASHTRA,MUMBAI SUBURBAN,0,4.3,0,1.851116032
20-03-2020,MAHARASHTRA,NANDURBAR,0,255.05,0,8.470608291
20-03-2020,MAHARASHTRA,NAGPUR,0.14,1578.54,0.96,31.15637735
20-03-2020,MAHARASHTRA,CHANDRAPUR,0,1950.47,0,33.72716271
20-03-2020,MAHARASHTRA,JALGAON,0,901.95,0,15.0019683
20-03-2020,MAHARASHTRA,HINGOLI,0,540.5,0,22.4966451
20-03-2020,MAHARASHTRA,AKOLA,0,567.48,0,20.54264897
20-03-2020,MAHARASHTRA,AURANGABAD,0,700.76,0,13.53709281
20-03-2020,MAHARASHTRA,DHULE,0,282.34,0,7.696289882
20-03-2020,MAHARASHTRA,KOLHAPUR,0,448.9,0,11.2984761
20-03-2020,MAHARASHTRA,RAIGARH,0,371.79,0,10.10934558
20-03-2020,MAHARASHTRA,AMRAVATI,0,1544.17,0,24.77724836
20-03-2020,MAHARASHTRA,NANDED,0,1576.1,0,28.99730042
20-03-2020,MAHARASHTRA,SOLAPUR,0,1309.07,0,17.04793672
20-03-2020,MAHARASHTRA,AHMADNAGAR,0,1080.53,0,12.35466078
20-03-2020,MAHARASHTRA,THANE,0,371.09,0,7.607747997
20-03-2020,MAHARASHTRA,SANGLI,0,577.65,0,13.05968935
20-03-2020,MAHARASHTRA,WARDHA,0,835.72,0,25.92736635
20-03-2020,MAHARASHTRA,BULDANA,0,818.68,0,16.42448339
20-03-2020,MAHARASHTRA,SINDHUDURG,0,274.74,0,10.44257995
19-03-2020,MAHARASHTRA,WASHIM,0,662.25,0,24.91900086
19-03-2020,MAHARASHTRA,SATARA,0,590.88,0,10.91083207
19-03-2020,MAHARASHTRA,PUNE,0,995.82,0,12.37937451
19-03-2020,MAHARASHTRA,PARBHANI,0,700.6,0,21.56048856
19-03-2020,MAHARASHTRA,JALNA,0,646.01,0,16.23844899
19-03-2020,MAHARASHTRA,GONDIYA,0.12,1013.62,0.87,36.28317955
19-03-2020,MAHARASHTRA,MUMBAI,0,0.03,0,0.04129011
19-03-2020,MAHARASHTRA,NASHIK,0,662.37,0,8.324368951
19-03-2020,MAHARASHTRA,GARHCHIROLI,0.4,2297.37,2.75,31.05352736
19-03-2020,MAHARASHTRA,RATNAGIRI,0,446.67,0,10.4735282
19-03-2020,MAHARASHTRA,OSMANABAD,0,594.17,0,15.26657177
19-03-2020,MAHARASHTRA,BID,0,1049.39,0,18.51166015
19-03-2020,MAHARASHTRA,LATUR,0,731.73,0,21.08055488
19-03-2020,MAHARASHTRA,YAVATMAL,0,1577.58,0,22.78752539
19-03-2020,MAHARASHTRA,BHANDARA,0.05,682.82,0.29,34.65647088
19-03-2020,MAHARASHTRA,MUMBAI SUBURBAN,0,4.31,0,1.855489571
19-03-2020,MAHARASHTRA,NANDURBAR,0,255.1,0,8.47227711
19-03-2020,MAHARASHTRA,NAGPUR,0,1531.39,0,30.22575974
19-03-2020,MAHARASHTRA,CHANDRAPUR,0.18,2102.2,1.24,36.35071298
19-03-2020,MAHARASHTRA,JALGAON,0,904.24,0,15.04008343
19-03-2020,MAHARASHTRA,HINGOLI,0,543.55,0,22.6238978
19-03-2020,MAHARASHTRA,AKOLA,0,571.76,0,20.69729964
19-03-2020,MAHARASHTRA,AURANGABAD,0,701,0,13.54175227
19-03-2020,MAHARASHTRA,DHULE,0,282.44,0,7.698819729
19-03-2020,MAHARASHTRA,KOLHAPUR,0,450.14,0,11.3298109
19-03-2020,MAHARASHTRA,RAIGARH,0,371.83,0,10.1105228
19-03-2020,MAHARASHTRA,AMRAVATI,0,1556.98,0,24.98274208
19-03-2020,MAHARASHTRA,NANDED,0,1596.22,0,29.36759826
19-03-2020,MAHARASHTRA,SOLAPUR,0,1313.87,0,17.11049653
19-03-2020,MAHARASHTRA,AHMADNAGAR,0,1081.19,0,12.36221796
19-03-2020,MAHARASHTRA,THANE,0,370.96,0,7.605062111
19-03-2020,MAHARASHTRA,SANGLI,0,577.92,0,13.06579746
19-03-2020,MAHARASHTRA,WARDHA,0,847.11,0,26.28069094
19-03-2020,MAHARASHTRA,BULDANA,0,823.04,0,16.51202761
19-03-2020,MAHARASHTRA,SINDHUDURG,0,274.8,0,10.44479553
18-03-2020,MAHARASHTRA,WASHIM,0,666.13,0,25.06469856
18-03-2020,MAHARASHTRA,SATARA,0,591.04,0,10.91374545
18-03-2020,MAHARASHTRA,PUNE,0,996.55,0,12.38843188
18-03-2020,MAHARASHTRA,PARBHANI,0,705.1,0,21.69907492
18-03-2020,MAHARASHTRA,JALNA,0,647.82,0,16.28406909
18-03-2020,MAHARASHTRA,GONDIYA,0,878.81,0,31.4577788
18-03-2020,MAHARASHTRA,MUMBAI,0,0.03,0,0.04129011
18-03-2020,MAHARASHTRA,NASHIK,0,662.51,0,8.326157399
18-03-2020,MAHARASHTRA,GARHCHIROLI,0,1723.96,0,23.30269653
18-03-2020,MAHARASHTRA,RATNAGIRI,0,446.78,0,10.47601375
18-03-2020,MAHARASHTRA,OSMANABAD,0,590.71,0,15.17774622
18-03-2020,MAHARASHTRA,BID,0,1057.61,0,18.6566748
18-03-2020,MAHARASHTRA,LATUR,0,741.2,0,21.35328558
18-03-2020,MAHARASHTRA,YAVATMAL,0,1567.81,0,22.64636107
18-03-2020,MAHARASHTRA,BHANDARA,0,591.51,0,30.02222342
18-03-2020,MAHARASHTRA,MUMBAI SUBURBAN,0,4.31,0,1.855641952
18-03-2020,MAHARASHTRA,NANDURBAR,0,255.18,0,8.474829592
18-03-2020,MAHARASHTRA,NAGPUR,0,1444.62,0,28.51325375
18-03-2020,MAHARASHTRA,CHANDRAPUR,0,1843.03,0,31.86927526
18-03-2020,MAHARASHTRA,JALGAON,0,907.01,0,15.08625318
18-03-2020,MAHARASHTRA,HINGOLI,0,546.82,0,22.76003059
18-03-2020,MAHARASHTRA,AKOLA,0,575.69,0,20.83963013
18-03-2020,MAHARASHTRA,AURANGABAD,0,701.28,0,13.54719448
18-03-2020,MAHARASHTRA,DHULE,0,282.54,0,7.701485141
18-03-2020,MAHARASHTRA,KOLHAPUR,0,451.07,0,11.35325694
18-03-2020,MAHARASHTRA,RAIGARH,0,371.89,0,10.11196584
18-03-2020,MAHARASHTRA,AMRAVATI,0,1568.59,0,25.16908661
18-03-2020,MAHARASHTRA,NANDED,0,1620.81,0,29.81997638
18-03-2020,MAHARASHTRA,SOLAPUR,0,1310.06,0,17.06089795
18-03-2020,MAHARASHTRA,AHMADNAGAR,0,1081.89,0,12.37028824
18-03-2020,MAHARASHTRA,THANE,0,371.08,0,7.60756107
18-03-2020,MAHARASHTRA,SANGLI,0,578.18,0,13.07171976
18-03-2020,MAHARASHTRA,WARDHA,0,850.3,0,26.379521
18-03-2020,MAHARASHTRA,BULDANA,0,827.82,0,16.6079886
18-03-2020,MAHARASHTRA,SINDHUDURG,0,274.83,0,10.44574585
17-03-2020,MAHARASHTRA,WASHIM,0,641.92,0,24.15371019
17-03-2020,MAHARASHTRA,SATARA,0,591.07,0,10.91440278
17-03-2020,MAHARASHTRA,PUNE,0,997.24,0,12.39702388
17-03-2020,MAHARASHTRA,PARBHANI,0,683.6,0,21.03729671
17-03-2020,MAHARASHTRA,JALNA,0,646.75,0,16.257155
17-03-2020,MAHARASHTRA,GONDIYA,0.03,921.18,0.18,32.97442532
17-03-2020,MAHARASHTRA,MUMBAI,0,0.03,0,0.04129011
17-03-2020,MAHARASHTRA,NASHIK,0,662.6,0,8.327295857
17-03-2020,MAHARASHTRA,GARHCHIROLI,0.01,1744.04,0.09,23.57410691
17-03-2020,MAHARASHTRA,RATNAGIRI,0,446.92,0,10.47942247
17-03-2020,MAHARASHTRA,OSMANABAD,0,587.33,0,15.09072759
17-03-2020,MAHARASHTRA,BID,0,1023.48,0,18.05472649
17-03-2020,MAHARASHTRA,LATUR,0,689.28,0,19.85743475
17-03-2020,MAHARASHTRA,YAVATMAL,0,1362.99,0,19.6878704
17-03-2020,MAHARASHTRA,BHANDARA,0.02,621.72,0.14,31.55556688
17-03-2020,MAHARASHTRA,MUMBAI SUBURBAN,0,4.33,0,1.864231844
17-03-2020,MAHARASHTRA,NANDURBAR,0,255.27,0,8.477757778
17-03-2020,MAHARASHTRA,NAGPUR,0.03,1485.66,0.22,29.32318367
17-03-2020,MAHARASHTRA,CHANDRAPUR,0.05,1900.24,0.32,32.85847308
17-03-2020,MAHARASHTRA,JALGAON,0,886.79,0,14.74995013
17-03-2020,MAHARASHTRA,HINGOLI,0,514.72,0,21.42363757
17-03-2020,MAHARASHTRA,AKOLA,0,567.89,0,20.55741003
17-03-2020,MAHARASHTRA,AURANGABAD,0,700.87,0,13.53929261
17-03-2020,MAHARASHTRA,DHULE,0,282.02,0,7.687474759
17-03-2020,MAHARASHTRA,KOLHAPUR,0,450.29,0,11.33365409
17-03-2020,MAHARASHTRA,RAIGARH,0,371.93,0,10.11323286
17-03-2020,MAHARASHTRA,AMRAVATI,0,1577.5,0.01,25.31206073
17-03-2020,MAHARASHTRA,NANDED,0,1416.58,0,26.06245652
17-03-2020,MAHARASHTRA,SOLAPUR,0,1301.53,0,16.94976336
17-03-2020,MAHARASHTRA,AHMADNAGAR,0,1082.91,0,12.38190181
17-03-2020,MAHARASHTRA,THANE,0,371.3,0,7.612130676
17-03-2020,MAHARASHTRA,SANGLI,0,577.85,0,13.0641133
17-03-2020,MAHARASHTRA,WARDHA,0,827.68,0,25.67773576
17-03-2020,MAHARASHTRA,BULDANA,0,815.2,0,16.35471484
17-03-2020,MAHARASHTRA,SINDHUDURG,0,274.86,0,10.44687539
16-03-2020,MAHARASHTRA,WASHIM,0,624.93,0,23.51457972
16-03-2020,MAHARASHTRA,SATARA,0,591.21,0,10.91688301
16-03-2020,MAHARASHTRA,PUNE,0,998.18,0,12.40872399
16-03-2020,MAHARASHTRA,PARBHANI,0,676.48,0,20.81811869
16-03-2020,MAHARASHTRA,JALNA,0,640.33,0,16.09582917
16-03-2020,MAHARASHTRA,GONDIYA,0,710.69,0,25.43979197
16-03-2020,MAHARASHTRA,MUMBAI,0,0.03,0,0.04129011
16-03-2020,MAHARASHTRA,NASHIK,0,662.83,0,8.330156803
16-03-2020,MAHARASHTRA,GARHCHIROLI,0,1692.62,0,22.87907573
16-03-2020,MAHARASHTRA,RATNAGIRI,0,446.99,0,10.48106414
16-03-2020,MAHARASHTRA,OSMANABAD,0,588.23,0,15.11389247
16-03-2020,MAHARASHTRA,BID,0,1027.27,0,18.1214963
16-03-2020,MAHARASHTRA,LATUR,0,693.91,0,19.99074584
16-03-2020,MAHARASHTRA,YAVATMAL,0,1285.52,0,18.56879841
16-03-2020,MAHARASHTRA,BHANDARA,0,454.57,0,23.07175787
16-03-2020,MAHARASHTRA,MUMBAI SUBURBAN,0,4.33,0,1.866577342
16-03-2020,MAHARASHTRA,NANDURBAR,0,255.39,0,8.481825229
16-03-2020,MAHARASHTRA,NAGPUR,0,1133.59,0,22.37418006
16-03-2020,MAHARASHTRA,CHANDRAPUR,0,1555.82,0,26.90292496
16-03-2020,MAHARASHTRA,JALGAON,0,855.21,0,14.22458614
16-03-2020,MAHARASHTRA,HINGOLI,0,513.79,0,21.38493637
16-03-2020,MAHARASHTRA,AKOLA,0,500.94,0,18.13392002
16-03-2020,MAHARASHTRA,AURANGABAD,0,699.51,0,13.51294017
16-03-2020,MAHARASHTRA,DHULE,0,281.95,0,7.685565586
16-03-2020,MAHARASHTRA,KOLHAPUR,0,451.67,0,11.36839216
16-03-2020,MAHARASHTRA,RAIGARH,0,371.98,0,10.11441659
16-03-2020,MAHARASHTRA,AMRAVATI,0,1327.21,0,21.29593712
16-03-2020,MAHARASHTRA,NANDED,0,1425.28,0,26.22250533
16-03-2020,MAHARASHTRA,SOLAPUR,0,1304.6,0,16.98971594
16-03-2020,MAHARASHTRA,AHMADNAGAR,0,1084.22,0,12.39693123
16-03-2020,MAHARASHTRA,THANE,0,371.42,0,7.614520532
16-03-2020,MAHARASHTRA,SANGLI,0,578.02,0,13.06803857
16-03-2020,MAHARASHTRA,WARDHA,0,688.47,0,21.35901311
16-03-2020,MAHARASHTRA,BULDANA,0,714.6,0,14.33648544
16-03-2020,MAHARASHTRA,SINDHUDURG,0,274.88,0,10.44779278
15-03-2020,MAHARASHTRA,WASHIM,0,626.72,0,23.58208923
15-03-2020,MAHARASHTRA,SATARA,0,591.36,0,10.91978353
15-03-2020,MAHARASHTRA,PUNE,0,999.09,0,12.41995994
15-03-2020,MAHARASHTRA,PARBHANI,0,679,0,20.89574245
15-03-2020,MAHARASHTRA,JALNA,0,641.88,0,16.13478017
15-03-2020,MAHARASHTRA,GONDIYA,0,725.61,0,25.97373688
15-03-2020,MAHARASHTRA,MUMBAI,0,0.03,0,0.04129011
15-03-2020,MAHARASHTRA,NASHIK,0,663.02,0,8.332580787
15-03-2020,MAHARASHTRA,GARHCHIROLI,0,1732.43,0,23.41728749
15-03-2020,MAHARASHTRA,RATNAGIRI,0,447.05,0,10.48253218
15-03-2020,MAHARASHTRA,OSMANABAD,0,589.38,0,15.14342355
15-03-2020,MAHARASHTRA,BID,0,1034,0,18.2401804
15-03-2020,MAHARASHTRA,LATUR,0,698.68,0,20.12818956
15-03-2020,MAHARASHTRA,YAVATMAL,0,1291.09,0,18.64927336
15-03-2020,MAHARASHTRA,BHANDARA,0,462.42,0,23.47038929
15-03-2020,MAHARASHTRA,MUMBAI SUBURBAN,0,4.34,0,1.867420748
15-03-2020,MAHARASHTRA,NANDURBAR,0,255.53,0,8.486349752
15-03-2020,MAHARASHTRA,NAGPUR,0,1141.26,0,22.52559912
15-03-2020,MAHARASHTRA,CHANDRAPUR,0,1593.3,0,27.55102132
15-03-2020,MAHARASHTRA,JALGAON,0,855.34,0,14.22684779
15-03-2020,MAHARASHTRA,HINGOLI,0,515.41,0,21.45242296
15-03-2020,MAHARASHTRA,AKOLA,0,501.85,0,18.16665348
15-03-2020,MAHARASHTRA,AURANGABAD,0,699.79,0,13.5184309
15-03-2020,MAHARASHTRA,DHULE,0,282.1,0,7.689621959
15-03-2020,MAHARASHTRA,KOLHAPUR,0,452.11,0,11.37948024
15-03-2020,MAHARASHTRA,RAIGARH,0,372.01,0,10.11529811
15-03-2020,MAHARASHTRA,AMRAVATI,0,1331.96,0,21.37214701
15-03-2020,MAHARASHTRA,NANDED,0,1434.23,0,26.38720887
15-03-2020,MAHARASHTRA,SOLAPUR,0,1307.9,0,17.03268497
15-03-2020,MAHARASHTRA,AHMADNAGAR,0,1086.1,0,12.41836235
15-03-2020,MAHARASHTRA,THANE,0,371.55,0,7.617114147
15-03-2020,MAHARASHTRA,SANGLI,0,578.23,0,13.07282516
15-03-2020,MAHARASHTRA,WARDHA,0,692.03,0,21.46956523
15-03-2020,MAHARASHTRA,BULDANA,0,714.77,0,14.33978224
15-03-2020,MAHARASHTRA,SINDHUDURG,0,274.95,0,10.45041938
14-03-2020,MAHARASHTRA,WASHIM,0,628.61,0,23.65302136
14-03-2020,MAHARASHTRA,SATARA,0,591.58,0,10.9238326
14-03-2020,MAHARASHTRA,PUNE,0,1000.16,0,12.43327547
14-03-2020,MAHARASHTRA,PARBHANI,0,681.66,0,20.97782307
14-03-2020,MAHARASHTRA,JALNA,0,643.6,0,16.177889
14-03-2020,MAHARASHTRA,GONDIYA,0,736.43,0,26.36127241
14-03-2020,MAHARASHTRA,MUMBAI,0,0.03,0,0.04129011
14-03-2020,MAHARASHTRA,NASHIK,0,663.22,0,8.33510662
14-03-2020,MAHARASHTRA,GARHCHIROLI,0,1780,0.01,24.06020669
14-03-2020,MAHARASHTRA,RATNAGIRI,0,447.18,0,10.48558202
14-03-2020,MAHARASHTRA,OSMANABAD,0,590.54,0,15.17330055
14-03-2020,MAHARASHTRA,BID,0,1041.2,0,18.3672888
14-03-2020,MAHARASHTRA,LATUR,0,703.83,0,20.27678518
14-03-2020,MAHARASHTRA,YAVATMAL,0,1297.36,0,18.73983577
14-03-2020,MAHARASHTRA,BHANDARA,0,465.66,0,23.63456849
14-03-2020,MAHARASHTRA,MUMBAI SUBURBAN,0,4.35,0,1.873588679
14-03-2020,MAHARASHTRA,NANDURBAR,0,255.45,0,8.483834262
14-03-2020,MAHARASHTRA,NAGPUR,0,1145.24,0,22.6041994
14-03-2020,MAHARASHTRA,CHANDRAPUR,0,1648.24,0,28.50091075
14-03-2020,MAHARASHTRA,JALGAON,0,855.35,0,14.22687436
14-03-2020,MAHARASHTRA,HINGOLI,0,517.03,0,21.51984466
14-03-2020,MAHARASHTRA,AKOLA,0,502.8,0,18.20100042
14-03-2020,MAHARASHTRA,AURANGABAD,0,700.2,0,13.52637915
14-03-2020,MAHARASHTRA,DHULE,0,282.18,0,7.691837762
14-03-2020,MAHARASHTRA,KOLHAPUR,0,453.46,0,11.41339908
14-03-2020,MAHARASHTRA,RAIGARH,0,372.12,0,10.11840922
14-03-2020,MAHARASHTRA,AMRAVATI,0,1333.35,0,21.39449651
14-03-2020,MAHARASHTRA,NANDED,0,1443.62,0,26.56000752
14-03-2020,MAHARASHTRA,SOLAPUR,0,1311.49,0,17.07952507
14-03-2020,MAHARASHTRA,AHMADNAGAR,0,1088.58,0,12.44671171
14-03-2020,MAHARASHTRA,THANE,0,371.77,0,7.62176852
14-03-2020,MAHARASHTRA,SANGLI,0,578.52,0,13.07928124
14-03-2020,MAHARASHTRA,WARDHA,0,695.67,0,21.58250021
14-03-2020,MAHARASHTRA,BULDANA,0,714.66,0,14.33771532
14-03-2020,MAHARASHTRA,SINDHUDURG,0,274.98,0,10.45147622
13-03-2020,MAHARASHTRA,WASHIM,0,630.18,0,23.71199293
13-03-2020,MAHARASHTRA,SATARA,0,591.73,0,10.92659404
13-03-2020,MAHARASHTRA,PUNE,0,1001.14,0,12.44555472
13-03-2020,MAHARASHTRA,PARBHANI,0,684.34,0,21.06002802
13-03-2020,MAHARASHTRA,JALNA,0,645.11,0,16.21602366
13-03-2020,MAHARASHTRA,GONDIYA,0.01,750.84,0.04,26.87677383
13-03-2020,MAHARASHTRA,MUMBAI,0,0.03,0,0.04129011
13-03-2020,MAHARASHTRA,NASHIK,0,663.37,0,8.337009494
13-03-2020,MAHARASHTRA,GARHCHIROLI,0,1678.38,0.01,22.68662504
13-03-2020,MAHARASHTRA,RATNAGIRI,0,447.17,0,10.48524477
13-03-2020,MAHARASHTRA,OSMANABAD,0,591.61,0,15.20071687
13-03-2020,MAHARASHTRA,BID,0,1048.03,0,18.48779108
13-03-2020,MAHARASHTRA,LATUR,0,708.94,0,20.42378956
13-03-2020,MAHARASHTRA,YAVATMAL,0,1296.31,0,18.72465674
13-03-2020,MAHARASHTRA,BHANDARA,0,469.39,0,23.82407105
13-03-2020,MAHARASHTRA,MUMBAI SUBURBAN,0,4.38,0,1.887721202
13-03-2020,MAHARASHTRA,NANDURBAR,0,255.49,0,8.485009318
13-03-2020,MAHARASHTRA,NAGPUR,0,1150.19,0,22.70185316
13-03-2020,MAHARASHTRA,CHANDRAPUR,0,1500.12,0,25.93971172
13-03-2020,MAHARASHTRA,JALGAON,0,855.56,0,14.2304994
13-03-2020,MAHARASHTRA,HINGOLI,0,518.52,0,21.58196512
13-03-2020,MAHARASHTRA,AKOLA,0,503.67,0,18.23279133
13-03-2020,MAHARASHTRA,AURANGABAD,0,700.42,0,13.53057458
13-03-2020,MAHARASHTRA,DHULE,0,282.33,0,7.695762834
13-03-2020,MAHARASHTRA,KOLHAPUR,0,454.26,0,11.4334362
13-03-2020,MAHARASHTRA,RAIGARH,0,372.21,0,10.12081676
13-03-2020,MAHARASHTRA,AMRAVATI,0,1336.32,0,21.4420775
13-03-2020,MAHARASHTRA,NANDED,0,1451.96,0,26.71349899
13-03-2020,MAHARASHTRA,SOLAPUR,0,1310.77,0,17.07014809
13-03-2020,MAHARASHTRA,AHMADNAGAR,0,1090.95,0,12.47387498
13-03-2020,MAHARASHTRA,THANE,0,371.87,0,7.62374827
13-03-2020,MAHARASHTRA,SANGLI,0,578.62,0,13.08149966
13-03-2020,MAHARASHTRA,WARDHA,0,696.86,0,21.61931094
13-03-2020,MAHARASHTRA,BULDANA,0,714.73,0,14.33905201
13-03-2020,MAHARASHTRA,SINDHUDURG,0,275,0,10.45240718
12-03-2020,MAHARASHTRA,WASHIM,0,631.63,0,23.76655303
12-03-2020,MAHARASHTRA,SATARA,0,591.79,0,10.92766598
12-03-2020,MAHARASHTRA,PUNE,0,999.22,0,12.42163755
12-03-2020,MAHARASHTRA,PARBHANI,0,677.74,0,20.85714498
12-03-2020,MAHARASHTRA,JALNA,0,644.5,0,16.20068532
12-03-2020,MAHARASHTRA,GONDIYA,0,665.54,0,23.82361299
12-03-2020,MAHARASHTRA,MUMBAI,0,0.03,0,0.04129011
12-03-2020,MAHARASHTRA,NASHIK,0,663.51,0,8.338743246
12-03-2020,MAHARASHTRA,GARHCHIROLI,0.01,1595.07,0.04,21.56048285
12-03-2020,MAHARASHTRA,RATNAGIRI,0,446.68,0,10.47389289
12-03-2020,MAHARASHTRA,OSMANABAD,0,592.17,0,15.21530422
12-03-2020,MAHARASHTRA,BID,0,1023.13,0,18.04852862
12-03-2020,MAHARASHTRA,LATUR,0,713.11,0,20.5441393
12-03-2020,MAHARASHTRA,YAVATMAL,0,1290.22,0,18.63665338
12-03-2020,MAHARASHTRA,BHANDARA,0,432.98,0,21.97595648
12-03-2020,MAHARASHTRA,MUMBAI SUBURBAN,0,4.33,0,1.866426626
12-03-2020,MAHARASHTRA,NANDURBAR,0,255.54,0,8.48672878
12-03-2020,MAHARASHTRA,NAGPUR,0,1142.24,0,22.54491662
12-03-2020,MAHARASHTRA,CHANDRAPUR,0,1409.62,0,24.37491938
12-03-2020,MAHARASHTRA,JALGAON,0,855.67,0,14.23231904
12-03-2020,MAHARASHTRA,HINGOLI,0,514.2,0,21.40222864
12-03-2020,MAHARASHTRA,AKOLA,0,504.69,0,18.26954046
12-03-2020,MAHARASHTRA,AURANGABAD,0,699.28,0,13.50849876
12-03-2020,MAHARASHTRA,DHULE,0,282.51,0,7.700824691
12-03-2020,MAHARASHTRA,KOLHAPUR,0,454.9,0,11.4496516
12-03-2020,MAHARASHTRA,RAIGARH,0,371.59,0,10.10388259
12-03-2020,MAHARASHTRA,AMRAVATI,0,1339.37,0,21.49115529
12-03-2020,MAHARASHTRA,NANDED,0,1441.26,0,26.51658033
12-03-2020,MAHARASHTRA,SOLAPUR,0,1313.7,0,17.10826161
12-03-2020,MAHARASHTRA,AHMADNAGAR,0,1078.15,0,12.32746286
12-03-2020,MAHARASHTRA,THANE,0,371.75,0,7.621274838
12-03-2020,MAHARASHTRA,SANGLI,0,578.73,0,13.08412653
12-03-2020,MAHARASHTRA,WARDHA,0,696.31,0,21.60235259
12-03-2020,MAHARASHTRA,BULDANA,0,714.84,0,14.34118995
12-03-2020,MAHARASHTRA,SINDHUDURG,0,275.05,0,10.45429036
11-03-2020,MAHARASHTRA,WASHIM,0,633.24,0,23.8272307
11-03-2020,MAHARASHTRA,SATARA,0,591.99,0,10.93135601
11-03-2020,MAHARASHTRA,PUNE,0,999.89,0,12.42989562
11-03-2020,MAHARASHTRA,PARBHANI,0,680,0,20.92645702
11-03-2020,MAHARASHTRA,JALNA,0,646.04,0,16.23941005
11-03-2020,MAHARASHTRA,GONDIYA,0,671.34,0,24.0313352
11-03-2020,MAHARASHTRA,MUMBAI,0,0.03,0,0.04129011
11-03-2020,MAHARASHTRA,NASHIK,0,663.56,0,8.339338678
11-03-2020,MAHARASHTRA,GARHCHIROLI,0,1519.37,0,20.53733956
11-03-2020,MAHARASHTRA,RATNAGIRI,0,446.71,0,10.47449604
11-03-2020,MAHARASHTRA,OSMANABAD,0,593.44,0,15.24775332
11-03-2020,MAHARASHTRA,BID,0,1028.5,0,18.14320844
11-03-2020,MAHARASHTRA,LATUR,0,718.43,0,20.69726044
11-03-2020,MAHARASHTRA,YAVATMAL,0,1294.8,0,18.70275326
11-03-2020,MAHARASHTRA,BHANDARA,0,438.94,0,22.27826553
11-03-2020,MAHARASHTRA,MUMBAI SUBURBAN,0,4.33,0,1.866426626
11-03-2020,MAHARASHTRA,NANDURBAR,0,255.63,0,8.489800309
11-03-2020,MAHARASHTRA,NAGPUR,0,1147.78,0,22.65421447
11-03-2020,MAHARASHTRA,CHANDRAPUR,0,1412.55,0,24.42552494
11-03-2020,MAHARASHTRA,JALGAON,0,855.82,0,14.23480373
11-03-2020,MAHARASHTRA,HINGOLI,0,515.67,0,21.46338873
11-03-2020,MAHARASHTRA,AKOLA,0,505.41,0,18.29553437
11-03-2020,MAHARASHTRA,AURANGABAD,0,699.55,0,13.51380738
11-03-2020,MAHARASHTRA,DHULE,0,282.66,0,7.704813114
11-03-2020,MAHARASHTRA,KOLHAPUR,0,455.65,0,11.46841161
11-03-2020,MAHARASHTRA,RAIGARH,0,371.65,0,10.10545249
11-03-2020,MAHARASHTRA,AMRAVATI,0,1342.47,0,21.54087757
11-03-2020,MAHARASHTRA,NANDED,0,1449.39,0,26.66611378
11-03-2020,MAHARASHTRA,SOLAPUR,0,1317.1,0,17.15258711
11-03-2020,MAHARASHTRA,AHMADNAGAR,0,1078.87,0,12.33573619
11-03-2020,MAHARASHTRA,THANE,0,371.84,0,7.623167768
11-03-2020,MAHARASHTRA,SANGLI,0,578.83,0,13.08644612
11-03-2020,MAHARASHTRA,WARDHA,0,699.26,0,21.69371309
11-03-2020,MAHARASHTRA,BULDANA,0,714.95,0,14.34345439
11-03-2020,MAHARASHTRA,SINDHUDURG,0,275.06,0,10.4546724
10-03-2020,MAHARASHTRA,WASHIM,0,635.22,0,23.90169062
10-03-2020,MAHARASHTRA,SATARA,0,592.13,0,10.93390099
10-03-2020,MAHARASHTRA,PUNE,0,1000.63,0,12.43917941
10-03-2020,MAHARASHTRA,PARBHANI,0,682.43,0,21.00148199
10-03-2020,MAHARASHTRA,JALNA,0,647.8,0,16.28355857
10-03-2020,MAHARASHTRA,GONDIYA,0.06,688.93,0.43,24.66092786
10-03-2020,MAHARASHTRA,MUMBAI,0,0.03,0,0.04129011
10-03-2020,MAHARASHTRA,NASHIK,0,663.73,0,8.341500854
10-03-2020,MAHARASHTRA,GARHCHIROLI,0.01,1532.57,0.04,20.71570907
10-03-2020,MAHARASHTRA,RATNAGIRI,0,446.72,0,10.4748211
10-03-2020,MAHARASHTRA,OSMANABAD,0,594.93,0,15.28623983
10-03-2020,MAHARASHTRA,BID,0,1034,0,18.24025623
10-03-2020,MAHARASHTRA,LATUR,0,723.94,0,20.85607313
10-03-2020,MAHARASHTRA,YAVATMAL,0,1299.38,0,18.76891439
10-03-2020,MAHARASHTRA,BHANDARA,0.01,449.76,0.05,22.82779384
10-03-2020,MAHARASHTRA,MUMBAI SUBURBAN,0,4.35,0,1.872924855
10-03-2020,MAHARASHTRA,NANDURBAR,0,255.68,0,8.491478214
10-03-2020,MAHARASHTRA,NAGPUR,0,1152.87,0,22.75480857
10-03-2020,MAHARASHTRA,CHANDRAPUR,0,1431.51,0,24.75334533
10-03-2020,MAHARASHTRA,JALGAON,0,855.93,0,14.23651992
10-03-2020,MAHARASHTRA,HINGOLI,0,517.15,0,21.52480178
10-03-2020,MAHARASHTRA,AKOLA,0,506.51,0,18.33556709
10-03-2020,MAHARASHTRA,AURANGABAD,0,699.79,0,13.51841877
10-03-2020,MAHARASHTRA,DHULE,0,282.78,0,7.708256674
10-03-2020,MAHARASHTRA,KOLHAPUR,0,456.37,0,11.48668087
10-03-2020,MAHARASHTRA,RAIGARH,0,371.66,0,10.10586976
10-03-2020,MAHARASHTRA,AMRAVATI,0,1345.82,0,21.59455568
10-03-2020,MAHARASHTRA,NANDED,0,1457.55,0,26.81631485
10-03-2020,MAHARASHTRA,SOLAPUR,0,1320.78,0,17.20041251
10-03-2020,MAHARASHTRA,AHMADNAGAR,0,1079.61,0,12.34423467
10-03-2020,MAHARASHTRA,THANE,0,371.97,0,7.625771429
10-03-2020,MAHARASHTRA,SANGLI,0,578.95,0,13.08904666
10-03-2020,MAHARASHTRA,WARDHA,0,701.9,0,21.77570278
10-03-2020,MAHARASHTRA,BULDANA,0,715.12,0,14.34686055
10-03-2020,MAHARASHTRA,SINDHUDURG,0,275.14,0,10.45751962
09-03-2020,MAHARASHTRA,WASHIM,0,637.17,0,23.97522888
09-03-2020,MAHARASHTRA,SATARA,0,592.28,0,10.93676823
09-03-2020,MAHARASHTRA,PUNE,0,1001.35,0,12.44810195
09-03-2020,MAHARASHTRA,PARBHANI,0,684.85,0,21.07578996
09-03-2020,MAHARASHTRA,JALNA,0,649.47,0,16.3255737
09-03-2020,MAHARASHTRA,GONDIYA,0,543.73,0,19.46343624
09-03-2020,MAHARASHTRA,MUMBAI,0,0.03,0,0.04129011
09-03-2020,MAHARASHTRA,NASHIK,0,663.9,0,8.343616229
09-03-2020,MAHARASHTRA,GARHCHIROLI,0.04,1546.02,0.3,20.89752467
09-03-2020,MAHARASHTRA,RATNAGIRI,0,446.79,0,10.47627288
09-03-2020,MAHARASHTRA,OSMANABAD,0,596.38,0,15.32327161
09-03-2020,MAHARASHTRA,BID,0,1040.36,0,18.35243267
09-03-2020,MAHARASHTRA,LATUR,0,729.49,0,21.01598069
09-03-2020,MAHARASHTRA,YAVATMAL,0,1303.84,0,18.83336678
09-03-2020,MAHARASHTRA,BHANDARA,0,367.04,0,18.62924767
09-03-2020,MAHARASHTRA,MUMBAI SUBURBAN,0,4.35,0,1.872924855
09-03-2020,MAHARASHTRA,NANDURBAR,0,255.78,0,8.494913912
09-03-2020,MAHARASHTRA,NAGPUR,0,1112.02,0,21.94843733
09-03-2020,MAHARASHTRA,CHANDRAPUR,0.09,1467.07,0.59,25.36823434
09-03-2020,MAHARASHTRA,JALGAON,0,856.03,0,14.2382203
09-03-2020,MAHARASHTRA,HINGOLI,0,518.61,0,21.58552288
09-03-2020,MAHARASHTRA,AKOLA,0,507.47,0,18.37000611
09-03-2020,MAHARASHTRA,AURANGABAD,0,700.09,0,13.52410309
09-03-2020,MAHARASHTRA,DHULE,0,282.96,0,7.71314113
09-03-2020,MAHARASHTRA,KOLHAPUR,0,457.07,0,11.50427095
09-03-2020,MAHARASHTRA,RAIGARH,0,371.68,0,10.10628631
09-03-2020,MAHARASHTRA,AMRAVATI,0,1340.39,0,21.50745688
09-03-2020,MAHARASHTRA,NANDED,0,1465.6,0,26.96447148
09-03-2020,MAHARASHTRA,SOLAPUR,0,1324.73,0,17.25185482
09-03-2020,MAHARASHTRA,AHMADNAGAR,0,1080.56,0,12.35511188
09-03-2020,MAHARASHTRA,THANE,0,372.06,0,7.627580925
09-03-2020,MAHARASHTRA,SANGLI,0,579.13,0,13.09305533
09-03-2020,MAHARASHTRA,WARDHA,0,700.71,0,21.73874739
09-03-2020,MAHARASHTRA,BULDANA,0,715.22,0,14.34892956
09-03-2020,MAHARASHTRA,SINDHUDURG,0,275.15,0,10.45806198
08-03-2020,MAHARASHTRA,WASHIM,0,636.45,0,23.94786909
08-03-2020,MAHARASHTRA,SATARA,0,592.59,0,10.94242332
08-03-2020,MAHARASHTRA,PUNE,0,1002.63,0,12.46402236
08-03-2020,MAHARASHTRA,PARBHANI,0,673.98,0,20.74141418
08-03-2020,MAHARASHTRA,JALNA,0,651.4,0,16.37403207
08-03-2020,MAHARASHTRA,GONDIYA,0,538.63,0,19.28053344
08-03-2020,MAHARASHTRA,MUMBAI,0,0.03,0,0.04129011
08-03-2020,MAHARASHTRA,NASHIK,0,664.35,0,8.349276198
08-03-2020,MAHARASHTRA,GARHCHIROLI,0,1467.35,0.01,19.83415275
08-03-2020,MAHARASHTRA,RATNAGIRI,0,446.91,0,10.47915467
08-03-2020,MAHARASHTRA,OSMANABAD,0,598.09,0,15.36724382
08-03-2020,MAHARASHTRA,BID,0,1047.24,0,18.47377497
08-03-2020,MAHARASHTRA,LATUR,0,735.76,0,21.19651678
08-03-2020,MAHARASHTRA,YAVATMAL,0,1304.39,0,18.84131806
08-03-2020,MAHARASHTRA,BHANDARA,0,368.89,0,18.72293429
08-03-2020,MAHARASHTRA,MUMBAI SUBURBAN,0,4.36,0,1.878800805
08-03-2020,MAHARASHTRA,NANDURBAR,0,255.95,0,8.500373507
08-03-2020,MAHARASHTRA,NAGPUR,0,1117.76,0,22.06183307
08-03-2020,MAHARASHTRA,CHANDRAPUR,0.03,1431.94,0.15,24.76074571
08-03-2020,MAHARASHTRA,JALGAON,0,856.27,0,14.2421794
08-03-2020,MAHARASHTRA,HINGOLI,0,510.74,0,21.25806446
08-03-2020,MAHARASHTRA,AKOLA,0,505.65,0,18.30434855
08-03-2020,MAHARASHTRA,AURANGABAD,0,700.51,0,13.53232401
08-03-2020,MAHARASHTRA,DHULE,0,283.22,0,7.720137924
08-03-2020,MAHARASHTRA,KOLHAPUR,0,458.68,0,11.54465621
08-03-2020,MAHARASHTRA,RAIGARH,0,371.68,0,10.10633836
08-03-2020,MAHARASHTRA,AMRAVATI,0,1344.78,0,21.57786281
08-03-2020,MAHARASHTRA,NANDED,0,1470.78,0,27.05976581
08-03-2020,MAHARASHTRA,SOLAPUR,0,1329.32,0,17.31170127
08-03-2020,MAHARASHTRA,AHMADNAGAR,0,1081.73,0,12.36838635
08-03-2020,MAHARASHTRA,THANE,0,372.2,0,7.630575964
08-03-2020,MAHARASHTRA,SANGLI,0,579.49,0,13.10133875
08-03-2020,MAHARASHTRA,WARDHA,0,704.44,0,21.85439387
08-03-2020,MAHARASHTRA,BULDANA,0,714.01,0,14.3247305
08-03-2020,MAHARASHTRA,SINDHUDURG,0,275.18,0,10.45911889
07-03-2020,MAHARASHTRA,WASHIM,0,638.78,0,24.03572069
07-03-2020,MAHARASHTRA,SATARA,0,593,0,10.95004258
07-03-2020,MAHARASHTRA,PUNE,0,1003.92,0,12.47999254
07-03-2020,MAHARASHTRA,PARBHANI,0,675.5,0,20.78805572
07-03-2020,MAHARASHTRA,JALNA,0,653.22,0,16.41982588
07-03-2020,MAHARASHTRA,GONDIYA,0,539.12,0,19.29829403
07-03-2020,MAHARASHTRA,MUMBAI,0,0.03,0,0.04129011
07-03-2020,MAHARASHTRA,NASHIK,0,664.69,0,8.353556736
07-03-2020,MAHARASHTRA,GARHCHIROLI,0,1253.56,0,16.94433108
07-03-2020,MAHARASHTRA,RATNAGIRI,0,447.02,0,10.48164489
07-03-2020,MAHARASHTRA,OSMANABAD,0,599.3,0,15.39837042
07-03-2020,MAHARASHTRA,BID,0,1052.76,0,18.57117172
07-03-2020,MAHARASHTRA,LATUR,0,742.5,0,21.39069207
07-03-2020,MAHARASHTRA,YAVATMAL,0,1304.65,0,18.84511742
07-03-2020,MAHARASHTRA,BHANDARA,0,371.26,0,18.8431461
07-03-2020,MAHARASHTRA,MUMBAI SUBURBAN,0,4.36,0,1.878800805
07-03-2020,MAHARASHTRA,NANDURBAR,0,256.16,0,8.507318485
07-03-2020,MAHARASHTRA,NAGPUR,0,1122.7,0,22.15932029
07-03-2020,MAHARASHTRA,CHANDRAPUR,0,1138.2,0,19.68149327
07-03-2020,MAHARASHTRA,JALGAON,0,856.54,0,14.24681089
07-03-2020,MAHARASHTRA,HINGOLI,0,511.99,0,21.31021101
07-03-2020,MAHARASHTRA,AKOLA,0,506.91,0,18.35008094
07-03-2020,MAHARASHTRA,AURANGABAD,0,700.95,0,13.54078645
07-03-2020,MAHARASHTRA,DHULE,0,283.46,0,7.726580522
07-03-2020,MAHARASHTRA,KOLHAPUR,0,460.4,0,11.58805177
07-03-2020,MAHARASHTRA,RAIGARH,0,371.75,0,10.10831174
07-03-2020,MAHARASHTRA,AMRAVATI,0,1349.51,0,21.65385754
07-03-2020,MAHARASHTRA,NANDED,0,1480.67,0,27.24164633
07-03-2020,MAHARASHTRA,SOLAPUR,0,1332.84,0,17.35749971
07-03-2020,MAHARASHTRA,AHMADNAGAR,0,1083,0,12.38297598
07-03-2020,MAHARASHTRA,THANE,0,372.33,0,7.633248613
07-03-2020,MAHARASHTRA,SANGLI,0,579.76,0,13.10748336
07-03-2020,MAHARASHTRA,WARDHA,0,701.04,0,21.74900112
07-03-2020,MAHARASHTRA,BULDANA,0,714.2,0,14.3285178
07-03-2020,MAHARASHTRA,SINDHUDURG,0,275.2,0,10.45980529
06-03-2020,MAHARASHTRA,WASHIM,0,641.28,0,24.12993514
06-03-2020,MAHARASHTRA,SATARA,0,593.35,0,10.95654929
06-03-2020,MAHARASHTRA,PUNE,0,1005.39,0,12.4983726
06-03-2020,MAHARASHTRA,PARBHANI,0,677.97,0,20.86413741
06-03-2020,MAHARASHTRA,JALNA,0,655.64,0,16.48069261
06-03-2020,MAHARASHTRA,GONDIYA,0,543.53,0,19.45621652
06-03-2020,MAHARASHTRA,MUMBAI,0,0.03,0,0.04129011
06-03-2020,MAHARASHTRA,NASHIK,0,664.99,0,8.357359464
06-03-2020,MAHARASHTRA,GARHCHIROLI,0,1261.56,0,17.05242704
06-03-2020,MAHARASHTRA,RATNAGIRI,0,447.2,0,10.48592556
06-03-2020,MAHARASHTRA,OSMANABAD,0,601.18,0,15.44662446
06-03-2020,MAHARASHTRA,BID,0,1060.41,0,18.70606831
06-03-2020,MAHARASHTRA,LATUR,0,750.34,0,21.61650833
06-03-2020,MAHARASHTRA,YAVATMAL,0,1310.71,0,18.93267119
06-03-2020,MAHARASHTRA,BHANDARA,0,373.74,0,18.96928491
06-03-2020,MAHARASHTRA,MUMBAI SUBURBAN,0,4.38,0,1.885284926
06-03-2020,MAHARASHTRA,NANDURBAR,0,256.38,0,8.514826465
06-03-2020,MAHARASHTRA,NAGPUR,0,1128.81,0,22.27984853
06-03-2020,MAHARASHTRA,CHANDRAPUR,0,1144.63,0,19.79275003
06-03-2020,MAHARASHTRA,JALGAON,0,856.88,0,14.25238831
06-03-2020,MAHARASHTRA,HINGOLI,0,513.56,0,21.37570054
06-03-2020,MAHARASHTRA,AKOLA,0,508.06,0,18.39146183
06-03-2020,MAHARASHTRA,AURANGABAD,0,701.49,0,13.55132169
06-03-2020,MAHARASHTRA,DHULE,0,283.63,0,7.731212365
06-03-2020,MAHARASHTRA,KOLHAPUR,0,462.26,0,11.63494359
06-03-2020,MAHARASHTRA,RAIGARH,0,371.84,0,10.11064773
06-03-2020,MAHARASHTRA,AMRAVATI,0,1354.12,0,21.72780514
06-03-2020,MAHARASHTRA,NANDED,0,1492.27,0,27.45499326
06-03-2020,MAHARASHTRA,SOLAPUR,0,1337.21,0,17.41441106
06-03-2020,MAHARASHTRA,AHMADNAGAR,0,1084.63,0,12.40156508
06-03-2020,MAHARASHTRA,THANE,0,372.54,0,7.637495935
06-03-2020,MAHARASHTRA,SANGLI,0,580.09,0,13.11480379
06-03-2020,MAHARASHTRA,WARDHA,0,704.64,0,21.86077509
06-03-2020,MAHARASHTRA,BULDANA,0,714.46,0,14.3336946
06-03-2020,MAHARASHTRA,SINDHUDURG,0,275.21,0,10.46014375
05-03-2020,MAHARASHTRA,WASHIM,0,643.86,0,24.22668361
05-03-2020,MAHARASHTRA,SATARA,0,593.88,0,10.96618289
05-03-2020,MAHARASHTRA,PUNE,0,1006.86,0,12.51656789
05-03-2020,MAHARASHTRA,PARBHANI,0,680.57,0,20.9440472
05-03-2020,MAHARASHTRA,JALNA,0,658.18,0,16.54451441
05-03-2020,MAHARASHTRA,GONDIYA,0,540.88,0,19.36134986
05-03-2020,MAHARASHTRA,MUMBAI,0,0.03,0,0.04129011
05-03-2020,MAHARASHTRA,NASHIK,0,665.38,0,8.362227929
05-03-2020,MAHARASHTRA,GARHCHIROLI,0,1254.97,0,16.96345365
05-03-2020,MAHARASHTRA,RATNAGIRI,0,447.29,0,10.48809462
05-03-2020,MAHARASHTRA,OSMANABAD,0,603.25,0,15.49981781
05-03-2020,MAHARASHTRA,BID,0,1068.68,0,18.85205757
05-03-2020,MAHARASHTRA,LATUR,0,759.19,0,21.87140757
05-03-2020,MAHARASHTRA,YAVATMAL,0,1317.32,0,19.02812875
05-03-2020,MAHARASHTRA,BHANDARA,0,373.62,0,18.96306864
05-03-2020,MAHARASHTRA,MUMBAI SUBURBAN,0,4.38,0,1.885946862
05-03-2020,MAHARASHTRA,NANDURBAR,0,256.57,0,8.521078314
05-03-2020,MAHARASHTRA,NAGPUR,0,1134.86,0,22.39921444
05-03-2020,MAHARASHTRA,CHANDRAPUR,0,1151.26,0,19.90734204
05-03-2020,MAHARASHTRA,JALGAON,0,857.15,0,14.25695056
05-03-2020,MAHARASHTRA,HINGOLI,0,515.27,0,21.44671203
05-03-2020,MAHARASHTRA,AKOLA,0,509.48,0,18.44308608
05-03-2020,MAHARASHTRA,AURANGABAD,0,702.04,0,13.56189984
05-03-2020,MAHARASHTRA,DHULE,0,283.95,0,7.740142637
05-03-2020,MAHARASHTRA,KOLHAPUR,0,464.33,0,11.68703782
05-03-2020,MAHARASHTRA,RAIGARH,0,371.92,0,10.11282406
05-03-2020,MAHARASHTRA,AMRAVATI,0,1359.29,0,21.81066151
05-03-2020,MAHARASHTRA,NANDED,0,1505.76,0,27.70318318
05-03-2020,MAHARASHTRA,SOLAPUR,0,1342.32,0,17.48091104
05-03-2020,MAHARASHTRA,AHMADNAGAR,0,1086.3,0,12.42071477
05-03-2020,MAHARASHTRA,THANE,0,372.73,0,7.641392597
05-03-2020,MAHARASHTRA,SANGLI,0,580.6,0,13.12640009
05-03-2020,MAHARASHTRA,WARDHA,0,708.47,0,21.97955815
05-03-2020,MAHARASHTRA,BULDANA,0,714.74,0,14.33929994
05-03-2020,MAHARASHTRA,SINDHUDURG,0,275.34,0,10.46539244
04-03-2020,MAHARASHTRA,WASHIM,0,646.78,0,24.33672864
04-03-2020,MAHARASHTRA,SATARA,0,594.41,0,10.97595742
04-03-2020,MAHARASHTRA,PUNE,0,1008.42,0,12.53596748
04-03-2020,MAHARASHTRA,PARBHANI,0,683.26,0,21.02699753
04-03-2020,MAHARASHTRA,JALNA,0,660.98,0,16.61478536
04-03-2020,MAHARASHTRA,GONDIYA,0,545.43,0,19.52410318
04-03-2020,MAHARASHTRA,MUMBAI,0,0.03,0,0.04129011
04-03-2020,MAHARASHTRA,NASHIK,0,665.78,0,8.367240002
04-03-2020,MAHARASHTRA,GARHCHIROLI,0,1264.76,0,17.0957805
04-03-2020,MAHARASHTRA,RATNAGIRI,0,447.53,0,10.49370168
04-03-2020,MAHARASHTRA,OSMANABAD,0,605.67,0,15.56210558
04-03-2020,MAHARASHTRA,BID,0,1077.18,0,19.00199199
04-03-2020,MAHARASHTRA,LATUR,0,769.67,0,22.17355707
04-03-2020,MAHARASHTRA,YAVATMAL,0,1325.02,0,19.13937206
04-03-2020,MAHARASHTRA,BHANDARA,0,376.25,0,19.09660314
04-03-2020,MAHARASHTRA,MUMBAI SUBURBAN,0,4.39,0,1.892445091
04-03-2020,MAHARASHTRA,NANDURBAR,0,256.84,0,8.529934072
04-03-2020,MAHARASHTRA,NAGPUR,0,1141.57,0,22.53163432
04-03-2020,MAHARASHTRA,CHANDRAPUR,0,1157.84,0,20.02115067
04-03-2020,MAHARASHTRA,JALGAON,0,857.48,0,14.26231896
04-03-2020,MAHARASHTRA,HINGOLI,0,517.17,0,21.52590049
04-03-2020,MAHARASHTRA,AKOLA,0,510.96,0,18.49662278
04-03-2020,MAHARASHTRA,AURANGABAD,0,702.59,0,13.5724248
04-03-2020,MAHARASHTRA,DHULE,0,284.3,0,7.749650771
04-03-2020,MAHARASHTRA,KOLHAPUR,0,466.54,0,11.74258499
04-03-2020,MAHARASHTRA,RAIGARH,0,372.03,0,10.11581903
04-03-2020,MAHARASHTRA,AMRAVATI,0,1364.77,0,21.89856916
04-03-2020,MAHARASHTRA,NANDED,0,1521.24,0,27.98808004
04-03-2020,MAHARASHTRA,SOLAPUR,0,1348.3,0,17.55889861
04-03-2020,MAHARASHTRA,AHMADNAGAR,0,1088.15,0,12.44178462
04-03-2020,MAHARASHTRA,THANE,0,372.93,0,7.645480683
04-03-2020,MAHARASHTRA,SANGLI,0,581.21,0,13.14020179
04-03-2020,MAHARASHTRA,WARDHA,0,712.67,0,22.10965527
04-03-2020,MAHARASHTRA,BULDANA,0,715.05,0,14.34540416
04-03-2020,MAHARASHTRA,SINDHUDURG,0,275.41,0,10.46776683
03-03-2020,MAHARASHTRA,WASHIM,0,650.07,0,24.46044088
03-03-2020,MAHARASHTRA,SATARA,0,594.92,0,10.98550401
03-03-2020,MAHARASHTRA,PUNE,0,1010.11,0,12.55696172
03-03-2020,MAHARASHTRA,PARBHANI,0,686.26,0,21.11915744
03-03-2020,MAHARASHTRA,JALNA,0,664.14,0,16.69421694
03-03-2020,MAHARASHTRA,GONDIYA,0,550.23,0,19.69609684
03-03-2020,MAHARASHTRA,MUMBAI,0,0.03,0,0.04129011
03-03-2020,MAHARASHTRA,NASHIK,0,666.17,0,8.372128906
03-03-2020,MAHARASHTRA,GARHCHIROLI,0,1274.42,0,17.22631674
03-03-2020,MAHARASHTRA,RATNAGIRI,0,447.66,0,10.49673136
03-03-2020,MAHARASHTRA,OSMANABAD,0,608.43,0,15.63296674
03-03-2020,MAHARASHTRA,BID,0,1086.33,0,19.16327005
03-03-2020,MAHARASHTRA,LATUR,0,782.43,0,22.54116627
03-03-2020,MAHARASHTRA,YAVATMAL,0,1333,0,19.25454185
03-03-2020,MAHARASHTRA,BHANDARA,0,379.12,0,19.24213187
03-03-2020,MAHARASHTRA,MUMBAI SUBURBAN,0,4.41,0,1.901292529
03-03-2020,MAHARASHTRA,NANDURBAR,0,257.11,0,8.538815215
03-03-2020,MAHARASHTRA,NAGPUR,0,1149,0,22.67827322
03-03-2020,MAHARASHTRA,CHANDRAPUR,0,1165.74,0,20.15775291
03-03-2020,MAHARASHTRA,JALGAON,0,857.75,0,14.26683937
03-03-2020,MAHARASHTRA,HINGOLI,0,519.26,0,21.61263213
03-03-2020,MAHARASHTRA,AKOLA,0,512.44,0,18.54996871
03-03-2020,MAHARASHTRA,AURANGABAD,0,703.34,0,13.5869538
03-03-2020,MAHARASHTRA,DHULE,0,284.55,0,7.756389114
03-03-2020,MAHARASHTRA,KOLHAPUR,0,469.02,0,11.80504488
03-03-2020,MAHARASHTRA,RAIGARH,0,372.12,0,10.1183072
03-03-2020,MAHARASHTRA,AMRAVATI,0,1370.72,0,21.99410961
03-03-2020,MAHARASHTRA,NANDED,0,1540.06,0,28.33435
03-03-2020,MAHARASHTRA,SOLAPUR,0,1354.38,0,17.63803877
03-03-2020,MAHARASHTRA,AHMADNAGAR,0,1090.05,0,12.46358461
03-03-2020,MAHARASHTRA,THANE,0,373.11,0,7.649270611
03-03-2020,MAHARASHTRA,SANGLI,0,581.86,0,13.15480174
03-03-2020,MAHARASHTRA,WARDHA,0,717.1,0,22.24732915
03-03-2020,MAHARASHTRA,BULDANA,0,715.34,0,14.35121594
03-03-2020,MAHARASHTRA,SINDHUDURG,0,275.53,0,10.47247965
02-03-2020,MAHARASHTRA,WASHIM,0,654.11,0,24.61239771
02-03-2020,MAHARASHTRA,SATARA,0,595.94,0,11.00435126
02-03-2020,MAHARASHTRA,PUNE,0,1017.01,0,12.64279203
02-03-2020,MAHARASHTRA,PARBHANI,0,690.85,0,21.26035241
02-03-2020,MAHARASHTRA,JALNA,0,668.29,0,16.79864244
02-03-2020,MAHARASHTRA,GONDIYA,0,550.23,0,19.696012
02-03-2020,MAHARASHTRA,MUMBAI,0,0.03,0,0.04129011
02-03-2020,MAHARASHTRA,NASHIK,0,667.39,0,8.387529223
02-03-2020,MAHARASHTRA,GARHCHIROLI,0,1276.47,0,17.25403616
02-03-2020,MAHARASHTRA,RATNAGIRI,0,448.51,0,10.51677735
02-03-2020,MAHARASHTRA,OSMANABAD,0,611.31,0,15.70699085
02-03-2020,MAHARASHTRA,BID,0,1096.7,0,19.34626852
02-03-2020,MAHARASHTRA,LATUR,0,800.21,0,23.05314269
02-03-2020,MAHARASHTRA,YAVATMAL,0,1346.2,0,19.44520729
02-03-2020,MAHARASHTRA,BHANDARA,0,382.28,0,19.40282911
02-03-2020,MAHARASHTRA,MUMBAI SUBURBAN,0,4.42,0,1.903384191
02-03-2020,MAHARASHTRA,NANDURBAR,0,257.64,0,8.556528538
02-03-2020,MAHARASHTRA,NAGPUR,0,1164.06,0,22.97552239
02-03-2020,MAHARASHTRA,CHANDRAPUR,0,1168.29,0,20.20185915
02-03-2020,MAHARASHTRA,JALGAON,0,858.82,0,14.28464428
02-03-2020,MAHARASHTRA,HINGOLI,0,530.48,0,22.07966666
02-03-2020,MAHARASHTRA,AKOLA,0,514.35,0,18.61939599
02-03-2020,MAHARASHTRA,AURANGABAD,0,704.84,0,13.61587987
02-03-2020,MAHARASHTRA,DHULE,0,284.9,0,7.765946574
02-03-2020,MAHARASHTRA,KOLHAPUR,0,472.74,0,11.89854913
02-03-2020,MAHARASHTRA,RAIGARH,0,372.92,0,10.14009133
02-03-2020,MAHARASHTRA,AMRAVATI,0,1380.09,0,22.14453889
02-03-2020,MAHARASHTRA,NANDED,0,1580.81,0,29.08400636
02-03-2020,MAHARASHTRA,SOLAPUR,0,1360.88,0,17.72270005
02-03-2020,MAHARASHTRA,AHMADNAGAR,0,1093.85,0,12.50705229
02-03-2020,MAHARASHTRA,THANE,0,373.3,0,7.653112672
02-03-2020,MAHARASHTRA,SANGLI,0,586.73,0,13.26491609
02-03-2020,MAHARASHTRA,WARDHA,0,725.72,0,22.51460682
02-03-2020,MAHARASHTRA,BULDANA,0,715.7,0,14.35856164
02-03-2020,MAHARASHTRA,SINDHUDURG,0,276.85,0,10.52246699
01-03-2020,MAHARASHTRA,WASHIM,0,658.44,0,24.7754457
01-03-2020,MAHARASHTRA,SATARA,0,595.9,0,11.00358889
01-03-2020,MAHARASHTRA,PUNE,0,1012.99,0,12.59282323
01-03-2020,MAHARASHTRA,PARBHANI,0,694.92,0,21.38586095
01-03-2020,MAHARASHTRA,JALNA,0,674.63,0,16.95785462
01-03-2020,MAHARASHTRA,GONDIYA,0,552,0,19.75918769
01-03-2020,MAHARASHTRA,MUMBAI,0,0.03,0,0.04129011
01-03-2020,MAHARASHTRA,NASHIK,0,666.82,0,8.380366779
01-03-2020,MAHARASHTRA,GARHCHIROLI,0,1283.77,0,17.35263229
01-03-2020,MAHARASHTRA,RATNAGIRI,0,448.01,0,10.50499767
01-03-2020,MAHARASHTRA,OSMANABAD,0,613.94,0,15.77455146
01-03-2020,MAHARASHTRA,BID,0,1105.89,0,19.50838414
01-03-2020,MAHARASHTRA,LATUR,0.11,847.62,0.98,24.4191586
01-03-2020,MAHARASHTRA,YAVATMAL,0,1352.75,0,19.53993809
01-03-2020,MAHARASHTRA,BHANDARA,0,382.19,0,19.39784529
01-03-2020,MAHARASHTRA,MUMBAI SUBURBAN,0,4.42,0,1.903384191
01-03-2020,MAHARASHTRA,NANDURBAR,0,257.73,0,8.559423215
01-03-2020,MAHARASHTRA,NAGPUR,0,1166.18,0,23.01741735
01-03-2020,MAHARASHTRA,CHANDRAPUR,0,1166.4,0,20.16908499
01-03-2020,MAHARASHTRA,JALGAON,0,858.71,0,14.28282377
01-03-2020,MAHARASHTRA,HINGOLI,0,528.14,0,21.98214561
01-03-2020,MAHARASHTRA,AKOLA,0,515.64,0,18.66590753
01-03-2020,MAHARASHTRA,AURANGABAD,0,704.91,0,13.61739708
01-03-2020,MAHARASHTRA,DHULE,0,285.36,0,7.778616749
01-03-2020,MAHARASHTRA,KOLHAPUR,0,475.19,0.05,11.96017929
01-03-2020,MAHARASHTRA,RAIGARH,0,372.21,0,10.12092272
01-03-2020,MAHARASHTRA,AMRAVATI,0,1387.47,0,22.26288082
01-03-2020,MAHARASHTRA,NANDED,0.04,1639.35,0.21,30.16109067
01-03-2020,MAHARASHTRA,SOLAPUR,0,1366.2,0,17.79195271
01-03-2020,MAHARASHTRA,AHMADNAGAR,0,1094.32,0,12.51235643
01-03-2020,MAHARASHTRA,THANE,0,373.53,0,7.657717557
01-03-2020,MAHARASHTRA,SANGLI,0,582.97,0,13.17983751
01-03-2020,MAHARASHTRA,WARDHA,0,726.49,0,22.53840874
01-03-2020,MAHARASHTRA,BULDANA,0,715.89,0,14.36241727
01-03-2020,MAHARASHTRA,SINDHUDURG,0,275.63,0,10.47632242
30-04-2020,MAHARASHTRA,WASHIM,0,649.13,0,24.42515224
30-04-2020,MAHARASHTRA,SATARA,0.14,1436.75,1.3,26.53028519
30-04-2020,MAHARASHTRA,PUNE,0,1632.82,0,20.29816251
30-04-2020,MAHARASHTRA,PARBHANI,0,669.77,0,20.61171207
30-04-2020,MAHARASHTRA,JALNA,0,736.66,0,18.51708508
30-04-2020,MAHARASHTRA,GONDIYA,0.04,931.21,0.23,33.3333394
30-04-2020,MAHARASHTRA,MUMBAI,0,0.02,0,0.031551912
30-04-2020,MAHARASHTRA,NASHIK,0,802.16,0,10.08126994
30-04-2020,MAHARASHTRA,GARHCHIROLI,0,1940.96,0,26.23593914
30-04-2020,MAHARASHTRA,RATNAGIRI,0,1028.87,0,24.12497373
30-04-2020,MAHARASHTRA,OSMANABAD,0,948.42,0,24.36857606
30-04-2020,MAHARASHTRA,BID,0,1186.11,0,20.92351182
30-04-2020,MAHARASHTRA,LATUR,0,792.74,0,22.83821179
30-04-2020,MAHARASHTRA,YAVATMAL,0,1518.49,0,21.93387544
30-04-2020,MAHARASHTRA,BHANDARA,0.07,705.8,0.42,35.82271354
30-04-2020,MAHARASHTRA,MUMBAI SUBURBAN,0,4.16,0,1.792613794
30-04-2020,MAHARASHTRA,NANDURBAR,0,288.82,0,9.591940828
30-04-2020,MAHARASHTRA,NAGPUR,0,1465.26,0.01,28.92049219
30-04-2020,MAHARASHTRA,CHANDRAPUR,0,1659.49,0,28.69545312
30-04-2020,MAHARASHTRA,JALGAON,0,942.61,0,15.6783645
30-04-2020,MAHARASHTRA,HINGOLI,0,506.65,0,21.08805959
30-04-2020,MAHARASHTRA,AKOLA,0,619.15,0,22.41280082
30-04-2020,MAHARASHTRA,AURANGABAD,0,988.64,0,19.0983983
30-04-2020,MAHARASHTRA,DHULE,0,321.5,0,8.76369869
30-04-2020,MAHARASHTRA,KOLHAPUR,0.1,1120.27,0.93,28.19653183
30-04-2020,MAHARASHTRA,RAIGARH,0,517.68,0,14.07634213
30-04-2020,MAHARASHTRA,AMRAVATI,0,1427.84,0,22.9106551
30-04-2020,MAHARASHTRA,NANDED,0,1421.88,0,26.15996348
30-04-2020,MAHARASHTRA,SOLAPUR,0,2214.65,0,28.84123174
30-04-2020,MAHARASHTRA,AHMADNAGAR,0,1624.93,0,18.57937139
30-04-2020,MAHARASHTRA,THANE,0,381.13,0,7.81357253
30-04-2020,MAHARASHTRA,SANGLI,0.14,1415.81,1.15,32.00907384
30-04-2020,MAHARASHTRA,WARDHA,0,859.85,0,26.6757736
30-04-2020,MAHARASHTRA,BULDANA,0,914.68,0,18.35050643
30-04-2020,MAHARASHTRA,SINDHUDURG,0,376.93,0,14.32636035
29-04-2020,MAHARASHTRA,WASHIM,0,645.26,0,24.27939374
29-04-2020,MAHARASHTRA,SATARA,0.23,1518.2,2.12,28.03424885
29-04-2020,MAHARASHTRA,PUNE,0,1641.4,0,20.4047677
29-04-2020,MAHARASHTRA,PARBHANI,0,671.65,0,20.66962181
29-04-2020,MAHARASHTRA,JALNA,0,739.92,0,18.59913374
29-04-2020,MAHARASHTRA,GONDIYA,0,876.44,0.04,31.37271948
29-04-2020,MAHARASHTRA,MUMBAI,0,0.02,0,0.031551912
29-04-2020,MAHARASHTRA,NASHIK,0,777.72,0,9.774066783
29-04-2020,MAHARASHTRA,GARHCHIROLI,0,1990.62,0,26.90721133
29-04-2020,MAHARASHTRA,RATNAGIRI,0.69,1153.45,5.37,27.04607327
29-04-2020,MAHARASHTRA,OSMANABAD,0,962.58,0,24.73240244
29-04-2020,MAHARASHTRA,BID,0,1195.28,0,21.08531722
29-04-2020,MAHARASHTRA,LATUR,0,801.14,0,23.07999213
29-04-2020,MAHARASHTRA,YAVATMAL,0,1528.6,0,22.08000117
29-04-2020,MAHARASHTRA,BHANDARA,0,640.3,0,32.49848794
29-04-2020,MAHARASHTRA,MUMBAI SUBURBAN,0,4.16,0,1.792613794
29-04-2020,MAHARASHTRA,NANDURBAR,0,289.01,0,9.598277936
29-04-2020,MAHARASHTRA,NAGPUR,0,1400.89,0,27.65003932
29-04-2020,MAHARASHTRA,CHANDRAPUR,0,1639.46,0,28.34923609
29-04-2020,MAHARASHTRA,JALGAON,0,942.87,0,15.68261787
29-04-2020,MAHARASHTRA,HINGOLI,0,505.61,0,21.04458823
29-04-2020,MAHARASHTRA,AKOLA,0,617.8,0,22.36396255
29-04-2020,MAHARASHTRA,AURANGABAD,0,989.26,0,19.11025812
29-04-2020,MAHARASHTRA,DHULE,0,321.73,0,8.769811311
29-04-2020,MAHARASHTRA,KOLHAPUR,0.88,1250.84,6.58,31.48294979
29-04-2020,MAHARASHTRA,RAIGARH,0,523.73,0,14.24083039
29-04-2020,MAHARASHTRA,AMRAVATI,0,1431.73,0,22.97311252
29-04-2020,MAHARASHTRA,NANDED,0,1430.41,0,26.3170476
29-04-2020,MAHARASHTRA,SOLAPUR,0,2260.14,0,29.43369517
29-04-2020,MAHARASHTRA,AHMADNAGAR,0,1591.71,0,18.19954796
29-04-2020,MAHARASHTRA,THANE,0,380.76,0,7.806114934
29-04-2020,MAHARASHTRA,SANGLI,0.27,1479.8,2.24,33.4556767
29-04-2020,MAHARASHTRA,WARDHA,0,840.61,0,26.07907727
29-04-2020,MAHARASHTRA,BULDANA,0,918.06,0,18.41827157
29-04-2020,MAHARASHTRA,SINDHUDURG,0.23,394.98,1.96,15.01268606
28-04-2020,MAHARASHTRA,WASHIM,0,646.91,0,24.34171398
28-04-2020,MAHARASHTRA,SATARA,0,1191.67,0,22.0047382
28-04-2020,MAHARASHTRA,PUNE,0,1450.7,0,18.03412576
28-04-2020,MAHARASHTRA,PARBHANI,0,673.82,0,20.73626195
28-04-2020,MAHARASHTRA,JALNA,0,743.64,0,18.69276506
28-04-2020,MAHARASHTRA,GONDIYA,0.01,915.1,0.05,32.7567944
28-04-2020,MAHARASHTRA,MUMBAI,0,0.02,0,0.031551912
28-04-2020,MAHARASHTRA,NASHIK,0,774.33,0,9.731478015
28-04-2020,MAHARASHTRA,GARHCHIROLI,0,2057.81,0,27.8154372
28-04-2020,MAHARASHTRA,RATNAGIRI,0,649.7,0,15.23410663
28-04-2020,MAHARASHTRA,OSMANABAD,0,965.17,0,24.79900356
28-04-2020,MAHARASHTRA,BID,0,1190.24,0,20.99639968
28-04-2020,MAHARASHTRA,LATUR,0,805.92,0,23.21790807
28-04-2020,MAHARASHTRA,YAVATMAL,0,1541.77,0,22.27024938
28-04-2020,MAHARASHTRA,BHANDARA,0,672.12,0,34.11334975
28-04-2020,MAHARASHTRA,MUMBAI SUBURBAN,0,4.16,0,1.792613794
28-04-2020,MAHARASHTRA,NANDURBAR,0,289.26,0,9.606757483
28-04-2020,MAHARASHTRA,NAGPUR,0,1435.92,0,28.34147993
28-04-2020,MAHARASHTRA,CHANDRAPUR,0,1678.43,0,29.02301695
28-04-2020,MAHARASHTRA,JALGAON,0,943.03,0,15.68536468
28-04-2020,MAHARASHTRA,HINGOLI,0,506.8,0,21.09433132
28-04-2020,MAHARASHTRA,AKOLA,0,620.7,0,22.46910258
28-04-2020,MAHARASHTRA,AURANGABAD,0,994.6,0,19.21353868
28-04-2020,MAHARASHTRA,DHULE,0,322.02,0,8.777690013
28-04-2020,MAHARASHTRA,KOLHAPUR,0,808.2,0,20.3419594
28-04-2020,MAHARASHTRA,RAIGARH,0,499.58,0,13.58413275
28-04-2020,MAHARASHTRA,AMRAVATI,0,1439.69,0,23.10080441
28-04-2020,MAHARASHTRA,NANDED,0,1438.87,0,26.47261744
28-04-2020,MAHARASHTRA,SOLAPUR,0,2107.68,0,27.44823487
28-04-2020,MAHARASHTRA,AHMADNAGAR,0,1535.66,0,17.55864948
28-04-2020,MAHARASHTRA,THANE,0,377.92,0,7.747854645
28-04-2020,MAHARASHTRA,SANGLI,0,1172.18,0,26.50108778
28-04-2020,MAHARASHTRA,WARDHA,0,850.98,0,26.40083821
28-04-2020,MAHARASHTRA,BULDANA,0,921.77,0,18.49277072
28-04-2020,MAHARASHTRA,SINDHUDURG,0,285.67,0,10.85772537
27-04-2020,MAHARASHTRA,WASHIM,0,647.01,0,24.34539749
27-04-2020,MAHARASHTRA,SATARA,0,1223.68,0,22.59573354
27-04-2020,MAHARASHTRA,PUNE,0,1468.3,0,18.25293391
27-04-2020,MAHARASHTRA,PARBHANI,0,674.23,0,20.74897407
27-04-2020,MAHARASHTRA,JALNA,0,747.13,0,18.78031812
27-04-2020,MAHARASHTRA,GONDIYA,0.23,1004.88,1.49,35.97046245
27-04-2020,MAHARASHTRA,MUMBAI,0,0.02,0,0.028174373
27-04-2020,MAHARASHTRA,NASHIK,0,774.83,0,9.737689746
27-04-2020,MAHARASHTRA,GARHCHIROLI,0.43,2194.62,2.82,29.6646912
27-04-2020,MAHARASHTRA,RATNAGIRI,0,657.83,0,15.42487034
27-04-2020,MAHARASHTRA,OSMANABAD,0,980.62,0,25.19607064
27-04-2020,MAHARASHTRA,BID,0,1199.94,0,21.16746953
27-04-2020,MAHARASHTRA,LATUR,0,814.91,0,23.47663506
27-04-2020,MAHARASHTRA,YAVATMAL,0,1538.43,0,22.22199124
27-04-2020,MAHARASHTRA,BHANDARA,0.35,748.85,2.25,38.0081314
27-04-2020,MAHARASHTRA,MUMBAI SUBURBAN,0,4.16,0,1.792613794
27-04-2020,MAHARASHTRA,NANDURBAR,0,289.38,0,9.610690092
27-04-2020,MAHARASHTRA,NAGPUR,0.02,1413.94,0.11,27.90752147
27-04-2020,MAHARASHTRA,CHANDRAPUR,0,1681.4,0,29.07445448
27-04-2020,MAHARASHTRA,JALGAON,0,943.22,0,15.68854523
27-04-2020,MAHARASHTRA,HINGOLI,0,507.48,0,21.12235108
27-04-2020,MAHARASHTRA,AKOLA,0,621.46,0,22.49661434
27-04-2020,MAHARASHTRA,AURANGABAD,0,1000.07,0,19.31912887
27-04-2020,MAHARASHTRA,DHULE,0,322.27,0,8.784502032
27-04-2020,MAHARASHTRA,KOLHAPUR,0,828.82,0,20.86094184
27-04-2020,MAHARASHTRA,RAIGARH,0,504.38,0,13.71472635
27-04-2020,MAHARASHTRA,AMRAVATI,0,1441.41,0,23.12830236
27-04-2020,MAHARASHTRA,NANDED,0,1447.53,0,26.63200086
27-04-2020,MAHARASHTRA,SOLAPUR,0,2143.26,0,27.91161135
27-04-2020,MAHARASHTRA,AHMADNAGAR,0,1548.49,0,17.70537703
27-04-2020,MAHARASHTRA,THANE,0,377.56,0,7.740461201
27-04-2020,MAHARASHTRA,SANGLI,0,1201.38,0,27.16104013
27-04-2020,MAHARASHTRA,WARDHA,0,861.34,0,26.72204835
27-04-2020,MAHARASHTRA,BULDANA,0,925.29,0,18.56337021
27-04-2020,MAHARASHTRA,SINDHUDURG,0,286.14,0,10.87581401
26-04-2020,MAHARASHTRA,WASHIM,0,648.54,0,24.40311959
26-04-2020,MAHARASHTRA,SATARA,0,1257.97,0.03,23.22892955
26-04-2020,MAHARASHTRA,PUNE,0,1486.36,0,18.47742375
26-04-2020,MAHARASHTRA,PARBHANI,0,676.23,0,20.81043651
26-04-2020,MAHARASHTRA,JALNA,0,750.92,0,18.87560739
26-04-2020,MAHARASHTRA,GONDIYA,0,712.83,0,25.51636621
26-04-2020,MAHARASHTRA,MUMBAI,0,0.02,0,0.028174373
26-04-2020,MAHARASHTRA,NASHIK,0,775.41,0,9.745051103
26-04-2020,MAHARASHTRA,GARHCHIROLI,0,1901.21,0,25.69867033
26-04-2020,MAHARASHTRA,RATNAGIRI,0,666.98,0,15.63928821
26-04-2020,MAHARASHTRA,OSMANABAD,0,997.67,0,25.63424485
26-04-2020,MAHARASHTRA,BID,0,1209.9,0,21.34326721
26-04-2020,MAHARASHTRA,LATUR,0,824.61,0,23.75609513
26-04-2020,MAHARASHTRA,YAVATMAL,0,1550.73,0,22.39959433
26-04-2020,MAHARASHTRA,BHANDARA,0,498.91,0,25.32196929
26-04-2020,MAHARASHTRA,MUMBAI SUBURBAN,0,4.16,0,1.792613794
26-04-2020,MAHARASHTRA,NANDURBAR,0,289.55,0,9.616378311
26-04-2020,MAHARASHTRA,NAGPUR,0,1293.47,0,25.52984586
26-04-2020,MAHARASHTRA,CHANDRAPUR,0,1706.68,0,29.5115175
26-04-2020,MAHARASHTRA,JALGAON,0,943.54,0,15.69374421
26-04-2020,MAHARASHTRA,HINGOLI,0,508.67,0,21.17176678
26-04-2020,MAHARASHTRA,AKOLA,0,624.41,0,22.60352842
26-04-2020,MAHARASHTRA,AURANGABAD,0,1005.62,0,19.426444
26-04-2020,MAHARASHTRA,DHULE,0,322.5,0,8.790777821
26-04-2020,MAHARASHTRA,KOLHAPUR,0,850.57,0,21.40851432
26-04-2020,MAHARASHTRA,RAIGARH,0,509.19,0,13.8453071
26-04-2020,MAHARASHTRA,AMRAVATI,0,1448.21,0,23.23750375
26-04-2020,MAHARASHTRA,NANDED,0,1456.5,0,26.79699936
26-04-2020,MAHARASHTRA,SOLAPUR,0,2181.36,0,28.40779534
26-04-2020,MAHARASHTRA,AHMADNAGAR,0,1561.05,0,17.84895977
26-04-2020,MAHARASHTRA,THANE,0,377.65,0,7.742314652
26-04-2020,MAHARASHTRA,SANGLI,0,1232.75,0,27.87045738
26-04-2020,MAHARASHTRA,WARDHA,0,872.69,0,27.07414832
26-04-2020,MAHARASHTRA,BULDANA,0,929.23,0,18.64247706
26-04-2020,MAHARASHTRA,SINDHUDURG,0,286.68,0,10.89639417
25-04-2020,MAHARASHTRA,WASHIM,0,650.31,0,24.46961298
25-04-2020,MAHARASHTRA,SATARA,0.01,1295.15,0.1,23.91552743
25-04-2020,MAHARASHTRA,PUNE,0,1506.29,0,18.72514054
25-04-2020,MAHARASHTRA,PARBHANI,0,678.3,0,20.87425128
25-04-2020,MAHARASHTRA,JALNA,0,754.94,0,18.97675891
25-04-2020,MAHARASHTRA,GONDIYA,0,717.48,0,25.6827296
25-04-2020,MAHARASHTRA,MUMBAI,0,0.02,0,0.028174373
25-04-2020,MAHARASHTRA,NASHIK,0,776.02,0,9.752647892
25-04-2020,MAHARASHTRA,GARHCHIROLI,0,1945.04,0,26.29104791
25-04-2020,MAHARASHTRA,RATNAGIRI,0,676.78,0,15.86926063
25-04-2020,MAHARASHTRA,OSMANABAD,0,1015.68,0,26.09698159
25-04-2020,MAHARASHTRA,BID,0,1220.54,0,21.53093123
25-04-2020,MAHARASHTRA,LATUR,0,834.73,0,24.04775975
25-04-2020,MAHARASHTRA,YAVATMAL,0,1564.69,0,22.60126422
25-04-2020,MAHARASHTRA,BHANDARA,0,503.25,0,25.54268173
25-04-2020,MAHARASHTRA,MUMBAI SUBURBAN,0,4.16,0,1.792613794
25-04-2020,MAHARASHTRA,NANDURBAR,0,289.84,0,9.625955174
25-04-2020,MAHARASHTRA,NAGPUR,0,1307.78,0,25.81232943
25-04-2020,MAHARASHTRA,CHANDRAPUR,0,1749.33,0,30.24907098
25-04-2020,MAHARASHTRA,JALGAON,0,943.87,0,15.69924281
25-04-2020,MAHARASHTRA,HINGOLI,0,509.82,0,21.21998279
25-04-2020,MAHARASHTRA,AKOLA,0,627.57,0,22.71771505
25-04-2020,MAHARASHTRA,AURANGABAD,0,1011.47,0,19.53929776
25-04-2020,MAHARASHTRA,DHULE,0,322.9,0,8.801863151
25-04-2020,MAHARASHTRA,KOLHAPUR,0,874.4,0.02,22.00832168
25-04-2020,MAHARASHTRA,RAIGARH,0,514.66,0,13.99408756
25-04-2020,MAHARASHTRA,AMRAVATI,0,1455.98,0,23.36219576
25-04-2020,MAHARASHTRA,NANDED,0,1466.1,0,26.97364024
25-04-2020,MAHARASHTRA,SOLAPUR,0,2221.38,0,28.92885844
25-04-2020,MAHARASHTRA,AHMADNAGAR,0,1574.74,0,18.00544033
25-04-2020,MAHARASHTRA,THANE,0,377.7,0,7.743253853
25-04-2020,MAHARASHTRA,SANGLI,0,1266.27,0,28.62824956
25-04-2020,MAHARASHTRA,WARDHA,0,885.55,0,27.47327725
25-04-2020,MAHARASHTRA,BULDANA,0,933.36,0,18.72525929
25-04-2020,MAHARASHTRA,SINDHUDURG,0,287.14,0,10.9138249
24-04-2020,MAHARASHTRA,WASHIM,0,651.95,0,24.53126422
24-04-2020,MAHARASHTRA,SATARA,0.02,1335.02,0.22,24.65169459
24-04-2020,MAHARASHTRA,PUNE,0,1527.31,0,18.986452
24-04-2020,MAHARASHTRA,PARBHANI,0,680.77,0,20.95035328
24-04-2020,MAHARASHTRA,JALNA,0,759.39,0,19.088499
24-04-2020,MAHARASHTRA,GONDIYA,0,729.8,0,26.12365125
24-04-2020,MAHARASHTRA,MUMBAI,0,0.02,0,0.028174373
24-04-2020,MAHARASHTRA,NASHIK,0,776.72,0,9.761564039
24-04-2020,MAHARASHTRA,GARHCHIROLI,0,1994.11,0,26.95428677
24-04-2020,MAHARASHTRA,RATNAGIRI,0,687.28,0,16.11537108
24-04-2020,MAHARASHTRA,OSMANABAD,0,1034.96,0,26.59233863
24-04-2020,MAHARASHTRA,BID,0,1231.66,0,21.72701777
24-04-2020,MAHARASHTRA,LATUR,0,845.51,0,24.35839282
24-04-2020,MAHARASHTRA,YAVATMAL,0,1578.63,0,22.80269014
24-04-2020,MAHARASHTRA,BHANDARA,0,514.13,0,26.09458596
24-04-2020,MAHARASHTRA,MUMBAI SUBURBAN,0,4.16,0,1.792613794
24-04-2020,MAHARASHTRA,NANDURBAR,0,290.21,0,9.638256854
24-04-2020,MAHARASHTRA,NAGPUR,0,1323.72,0,26.12686087
24-04-2020,MAHARASHTRA,CHANDRAPUR,0,1796.23,0,31.06005502
24-04-2020,MAHARASHTRA,JALGAON,0,944.17,0,15.70434575
24-04-2020,MAHARASHTRA,HINGOLI,0,510.96,0,21.26731252
24-04-2020,MAHARASHTRA,AKOLA,0,630.53,0,22.82482997
24-04-2020,MAHARASHTRA,AURANGABAD,0,1017.5,0,19.65579445
24-04-2020,MAHARASHTRA,DHULE,0,323.25,0,8.811433861
24-04-2020,MAHARASHTRA,KOLHAPUR,0.01,899.19,0.08,22.632159
24-04-2020,MAHARASHTRA,RAIGARH,0,520.44,0,14.15125053
24-04-2020,MAHARASHTRA,AMRAVATI,0,1463.67,0,23.48552671
24-04-2020,MAHARASHTRA,NANDED,0,1475.51,0,27.14674146
24-04-2020,MAHARASHTRA,SOLAPUR,0,2264.59,0,29.49164245
24-04-2020,MAHARASHTRA,AHMADNAGAR,0,1589.75,0,18.17710749
24-04-2020,MAHARASHTRA,THANE,0,377.72,0,7.74375291
24-04-2020,MAHARASHTRA,SANGLI,0.01,1302.78,0.05,29.45362067
24-04-2020,MAHARASHTRA,WARDHA,0,899.54,0,27.90715861
24-04-2020,MAHARASHTRA,BULDANA,0,937.68,0,18.81194344
24-04-2020,MAHARASHTRA,SINDHUDURG,0,287.81,0,10.93907455
23-04-2020,MAHARASHTRA,WASHIM,0,653.79,0,24.60061236
23-04-2020,MAHARASHTRA,SATARA,0.05,1379.71,0.47,25.47692593
23-04-2020,MAHARASHTRA,PUNE,0,1551.25,0,19.28408565
23-04-2020,MAHARASHTRA,PARBHANI,0,683.54,0,21.03556122
23-04-2020,MAHARASHTRA,JALNA,0,763.89,0,19.20172442
23-04-2020,MAHARASHTRA,GONDIYA,0,743.36,0,26.60932519
23-04-2020,MAHARASHTRA,MUMBAI,0,0.02,0,0.028174373
23-04-2020,MAHARASHTRA,NASHIK,0,777.78,0,9.774830531
23-04-2020,MAHARASHTRA,GARHCHIROLI,0,2029.62,0,27.43438648
23-04-2020,MAHARASHTRA,RATNAGIRI,0,699.2,0,16.39497184
23-04-2020,MAHARASHTRA,OSMANABAD,0,1056.65,0,27.14947955
23-04-2020,MAHARASHTRA,BID,0,1243.8,0,21.94111228
23-04-2020,MAHARASHTRA,LATUR,0,857.91,0,24.71548718
23-04-2020,MAHARASHTRA,YAVATMAL,0,1594.66,0,23.03415541
23-04-2020,MAHARASHTRA,BHANDARA,0,525.83,0,26.68867402
23-04-2020,MAHARASHTRA,MUMBAI SUBURBAN,0,4.16,0,1.792613794
23-04-2020,MAHARASHTRA,NANDURBAR,0,290.67,0,9.653579696
23-04-2020,MAHARASHTRA,NAGPUR,0,1341.04,0,26.46871877
23-04-2020,MAHARASHTRA,CHANDRAPUR,0,1840.93,0.02,31.83291292
23-04-2020,MAHARASHTRA,JALGAON,0,944.64,0,15.71214574
23-04-2020,MAHARASHTRA,HINGOLI,0,512.24,0,21.32068146
23-04-2020,MAHARASHTRA,AKOLA,0,633.91,0,22.94724486
23-04-2020,MAHARASHTRA,AURANGABAD,0,1024.17,0,19.78465856
23-04-2020,MAHARASHTRA,DHULE,0,323.78,0,8.825852879
23-04-2020,MAHARASHTRA,KOLHAPUR,0.02,927.33,0.17,23.34055448
23-04-2020,MAHARASHTRA,RAIGARH,0,526.86,0,14.32590762
23-04-2020,MAHARASHTRA,AMRAVATI,0,1471.71,0,23.61460077
23-04-2020,MAHARASHTRA,NANDED,0,1486.1,0,27.34154891
23-04-2020,MAHARASHTRA,SOLAPUR,0,2312.9,0,30.12076904
23-04-2020,MAHARASHTRA,AHMADNAGAR,0,1606.02,0,18.36313626
23-04-2020,MAHARASHTRA,THANE,0,377.84,0,7.746244345
23-04-2020,MAHARASHTRA,SANGLI,0.02,1343.34,0.17,30.37055994
23-04-2020,MAHARASHTRA,WARDHA,0,915.56,0,28.40419498
23-04-2020,MAHARASHTRA,BULDANA,0,942.5,0,18.9087151
23-04-2020,MAHARASHTRA,SINDHUDURG,0,288.56,0,10.96782799
22-04-2020,MAHARASHTRA,WASHIM,0,655.91,0,24.68028795
22-04-2020,MAHARASHTRA,SATARA,0.09,1430.42,0.79,26.41329473
22-04-2020,MAHARASHTRA,PUNE,0,1576.97,0,19.60382366
22-04-2020,MAHARASHTRA,PARBHANI,0,686.93,0,21.13971672
22-04-2020,MAHARASHTRA,JALNA,0,768.79,0,19.3249655
22-04-2020,MAHARASHTRA,GONDIYA,0,758.15,0,27.1386704
22-04-2020,MAHARASHTRA,MUMBAI,0,0.02,0,0.028174373
22-04-2020,MAHARASHTRA,NASHIK,0,778.84,0,9.788194226
22-04-2020,MAHARASHTRA,GARHCHIROLI,0,2085.69,0.01,28.19227688
22-04-2020,MAHARASHTRA,RATNAGIRI,0,712.3,0,16.70203269
22-04-2020,MAHARASHTRA,OSMANABAD,0,1081.04,0,27.77615054
22-04-2020,MAHARASHTRA,BID,0,1256.95,0,22.17313506
22-04-2020,MAHARASHTRA,LATUR,0,871.38,0,25.10364569
22-04-2020,MAHARASHTRA,YAVATMAL,0,1611.94,0,23.28377454
22-04-2020,MAHARASHTRA,BHANDARA,0,538.74,0,27.3436204
22-04-2020,MAHARASHTRA,MUMBAI SUBURBAN,0,4.16,0,1.792613794
22-04-2020,MAHARASHTRA,NANDURBAR,0,290.89,0,9.660932198
22-04-2020,MAHARASHTRA,NAGPUR,0,1359.4,0,26.83105191
22-04-2020,MAHARASHTRA,CHANDRAPUR,0.01,1897.58,0.05,32.81244395
22-04-2020,MAHARASHTRA,JALGAON,0,945.13,0,15.72029538
22-04-2020,MAHARASHTRA,HINGOLI,0,513.6,0,21.37715929
22-04-2020,MAHARASHTRA,AKOLA,0,637.24,0,23.06795903
22-04-2020,MAHARASHTRA,AURANGABAD,0,1030.87,0,19.91414384
22-04-2020,MAHARASHTRA,DHULE,0,324.31,0,8.840117411
22-04-2020,MAHARASHTRA,KOLHAPUR,0.03,958,0.27,24.11237882
22-04-2020,MAHARASHTRA,RAIGARH,0,534.02,0.01,14.52058439
22-04-2020,MAHARASHTRA,AMRAVATI,0,1480.5,0,23.75555891
22-04-2020,MAHARASHTRA,NANDED,0,1497.12,0,27.5443673
22-04-2020,MAHARASHTRA,SOLAPUR,0,2368.27,0,30.84187804
22-04-2020,MAHARASHTRA,AHMADNAGAR,0,1623.89,0,18.56751007
22-04-2020,MAHARASHTRA,THANE,0,377.98,0,7.748995797
22-04-2020,MAHARASHTRA,SANGLI,0.04,1389.42,0.34,31.41236649
22-04-2020,MAHARASHTRA,WARDHA,0,933.34,0,28.9558474
22-04-2020,MAHARASHTRA,BULDANA,0,947.45,0,19.00787406
22-04-2020,MAHARASHTRA,SINDHUDURG,0,289.38,0,10.99876061
21-04-2020,MAHARASHTRA,WASHIM,0,657.93,0,24.75632084
21-04-2020,MAHARASHTRA,SATARA,0.13,1490.23,1.18,27.517699
21-04-2020,MAHARASHTRA,PUNE,0,1607.65,0,19.98516679
21-04-2020,MAHARASHTRA,PARBHANI,0,690.41,0,21.2470933
21-04-2020,MAHARASHTRA,JALNA,0,774.12,0,19.45892917
21-04-2020,MAHARASHTRA,GONDIYA,0,773.56,0,27.69023045
21-04-2020,MAHARASHTRA,MUMBAI,0,0.02,0,0.028174373
21-04-2020,MAHARASHTRA,NASHIK,0,779.95,0,9.802136306
21-04-2020,MAHARASHTRA,GARHCHIROLI,0,2139.62,0.02,28.92113987
21-04-2020,MAHARASHTRA,RATNAGIRI,0,728.11,0,17.07287528
21-04-2020,MAHARASHTRA,OSMANABAD,0,1108.25,0,28.47530625
21-04-2020,MAHARASHTRA,BID,0,1270.78,0,22.41719002
21-04-2020,MAHARASHTRA,LATUR,0,886.39,0,25.53613596
21-04-2020,MAHARASHTRA,YAVATMAL,0,1630.78,0,23.55588294
21-04-2020,MAHARASHTRA,BHANDARA,0,552.95,0,28.06498768
21-04-2020,MAHARASHTRA,MUMBAI SUBURBAN,0,4.16,0,1.792613794
21-04-2020,MAHARASHTRA,NANDURBAR,0,291.4,0,9.677786074
21-04-2020,MAHARASHTRA,NAGPUR,0,1380.03,0,27.23826645
21-04-2020,MAHARASHTRA,CHANDRAPUR,0.01,1953.71,0.09,33.78316055
21-04-2020,MAHARASHTRA,JALGAON,0,945.85,0,15.73221385
21-04-2020,MAHARASHTRA,HINGOLI,0,515.18,0,21.44293994
21-04-2020,MAHARASHTRA,AKOLA,0,641.08,0,23.20676512
21-04-2020,MAHARASHTRA,AURANGABAD,0,1037.98,0,20.05149371
21-04-2020,MAHARASHTRA,DHULE,0,324.8,0,8.853598207
21-04-2020,MAHARASHTRA,KOLHAPUR,0.05,993.57,0.44,25.00774649
21-04-2020,MAHARASHTRA,RAIGARH,0,542.65,0.01,14.75521065
21-04-2020,MAHARASHTRA,AMRAVATI,0,1489.21,0,23.89535058
21-04-2020,MAHARASHTRA,NANDED,0,1508.46,0,27.75284606
21-04-2020,MAHARASHTRA,SOLAPUR,0,2431.33,0,31.6631313
21-04-2020,MAHARASHTRA,AHMADNAGAR,0,1643.24,0,18.78873468
21-04-2020,MAHARASHTRA,THANE,0,378.2,0,7.753435507
21-04-2020,MAHARASHTRA,SANGLI,0.07,1442.19,0.61,32.60546738
21-04-2020,MAHARASHTRA,WARDHA,0,953.96,0,29.59561428
21-04-2020,MAHARASHTRA,BULDANA,0,952.59,0,19.11114528
21-04-2020,MAHARASHTRA,SINDHUDURG,0,290.11,0,11.02665325
20-04-2020,MAHARASHTRA,WASHIM,0,660.02,0,24.83484475
20-04-2020,MAHARASHTRA,SATARA,0.18,1563.8,1.62,28.87620652
20-04-2020,MAHARASHTRA,PUNE,0,1645.24,0,20.45256959
20-04-2020,MAHARASHTRA,PARBHANI,0,694.62,0,21.37642444
20-04-2020,MAHARASHTRA,JALNA,0,779.66,0,19.5980513
20-04-2020,MAHARASHTRA,GONDIYA,0,791.37,0,28.32762214
20-04-2020,MAHARASHTRA,MUMBAI,0,0.02,0,0.028174373
20-04-2020,MAHARASHTRA,NASHIK,0,781.38,0,9.820109768
20-04-2020,MAHARASHTRA,GARHCHIROLI,0.02,2234.37,0.1,30.20197827
20-04-2020,MAHARASHTRA,RATNAGIRI,0,748.98,0.01,17.5622126
20-04-2020,MAHARASHTRA,OSMANABAD,0,1139.67,0,29.28278643
20-04-2020,MAHARASHTRA,BID,0,1285.65,0,22.67947147
20-04-2020,MAHARASHTRA,LATUR,0,903.53,0,26.02988085
20-04-2020,MAHARASHTRA,YAVATMAL,0,1651.57,0,23.85624327
20-04-2020,MAHARASHTRA,BHANDARA,0,569.37,0,28.89835928
20-04-2020,MAHARASHTRA,MUMBAI SUBURBAN,0,4.16,0,1.792613794
20-04-2020,MAHARASHTRA,NANDURBAR,0,291.96,0,9.696320472
20-04-2020,MAHARASHTRA,NAGPUR,0,1402.63,0,27.68441059
20-04-2020,MAHARASHTRA,CHANDRAPUR,0.03,2029.49,0.19,35.09354398
20-04-2020,MAHARASHTRA,JALGAON,0,946.57,0,15.74422986
20-04-2020,MAHARASHTRA,HINGOLI,0,516.75,0,21.50807549
20-04-2020,MAHARASHTRA,AKOLA,0,645.01,0,23.34892509
20-04-2020,MAHARASHTRA,AURANGABAD,0,1045.67,0,20.20005479
20-04-2020,MAHARASHTRA,DHULE,0,325.46,0,8.871658038
20-04-2020,MAHARASHTRA,KOLHAPUR,0.07,1030.82,0.63,25.94509666
20-04-2020,MAHARASHTRA,RAIGARH,0,553.25,0.02,15.0435488
20-04-2020,MAHARASHTRA,AMRAVATI,0,1498.03,0,24.03685282
20-04-2020,MAHARASHTRA,NANDED,0,1519.91,0,27.96357678
20-04-2020,MAHARASHTRA,SOLAPUR,0,2505.77,0.02,32.63257078
20-04-2020,MAHARASHTRA,AHMADNAGAR,0,1665.26,0,19.04046626
20-04-2020,MAHARASHTRA,THANE,0,378.22,0,7.753887157
20-04-2020,MAHARASHTRA,SANGLI,0.11,1505.52,0.95,34.03721001
20-04-2020,MAHARASHTRA,WARDHA,0,980.52,0,30.41941859
20-04-2020,MAHARASHTRA,BULDANA,0,958.14,0,19.22238746
20-04-2020,MAHARASHTRA,SINDHUDURG,0,291.18,0,11.06731391
19-04-2020,MAHARASHTRA,WASHIM,0,662.44,0,24.92609751
19-04-2020,MAHARASHTRA,SATARA,0.85,1745.76,7.16,32.23618586
19-04-2020,MAHARASHTRA,PUNE,0.23,1737.68,1.33,21.6016239
19-04-2020,MAHARASHTRA,PARBHANI,0,699.18,0,21.51668571
19-04-2020,MAHARASHTRA,JALNA,0,785.89,0,19.75461686
19-04-2020,MAHARASHTRA,GONDIYA,0,811.9,0,29.06270803
19-04-2020,MAHARASHTRA,MUMBAI,0,0.02,0,0.028174373
19-04-2020,MAHARASHTRA,NASHIK,0,783.11,0,9.841771161
19-04-2020,MAHARASHTRA,GARHCHIROLI,0.48,2433.66,3.3,32.89568749
19-04-2020,MAHARASHTRA,RATNAGIRI,0.17,800.55,1.45,18.77134523
19-04-2020,MAHARASHTRA,OSMANABAD,0,1174.21,0,30.17016045
19-04-2020,MAHARASHTRA,BID,0,1301.4,0,22.95734034
19-04-2020,MAHARASHTRA,LATUR,0,925.41,0,26.66022632
19-04-2020,MAHARASHTRA,YAVATMAL,0,1677.91,0,24.23669203
19-04-2020,MAHARASHTRA,BHANDARA,0,589.4,0,29.91498273
19-04-2020,MAHARASHTRA,MUMBAI SUBURBAN,0,4.18,0,1.799112023
19-04-2020,MAHARASHTRA,NANDURBAR,0,292.39,0,9.71077579
19-04-2020,MAHARASHTRA,NAGPUR,0,1429.79,0,28.22044742
19-04-2020,MAHARASHTRA,CHANDRAPUR,0.04,2120.41,0.26,36.66573156
19-04-2020,MAHARASHTRA,JALGAON,0,947.39,0,15.75790133
19-04-2020,MAHARASHTRA,HINGOLI,0,518.68,0,21.58858745
19-04-2020,MAHARASHTRA,AKOLA,0,649.06,0,23.49560744
19-04-2020,MAHARASHTRA,AURANGABAD,0,1053.9,0,20.35893522
19-04-2020,MAHARASHTRA,DHULE,0,326.09,0,8.888785718
19-04-2020,MAHARASHTRA,KOLHAPUR,0.16,1084.84,1.36,27.30485815
19-04-2020,MAHARASHTRA,RAIGARH,0.07,578.22,0.53,15.72247278
19-04-2020,MAHARASHTRA,AMRAVATI,0,1507.13,0,24.18284801
19-04-2020,MAHARASHTRA,NANDED,0,1531.6,0,28.17865288
19-04-2020,MAHARASHTRA,SOLAPUR,0,2602.91,0,33.89758282
19-04-2020,MAHARASHTRA,AHMADNAGAR,0,1691.01,0,19.33488831
19-04-2020,MAHARASHTRA,THANE,0,378.41,0,7.757823866
19-04-2020,MAHARASHTRA,SANGLI,0.28,1605.21,2.34,36.29100275
19-04-2020,MAHARASHTRA,WARDHA,0.03,1042.82,0.19,32.35234027
19-04-2020,MAHARASHTRA,BULDANA,0,964.14,0,19.34269776
19-04-2020,MAHARASHTRA,SINDHUDURG,0,287.87,0,10.94162601
18-04-2020,MAHARASHTRA,WASHIM,0,664.99,0,25.02196916
18-04-2020,MAHARASHTRA,SATARA,0.42,1293.14,3.58,23.87846716
18-04-2020,MAHARASHTRA,PUNE,0,1313.46,0,16.32809327
18-04-2020,MAHARASHTRA,PARBHANI,0,695.76,0,21.41165243
18-04-2020,MAHARASHTRA,JALNA,0,770.77,0,19.37470723
18-04-2020,MAHARASHTRA,GONDIYA,0,806.54,0,28.8705902
18-04-2020,MAHARASHTRA,MUMBAI,0,0.02,0,0.028174373
18-04-2020,MAHARASHTRA,NASHIK,0,785.12,0,9.867113852
18-04-2020,MAHARASHTRA,GARHCHIROLI,0.47,2329.21,3.15,31.48383874
18-04-2020,MAHARASHTRA,RATNAGIRI,0,594.18,0,13.93241667
18-04-2020,MAHARASHTRA,OSMANABAD,0.01,1187.06,0.09,30.50022993
18-04-2020,MAHARASHTRA,BID,0,1268.09,0,22.36962448
18-04-2020,MAHARASHTRA,LATUR,0,914.54,0.02,26.34690176
18-04-2020,MAHARASHTRA,YAVATMAL,0,1659.94,0,23.97710922
18-04-2020,MAHARASHTRA,BHANDARA,0,597.18,0.03,30.30969778
18-04-2020,MAHARASHTRA,MUMBAI SUBURBAN,0,4.18,0,1.799112023
18-04-2020,MAHARASHTRA,NANDURBAR,0,292.84,0,9.72568141
18-04-2020,MAHARASHTRA,NAGPUR,0,1419.78,0,28.02279134
18-04-2020,MAHARASHTRA,CHANDRAPUR,0.17,2298.25,1.15,39.74077598
18-04-2020,MAHARASHTRA,JALGAON,0,948.41,0,15.77486797
18-04-2020,MAHARASHTRA,HINGOLI,0,520.82,0,21.67776422
18-04-2020,MAHARASHTRA,AKOLA,0,653.22,0,23.64616354
18-04-2020,MAHARASHTRA,AURANGABAD,0,1057.4,0,20.4266664
18-04-2020,MAHARASHTRA,DHULE,0,326.74,0,8.906342978
18-04-2020,MAHARASHTRA,KOLHAPUR,0.47,1144.71,3.71,28.81189928
18-04-2020,MAHARASHTRA,RAIGARH,0,512.98,0,13.94840549
18-04-2020,MAHARASHTRA,AMRAVATI,0,1512.92,0,24.27575471
18-04-2020,MAHARASHTRA,NANDED,0,1543.17,0,28.39153586
18-04-2020,MAHARASHTRA,SOLAPUR,0.08,2649.99,0.68,34.51063872
18-04-2020,MAHARASHTRA,AHMADNAGAR,0,1627.63,0,18.61022568
18-04-2020,MAHARASHTRA,THANE,0,378.56,0,7.760828419
18-04-2020,MAHARASHTRA,SANGLI,0.94,1702.93,7.5,38.50030523
18-04-2020,MAHARASHTRA,WARDHA,0,851.62,0,26.4205375
18-04-2020,MAHARASHTRA,BULDANA,0,970,0,19.46041942
18-04-2020,MAHARASHTRA,SINDHUDURG,0,288.34,0,10.95941463
17-04-2020,MAHARASHTRA,WASHIM,0,667,0,25.09764756
17-04-2020,MAHARASHTRA,SATARA,0,1159.14,0.01,21.40396119
17-04-2020,MAHARASHTRA,PUNE,0,1305.18,0,16.225079
17-04-2020,MAHARASHTRA,PARBHANI,0,694.84,0,21.38318323
17-04-2020,MAHARASHTRA,JALNA,0,771.53,0,19.39365003
17-04-2020,MAHARASHTRA,GONDIYA,0,725.7,0,25.97705755
17-04-2020,MAHARASHTRA,MUMBAI,0,0.02,0,0.028174373
17-04-2020,MAHARASHTRA,NASHIK,0,774.73,0,9.736515948
17-04-2020,MAHARASHTRA,GARHCHIROLI,0,1704.17,0,23.03528766
17-04-2020,MAHARASHTRA,RATNAGIRI,0,591.46,0,13.86859134
17-04-2020,MAHARASHTRA,OSMANABAD,0,997.1,0,25.61946524
17-04-2020,MAHARASHTRA,BID,0,1259.2,0,22.21277899
17-04-2020,MAHARASHTRA,LATUR,0,799.61,0,23.03592327
17-04-2020,MAHARASHTRA,YAVATMAL,0,1636.48,0,23.6382688
17-04-2020,MAHARASHTRA,BHANDARA,0,536.24,0,27.21702906
17-04-2020,MAHARASHTRA,MUMBAI SUBURBAN,0,4.18,0,1.799112023
17-04-2020,MAHARASHTRA,NANDURBAR,0,293.08,0,9.733540072
17-04-2020,MAHARASHTRA,NAGPUR,0,1354,0,26.72455837
17-04-2020,MAHARASHTRA,CHANDRAPUR,0,1614.89,0,27.92435047
17-04-2020,MAHARASHTRA,JALGAON,0,947.49,0,15.75942687
17-04-2020,MAHARASHTRA,HINGOLI,0,522.48,0,21.74670026
17-04-2020,MAHARASHTRA,AKOLA,0,650.93,0,23.56343806
17-04-2020,MAHARASHTRA,AURANGABAD,0,1059.09,0,20.459357
17-04-2020,MAHARASHTRA,DHULE,0,325.95,0,8.884813397
17-04-2020,MAHARASHTRA,KOLHAPUR,0,931.99,0.02,23.45776526
17-04-2020,MAHARASHTRA,RAIGARH,0,516.24,0,14.03713062
17-04-2020,MAHARASHTRA,AMRAVATI,0,1518.3,0,24.36214339
17-04-2020,MAHARASHTRA,NANDED,0,1519.06,0,27.94798317
17-04-2020,MAHARASHTRA,SOLAPUR,0,1853.3,0,24.13537971
17-04-2020,MAHARASHTRA,AHMADNAGAR,0,1630.17,0,18.6392133
17-04-2020,MAHARASHTRA,THANE,0,378.68,0,7.763393516
17-04-2020,MAHARASHTRA,SANGLI,0,1258.11,0,28.4436494
17-04-2020,MAHARASHTRA,WARDHA,0,812.82,0,25.21678801
17-04-2020,MAHARASHTRA,BULDANA,0,953.75,0,19.13436574
17-04-2020,MAHARASHTRA,SINDHUDURG,0,281.58,0,10.7023619
16-04-2020,MAHARASHTRA,WASHIM,0,669.22,0,25.18117107
16-04-2020,MAHARASHTRA,SATARA,0,1184.42,0.04,21.8708783
16-04-2020,MAHARASHTRA,PUNE,0,1312.81,0,16.31999447
16-04-2020,MAHARASHTRA,PARBHANI,0,698.12,0,21.48417526
16-04-2020,MAHARASHTRA,JALNA,0,775.19,0,19.4856034
16-04-2020,MAHARASHTRA,GONDIYA,0,738.53,0,26.43641233
16-04-2020,MAHARASHTRA,MUMBAI,0,0.02,0,0.028174373
16-04-2020,MAHARASHTRA,NASHIK,0,775.3,0,9.743609199
16-04-2020,MAHARASHTRA,GARHCHIROLI,0,1726.49,0,23.33690663
16-04-2020,MAHARASHTRA,RATNAGIRI,0,595.45,0,13.96219825
16-04-2020,MAHARASHTRA,OSMANABAD,0,1014.98,0,26.07885856
16-04-2020,MAHARASHTRA,BID,0,1267.62,0,22.36142192
16-04-2020,MAHARASHTRA,LATUR,0,807.81,0,23.27231205
16-04-2020,MAHARASHTRA,YAVATMAL,0,1653.54,0,23.88461247
16-04-2020,MAHARASHTRA,BHANDARA,0,548.45,0,27.83664679
16-04-2020,MAHARASHTRA,MUMBAI SUBURBAN,0,4.18,0,1.799112023
16-04-2020,MAHARASHTRA,NANDURBAR,0,293.55,0,9.749012952
16-04-2020,MAHARASHTRA,NAGPUR,0,1370.71,0,27.05437483
16-04-2020,MAHARASHTRA,CHANDRAPUR,0,1643.06,0,28.41143421
16-04-2020,MAHARASHTRA,JALGAON,0,948.11,0,15.76976138
16-04-2020,MAHARASHTRA,HINGOLI,0,524.35,0,21.82467408
16-04-2020,MAHARASHTRA,AKOLA,0,653.91,0,23.67125538
16-04-2020,MAHARASHTRA,AURANGABAD,0,1065.59,0,20.58493456
16-04-2020,MAHARASHTRA,DHULE,0,326.37,0,8.8962429
16-04-2020,MAHARASHTRA,KOLHAPUR,0.16,974.99,1.43,24.53992398
16-04-2020,MAHARASHTRA,RAIGARH,0,519.97,0,14.13859289
16-04-2020,MAHARASHTRA,AMRAVATI,0,1526.07,0,24.48684542
16-04-2020,MAHARASHTRA,NANDED,0,1528.54,0,28.12237073
16-04-2020,MAHARASHTRA,SOLAPUR,0.02,1875.46,0.2,24.42400058
16-04-2020,MAHARASHTRA,AHMADNAGAR,0,1625.17,0,18.58209529
16-04-2020,MAHARASHTRA,THANE,0,378.77,0,7.7652697
16-04-2020,MAHARASHTRA,SANGLI,0.04,1300.82,0.24,29.4092533
16-04-2020,MAHARASHTRA,WARDHA,0,820.17,0,25.44475209
16-04-2020,MAHARASHTRA,BULDANA,0,957.8,0,19.21553034
16-04-2020,MAHARASHTRA,SINDHUDURG,0,281.9,0,10.71456397
15-04-2020,MAHARASHTRA,WASHIM,0,672.13,0,25.29051705
15-04-2020,MAHARASHTRA,SATARA,0.03,1219.41,0.29,22.51693003
15-04-2020,MAHARASHTRA,PUNE,0,1316.68,0,16.3680164
15-04-2020,MAHARASHTRA,PARBHANI,0,701.57,0,21.59047611
15-04-2020,MAHARASHTRA,JALNA,0,779.11,0,19.58415027
15-04-2020,MAHARASHTRA,GONDIYA,0,752.44,0,26.93434266
15-04-2020,MAHARASHTRA,MUMBAI,0,0.02,0,0.028174373
15-04-2020,MAHARASHTRA,NASHIK,0,775.88,0,9.75096362
15-04-2020,MAHARASHTRA,GARHCHIROLI,0,1752.13,0,23.68354709
15-04-2020,MAHARASHTRA,RATNAGIRI,0,600.05,0,14.07008441
15-04-2020,MAHARASHTRA,OSMANABAD,0,1029.28,0,26.44620251
15-04-2020,MAHARASHTRA,BID,0,1280.17,0,22.5828518
15-04-2020,MAHARASHTRA,LATUR,0,815.86,0,23.50411186
15-04-2020,MAHARASHTRA,YAVATMAL,0,1672.97,0,24.16539124
15-04-2020,MAHARASHTRA,BHANDARA,0,562.08,0,28.52814714
15-04-2020,MAHARASHTRA,MUMBAI SUBURBAN,0,4.18,0,1.799112023
15-04-2020,MAHARASHTRA,NANDURBAR,0,293.98,0,9.763416222
15-04-2020,MAHARASHTRA,NAGPUR,0,1387.67,0,27.38913357
15-04-2020,MAHARASHTRA,CHANDRAPUR,0,1675.6,0,28.9740556
15-04-2020,MAHARASHTRA,JALGAON,0,948.72,0,15.77998248
15-04-2020,MAHARASHTRA,HINGOLI,0,526.58,0,21.9172645
15-04-2020,MAHARASHTRA,AKOLA,0,657.62,0,23.80561376
15-04-2020,MAHARASHTRA,AURANGABAD,0,1072.35,0,20.71553461
15-04-2020,MAHARASHTRA,DHULE,0,326.9,0,8.910712392
15-04-2020,MAHARASHTRA,KOLHAPUR,0.06,936.98,0.53,23.58331238
15-04-2020,MAHARASHTRA,RAIGARH,0,524.07,0,14.25002823
15-04-2020,MAHARASHTRA,AMRAVATI,0,1534.17,0,24.61681031
15-04-2020,MAHARASHTRA,NANDED,0,1539.14,0,28.31744495
15-04-2020,MAHARASHTRA,SOLAPUR,0,1853.55,0,24.13865516
15-04-2020,MAHARASHTRA,AHMADNAGAR,0,1621.76,0,18.54313086
15-04-2020,MAHARASHTRA,THANE,0,378.9,0,7.76788169
15-04-2020,MAHARASHTRA,SANGLI,0.06,1269.09,0.47,28.69200795
15-04-2020,MAHARASHTRA,WARDHA,0,828.07,0,25.69000781
15-04-2020,MAHARASHTRA,BULDANA,0,961.99,0,19.29966398
15-04-2020,MAHARASHTRA,SINDHUDURG,0,282.17,0,10.72489655
14-04-2020,MAHARASHTRA,WASHIM,0,674.95,0,25.39655021
14-04-2020,MAHARASHTRA,SATARA,0.01,1224.95,0.12,22.61926598
14-04-2020,MAHARASHTRA,PUNE,0,1324.88,0,16.46997271
14-04-2020,MAHARASHTRA,PARBHANI,0,704.15,0,21.66978037
14-04-2020,MAHARASHTRA,JALNA,0,783.29,0,19.68934918
14-04-2020,MAHARASHTRA,GONDIYA,0,766.12,0,27.42384494
14-04-2020,MAHARASHTRA,MUMBAI,0,0.02,0,0.028174373
14-04-2020,MAHARASHTRA,NASHIK,0,776.75,0,9.761939784
14-04-2020,MAHARASHTRA,GARHCHIROLI,0,1778.55,0,24.04065515
14-04-2020,MAHARASHTRA,RATNAGIRI,0,603.41,0,14.14868806
14-04-2020,MAHARASHTRA,OSMANABAD,0,1052.47,0,27.04212574
14-04-2020,MAHARASHTRA,BID,0,1292.77,0,22.80509995
14-04-2020,MAHARASHTRA,LATUR,0,825.86,0,23.79220902
14-04-2020,MAHARASHTRA,YAVATMAL,0,1683.74,0,24.3209394
14-04-2020,MAHARASHTRA,BHANDARA,0.02,563.19,0.17,28.58489521
14-04-2020,MAHARASHTRA,MUMBAI SUBURBAN,0,4.18,0,1.799112023
14-04-2020,MAHARASHTRA,NANDURBAR,0,294.49,0,9.780259322
14-04-2020,MAHARASHTRA,NAGPUR,0,1341.89,0.01,26.48556106
14-04-2020,MAHARASHTRA,CHANDRAPUR,0,1686.89,0,29.16924717
14-04-2020,MAHARASHTRA,JALGAON,0,949.36,0,15.79059801
14-04-2020,MAHARASHTRA,HINGOLI,0,528.33,0,21.99031126
14-04-2020,MAHARASHTRA,AKOLA,0,661.24,0,23.93646251
14-04-2020,MAHARASHTRA,AURANGABAD,0,1079.43,0,20.85211818
14-04-2020,MAHARASHTRA,DHULE,0,327.47,0,8.926464946
14-04-2020,MAHARASHTRA,KOLHAPUR,0,861.31,0,21.67864176
14-04-2020,MAHARASHTRA,RAIGARH,0,527.77,0,14.35070963
14-04-2020,MAHARASHTRA,AMRAVATI,0,1539.01,0,24.69442276
14-04-2020,MAHARASHTRA,NANDED,0,1551.05,0,28.53644564
14-04-2020,MAHARASHTRA,SOLAPUR,0,1872.9,0,24.3906278
14-04-2020,MAHARASHTRA,AHMADNAGAR,0,1636.66,0,18.71351181
14-04-2020,MAHARASHTRA,THANE,0,379.03,0,7.770562897
14-04-2020,MAHARASHTRA,SANGLI,0.01,1246.59,0.07,28.18322395
14-04-2020,MAHARASHTRA,WARDHA,0,800.02,0,24.81963172
14-04-2020,MAHARASHTRA,BULDANA,0,966.98,0,19.39970032
14-04-2020,MAHARASHTRA,SINDHUDURG,0,282.49,0,10.7370066
13-04-2020,MAHARASHTRA,WASHIM,0,670.24,0,25.21962593
13-04-2020,MAHARASHTRA,SATARA,0.26,1199.65,2.42,22.15198203
13-04-2020,MAHARASHTRA,PUNE,0,1334.33,0,16.58751633
13-04-2020,MAHARASHTRA,PARBHANI,0,707.08,0,21.75982705
13-04-2020,MAHARASHTRA,JALNA,0,787.47,0,19.79440966
13-04-2020,MAHARASHTRA,GONDIYA,0,673.93,0,24.12373184
13-04-2020,MAHARASHTRA,MUMBAI,0,0.02,0,0.028174373
13-04-2020,MAHARASHTRA,NASHIK,0,777.69,0,9.773639362
13-04-2020,MAHARASHTRA,GARHCHIROLI,0,1777.15,0,24.02164487
13-04-2020,MAHARASHTRA,RATNAGIRI,0,574.21,0.05,13.46404502
13-04-2020,MAHARASHTRA,OSMANABAD,0,1051.57,0.03,27.01897176
13-04-2020,MAHARASHTRA,BID,0,1289.06,0,22.73955919
13-04-2020,MAHARASHTRA,LATUR,0,835.36,0,24.0660333
13-04-2020,MAHARASHTRA,YAVATMAL,0,1662.49,0,24.01394949
13-04-2020,MAHARASHTRA,BHANDARA,0,512.62,0,26.0180032
13-04-2020,MAHARASHTRA,MUMBAI SUBURBAN,0,4.18,0,1.799112023
13-04-2020,MAHARASHTRA,NANDURBAR,0,295.16,0,9.802555408
13-04-2020,MAHARASHTRA,NAGPUR,0,1337.84,0,26.4055264
13-04-2020,MAHARASHTRA,CHANDRAPUR,0,1676.78,0,28.99455066
13-04-2020,MAHARASHTRA,JALGAON,0,950.29,0,15.80603618
13-04-2020,MAHARASHTRA,HINGOLI,0,519.93,0,21.64056597
13-04-2020,MAHARASHTRA,AKOLA,0,664.98,0,24.07193417
13-04-2020,MAHARASHTRA,AURANGABAD,0,1086.77,0,20.99407682
13-04-2020,MAHARASHTRA,DHULE,0,328.16,0,8.945189804
13-04-2020,MAHARASHTRA,KOLHAPUR,0.07,869.03,0.57,21.8731244
13-04-2020,MAHARASHTRA,RAIGARH,0,532.38,0,14.47608736
13-04-2020,MAHARASHTRA,AMRAVATI,0,1545.91,0,24.80514474
13-04-2020,MAHARASHTRA,NANDED,0.01,1552.77,0.06,28.56809578
13-04-2020,MAHARASHTRA,SOLAPUR,0,1896.13,0,24.69316624
13-04-2020,MAHARASHTRA,AHMADNAGAR,0,1652.17,0,18.89086591
13-04-2020,MAHARASHTRA,THANE,0,379.29,0,7.775853771
13-04-2020,MAHARASHTRA,SANGLI,0.17,1283.47,1.42,29.01710241
13-04-2020,MAHARASHTRA,WARDHA,0,803.97,0,24.94218141
13-04-2020,MAHARASHTRA,BULDANA,0,971.73,0,19.49514691
13-04-2020,MAHARASHTRA,SINDHUDURG,0,282.68,0,10.74407668
12-04-2020,MAHARASHTRA,WASHIM,0,672.38,0,25.29993216
12-04-2020,MAHARASHTRA,SATARA,0,928.47,0,17.14468275
12-04-2020,MAHARASHTRA,PUNE,0,1343.21,0,16.69785126
12-04-2020,MAHARASHTRA,PARBHANI,0,710.11,0,21.85310171
12-04-2020,MAHARASHTRA,JALNA,0,791.43,0,19.89401032
12-04-2020,MAHARASHTRA,GONDIYA,0,679.24,0,24.31403282
12-04-2020,MAHARASHTRA,MUMBAI,0,0.02,0,0.028174373
12-04-2020,MAHARASHTRA,NASHIK,0,778.61,0,9.785237525
12-04-2020,MAHARASHTRA,GARHCHIROLI,0,1764.12,0,23.84560348
12-04-2020,MAHARASHTRA,RATNAGIRI,0,538.79,0,12.63358896
12-04-2020,MAHARASHTRA,OSMANABAD,0,930.09,0,23.89771764
12-04-2020,MAHARASHTRA,BID,0,1299.93,0,22.93136749
12-04-2020,MAHARASHTRA,LATUR,0,820.97,0,23.6513256
12-04-2020,MAHARASHTRA,YAVATMAL,0,1572.8,0,22.7183455
12-04-2020,MAHARASHTRA,BHANDARA,0,516.42,0,26.21080117
12-04-2020,MAHARASHTRA,MUMBAI SUBURBAN,0,4.18,0,1.799112023
12-04-2020,MAHARASHTRA,NANDURBAR,0,295.72,0,9.821052126
12-04-2020,MAHARASHTRA,NAGPUR,0,1341.88,0,26.48539506
12-04-2020,MAHARASHTRA,CHANDRAPUR,0,1639.3,0,28.3463837
12-04-2020,MAHARASHTRA,JALGAON,0,951.11,0,15.81975302
12-04-2020,MAHARASHTRA,HINGOLI,0,520.71,0,21.67325178
12-04-2020,MAHARASHTRA,AKOLA,0,668.36,0,24.19443306
12-04-2020,MAHARASHTRA,AURANGABAD,0,1093.63,0,21.12654905
12-04-2020,MAHARASHTRA,DHULE,0,328.93,0,8.966192847
12-04-2020,MAHARASHTRA,KOLHAPUR,0,636.49,0,16.02023599
12-04-2020,MAHARASHTRA,RAIGARH,0,537.82,0,14.62388465
12-04-2020,MAHARASHTRA,AMRAVATI,0,1553.24,0,24.9228188
12-04-2020,MAHARASHTRA,NANDED,0,1498.61,0,27.57165923
12-04-2020,MAHARASHTRA,SOLAPUR,0,1719.45,0,22.39226819
12-04-2020,MAHARASHTRA,AHMADNAGAR,0,1666.79,0,19.05794926
12-04-2020,MAHARASHTRA,THANE,0,379.49,0,7.779982333
12-04-2020,MAHARASHTRA,SANGLI,0,1008.69,0,22.80475805
12-04-2020,MAHARASHTRA,WARDHA,0,803.75,0,24.93543095
12-04-2020,MAHARASHTRA,BULDANA,0,976.16,0,19.58386189
12-04-2020,MAHARASHTRA,SINDHUDURG,0,277.17,0,10.5348762
11-04-2020,MAHARASHTRA,WASHIM,0,672.26,0,25.29548396
11-04-2020,MAHARASHTRA,SATARA,0,885.29,0,16.34720796
11-04-2020,MAHARASHTRA,PUNE,0,1343.35,0.01,16.69963129
11-04-2020,MAHARASHTRA,PARBHANI,0,669.61,0,20.60696705
11-04-2020,MAHARASHTRA,JALNA,0,771.17,0,19.38471086
11-04-2020,MAHARASHTRA,GONDIYA,0,689.85,0,24.69380729
11-04-2020,MAHARASHTRA,MUMBAI,0,0.02,0,0.028174373
11-04-2020,MAHARASHTRA,NASHIK,0,780.33,0,9.806862636
11-04-2020,MAHARASHTRA,GARHCHIROLI,0,1778.98,0,24.04646044
11-04-2020,MAHARASHTRA,RATNAGIRI,0,540.32,0,12.66944231
11-04-2020,MAHARASHTRA,OSMANABAD,0,840.31,0,21.59097488
11-04-2020,MAHARASHTRA,BID,0,1277.24,0,22.53105859
11-04-2020,MAHARASHTRA,LATUR,0,803.53,0,23.14899963
11-04-2020,MAHARASHTRA,YAVATMAL,0,1585.92,0,22.90796936
11-04-2020,MAHARASHTRA,BHANDARA,0,529.78,0,26.88883388
11-04-2020,MAHARASHTRA,MUMBAI SUBURBAN,0,4.18,0,1.799112023
11-04-2020,MAHARASHTRA,NANDURBAR,0,296.63,0,9.85140564
11-04-2020,MAHARASHTRA,NAGPUR,0,1359.68,0,26.83668135
11-04-2020,MAHARASHTRA,CHANDRAPUR,0,1660.41,0,28.71147432
11-04-2020,MAHARASHTRA,JALGAON,0,952.51,0,15.84290948
11-04-2020,MAHARASHTRA,HINGOLI,0,513.88,0,21.38865231
11-04-2020,MAHARASHTRA,AKOLA,0,673.68,0,24.3870667
11-04-2020,MAHARASHTRA,AURANGABAD,0,1101.89,0,21.28613813
11-04-2020,MAHARASHTRA,DHULE,0,329.87,0,8.991656558
11-04-2020,MAHARASHTRA,KOLHAPUR,0,630.45,0,15.86811592
11-04-2020,MAHARASHTRA,RAIGARH,0.03,549.58,0.15,14.94370231
11-04-2020,MAHARASHTRA,AMRAVATI,0,1564.66,0,25.10607511
11-04-2020,MAHARASHTRA,NANDED,0,1505.63,0,27.70083099
11-04-2020,MAHARASHTRA,SOLAPUR,0,1678.01,0,21.85265129
11-04-2020,MAHARASHTRA,AHMADNAGAR,0,1672.35,0,19.12156203
11-04-2020,MAHARASHTRA,THANE,0,379.87,0,7.787859096
11-04-2020,MAHARASHTRA,SANGLI,0,1025.06,0,23.17495545
11-04-2020,MAHARASHTRA,WARDHA,0,812.02,0,25.19204737
11-04-2020,MAHARASHTRA,BULDANA,0,972.41,0,19.50867517
11-04-2020,MAHARASHTRA,SINDHUDURG,0,276.5,0,10.50924822
10-04-2020,MAHARASHTRA,WASHIM,0,673.06,0,25.32568338
10-04-2020,MAHARASHTRA,SATARA,0,738.5,0,13.63673104
10-04-2020,MAHARASHTRA,PUNE,0,1222.31,0,15.19489259
10-04-2020,MAHARASHTRA,PARBHANI,0,670.61,0,20.63757326
10-04-2020,MAHARASHTRA,JALNA,0,775.89,0,19.50336336
10-04-2020,MAHARASHTRA,GONDIYA,0,702.22,0,25.13647112
10-04-2020,MAHARASHTRA,MUMBAI,0,0.02,0,0.028174373
10-04-2020,MAHARASHTRA,NASHIK,0,782.25,0,9.830994414
10-04-2020,MAHARASHTRA,GARHCHIROLI,0,1744.53,0,23.58073843
10-04-2020,MAHARASHTRA,RATNAGIRI,0,447.93,0,10.50312569
10-04-2020,MAHARASHTRA,OSMANABAD,0,839.16,0,21.56136128
10-04-2020,MAHARASHTRA,BID,0,1253.49,0,22.1120691
10-04-2020,MAHARASHTRA,LATUR,0,813.96,0,23.4495298
10-04-2020,MAHARASHTRA,YAVATMAL,0,1591.94,0,22.9949313
10-04-2020,MAHARASHTRA,BHANDARA,0.01,548.8,0.06,27.85432487
10-04-2020,MAHARASHTRA,MUMBAI SUBURBAN,0,4.18,0,1.802339073
10-04-2020,MAHARASHTRA,NANDURBAR,0,297.65,0,9.885438341
10-04-2020,MAHARASHTRA,NAGPUR,0,1382.53,0,27.28769147
10-04-2020,MAHARASHTRA,CHANDRAPUR,0,1675.81,0,28.9777937
10-04-2020,MAHARASHTRA,JALGAON,0,953.9,0,15.86610264
10-04-2020,MAHARASHTRA,HINGOLI,0,511.98,0,21.30979852
10-04-2020,MAHARASHTRA,AKOLA,0,679.22,0,24.58728753
10-04-2020,MAHARASHTRA,AURANGABAD,0,1113.09,0,21.50238897
10-04-2020,MAHARASHTRA,DHULE,0,331.17,0,9.027281628
10-04-2020,MAHARASHTRA,KOLHAPUR,0,582.94,0,14.67229949
10-04-2020,MAHARASHTRA,RAIGARH,0,379.98,0,10.33196749
10-04-2020,MAHARASHTRA,AMRAVATI,0,1575.93,0,25.28679365
10-04-2020,MAHARASHTRA,NANDED,0,1511.78,0,27.81404678
10-04-2020,MAHARASHTRA,SOLAPUR,0,1666.17,0,21.6984156
10-04-2020,MAHARASHTRA,AHMADNAGAR,0,1474.61,0,16.86055009
10-04-2020,MAHARASHTRA,THANE,0,377.87,0,7.7467534
10-04-2020,MAHARASHTRA,SANGLI,0,921.43,0,20.83190675
10-04-2020,MAHARASHTRA,WARDHA,0,820.68,0,25.46066846
10-04-2020,MAHARASHTRA,BULDANA,0,978.42,0,19.62937104
10-04-2020,MAHARASHTRA,SINDHUDURG,0,275.76,0,10.48104196
09-04-2020,MAHARASHTRA,WASHIM,0,675.97,0,25.43515544
09-04-2020,MAHARASHTRA,SATARA,0,695.38,0,12.8404866
09-04-2020,MAHARASHTRA,PUNE,0,1224.03,0,15.21632432
09-04-2020,MAHARASHTRA,PARBHANI,0,671.44,0,20.66308747
09-04-2020,MAHARASHTRA,JALNA,0,780.57,0,19.62102248
09-04-2020,MAHARASHTRA,GONDIYA,0,671.35,0,24.03138674
09-04-2020,MAHARASHTRA,MUMBAI,0,0.02,0,0.028174373
09-04-2020,MAHARASHTRA,NASHIK,0,784.09,0,9.854130332
09-04-2020,MAHARASHTRA,GARHCHIROLI,0,1742.67,0,23.55566381
09-04-2020,MAHARASHTRA,RATNAGIRI,0,447.98,0,10.50428849
09-04-2020,MAHARASHTRA,OSMANABAD,0,734.64,0,18.87581453
09-04-2020,MAHARASHTRA,BID,0,1216.81,0,21.46512029
09-04-2020,MAHARASHTRA,LATUR,0,759.93,0,21.89271636
09-04-2020,MAHARASHTRA,YAVATMAL,0,1601.26,0,23.12950646
09-04-2020,MAHARASHTRA,BHANDARA,0,493.26,0,25.03551837
09-04-2020,MAHARASHTRA,MUMBAI SUBURBAN,0,4.18,0,1.802339073
09-04-2020,MAHARASHTRA,NANDURBAR,0,298.85,0,9.925196056
09-04-2020,MAHARASHTRA,NAGPUR,0,1373.16,0,27.10266587
09-04-2020,MAHARASHTRA,CHANDRAPUR,0,1660.53,0,28.71355614
09-04-2020,MAHARASHTRA,JALGAON,0,955.39,0,15.89084757
09-04-2020,MAHARASHTRA,HINGOLI,0,513.11,0,21.35666242
09-04-2020,MAHARASHTRA,AKOLA,0,685.3,0,24.80742056
09-04-2020,MAHARASHTRA,AURANGABAD,0,1124.92,0,21.73098446
09-04-2020,MAHARASHTRA,DHULE,0,332.49,0,9.063278284
09-04-2020,MAHARASHTRA,KOLHAPUR,0,543.42,0,13.67754702
09-04-2020,MAHARASHTRA,RAIGARH,0,379.93,0,10.33079552
09-04-2020,MAHARASHTRA,AMRAVATI,0,1579.06,0,25.33702589
09-04-2020,MAHARASHTRA,NANDED,0,1514.82,0,27.86989913
09-04-2020,MAHARASHTRA,SOLAPUR,0,1635.09,0,21.29370425
09-04-2020,MAHARASHTRA,AHMADNAGAR,0,1460.7,0,16.70155812
09-04-2020,MAHARASHTRA,THANE,0,377.48,0,7.73867326
09-04-2020,MAHARASHTRA,SANGLI,0,914.22,0,20.66893174
09-04-2020,MAHARASHTRA,WARDHA,0,807.32,0,25.0463324
09-04-2020,MAHARASHTRA,BULDANA,0,985.61,0,19.77354803
09-04-2020,MAHARASHTRA,SINDHUDURG,0,275.54,0,10.47294313
08-04-2020,MAHARASHTRA,WASHIM,0,678.97,0,25.54811148
08-04-2020,MAHARASHTRA,SATARA,0,700.36,0,12.93239952
08-04-2020,MAHARASHTRA,PUNE,0,1231.5,0,15.30911607
08-04-2020,MAHARASHTRA,PARBHANI,0,672.89,0,20.7078551
08-04-2020,MAHARASHTRA,JALNA,0,785.38,0,19.74191005
08-04-2020,MAHARASHTRA,GONDIYA,0,681.31,0,24.38813258
08-04-2020,MAHARASHTRA,MUMBAI,0,0.02,0,0.028174373
08-04-2020,MAHARASHTRA,NASHIK,0,786.53,0,9.884839576
08-04-2020,MAHARASHTRA,GARHCHIROLI,0,1663.57,0,22.48647592
08-04-2020,MAHARASHTRA,RATNAGIRI,0,448.05,0,10.50585271
08-04-2020,MAHARASHTRA,OSMANABAD,0,740.55,0,19.02762375
08-04-2020,MAHARASHTRA,BID,0,1228.12,0,21.66465919
08-04-2020,MAHARASHTRA,LATUR,0,766.84,0,22.09199966
08-04-2020,MAHARASHTRA,YAVATMAL,0,1619.48,0,23.39261596
08-04-2020,MAHARASHTRA,BHANDARA,0,503.51,0,25.55548802
08-04-2020,MAHARASHTRA,MUMBAI SUBURBAN,0,4.18,0,1.802339073
08-04-2020,MAHARASHTRA,NANDURBAR,0,300.09,0,9.966406795
08-04-2020,MAHARASHTRA,NAGPUR,0,1394.15,0,27.5170966
08-04-2020,MAHARASHTRA,CHANDRAPUR,0,1699.52,0,29.38773326
08-04-2020,MAHARASHTRA,JALGAON,0,957.06,0,15.91866087
08-04-2020,MAHARASHTRA,HINGOLI,0,514.42,0,21.41145337
08-04-2020,MAHARASHTRA,AKOLA,0,691.29,0,25.02443876
08-04-2020,MAHARASHTRA,AURANGABAD,0,1137.16,0,21.9673472
08-04-2020,MAHARASHTRA,DHULE,0,333.96,0,9.103167978
08-04-2020,MAHARASHTRA,KOLHAPUR,0,548.46,0,13.80436822
08-04-2020,MAHARASHTRA,RAIGARH,0,380.23,0,10.33886882
08-04-2020,MAHARASHTRA,AMRAVATI,0,1591.48,0,25.53635444
08-04-2020,MAHARASHTRA,NANDED,0,1526.84,0,28.09111474
08-04-2020,MAHARASHTRA,SOLAPUR,0,1650.8,0,21.49824594
08-04-2020,MAHARASHTRA,AHMADNAGAR,0,1472.74,0,16.83919684
08-04-2020,MAHARASHTRA,THANE,0,377.6,0,7.741330598
08-04-2020,MAHARASHTRA,SANGLI,0,929.37,0,21.01139374
08-04-2020,MAHARASHTRA,WARDHA,0,815.8,0,25.30915472
08-04-2020,MAHARASHTRA,BULDANA,0,992.74,0,19.91661252
08-04-2020,MAHARASHTRA,SINDHUDURG,0,275.57,0,10.47391756
07-04-2020,MAHARASHTRA,WASHIM,0,682.22,0,25.67034363
07-04-2020,MAHARASHTRA,SATARA,0,705.64,0,13.02991358
07-04-2020,MAHARASHTRA,PUNE,0,1239.59,0,15.40968306
07-04-2020,MAHARASHTRA,PARBHANI,0,674.44,0,20.75538247
07-04-2020,MAHARASHTRA,JALNA,0,790.47,0,19.86982143
07-04-2020,MAHARASHTRA,GONDIYA,0,691.59,0,24.75602223
07-04-2020,MAHARASHTRA,MUMBAI,0,0.02,0,0.028174373
07-04-2020,MAHARASHTRA,NASHIK,0,788.97,0,9.915404005
07-04-2020,MAHARASHTRA,GARHCHIROLI,0,1686.45,0,22.79572607
07-04-2020,MAHARASHTRA,RATNAGIRI,0,448.1,0,10.50696048
07-04-2020,MAHARASHTRA,OSMANABAD,0,746.68,0,19.18512216
07-04-2020,MAHARASHTRA,BID,0,1240.2,0,21.87766593
07-04-2020,MAHARASHTRA,LATUR,0,774.27,0,22.30586685
07-04-2020,MAHARASHTRA,YAVATMAL,0,1639.2,0,23.67759824
07-04-2020,MAHARASHTRA,BHANDARA,0,514.6,0,26.11831589
07-04-2020,MAHARASHTRA,MUMBAI SUBURBAN,0,4.18,0,1.802339073
07-04-2020,MAHARASHTRA,NANDURBAR,0,301.55,0,10.01481596
07-04-2020,MAHARASHTRA,NAGPUR,0,1417.05,0,27.96904515
07-04-2020,MAHARASHTRA,CHANDRAPUR,0,1747.15,0,30.21135918
07-04-2020,MAHARASHTRA,JALGAON,0,958.8,0,15.94759996
07-04-2020,MAHARASHTRA,HINGOLI,0,515.79,0,21.46816941
07-04-2020,MAHARASHTRA,AKOLA,0,697.84,0,25.26159614
07-04-2020,MAHARASHTRA,AURANGABAD,0,1149.98,0,22.21514305
07-04-2020,MAHARASHTRA,DHULE,0,335.55,0,9.146646819
07-04-2020,MAHARASHTRA,KOLHAPUR,0,553.88,0,13.94095506
07-04-2020,MAHARASHTRA,RAIGARH,0,380.46,0,10.34510822
07-04-2020,MAHARASHTRA,AMRAVATI,0,1604.71,0,25.7486862
07-04-2020,MAHARASHTRA,NANDED,0,1539.56,0,28.32511879
07-04-2020,MAHARASHTRA,SOLAPUR,0,1667.16,0,21.7113694
07-04-2020,MAHARASHTRA,AHMADNAGAR,0,1485.9,0,16.98969562
07-04-2020,MAHARASHTRA,THANE,0,377.7,0,7.743342668
07-04-2020,MAHARASHTRA,SANGLI,0,946.17,0,21.39134946
07-04-2020,MAHARASHTRA,WARDHA,0,824.59,0,25.58185581
07-04-2020,MAHARASHTRA,BULDANA,0,1000.09,0,20.06401914
07-04-2020,MAHARASHTRA,SINDHUDURG,0,275.58,0,10.4741817
06-04-2020,MAHARASHTRA,WASHIM,0,685.93,0,25.80987954
06-04-2020,MAHARASHTRA,SATARA,0,711.8,0,13.14369152
06-04-2020,MAHARASHTRA,PUNE,0,1248.55,0,15.52109432
06-04-2020,MAHARASHTRA,PARBHANI,0,676.29,0,20.8123372
06-04-2020,MAHARASHTRA,JALNA,0,796.08,0,20.01073576
06-04-2020,MAHARASHTRA,GONDIYA,0,703.07,0,25.16713228
06-04-2020,MAHARASHTRA,MUMBAI,0,0.02,0,0.028174373
06-04-2020,MAHARASHTRA,NASHIK,0,791.98,0,9.953307601
06-04-2020,MAHARASHTRA,GARHCHIROLI,0,1709.89,0,23.11254803
06-04-2020,MAHARASHTRA,RATNAGIRI,0,448.13,0,10.50769101
06-04-2020,MAHARASHTRA,OSMANABAD,0,753.29,0,19.35496595
06-04-2020,MAHARASHTRA,BID,0,1253.51,0,22.11256541
06-04-2020,MAHARASHTRA,LATUR,0,782.33,0,22.53825284
06-04-2020,MAHARASHTRA,YAVATMAL,0,1662.5,0,24.01405077
06-04-2020,MAHARASHTRA,BHANDARA,0,527.59,0,26.77798667
06-04-2020,MAHARASHTRA,MUMBAI SUBURBAN,0,4.18,0,1.802339073
06-04-2020,MAHARASHTRA,NANDURBAR,0,303,0,10.06286443
06-04-2020,MAHARASHTRA,NAGPUR,0,1443.21,0,28.48539303
06-04-2020,MAHARASHTRA,CHANDRAPUR,0.01,1819.69,0.12,31.4656457
06-04-2020,MAHARASHTRA,JALGAON,0,960.79,0,15.98078949
06-04-2020,MAHARASHTRA,HINGOLI,0,517.31,0,21.53139514
06-04-2020,MAHARASHTRA,AKOLA,0,704.98,0,25.51994614
06-04-2020,MAHARASHTRA,AURANGABAD,0,1164.27,0,22.49107053
06-04-2020,MAHARASHTRA,DHULE,0,337.34,0,9.195508261
06-04-2020,MAHARASHTRA,KOLHAPUR,0,559.96,0,14.09380704
06-04-2020,MAHARASHTRA,RAIGARH,0,380.69,0,10.35151692
06-04-2020,MAHARASHTRA,AMRAVATI,0,1619.16,0,25.98042065
06-04-2020,MAHARASHTRA,NANDED,0,1552.4,0,28.56142202
06-04-2020,MAHARASHTRA,SOLAPUR,0,1684.76,0,21.94050462
06-04-2020,MAHARASHTRA,AHMADNAGAR,0,1500.4,0,17.15553318
06-04-2020,MAHARASHTRA,THANE,0,377.87,0,7.746780544
06-04-2020,MAHARASHTRA,SANGLI,0,965.75,0,21.83405414
06-04-2020,MAHARASHTRA,WARDHA,0,834.2,0,25.88023646
06-04-2020,MAHARASHTRA,BULDANA,0,1008.55,0,20.23374123
06-04-2020,MAHARASHTRA,SINDHUDURG,0,275.62,0,10.47574517
05-04-2020,MAHARASHTRA,WASHIM,0,685.78,0,25.80431094
05-04-2020,MAHARASHTRA,SATARA,0,718.2,0,13.26187634
05-04-2020,MAHARASHTRA,PUNE,0,1258.06,0,15.63938484
05-04-2020,MAHARASHTRA,PARBHANI,0,678.1,0,20.86818559
05-04-2020,MAHARASHTRA,JALNA,0,802.1,0,20.16224528
05-04-2020,MAHARASHTRA,GONDIYA,0,715.26,0,25.6031951
05-04-2020,MAHARASHTRA,MUMBAI,0,0.02,0,0.028174373
05-04-2020,MAHARASHTRA,NASHIK,0,795.13,0,9.992822973
05-04-2020,MAHARASHTRA,GARHCHIROLI,0,1684.17,0,22.76495612
05-04-2020,MAHARASHTRA,RATNAGIRI,0,448.19,0,10.50924675
05-04-2020,MAHARASHTRA,OSMANABAD,0,760.26,0,19.53412178
05-04-2020,MAHARASHTRA,BID,0,1267.21,0,22.35419875
05-04-2020,MAHARASHTRA,LATUR,0,769.19,0,22.1596389
05-04-2020,MAHARASHTRA,YAVATMAL,0,1634.87,0,23.61493316
05-04-2020,MAHARASHTRA,BHANDARA,0,543.24,0,27.57234725
05-04-2020,MAHARASHTRA,MUMBAI SUBURBAN,0,4.18,0,1.802339073
05-04-2020,MAHARASHTRA,NANDURBAR,0,304.67,0,10.11829415
05-04-2020,MAHARASHTRA,NAGPUR,0,1470.86,0,29.0311635
05-04-2020,MAHARASHTRA,CHANDRAPUR,0,1718.85,0,29.72194174
05-04-2020,MAHARASHTRA,JALGAON,0,962.9,0,16.01572744
05-04-2020,MAHARASHTRA,HINGOLI,0,515.19,0,21.4431759
05-04-2020,MAHARASHTRA,AKOLA,0,712.66,0,25.79812237
05-04-2020,MAHARASHTRA,AURANGABAD,0,1179.91,0,22.79316903
05-04-2020,MAHARASHTRA,DHULE,0,339.42,0,9.252185106
05-04-2020,MAHARASHTRA,KOLHAPUR,0,567.31,0,14.27879334
05-04-2020,MAHARASHTRA,RAIGARH,0,381.03,0,10.36062984
05-04-2020,MAHARASHTRA,AMRAVATI,0,1633.11,0,26.20432348
05-04-2020,MAHARASHTRA,NANDED,0,1492.85,0,27.46573927
05-04-2020,MAHARASHTRA,SOLAPUR,0,1702.37,0,22.16985501
05-04-2020,MAHARASHTRA,AHMADNAGAR,0,1516.49,0,17.33941569
05-04-2020,MAHARASHTRA,THANE,0,378.07,0,7.750843737
05-04-2020,MAHARASHTRA,SANGLI,0.02,992.58,0.11,22.44054739
05-04-2020,MAHARASHTRA,WARDHA,0,834.56,0,25.89119265
05-04-2020,MAHARASHTRA,BULDANA,0,1017.8,0,20.41943409
05-04-2020,MAHARASHTRA,SINDHUDURG,0,275.65,0,10.47708519
04-04-2020,MAHARASHTRA,WASHIM,0,689.96,0,25.96158219
04-04-2020,MAHARASHTRA,SATARA,0,725.29,0,13.39273114
04-04-2020,MAHARASHTRA,PUNE,0,1268.4,0,15.76784834
04-04-2020,MAHARASHTRA,PARBHANI,0,680.15,0,20.93121103
04-04-2020,MAHARASHTRA,JALNA,0,808.52,0,20.32355501
04-04-2020,MAHARASHTRA,GONDIYA,0,730.22,0,26.13879093
04-04-2020,MAHARASHTRA,MUMBAI,0,0.02,0,0.028174373
04-04-2020,MAHARASHTRA,NASHIK,0,798.77,0,10.03867856
04-04-2020,MAHARASHTRA,GARHCHIROLI,0,1710.16,0,23.11615499
04-04-2020,MAHARASHTRA,RATNAGIRI,0,448.3,0,10.51184424
04-04-2020,MAHARASHTRA,OSMANABAD,0,759.31,0,19.5096139
04-04-2020,MAHARASHTRA,BID,0,1281.8,0,22.6115088
04-04-2020,MAHARASHTRA,LATUR,0,772.58,0,22.25716365
04-04-2020,MAHARASHTRA,YAVATMAL,0,1656.91,0,23.93334346
04-04-2020,MAHARASHTRA,BHANDARA,0.03,571.75,0.2,29.01926044
04-04-2020,MAHARASHTRA,MUMBAI SUBURBAN,0,4.18,0,1.802339073
04-04-2020,MAHARASHTRA,NANDURBAR,0,306.66,0,10.18439991
04-04-2020,MAHARASHTRA,NAGPUR,0,1514.3,0.03,29.88851576
04-04-2020,MAHARASHTRA,CHANDRAPUR,0,1766.1,0,30.53898954
04-04-2020,MAHARASHTRA,JALGAON,0,965.4,0,16.05732137
04-04-2020,MAHARASHTRA,HINGOLI,0,516.42,0,21.49473568
04-04-2020,MAHARASHTRA,AKOLA,0,720.96,0,26.09830147
04-04-2020,MAHARASHTRA,AURANGABAD,0,1196.76,0,23.11882679
04-04-2020,MAHARASHTRA,DHULE,0,341.63,0,9.312246771
04-04-2020,MAHARASHTRA,KOLHAPUR,0,540.74,0,13.61006352
04-04-2020,MAHARASHTRA,RAIGARH,0,381.34,0,10.36916891
04-04-2020,MAHARASHTRA,AMRAVATI,0,1650.2,0,26.47851086
04-04-2020,MAHARASHTRA,NANDED,0,1471.8,0,27.07844353
04-04-2020,MAHARASHTRA,SOLAPUR,0,1684.29,0,21.93445588
04-04-2020,MAHARASHTRA,AHMADNAGAR,0,1533.31,0,17.53180877
04-04-2020,MAHARASHTRA,THANE,0,378.23,0,7.754066969
04-04-2020,MAHARASHTRA,SANGLI,0,836.16,0,18.90406709
04-04-2020,MAHARASHTRA,WARDHA,0,845.21,0,26.22185513
04-04-2020,MAHARASHTRA,BULDANA,0,1027.8,0,20.62000975
04-04-2020,MAHARASHTRA,SINDHUDURG,0,275.69,0,10.47859392
03-04-2020,MAHARASHTRA,WASHIM,0,688.57,0,25.90924349
03-04-2020,MAHARASHTRA,SATARA,0,732.75,0,13.5305564
03-04-2020,MAHARASHTRA,PUNE,0,1279.57,0,15.90669661
03-04-2020,MAHARASHTRA,PARBHANI,0,682.4,0,21.00053238
03-04-2020,MAHARASHTRA,JALNA,0,815.17,0,20.49067197
03-04-2020,MAHARASHTRA,GONDIYA,0,709.67,0,25.40311305
03-04-2020,MAHARASHTRA,MUMBAI,0,0.02,0,0.028174373
03-04-2020,MAHARASHTRA,NASHIK,0,803.06,0,10.09256935
03-04-2020,MAHARASHTRA,GARHCHIROLI,0,1724.65,0,23.31205321
03-04-2020,MAHARASHTRA,RATNAGIRI,0,448.42,0,10.51450593
03-04-2020,MAHARASHTRA,OSMANABAD,0,767.23,0,19.71321472
03-04-2020,MAHARASHTRA,BID,0,1297.49,0,22.8882682
03-04-2020,MAHARASHTRA,LATUR,0,779.14,0,22.44631089
03-04-2020,MAHARASHTRA,YAVATMAL,0,1673.47,0,24.172599
03-04-2020,MAHARASHTRA,BHANDARA,0,488.99,0,24.81876902
03-04-2020,MAHARASHTRA,MUMBAI SUBURBAN,0,4.19,0,1.803182479
03-04-2020,MAHARASHTRA,NANDURBAR,0,308.81,0,10.25589123
03-04-2020,MAHARASHTRA,NAGPUR,0,1436.96,0,28.36188556
03-04-2020,MAHARASHTRA,CHANDRAPUR,0,1799.5,0.01,31.11651409
03-04-2020,MAHARASHTRA,JALGAON,0,968.02,0,16.10098368
03-04-2020,MAHARASHTRA,HINGOLI,0,517.71,0,21.54822665
03-04-2020,MAHARASHTRA,AKOLA,0,722.52,0,26.15496141
03-04-2020,MAHARASHTRA,AURANGABAD,0,1214.51,0,23.4616656
03-04-2020,MAHARASHTRA,DHULE,0,344.24,0,9.383417128
03-04-2020,MAHARASHTRA,KOLHAPUR,0,540.02,0,13.59212716
03-04-2020,MAHARASHTRA,RAIGARH,0,381.7,0,10.37884696
03-04-2020,MAHARASHTRA,AMRAVATI,0,1655.16,0,26.55809006
03-04-2020,MAHARASHTRA,NANDED,0,1480.36,0,27.23599851
03-04-2020,MAHARASHTRA,SOLAPUR,0,1701.93,0,22.16421341
03-04-2020,MAHARASHTRA,AHMADNAGAR,0,1551.45,0,17.739162
03-04-2020,MAHARASHTRA,THANE,0,378.4,0,7.757681732
03-04-2020,MAHARASHTRA,SANGLI,0,846.61,0,19.14036974
03-04-2020,MAHARASHTRA,WARDHA,0,857.71,0,26.6095878
03-04-2020,MAHARASHTRA,BULDANA,0,1037.79,0,20.82031323
03-04-2020,MAHARASHTRA,SINDHUDURG,0,275.59,0,10.47468693
02-04-2020,MAHARASHTRA,WASHIM,0,692.66,0,26.06307589
02-04-2020,MAHARASHTRA,SATARA,0,740.76,0,13.67836743
02-04-2020,MAHARASHTRA,PUNE,0,1291.16,0,16.05077335
02-04-2020,MAHARASHTRA,PARBHANI,0,683.96,0,21.04856461
02-04-2020,MAHARASHTRA,JALNA,0,821.93,0,20.66050267
02-04-2020,MAHARASHTRA,GONDIYA,0,718.2,0,25.70853864
02-04-2020,MAHARASHTRA,MUMBAI,0,0.02,0,0.028174373
02-04-2020,MAHARASHTRA,NASHIK,0,807.67,0,10.15048389
02-04-2020,MAHARASHTRA,GARHCHIROLI,0,1706.65,0,23.06875056
02-04-2020,MAHARASHTRA,RATNAGIRI,0,448.46,0,10.51548303
02-04-2020,MAHARASHTRA,OSMANABAD,0,770.39,0,19.79430785
02-04-2020,MAHARASHTRA,BID,0,1306.52,0,23.0475458
02-04-2020,MAHARASHTRA,LATUR,0,767.63,0,22.1148121
02-04-2020,MAHARASHTRA,YAVATMAL,0,1500.44,0,21.67318545
02-04-2020,MAHARASHTRA,BHANDARA,0,495.72,0,25.16031935
02-04-2020,MAHARASHTRA,MUMBAI SUBURBAN,0,4.2,0,1.808215023
02-04-2020,MAHARASHTRA,NANDURBAR,0,311.01,0,10.32888245
02-04-2020,MAHARASHTRA,NAGPUR,0,1460.37,0,28.82405668
02-04-2020,MAHARASHTRA,CHANDRAPUR,0,1689.71,0,29.21812569
02-04-2020,MAHARASHTRA,JALGAON,0,970.96,0,16.14979399
02-04-2020,MAHARASHTRA,HINGOLI,0,519.16,0,21.60844492
02-04-2020,MAHARASHTRA,AKOLA,0,731.86,0,26.49304333
02-04-2020,MAHARASHTRA,AURANGABAD,0,1233.57,0,23.82984913
02-04-2020,MAHARASHTRA,DHULE,0,346.93,0,9.456794127
02-04-2020,MAHARASHTRA,KOLHAPUR,0,545.16,0,13.72141967
02-04-2020,MAHARASHTRA,RAIGARH,0,382.07,0,10.38902685
02-04-2020,MAHARASHTRA,AMRAVATI,0,1673.3,0,26.84919546
02-04-2020,MAHARASHTRA,NANDED,0,1484.54,0,27.31280667
02-04-2020,MAHARASHTRA,SOLAPUR,0,1719.68,0,22.39528713
02-04-2020,MAHARASHTRA,AHMADNAGAR,0,1570.32,0,17.95490596
02-04-2020,MAHARASHTRA,THANE,0,378.6,0,7.761754667
02-04-2020,MAHARASHTRA,SANGLI,0,858.02,0,19.39838936
02-04-2020,MAHARASHTRA,WARDHA,0,832.41,0,25.82470038
02-04-2020,MAHARASHTRA,BULDANA,0,1049.15,0,21.04832676
02-04-2020,MAHARASHTRA,SINDHUDURG,0,275.63,0,10.47616792
01-04-2020,MAHARASHTRA,WASHIM,0,697.21,0,26.23438193
01-04-2020,MAHARASHTRA,SATARA,0,749.52,0,13.84024839
01-04-2020,MAHARASHTRA,PUNE,0,1303.99,0,16.21029708
01-04-2020,MAHARASHTRA,PARBHANI,0,686.57,0,21.12887847
01-04-2020,MAHARASHTRA,JALNA,0,829.28,0,20.84536504
01-04-2020,MAHARASHTRA,GONDIYA,0,731.3,0,26.17761234
01-04-2020,MAHARASHTRA,MUMBAI,0,0.02,0,0.028174373
01-04-2020,MAHARASHTRA,NASHIK,0,812.77,0,10.21455492
01-04-2020,MAHARASHTRA,GARHCHIROLI,0,1728.53,0,23.36447406
01-04-2020,MAHARASHTRA,RATNAGIRI,0,448.55,0,10.51767727
01-04-2020,MAHARASHTRA,OSMANABAD,0,778.31,0,19.99787934
01-04-2020,MAHARASHTRA,BID,0,1323.52,0,23.3474042
01-04-2020,MAHARASHTRA,LATUR,0,773.67,0,22.28880349
01-04-2020,MAHARASHTRA,YAVATMAL,0,1514.57,0,21.87732309
01-04-2020,MAHARASHTRA,BHANDARA,0,505.55,0,25.65908619
01-04-2020,MAHARASHTRA,MUMBAI SUBURBAN,0,4.21,0,1.814699144
01-04-2020,MAHARASHTRA,NANDURBAR,0,313.65,0,10.41653327
01-04-2020,MAHARASHTRA,NAGPUR,0,1489.5,0,29.39892832
01-04-2020,MAHARASHTRA,CHANDRAPUR,0,1731.26,0,29.93659263
01-04-2020,MAHARASHTRA,JALGAON,0,973.83,0,16.19766318
01-04-2020,MAHARASHTRA,HINGOLI,0,520.75,0,21.67465032
01-04-2020,MAHARASHTRA,AKOLA,0,742.56,0,26.88042629
01-04-2020,MAHARASHTRA,AURANGABAD,0,1254.03,0,24.22511306
01-04-2020,MAHARASHTRA,DHULE,0,349.86,0,9.536646395
01-04-2020,MAHARASHTRA,KOLHAPUR,0,550.66,0,13.85985858
01-04-2020,MAHARASHTRA,RAIGARH,0,382.47,0,10.39967349
01-04-2020,MAHARASHTRA,AMRAVATI,0,1694.32,0,27.18651488
01-04-2020,MAHARASHTRA,NANDED,0,1491.06,0,27.43275097
01-04-2020,MAHARASHTRA,SOLAPUR,0,1738.57,0,22.64126483
01-04-2020,MAHARASHTRA,AHMADNAGAR,0,1590.74,0,18.18842653
01-04-2020,MAHARASHTRA,THANE,0,378.94,0,7.76866858
01-04-2020,MAHARASHTRA,SANGLI,0,870.14,0,19.67244936
01-04-2020,MAHARASHTRA,WARDHA,0,843.07,0,26.15540645
01-04-2020,MAHARASHTRA,BULDANA,0,1061.57,0,21.29745429
01-04-2020,MAHARASHTRA,SINDHUDURG,0,275.7,0,10.47882637
31-05-2020,MAHARASHTRA,WASHIM,0,1060.3,0.02,39.89626692
31-05-2020,MAHARASHTRA,SATARA,0.39,1587.43,3.55,29.31256228
31-05-2020,MAHARASHTRA,PUNE,0.08,2416.72,0.45,30.04299954
31-05-2020,MAHARASHTRA,PARBHANI,0.03,1310.96,0.2,40.34396704
31-05-2020,MAHARASHTRA,JALNA,0.29,1565.17,1.68,39.34327431
31-05-2020,MAHARASHTRA,GONDIYA,0.21,979.47,1.45,35.06103311
31-05-2020,MAHARASHTRA,MUMBAI,0,23.33,0,30.45220316
31-05-2020,MAHARASHTRA,NASHIK,0,1190.35,0,14.95983629
31-05-2020,MAHARASHTRA,GARHCHIROLI,0.25,2292.13,1.69,30.98271813
31-05-2020,MAHARASHTRA,RATNAGIRI,0.77,1257.09,5.69,29.47631451
31-05-2020,MAHARASHTRA,OSMANABAD,0.19,1327.5,1.78,34.10885712
31-05-2020,MAHARASHTRA,BID,0.46,2248.55,3.69,39.66550493
31-05-2020,MAHARASHTRA,LATUR,0.15,1144.26,1.16,32.96497227
31-05-2020,MAHARASHTRA,YAVATMAL,0.05,2602.05,0.3,37.58542214
31-05-2020,MAHARASHTRA,BHANDARA,0.08,667.87,0.48,33.89800093
31-05-2020,MAHARASHTRA,MUMBAI SUBURBAN,0,44.38,0,19.114425
31-05-2020,MAHARASHTRA,NANDURBAR,0,322.54,0,10.71187367
31-05-2020,MAHARASHTRA,NAGPUR,0.01,1590.7,0.08,31.39635728
31-05-2020,MAHARASHTRA,CHANDRAPUR,0.03,2000.17,0.26,34.58654109
31-05-2020,MAHARASHTRA,JALGAON,0,1069.76,0,17.79314291
31-05-2020,MAHARASHTRA,HINGOLI,0.04,951.25,0.22,39.59307675
31-05-2020,MAHARASHTRA,AKOLA,0,771.18,0,27.91629846
31-05-2020,MAHARASHTRA,AURANGABAD,0.11,1846.48,0.7,35.66995966
31-05-2020,MAHARASHTRA,DHULE,0,384.2,0,10.47260564
31-05-2020,MAHARASHTRA,KOLHAPUR,1.4,1426.21,11.1,35.89701672
31-05-2020,MAHARASHTRA,RAIGARH,0.1,700.27,0.71,19.04099393
31-05-2020,MAHARASHTRA,AMRAVATI,0,1731.23,0,27.77879952
31-05-2020,MAHARASHTRA,NANDED,0.05,2077.6,0.28,38.2239919
31-05-2020,MAHARASHTRA,SOLAPUR,0.02,2624.87,0.1,34.18358902
31-05-2020,MAHARASHTRA,AHMADNAGAR,0.43,3228.1,2.7,36.90992679
31-05-2020,MAHARASHTRA,THANE,0.01,533.31,0.06,10.93340822
31-05-2020,MAHARASHTRA,SANGLI,0.31,1417.99,2.59,32.05827071
31-05-2020,MAHARASHTRA,WARDHA,0.06,1054.63,0.34,32.71868137
31-05-2020,MAHARASHTRA,BULDANA,0.11,1452.58,0.62,29.14204196
31-05-2020,MAHARASHTRA,SINDHUDURG,0.83,801.26,6.05,30.45467158
30-05-2020,MAHARASHTRA,WASHIM,0,791.57,0,29.78484574
30-05-2020,MAHARASHTRA,SATARA,0,1145.35,0,21.14943509
30-05-2020,MAHARASHTRA,PUNE,0,1737.72,0,21.60210256
30-05-2020,MAHARASHTRA,PARBHANI,0,731.91,0,22.52400964
30-05-2020,MAHARASHTRA,JALNA,0,953.23,0,23.96100034
30-05-2020,MAHARASHTRA,GONDIYA,0,718.16,0,25.7069551
30-05-2020,MAHARASHTRA,MUMBAI,0,0.02,0,0.028174373
30-05-2020,MAHARASHTRA,NASHIK,0,1147.44,0,14.42058459
30-05-2020,MAHARASHTRA,GARHCHIROLI,0,2022.75,0,27.34149638
30-05-2020,MAHARASHTRA,RATNAGIRI,0,712.4,0,16.70441483
30-05-2020,MAHARASHTRA,OSMANABAD,0,955.99,0,24.56323672
30-05-2020,MAHARASHTRA,BID,0,1257.23,0,22.17816474
30-05-2020,MAHARASHTRA,LATUR,0,806.15,0,23.22432865
30-05-2020,MAHARASHTRA,YAVATMAL,0,1590.44,0,22.97328628
30-05-2020,MAHARASHTRA,BHANDARA,0,482.07,0,24.4677192
30-05-2020,MAHARASHTRA,MUMBAI SUBURBAN,0,4.16,0,1.791770389
30-05-2020,MAHARASHTRA,NANDURBAR,0,294.04,0,9.765292193
30-05-2020,MAHARASHTRA,NAGPUR,0,1325.46,0,26.16116708
30-05-2020,MAHARASHTRA,CHANDRAPUR,0,1618.77,0,27.99134953
30-05-2020,MAHARASHTRA,JALGAON,0,1014.69,0,16.87722151
30-05-2020,MAHARASHTRA,HINGOLI,0,553.17,0,23.0239557
30-05-2020,MAHARASHTRA,AKOLA,0,700.01,0,25.34008757
30-05-2020,MAHARASHTRA,AURANGABAD,0,1072.77,0,20.72356907
30-05-2020,MAHARASHTRA,DHULE,0,384.53,0,10.48164296
30-05-2020,MAHARASHTRA,KOLHAPUR,0,935.34,0.01,23.54209513
30-05-2020,MAHARASHTRA,RAIGARH,0,463.47,0,12.6021925
30-05-2020,MAHARASHTRA,AMRAVATI,0,1660.65,0,26.64617845
30-05-2020,MAHARASHTRA,NANDED,0,1578.39,0,29.03950277
30-05-2020,MAHARASHTRA,SOLAPUR,0,2028.04,0,26.41101009
30-05-2020,MAHARASHTRA,AHMADNAGAR,0,1771.77,0,20.25832774
30-05-2020,MAHARASHTRA,THANE,0,439.92,0,9.018877173
30-05-2020,MAHARASHTRA,SANGLI,0,1121.31,0,25.35087422
30-05-2020,MAHARASHTRA,WARDHA,0,830.29,0,25.75885846
30-05-2020,MAHARASHTRA,BULDANA,0,1088.32,0,21.83412314
30-05-2020,MAHARASHTRA,SINDHUDURG,0,501.71,0,19.06921686
29-05-2020,MAHARASHTRA,WASHIM,0,797.53,0,30.00915488
29-05-2020,MAHARASHTRA,SATARA,0,1164.43,0,21.50173295
29-05-2020,MAHARASHTRA,PUNE,0,1763.91,0,21.92767391
29-05-2020,MAHARASHTRA,PARBHANI,0,735.54,0,22.63568142
29-05-2020,MAHARASHTRA,JALNA,0,961.87,0,24.17831737
29-05-2020,MAHARASHTRA,GONDIYA,0,716.42,0,25.64481497
29-05-2020,MAHARASHTRA,MUMBAI,0,0.02,0,0.028174373
29-05-2020,MAHARASHTRA,NASHIK,0,1162.17,0,14.60565145
29-05-2020,MAHARASHTRA,GARHCHIROLI,0,2046.37,0,27.66071958
29-05-2020,MAHARASHTRA,RATNAGIRI,0,721.45,0,16.91658543
29-05-2020,MAHARASHTRA,OSMANABAD,0,968.73,0,24.89046937
29-05-2020,MAHARASHTRA,BID,0,1268.51,0,22.37713973
29-05-2020,MAHARASHTRA,LATUR,0,813.51,0,23.43652076
29-05-2020,MAHARASHTRA,YAVATMAL,0,1600.97,0,23.12527131
29-05-2020,MAHARASHTRA,BHANDARA,0,481.47,0,24.43720317
29-05-2020,MAHARASHTRA,MUMBAI SUBURBAN,0,4.16,0,1.791770389
29-05-2020,MAHARASHTRA,NANDURBAR,0,294.18,0,9.770150068
29-05-2020,MAHARASHTRA,NAGPUR,0,1336.81,0,26.38528762
29-05-2020,MAHARASHTRA,CHANDRAPUR,0,1649.25,0,28.51845783
29-05-2020,MAHARASHTRA,JALGAON,0,1016.48,0,16.9069514
29-05-2020,MAHARASHTRA,HINGOLI,0,556.13,0,23.1471869
29-05-2020,MAHARASHTRA,AKOLA,0,705.33,0,25.53274278
29-05-2020,MAHARASHTRA,AURANGABAD,0,1081.63,0,20.89467766
29-05-2020,MAHARASHTRA,DHULE,0,386.82,0,10.54411606
29-05-2020,MAHARASHTRA,KOLHAPUR,0,962.25,0.03,24.21926809
29-05-2020,MAHARASHTRA,RAIGARH,0,465.81,0,12.66585158
29-05-2020,MAHARASHTRA,AMRAVATI,0,1673.55,0,26.85324929
29-05-2020,MAHARASHTRA,NANDED,0,1592.65,0,29.3019672
29-05-2020,MAHARASHTRA,SOLAPUR,0,2053.55,0,26.74328504
29-05-2020,MAHARASHTRA,AHMADNAGAR,0,1792.95,0,20.50048687
29-05-2020,MAHARASHTRA,THANE,0,442.11,0,9.063783024
29-05-2020,MAHARASHTRA,SANGLI,0,1142.63,0,25.83300024
29-05-2020,MAHARASHTRA,WARDHA,0,838.12,0,26.00184438
29-05-2020,MAHARASHTRA,BULDANA,0,1096.14,0,21.99101801
29-05-2020,MAHARASHTRA,SINDHUDURG,0,508.06,0,19.31050878
28-05-2020,MAHARASHTRA,WASHIM,0,803.49,0,30.23333346
28-05-2020,MAHARASHTRA,SATARA,0,1190.37,0,21.98069018
28-05-2020,MAHARASHTRA,PUNE,0,1792.2,0,22.2794585
28-05-2020,MAHARASHTRA,PARBHANI,0,739.65,0,22.76218021
28-05-2020,MAHARASHTRA,JALNA,0,971.33,0,24.41611868
28-05-2020,MAHARASHTRA,GONDIYA,0,685.92,0,24.5530291
28-05-2020,MAHARASHTRA,MUMBAI,0,0.02,0,0.028174373
28-05-2020,MAHARASHTRA,NASHIK,0,1178.45,0,14.81027574
28-05-2020,MAHARASHTRA,GARHCHIROLI,0,1797.85,0,24.30151502
28-05-2020,MAHARASHTRA,RATNAGIRI,0,730.74,0,17.13437883
28-05-2020,MAHARASHTRA,OSMANABAD,0,982.99,0,25.25686257
28-05-2020,MAHARASHTRA,BID,0,1281.29,0,22.60257157
28-05-2020,MAHARASHTRA,LATUR,0,822.45,0,23.69388766
28-05-2020,MAHARASHTRA,YAVATMAL,0,1488.64,0,21.50273004
28-05-2020,MAHARASHTRA,BHANDARA,0,468.24,0,23.76570504
28-05-2020,MAHARASHTRA,MUMBAI SUBURBAN,0,4.16,0,1.791770389
28-05-2020,MAHARASHTRA,NANDURBAR,0,294.38,0,9.776553828
28-05-2020,MAHARASHTRA,NAGPUR,0,1312.96,0,25.9145456
28-05-2020,MAHARASHTRA,CHANDRAPUR,0,1456.96,0,25.19343756
28-05-2020,MAHARASHTRA,JALGAON,0,1018.58,0,16.9418936
28-05-2020,MAHARASHTRA,HINGOLI,0,557.71,0,23.21318088
28-05-2020,MAHARASHTRA,AKOLA,0,710.99,0,25.73735773
28-05-2020,MAHARASHTRA,AURANGABAD,0,1091.58,0,21.08691906
28-05-2020,MAHARASHTRA,DHULE,0,389.35,0,10.61305203
28-05-2020,MAHARASHTRA,KOLHAPUR,0.01,990.98,0.07,24.94249205
28-05-2020,MAHARASHTRA,RAIGARH,0,468.25,0,12.73219093
28-05-2020,MAHARASHTRA,AMRAVATI,0,1687.59,0,27.07842627
28-05-2020,MAHARASHTRA,NANDED,0,1566.49,0,28.82057881
28-05-2020,MAHARASHTRA,SOLAPUR,0,2081.62,0,27.1088949
28-05-2020,MAHARASHTRA,AHMADNAGAR,0,1816.98,0,20.77524832
28-05-2020,MAHARASHTRA,THANE,0,444.21,0,9.10673748
28-05-2020,MAHARASHTRA,SANGLI,0,1168.04,0,26.4072834
28-05-2020,MAHARASHTRA,WARDHA,0,803.18,0,24.91778302
28-05-2020,MAHARASHTRA,BULDANA,0,1104.64,0,22.16161453
28-05-2020,MAHARASHTRA,SINDHUDURG,0,519.08,0,19.72916595
27-05-2020,MAHARASHTRA,WASHIM,0,810.34,0,30.49094225
27-05-2020,MAHARASHTRA,SATARA,0,1218.02,0,22.49126938
27-05-2020,MAHARASHTRA,PUNE,0,1823.3,0,22.6660879
27-05-2020,MAHARASHTRA,PARBHANI,0,744.25,0,22.90385969
27-05-2020,MAHARASHTRA,JALNA,0,981.63,0,24.67482266
27-05-2020,MAHARASHTRA,GONDIYA,0,696.51,0,24.93231039
27-05-2020,MAHARASHTRA,MUMBAI,0,0.02,0,0.031551912
27-05-2020,MAHARASHTRA,NASHIK,0,1195.98,0,15.03059752
27-05-2020,MAHARASHTRA,GARHCHIROLI,0,1832.28,0,24.76695102
27-05-2020,MAHARASHTRA,RATNAGIRI,0,741.02,0,17.37537285
27-05-2020,MAHARASHTRA,OSMANABAD,0,998.05,0,25.64387602
27-05-2020,MAHARASHTRA,BID,0,1294.86,0,22.84189578
27-05-2020,MAHARASHTRA,LATUR,0,831.72,0,23.96101379
27-05-2020,MAHARASHTRA,YAVATMAL,0,1498.65,0,21.64731151
27-05-2020,MAHARASHTRA,BHANDARA,0,476.31,0,24.17518147
27-05-2020,MAHARASHTRA,MUMBAI SUBURBAN,0,4.16,0,1.791770389
27-05-2020,MAHARASHTRA,NANDURBAR,0,294.56,0,9.782831628
27-05-2020,MAHARASHTRA,NAGPUR,0,1328.83,0,26.22767769
27-05-2020,MAHARASHTRA,CHANDRAPUR,0,1479.56,0,25.5841768
27-05-2020,MAHARASHTRA,JALGAON,0,1020.87,0,16.9800293
27-05-2020,MAHARASHTRA,HINGOLI,0,561.21,0,23.35883593
27-05-2020,MAHARASHTRA,AKOLA,0,717.26,0,25.96462514
27-05-2020,MAHARASHTRA,AURANGABAD,0,1102.48,0,21.29757255
27-05-2020,MAHARASHTRA,DHULE,0,392.02,0,10.68591949
27-05-2020,MAHARASHTRA,KOLHAPUR,0.02,1022.95,0.18,25.74709748
27-05-2020,MAHARASHTRA,RAIGARH,0,470.93,0,12.80499295
27-05-2020,MAHARASHTRA,AMRAVATI,0,1702.12,0,27.31160968
27-05-2020,MAHARASHTRA,NANDED,0,1579.33,0,29.05690494
27-05-2020,MAHARASHTRA,SOLAPUR,0,2111.45,0,27.49734687
27-05-2020,MAHARASHTRA,AHMADNAGAR,0,1843.27,0,21.07582113
27-05-2020,MAHARASHTRA,THANE,0,446.74,0,9.158612635
27-05-2020,MAHARASHTRA,SANGLI,0,1196.48,0,27.0502495
27-05-2020,MAHARASHTRA,WARDHA,0,811.3,0,25.16953799
27-05-2020,MAHARASHTRA,BULDANA,0,1113.93,0,22.34786744
27-05-2020,MAHARASHTRA,SINDHUDURG,0,531.39,0,20.19726097
26-05-2020,MAHARASHTRA,WASHIM,0,817.53,0,30.76175115
26-05-2020,MAHARASHTRA,SATARA,0,1248.44,0,23.05292143
26-05-2020,MAHARASHTRA,PUNE,0,1855.85,0,23.07066938
26-05-2020,MAHARASHTRA,PARBHANI,0,748.85,0,23.04553576
26-05-2020,MAHARASHTRA,JALNA,0,992.63,0,24.95143748
26-05-2020,MAHARASHTRA,GONDIYA,0,708.09,0,25.34650702
26-05-2020,MAHARASHTRA,MUMBAI,0,0.02,0,0.028174373
26-05-2020,MAHARASHTRA,NASHIK,0,1216.01,0,15.28229021
26-05-2020,MAHARASHTRA,GARHCHIROLI,0,1869.84,0,25.27457608
26-05-2020,MAHARASHTRA,RATNAGIRI,0,751.9,0,17.63061192
26-05-2020,MAHARASHTRA,OSMANABAD,0,1014.24,0,26.05977556
26-05-2020,MAHARASHTRA,BID,0,1309.37,0,23.09786844
26-05-2020,MAHARASHTRA,LATUR,0,841.54,0,24.24406026
26-05-2020,MAHARASHTRA,YAVATMAL,0,1509.01,0,21.79706605
26-05-2020,MAHARASHTRA,BHANDARA,0,485.15,0,24.62379243
26-05-2020,MAHARASHTRA,MUMBAI SUBURBAN,0,4.16,0,1.791770389
26-05-2020,MAHARASHTRA,NANDURBAR,0,294.7,0,9.787462743
26-05-2020,MAHARASHTRA,NAGPUR,0,1345.29,0,26.55254903
26-05-2020,MAHARASHTRA,CHANDRAPUR,0,1504.27,0,26.0115306
26-05-2020,MAHARASHTRA,JALGAON,0,1023.35,0,17.02126115
26-05-2020,MAHARASHTRA,HINGOLI,0,564.93,0,23.51347076
26-05-2020,MAHARASHTRA,AKOLA,0,723.82,0,26.20198917
26-05-2020,MAHARASHTRA,AURANGABAD,0,1114.12,0,21.52235363
26-05-2020,MAHARASHTRA,DHULE,0,395.18,0,10.77191526
26-05-2020,MAHARASHTRA,KOLHAPUR,0.04,1058.25,0.35,26.63565689
26-05-2020,MAHARASHTRA,RAIGARH,0,473.67,0,12.87958969
26-05-2020,MAHARASHTRA,AMRAVATI,0,1717.56,0,27.55945182
26-05-2020,MAHARASHTRA,NANDED,0,1592.66,0,29.30212446
26-05-2020,MAHARASHTRA,SOLAPUR,0,2144.19,0,27.92373755
26-05-2020,MAHARASHTRA,AHMADNAGAR,0,1871.63,0,21.4000503
26-05-2020,MAHARASHTRA,THANE,0,449.35,0,9.212131974
26-05-2020,MAHARASHTRA,SANGLI,0,1228.17,0,27.76670241
26-05-2020,MAHARASHTRA,WARDHA,0,820.08,0,25.44209295
26-05-2020,MAHARASHTRA,BULDANA,0,1124.03,0,22.55046699
26-05-2020,MAHARASHTRA,SINDHUDURG,0,544.47,0,20.69455048
25-05-2020,MAHARASHTRA,WASHIM,0,825.06,0,31.044839
25-05-2020,MAHARASHTRA,SATARA,0,1256.65,0,23.20467733
25-05-2020,MAHARASHTRA,PUNE,0,1891.16,0,23.5096161
25-05-2020,MAHARASHTRA,PARBHANI,0,754.17,0,23.20923749
25-05-2020,MAHARASHTRA,JALNA,0,1004.04,0,25.23835979
25-05-2020,MAHARASHTRA,GONDIYA,0,720.39,0,25.78693166
25-05-2020,MAHARASHTRA,MUMBAI,0,0.27,0,0.351697638
25-05-2020,MAHARASHTRA,NASHIK,0,1237.6,0,15.55362423
25-05-2020,MAHARASHTRA,GARHCHIROLI,0,1899.5,0,25.67552581
25-05-2020,MAHARASHTRA,RATNAGIRI,0,740.63,0,17.36623126
25-05-2020,MAHARASHTRA,OSMANABAD,0,1032.04,0,26.51710515
25-05-2020,MAHARASHTRA,BID,0,1324.85,0,23.37101959
25-05-2020,MAHARASHTRA,LATUR,0,852.62,0,24.56307495
25-05-2020,MAHARASHTRA,YAVATMAL,0,1519.06,0,21.94214287
25-05-2020,MAHARASHTRA,BHANDARA,0,494.66,0,25.10628805
25-05-2020,MAHARASHTRA,MUMBAI SUBURBAN,0,4.55,0,1.959721101
25-05-2020,MAHARASHTRA,NANDURBAR,0,299.27,0,9.939177939
25-05-2020,MAHARASHTRA,NAGPUR,0,1363.39,0,26.9098155
25-05-2020,MAHARASHTRA,CHANDRAPUR,0,1513.83,0,26.17686028
25-05-2020,MAHARASHTRA,JALGAON,0,1027.41,0,17.08882637
25-05-2020,MAHARASHTRA,HINGOLI,0,569.06,0,23.68566547
25-05-2020,MAHARASHTRA,AKOLA,0,730.49,0,26.44343474
25-05-2020,MAHARASHTRA,AURANGABAD,0,1127.62,0,21.78307759
25-05-2020,MAHARASHTRA,DHULE,0,398.72,0,10.86854904
25-05-2020,MAHARASHTRA,KOLHAPUR,0.02,997.44,0.17,25.10515868
25-05-2020,MAHARASHTRA,RAIGARH,0,477.33,0,12.979246
25-05-2020,MAHARASHTRA,AMRAVATI,0,1733.67,0,27.81788111
25-05-2020,MAHARASHTRA,NANDED,0,1607,0,29.56581944
25-05-2020,MAHARASHTRA,SOLAPUR,0,2157.88,0,28.10197308
25-05-2020,MAHARASHTRA,AHMADNAGAR,0,1902.2,0,21.74966039
25-05-2020,MAHARASHTRA,THANE,0,452.94,0,9.285746956
25-05-2020,MAHARASHTRA,SANGLI,0,1160.25,0,26.23132572
25-05-2020,MAHARASHTRA,WARDHA,0,829.21,0,25.72532099
25-05-2020,MAHARASHTRA,BULDANA,0,1134.68,0,22.76410882
25-05-2020,MAHARASHTRA,SINDHUDURG,0,500.64,0,19.028435
24-05-2020,MAHARASHTRA,WASHIM,0,833.4,0,31.35881523
24-05-2020,MAHARASHTRA,SATARA,0,1288.58,0,23.79423373
24-05-2020,MAHARASHTRA,PUNE,0,1930.37,0,23.99706903
24-05-2020,MAHARASHTRA,PARBHANI,0,759.55,0,23.37460145
24-05-2020,MAHARASHTRA,JALNA,0,1016.38,0,25.54852819
24-05-2020,MAHARASHTRA,GONDIYA,0,733.83,0,26.26801267
24-05-2020,MAHARASHTRA,MUMBAI,0,0.02,0,0.028174373
24-05-2020,MAHARASHTRA,NASHIK,0,1261.68,0,15.85632916
24-05-2020,MAHARASHTRA,GARHCHIROLI,0,1943.19,0,26.26612305
24-05-2020,MAHARASHTRA,RATNAGIRI,0,748.26,0,17.54515693
24-05-2020,MAHARASHTRA,OSMANABAD,0,1051.46,0,27.01633523
24-05-2020,MAHARASHTRA,BID,0,1341.66,0,23.66743045
24-05-2020,MAHARASHTRA,LATUR,0,864.55,0,24.90691311
24-05-2020,MAHARASHTRA,YAVATMAL,0,1530.84,0,22.11234175
24-05-2020,MAHARASHTRA,BHANDARA,0,505.03,0,25.63297326
24-05-2020,MAHARASHTRA,MUMBAI SUBURBAN,0,4.16,0,1.791770389
24-05-2020,MAHARASHTRA,NANDURBAR,0,295.22,0,9.804484553
24-05-2020,MAHARASHTRA,NAGPUR,0,1382.91,0,27.29517838
24-05-2020,MAHARASHTRA,CHANDRAPUR,0,1541.27,0,26.65129533
24-05-2020,MAHARASHTRA,JALGAON,0,1029.3,0,17.12029907
24-05-2020,MAHARASHTRA,HINGOLI,0,573.24,0,23.85946805
24-05-2020,MAHARASHTRA,AKOLA,0,738.05,0,26.71708432
24-05-2020,MAHARASHTRA,AURANGABAD,0,1140.45,0,22.03095021
24-05-2020,MAHARASHTRA,DHULE,0,402.5,0,10.97149321
24-05-2020,MAHARASHTRA,KOLHAPUR,0.03,1011.89,0.26,25.46880808
24-05-2020,MAHARASHTRA,RAIGARH,0,479.68,0,13.04297244
24-05-2020,MAHARASHTRA,AMRAVATI,0,1750.9,0,28.09428089
24-05-2020,MAHARASHTRA,NANDED,0,1622.6,0,29.85286716
24-05-2020,MAHARASHTRA,SOLAPUR,0,2192.85,0,28.55734866
24-05-2020,MAHARASHTRA,AHMADNAGAR,0,1934.33,0,22.11706733
24-05-2020,MAHARASHTRA,THANE,0,455.56,0,9.339578252
24-05-2020,MAHARASHTRA,SANGLI,0,1175.79,0,26.58270069
24-05-2020,MAHARASHTRA,WARDHA,0,839.19,0,26.03496558
24-05-2020,MAHARASHTRA,BULDANA,0,1146.01,0,22.9915057
24-05-2020,MAHARASHTRA,SINDHUDURG,0,507.74,0,19.29845908
23-05-2020,MAHARASHTRA,WASHIM,0,842.2,0,31.68975758
23-05-2020,MAHARASHTRA,SATARA,0,1325.64,0,24.4785318
23-05-2020,MAHARASHTRA,PUNE,0,1973.06,0,24.52772198
23-05-2020,MAHARASHTRA,PARBHANI,0,765.4,0,23.55464715
23-05-2020,MAHARASHTRA,JALNA,0,1029.98,0,25.89028802
23-05-2020,MAHARASHTRA,GONDIYA,0,748.54,0,26.79467159
23-05-2020,MAHARASHTRA,MUMBAI,0,0.02,0,0.028174373
23-05-2020,MAHARASHTRA,NASHIK,0,1288.35,0,16.19152096
23-05-2020,MAHARASHTRA,GARHCHIROLI,0,1992.11,0,26.92729271
23-05-2020,MAHARASHTRA,RATNAGIRI,0,759.75,0,17.81467347
23-05-2020,MAHARASHTRA,OSMANABAD,0,1072.37,0,27.55354457
23-05-2020,MAHARASHTRA,BID,0,1359.48,0,23.98182662
23-05-2020,MAHARASHTRA,LATUR,0,876.9,0,25.26273241
23-05-2020,MAHARASHTRA,YAVATMAL,0,1543.68,0,22.29773459
23-05-2020,MAHARASHTRA,BHANDARA,0,516.26,0,26.20288734
23-05-2020,MAHARASHTRA,MUMBAI SUBURBAN,0,4.16,0,1.791770389
23-05-2020,MAHARASHTRA,NANDURBAR,0,295.62,0,9.817807837
23-05-2020,MAHARASHTRA,NAGPUR,0,1403.67,0,27.70499356
23-05-2020,MAHARASHTRA,CHANDRAPUR,0,1571.51,0,27.17421541
23-05-2020,MAHARASHTRA,JALGAON,0,1032.82,0,17.17872594
23-05-2020,MAHARASHTRA,HINGOLI,0,578.08,0,24.06095743
23-05-2020,MAHARASHTRA,AKOLA,0,746.01,0,27.00505096
23-05-2020,MAHARASHTRA,AURANGABAD,0,1155,0,22.31209537
23-05-2020,MAHARASHTRA,DHULE,0,406.76,0,11.08758619
23-05-2020,MAHARASHTRA,KOLHAPUR,0.05,1045.69,0.51,26.3195422
23-05-2020,MAHARASHTRA,RAIGARH,0,483.08,0,13.13534394
23-05-2020,MAHARASHTRA,AMRAVATI,0,1769,0,28.38484967
23-05-2020,MAHARASHTRA,NANDED,0,1638.87,0,30.15219495
23-05-2020,MAHARASHTRA,SOLAPUR,0,2233.59,0,29.0879132
23-05-2020,MAHARASHTRA,AHMADNAGAR,0,1971.02,0,22.53653009
23-05-2020,MAHARASHTRA,THANE,0,459.05,0,9.411018039
23-05-2020,MAHARASHTRA,SANGLI,0,1205.01,0,27.24318036
23-05-2020,MAHARASHTRA,WARDHA,0,849.51,0,26.35506783
23-05-2020,MAHARASHTRA,BULDANA,0,1158.57,0,23.24340668
23-05-2020,MAHARASHTRA,SINDHUDURG,0,518.98,0,19.7256967
22-05-2020,MAHARASHTRA,WASHIM,0,851.59,0,32.04312396
22-05-2020,MAHARASHTRA,SATARA,0,1366.28,0.01,25.2289076
22-05-2020,MAHARASHTRA,PUNE,0,2021.09,0,25.1248419
22-05-2020,MAHARASHTRA,PARBHANI,0,771.71,0,23.74889707
22-05-2020,MAHARASHTRA,JALNA,0,1044.21,0,26.24787746
22-05-2020,MAHARASHTRA,GONDIYA,0,764.81,0,27.37709722
22-05-2020,MAHARASHTRA,MUMBAI,0,0.02,0,0.028174373
22-05-2020,MAHARASHTRA,NASHIK,0,1317.78,0,16.56135418
22-05-2020,MAHARASHTRA,GARHCHIROLI,0,2047.97,0,27.68235226
22-05-2020,MAHARASHTRA,RATNAGIRI,0,772.46,0,18.11262242
22-05-2020,MAHARASHTRA,OSMANABAD,0,1095.07,0,28.1367239
22-05-2020,MAHARASHTRA,BID,0,1379.01,0,24.32629693
22-05-2020,MAHARASHTRA,LATUR,0,890.55,0,25.6557649
22-05-2020,MAHARASHTRA,YAVATMAL,0,1557.17,0,22.49260048
22-05-2020,MAHARASHTRA,BHANDARA,0,528.62,0,26.83026368
22-05-2020,MAHARASHTRA,MUMBAI SUBURBAN,0,4.16,0,1.791770389
22-05-2020,MAHARASHTRA,NANDURBAR,0,296,0,9.830364684
22-05-2020,MAHARASHTRA,NAGPUR,0,1425.97,0,28.14510146
22-05-2020,MAHARASHTRA,CHANDRAPUR,0,1604.35,0,27.7420401
22-05-2020,MAHARASHTRA,JALGAON,0,1036.89,0,17.24642185
22-05-2020,MAHARASHTRA,HINGOLI,0,583.06,0,24.26826705
22-05-2020,MAHARASHTRA,AKOLA,0,754.4,0,27.3088232
22-05-2020,MAHARASHTRA,AURANGABAD,0,1170.94,0,22.61990747
22-05-2020,MAHARASHTRA,DHULE,0,411.38,0,11.21363163
22-05-2020,MAHARASHTRA,KOLHAPUR,0.09,1082.59,0.88,27.24826042
22-05-2020,MAHARASHTRA,RAIGARH,0,486.83,0,13.23732086
22-05-2020,MAHARASHTRA,AMRAVATI,0,1788.12,0,28.691531
22-05-2020,MAHARASHTRA,NANDED,0,1655.92,0,30.46587653
22-05-2020,MAHARASHTRA,SOLAPUR,0,2277.75,0,29.66308605
22-05-2020,MAHARASHTRA,AHMADNAGAR,0,2010.04,0,22.98273254
22-05-2020,MAHARASHTRA,THANE,0,462.96,0,9.491161767
22-05-2020,MAHARASHTRA,SANGLI,0,1237.53,0.01,27.97851677
22-05-2020,MAHARASHTRA,WARDHA,0,860.56,0,26.69804749
22-05-2020,MAHARASHTRA,BULDANA,0,1172.09,0,23.51480162
22-05-2020,MAHARASHTRA,SINDHUDURG,0,531.65,0,20.20705328
21-05-2020,MAHARASHTRA,WASHIM,0,861.52,0,32.41694889
21-05-2020,MAHARASHTRA,SATARA,0.01,1408.76,0.07,26.01328059
21-05-2020,MAHARASHTRA,PUNE,0,2071.56,0,25.75224648
21-05-2020,MAHARASHTRA,PARBHANI,0,778.69,0,23.96379287
21-05-2020,MAHARASHTRA,JALNA,0,1059.64,0,26.63584735
21-05-2020,MAHARASHTRA,GONDIYA,0,783.03,0,28.02904356
21-05-2020,MAHARASHTRA,MUMBAI,0,0.02,0,0.028174373
21-05-2020,MAHARASHTRA,NASHIK,0,1348.62,0,16.94896585
21-05-2020,MAHARASHTRA,GARHCHIROLI,0,2113.24,0,28.56461294
21-05-2020,MAHARASHTRA,RATNAGIRI,0,784.92,0,18.40489222
21-05-2020,MAHARASHTRA,OSMANABAD,0,1119.31,0,28.75961476
21-05-2020,MAHARASHTRA,BID,0,1399.66,0,24.69056255
21-05-2020,MAHARASHTRA,LATUR,0,905.37,0,26.08279913
21-05-2020,MAHARASHTRA,YAVATMAL,0,1571.58,0,22.70077449
21-05-2020,MAHARASHTRA,BHANDARA,0,542.03,0,27.51067246
21-05-2020,MAHARASHTRA,MUMBAI SUBURBAN,0,4.16,0,1.791770389
21-05-2020,MAHARASHTRA,NANDURBAR,0,296.4,0,9.843706747
21-05-2020,MAHARASHTRA,NAGPUR,0,1450.82,0,28.63552021
21-05-2020,MAHARASHTRA,CHANDRAPUR,0,1640.41,0,28.36567366
21-05-2020,MAHARASHTRA,JALGAON,0,1041.41,0,17.32157996
21-05-2020,MAHARASHTRA,HINGOLI,0,588.51,0,24.49518746
21-05-2020,MAHARASHTRA,AKOLA,0,763.02,0,27.62093581
21-05-2020,MAHARASHTRA,AURANGABAD,0,1187.65,0,22.94270575
21-05-2020,MAHARASHTRA,DHULE,0,416.37,0,11.34958302
21-05-2020,MAHARASHTRA,KOLHAPUR,0.08,1092.33,0.77,27.4933184
21-05-2020,MAHARASHTRA,RAIGARH,0,490.36,0,13.33337113
21-05-2020,MAHARASHTRA,AMRAVATI,0,1808.57,0,29.0197219
21-05-2020,MAHARASHTRA,NANDED,0,1674.54,0,30.80843813
21-05-2020,MAHARASHTRA,SOLAPUR,0,2324.29,0,30.26915056
21-05-2020,MAHARASHTRA,AHMADNAGAR,0,2052.23,0,23.46509543
21-05-2020,MAHARASHTRA,THANE,0,466.96,0,9.573269407
21-05-2020,MAHARASHTRA,SANGLI,0.01,1271.77,0.06,28.75256363
21-05-2020,MAHARASHTRA,WARDHA,0,872.26,0,27.06099287
21-05-2020,MAHARASHTRA,BULDANA,0,1186.53,0,23.80450992
21-05-2020,MAHARASHTRA,SINDHUDURG,0,531.87,0,20.21555612
20-05-2020,MAHARASHTRA,WASHIM,0,872.25,0,32.82044852
20-05-2020,MAHARASHTRA,SATARA,0.02,1455.65,0.17,26.87915502
20-05-2020,MAHARASHTRA,PUNE,0,2127.17,0,26.44354859
20-05-2020,MAHARASHTRA,PARBHANI,0,787.31,0,24.22894066
20-05-2020,MAHARASHTRA,JALNA,0,1076.51,0,27.05997416
20-05-2020,MAHARASHTRA,GONDIYA,0,800.03,0.01,28.63787818
20-05-2020,MAHARASHTRA,MUMBAI,0,0.02,0,0.028174373
20-05-2020,MAHARASHTRA,NASHIK,0,1383.39,0,17.38591353
20-05-2020,MAHARASHTRA,GARHCHIROLI,0,2185.52,0,29.54160757
20-05-2020,MAHARASHTRA,RATNAGIRI,0,797.99,0,18.7113702
20-05-2020,MAHARASHTRA,OSMANABAD,0,1147.95,0,29.49538262
20-05-2020,MAHARASHTRA,BID,0,1423.99,0,25.11990407
20-05-2020,MAHARASHTRA,LATUR,0,922.92,0,26.58834848
20-05-2020,MAHARASHTRA,YAVATMAL,0,1586.6,0,22.91770347
20-05-2020,MAHARASHTRA,BHANDARA,0,550.41,0,27.93620924
20-05-2020,MAHARASHTRA,MUMBAI SUBURBAN,0,4.16,0,1.791770389
20-05-2020,MAHARASHTRA,NANDURBAR,0,297.03,0,9.86465184
20-05-2020,MAHARASHTRA,NAGPUR,0,1471.4,0,29.04177256
20-05-2020,MAHARASHTRA,CHANDRAPUR,0,1675.57,0.01,28.97357769
20-05-2020,MAHARASHTRA,JALGAON,0,1046.74,0,17.41022325
20-05-2020,MAHARASHTRA,HINGOLI,0,593.99,0,24.72307793
20-05-2020,MAHARASHTRA,AKOLA,0,772.45,0,27.96227154
20-05-2020,MAHARASHTRA,AURANGABAD,0,1206.13,0,23.29978107
20-05-2020,MAHARASHTRA,DHULE,0,421.97,0,11.50234011
20-05-2020,MAHARASHTRA,KOLHAPUR,0.15,1134.26,1.39,28.54874975
20-05-2020,MAHARASHTRA,RAIGARH,0,494.3,0,13.44068752
20-05-2020,MAHARASHTRA,AMRAVATI,0,1833.04,0,29.41228775
20-05-2020,MAHARASHTRA,NANDED,0,1694.12,0,31.1687741
20-05-2020,MAHARASHTRA,SOLAPUR,0,2378.95,0,30.980948
20-05-2020,MAHARASHTRA,AHMADNAGAR,0,2098.12,0,23.98973071
20-05-2020,MAHARASHTRA,THANE,0,471.33,0,9.662709512
20-05-2020,MAHARASHTRA,SANGLI,0.02,1312.39,0.15,29.67087002
20-05-2020,MAHARASHTRA,WARDHA,0,883.5,0,27.40963299
20-05-2020,MAHARASHTRA,BULDANA,0,1202.52,0,24.12532372
20-05-2020,MAHARASHTRA,SINDHUDURG,0,544.91,0,20.71107381
17-05-2020,MAHARASHTRA,WASHIM,0,923.18,0,34.73683654
17-05-2020,MAHARASHTRA,SATARA,0.08,1627.9,0.76,30.05989863
17-05-2020,MAHARASHTRA,PUNE,0,2371.05,0,29.47529392
17-05-2020,MAHARASHTRA,PARBHANI,0,872.5,0,26.85069007
17-05-2020,MAHARASHTRA,JALNA,0,1177.29,0,29.59329897
17-05-2020,MAHARASHTRA,GONDIYA,0,828.37,0.03,29.65234436
17-05-2020,MAHARASHTRA,MUMBAI,0,0.13,0,0.173439817
17-05-2020,MAHARASHTRA,NASHIK,0,1515.38,0,19.044645
17-05-2020,MAHARASHTRA,GARHCHIROLI,0,1991.38,0,26.91747013
17-05-2020,MAHARASHTRA,RATNAGIRI,0,831.06,0,19.48681356
17-05-2020,MAHARASHTRA,OSMANABAD,0,1298.55,0,33.36506298
17-05-2020,MAHARASHTRA,BID,0,1564.85,0,27.60472643
17-05-2020,MAHARASHTRA,LATUR,0,1038.23,0,29.91043122
17-05-2020,MAHARASHTRA,YAVATMAL,0,1763.72,0,25.4762368
17-05-2020,MAHARASHTRA,BHANDARA,0,550.59,0,27.94507258
17-05-2020,MAHARASHTRA,MUMBAI SUBURBAN,0,4.67,0,2.009882328
17-05-2020,MAHARASHTRA,NANDURBAR,0,301.58,0,10.01576351
17-05-2020,MAHARASHTRA,NAGPUR,0,1616.05,0,31.89674519
17-05-2020,MAHARASHTRA,CHANDRAPUR,0,1749.96,0,30.25986095
17-05-2020,MAHARASHTRA,JALGAON,0,1062.57,0,17.67364241
17-05-2020,MAHARASHTRA,HINGOLI,0,625.76,0,26.04567306
17-05-2020,MAHARASHTRA,AKOLA,0,819.2,0,29.65465224
17-05-2020,MAHARASHTRA,AURANGABAD,0,1280.53,0,24.73709419
17-05-2020,MAHARASHTRA,DHULE,0,443.95,0,12.10137104
17-05-2020,MAHARASHTRA,KOLHAPUR,0.19,1139.8,1.78,28.6883128
17-05-2020,MAHARASHTRA,RAIGARH,0,569.63,0,15.48890217
17-05-2020,MAHARASHTRA,AMRAVATI,0,1996.67,0,32.03783795
17-05-2020,MAHARASHTRA,NANDED,0,1865.44,0,34.32079483
17-05-2020,MAHARASHTRA,SOLAPUR,0,2620.05,0.05,34.12081598
17-05-2020,MAHARASHTRA,AHMADNAGAR,0,2250.46,0,25.73165963
17-05-2020,MAHARASHTRA,THANE,0,491.21,0,10.07042736
17-05-2020,MAHARASHTRA,SANGLI,0.01,1357.27,0.05,30.68543309
17-05-2020,MAHARASHTRA,WARDHA,0,1019.01,0,31.61360395
17-05-2020,MAHARASHTRA,BULDANA,0,1266.39,0,25.40662353
17-05-2020,MAHARASHTRA,SINDHUDURG,0,529.64,0,20.13086564
16-05-2020,MAHARASHTRA,WASHIM,0,937.51,0,35.2763156
16-05-2020,MAHARASHTRA,SATARA,0.2,1738.92,1.78,32.10996141
16-05-2020,MAHARASHTRA,PUNE,0.18,2565.12,1.04,31.88785042
16-05-2020,MAHARASHTRA,PARBHANI,0,873.61,0,26.88493168
16-05-2020,MAHARASHTRA,JALNA,0,1204.45,0,30.27599456
16-05-2020,MAHARASHTRA,GONDIYA,0.01,852.32,0.04,30.50953545
16-05-2020,MAHARASHTRA,MUMBAI,0,0.14,0,0.186555555
16-05-2020,MAHARASHTRA,NASHIK,0.01,1554.28,0.07,19.53358313
16-05-2020,MAHARASHTRA,GARHCHIROLI,0.13,2056.82,0.86,27.80205885
16-05-2020,MAHARASHTRA,RATNAGIRI,0,850.63,0,19.94554979
16-05-2020,MAHARASHTRA,OSMANABAD,0.01,1351.4,0.06,34.7228033
16-05-2020,MAHARASHTRA,BID,0,1594.3,0,28.12425249
16-05-2020,MAHARASHTRA,LATUR,0.02,1068.22,0.19,30.77433
16-05-2020,MAHARASHTRA,YAVATMAL,0,1796.52,0,25.94998398
16-05-2020,MAHARASHTRA,BHANDARA,0,565.71,0,28.71263547
16-05-2020,MAHARASHTRA,MUMBAI SUBURBAN,0,4.71,0,2.026783122
16-05-2020,MAHARASHTRA,NANDURBAR,0,302.21,0,10.03667497
16-05-2020,MAHARASHTRA,NAGPUR,0.03,1696.42,0.21,33.48301499
16-05-2020,MAHARASHTRA,CHANDRAPUR,0,1815.04,0.04,31.38518555
16-05-2020,MAHARASHTRA,JALGAON,0,1070.39,0,17.80359572
16-05-2020,MAHARASHTRA,HINGOLI,0,618.48,0,25.74257447
16-05-2020,MAHARASHTRA,AKOLA,0,834.27,0,30.20012475
16-05-2020,MAHARASHTRA,AURANGABAD,0,1306.27,0,25.23420003
16-05-2020,MAHARASHTRA,DHULE,0,450.09,0,12.26865327
16-05-2020,MAHARASHTRA,KOLHAPUR,0.2,1181.95,1.95,29.74918306
16-05-2020,MAHARASHTRA,RAIGARH,0.08,599.53,0.54,16.30183383
16-05-2020,MAHARASHTRA,AMRAVATI,0,2062.38,0.03,33.09229806
16-05-2020,MAHARASHTRA,NANDED,0.01,1914.71,0.04,35.22712822
16-05-2020,MAHARASHTRA,SOLAPUR,0.01,2757.41,0.08,35.90955161
16-05-2020,MAHARASHTRA,AHMADNAGAR,0.05,2347.55,0.29,26.84179557
16-05-2020,MAHARASHTRA,THANE,0,498.05,0,10.21068267
16-05-2020,MAHARASHTRA,SANGLI,0.02,1409.59,0.15,31.8683584
16-05-2020,MAHARASHTRA,WARDHA,0.01,1071.01,0.07,33.22679616
16-05-2020,MAHARASHTRA,BULDANA,0,1290.77,0,25.8958044
16-05-2020,MAHARASHTRA,SINDHUDURG,0,547.75,0,20.81916895
15-05-2020,MAHARASHTRA,WASHIM,0,943.47,0,35.50057428
15-05-2020,MAHARASHTRA,SATARA,0.16,1655.53,1.4,30.57014362
15-05-2020,MAHARASHTRA,PUNE,0.01,2068.56,0.07,25.71497606
15-05-2020,MAHARASHTRA,PARBHANI,0,804.42,0,24.75558233
15-05-2020,MAHARASHTRA,JALNA,0,1185.21,0,29.79229972
15-05-2020,MAHARASHTRA,GONDIYA,0,869.15,0.03,31.11198019
15-05-2020,MAHARASHTRA,MUMBAI,0,0.02,0,0.028174373
15-05-2020,MAHARASHTRA,NASHIK,0.06,1581.5,0.34,19.87567697
15-05-2020,MAHARASHTRA,GARHCHIROLI,0.01,2039.84,0.05,27.57254433
15-05-2020,MAHARASHTRA,RATNAGIRI,0,852.44,0,19.98809183
15-05-2020,MAHARASHTRA,OSMANABAD,0,1269.14,0,32.60915043
15-05-2020,MAHARASHTRA,BID,0,1511.88,0,26.67023908
15-05-2020,MAHARASHTRA,LATUR,0,979.04,0.01,28.20513631
15-05-2020,MAHARASHTRA,YAVATMAL,0,1651.27,0,23.85181762
15-05-2020,MAHARASHTRA,BHANDARA,0,575.79,0,29.2243568
15-05-2020,MAHARASHTRA,MUMBAI SUBURBAN,0,4.16,0,1.792613794
15-05-2020,MAHARASHTRA,NANDURBAR,0,301.1,0,10.00002825
15-05-2020,MAHARASHTRA,NAGPUR,0,1514.59,0,29.89425372
15-05-2020,MAHARASHTRA,CHANDRAPUR,0.01,1685.69,0.04,29.14851098
15-05-2020,MAHARASHTRA,JALGAON,0,1078.59,0,17.94003458
15-05-2020,MAHARASHTRA,HINGOLI,0,594.23,0,24.73319853
15-05-2020,MAHARASHTRA,AKOLA,0,833.31,0,30.16540989
15-05-2020,MAHARASHTRA,AURANGABAD,0,1319.59,0,25.49162039
15-05-2020,MAHARASHTRA,DHULE,0,459.42,0,12.52320508
15-05-2020,MAHARASHTRA,KOLHAPUR,0.29,1231.91,2.75,31.00665641
15-05-2020,MAHARASHTRA,RAIGARH,0,516.91,0.01,14.05534568
15-05-2020,MAHARASHTRA,AMRAVATI,0,1967.04,0,31.56245866
15-05-2020,MAHARASHTRA,NANDED,0,1767.86,0,32.5253809
15-05-2020,MAHARASHTRA,SOLAPUR,0,2581.27,0.03,33.61575211
15-05-2020,MAHARASHTRA,AHMADNAGAR,0.09,2211,0.56,25.28045723
15-05-2020,MAHARASHTRA,THANE,0,493.82,0.01,10.12388556
15-05-2020,MAHARASHTRA,SANGLI,0.03,1440.17,0.24,32.55980478
15-05-2020,MAHARASHTRA,WARDHA,0,925.42,0,28.71011072
15-05-2020,MAHARASHTRA,BULDANA,0,1298.38,0,26.0483174
15-05-2020,MAHARASHTRA,SINDHUDURG,0,561.95,0,21.3586946
14-05-2020,MAHARASHTRA,WASHIM,0,963.55,0,36.25613687
14-05-2020,MAHARASHTRA,SATARA,0.1,1626.33,0.94,30.03089815
14-05-2020,MAHARASHTRA,PUNE,0.07,2048.14,0.42,25.46114476
14-05-2020,MAHARASHTRA,PARBHANI,0,795.96,0,24.4952142
14-05-2020,MAHARASHTRA,JALNA,0.01,1220.3,0.04,30.67424203
14-05-2020,MAHARASHTRA,GONDIYA,0,881.27,0.04,31.54588169
14-05-2020,MAHARASHTRA,MUMBAI,0,0.02,0,0.028174373
14-05-2020,MAHARASHTRA,NASHIK,0.01,1166.8,0.07,14.66392645
14-05-2020,MAHARASHTRA,GARHCHIROLI,0.01,2050.26,0.06,27.71338675
14-05-2020,MAHARASHTRA,RATNAGIRI,0.04,876.94,0.38,20.56248653
14-05-2020,MAHARASHTRA,OSMANABAD,0,1260.14,0,32.37807724
14-05-2020,MAHARASHTRA,BID,0,1540.37,0,27.1728064
14-05-2020,MAHARASHTRA,LATUR,0,963.99,0,27.77164144
14-05-2020,MAHARASHTRA,YAVATMAL,0,1662.94,0,24.02041999
14-05-2020,MAHARASHTRA,BHANDARA,0,587.98,0,29.84304907
14-05-2020,MAHARASHTRA,MUMBAI SUBURBAN,0,4.16,0,1.792613794
14-05-2020,MAHARASHTRA,NANDURBAR,0,302.43,0,10.04406652
14-05-2020,MAHARASHTRA,NAGPUR,0,1546.12,0,30.51648724
14-05-2020,MAHARASHTRA,CHANDRAPUR,0.01,1685.5,0.05,29.14524528
14-05-2020,MAHARASHTRA,JALGAON,0,1053.22,0,17.51812717
14-05-2020,MAHARASHTRA,HINGOLI,0,585.49,0,24.36923411
14-05-2020,MAHARASHTRA,AKOLA,0,848.05,0,30.698996
14-05-2020,MAHARASHTRA,AURANGABAD,0,1287.02,0,24.8623398
14-05-2020,MAHARASHTRA,DHULE,0.04,476.41,0.22,12.98633527
14-05-2020,MAHARASHTRA,KOLHAPUR,1.37,1348.71,11.61,33.94635161
14-05-2020,MAHARASHTRA,RAIGARH,0.01,518.38,0.04,14.09529873
14-05-2020,MAHARASHTRA,AMRAVATI,0,2007.94,0,32.21879497
14-05-2020,MAHARASHTRA,NANDED,0,1795.2,0,33.02841833
14-05-2020,MAHARASHTRA,SOLAPUR,0.01,2569.76,0.06,33.46585712
14-05-2020,MAHARASHTRA,AHMADNAGAR,0,1978.05,0,22.61690954
14-05-2020,MAHARASHTRA,THANE,0,439.37,0,9.007491773
14-05-2020,MAHARASHTRA,SANGLI,0.03,1480.46,0.27,33.47072367
14-05-2020,MAHARASHTRA,WARDHA,0,942.94,0,29.25355356
14-05-2020,MAHARASHTRA,BULDANA,0,1327.65,0,26.63554716
14-05-2020,MAHARASHTRA,SINDHUDURG,0.56,612.78,3.96,23.29072175
13-05-2020,MAHARASHTRA,WASHIM,0,1019.8,0,38.37271856
13-05-2020,MAHARASHTRA,SATARA,0,1329.72,0,24.55393942
13-05-2020,MAHARASHTRA,PUNE,0,1635.92,0,20.33670621
13-05-2020,MAHARASHTRA,PARBHANI,0,788.17,0,24.25559477
13-05-2020,MAHARASHTRA,JALNA,0.03,1232.82,0.16,30.98894593
13-05-2020,MAHARASHTRA,GONDIYA,0.01,919.47,0.05,32.91327528
13-05-2020,MAHARASHTRA,MUMBAI,0,0.02,0,0.028174373
13-05-2020,MAHARASHTRA,NASHIK,0,1062.77,0,13.35651579
13-05-2020,MAHARASHTRA,GARHCHIROLI,0.02,2116.32,0.13,28.60620216
13-05-2020,MAHARASHTRA,RATNAGIRI,0,812.34,0,19.04774891
13-05-2020,MAHARASHTRA,OSMANABAD,0.11,1277.55,1.07,32.82526053
13-05-2020,MAHARASHTRA,BID,0,1490.16,0,26.28712897
13-05-2020,MAHARASHTRA,LATUR,0,972.87,0.03,28.02733435
13-05-2020,MAHARASHTRA,YAVATMAL,0,1642.01,0,23.7181894
13-05-2020,MAHARASHTRA,BHANDARA,0.11,617.46,0.72,31.33915195
13-05-2020,MAHARASHTRA,MUMBAI SUBURBAN,0,4.16,0,1.792613794
13-05-2020,MAHARASHTRA,NANDURBAR,0,298.86,0,9.925430056
13-05-2020,MAHARASHTRA,NAGPUR,0.03,1577.54,0.18,31.13662385
13-05-2020,MAHARASHTRA,CHANDRAPUR,0.02,1717.74,0.13,29.70278986
13-05-2020,MAHARASHTRA,JALGAON,0,1037.52,0,17.25690943
13-05-2020,MAHARASHTRA,HINGOLI,0,538.67,0,22.4207377
13-05-2020,MAHARASHTRA,AKOLA,0.01,869.4,0.04,31.47182932
13-05-2020,MAHARASHTRA,AURANGABAD,0,1217.5,0.01,23.51941563
13-05-2020,MAHARASHTRA,DHULE,0,381.54,0,10.40016478
13-05-2020,MAHARASHTRA,KOLHAPUR,0,1090.83,0.04,27.4557598
13-05-2020,MAHARASHTRA,RAIGARH,0,501.07,0,13.62467405
13-05-2020,MAHARASHTRA,AMRAVATI,0.01,2060.43,0.12,33.06100924
13-05-2020,MAHARASHTRA,NANDED,0,1725.05,0,31.73785024
13-05-2020,MAHARASHTRA,SOLAPUR,0.09,2441.53,0.91,31.79593872
13-05-2020,MAHARASHTRA,AHMADNAGAR,0,1820.05,0,20.81038148
13-05-2020,MAHARASHTRA,THANE,0,420.21,0,8.61470101
13-05-2020,MAHARASHTRA,SANGLI,0,1311.47,0.01,29.65001656
13-05-2020,MAHARASHTRA,WARDHA,0,959.02,0,29.75245585
13-05-2020,MAHARASHTRA,BULDANA,0.04,1356.5,0.25,27.21447317
13-05-2020,MAHARASHTRA,SINDHUDURG,0,547.75,0,20.81885962
12-05-2020,MAHARASHTRA,WASHIM,0,691.62,0,26.02393546
12-05-2020,MAHARASHTRA,SATARA,0,1370.14,0,25.30031567
12-05-2020,MAHARASHTRA,PUNE,0,1612.48,0,20.04521349
12-05-2020,MAHARASHTRA,PARBHANI,0,771.4,0,23.73948705
12-05-2020,MAHARASHTRA,JALNA,0,1082.26,0,27.2043818
12-05-2020,MAHARASHTRA,GONDIYA,0,859.23,0,30.75670059
12-05-2020,MAHARASHTRA,MUMBAI,0,0.02,0,0.028174373
12-05-2020,MAHARASHTRA,NASHIK,0,810.13,0,10.18138899
12-05-2020,MAHARASHTRA,GARHCHIROLI,0.02,2109.36,0.15,28.51214724
12-05-2020,MAHARASHTRA,RATNAGIRI,0,827.81,0,19.41045925
12-05-2020,MAHARASHTRA,OSMANABAD,0,1099.45,0,28.24920016
12-05-2020,MAHARASHTRA,BID,0,1432.02,0,25.26154777
12-05-2020,MAHARASHTRA,LATUR,0,963.63,0,27.76129445
12-05-2020,MAHARASHTRA,YAVATMAL,0,1547.58,0,22.35414525
12-05-2020,MAHARASHTRA,BHANDARA,0,558.84,0,28.36415567
12-05-2020,MAHARASHTRA,MUMBAI SUBURBAN,0,4.16,0,1.792613794
12-05-2020,MAHARASHTRA,NANDURBAR,0,289.34,0,9.609357891
12-05-2020,MAHARASHTRA,NAGPUR,0,1490.43,0,29.41730791
12-05-2020,MAHARASHTRA,CHANDRAPUR,0.02,1731.95,0.16,29.94844412
12-05-2020,MAHARASHTRA,JALGAON,0,1014.34,0,16.87135707
12-05-2020,MAHARASHTRA,HINGOLI,0,528.3,0,21.98914839
12-05-2020,MAHARASHTRA,AKOLA,0,757.97,0,27.43804526
12-05-2020,MAHARASHTRA,AURANGABAD,0,1003.71,0,19.38948194
12-05-2020,MAHARASHTRA,DHULE,0,326.99,0,8.913181073
12-05-2020,MAHARASHTRA,KOLHAPUR,0,998.23,0,25.1250644
12-05-2020,MAHARASHTRA,RAIGARH,0,506.04,0,13.75985341
12-05-2020,MAHARASHTRA,AMRAVATI,0,2032.47,0,32.61231836
12-05-2020,MAHARASHTRA,NANDED,0,1730.31,0,31.83448213
12-05-2020,MAHARASHTRA,SOLAPUR,0,2264.85,0,29.49499748
12-05-2020,MAHARASHTRA,AHMADNAGAR,0,1633.65,0,18.67907313
12-05-2020,MAHARASHTRA,THANE,0,419.66,0,8.60344007
12-05-2020,MAHARASHTRA,SANGLI,0,1340.6,0.02,30.30862535
12-05-2020,MAHARASHTRA,WARDHA,0,963.68,0,29.89719113
12-05-2020,MAHARASHTRA,BULDANA,0,1210.16,0,24.27853615
12-05-2020,MAHARASHTRA,SINDHUDURG,0,385.82,0,14.66423311
11-05-2020,MAHARASHTRA,WASHIM,0,696.63,0,26.21251763
11-05-2020,MAHARASHTRA,SATARA,0,1423.43,0.04,26.28417454
11-05-2020,MAHARASHTRA,PUNE,0,1638.07,0,20.36339363
11-05-2020,MAHARASHTRA,PARBHANI,0,778.88,0,23.96956277
11-05-2020,MAHARASHTRA,JALNA,0,1108.52,0,27.86465721
11-05-2020,MAHARASHTRA,GONDIYA,0,888.43,0,31.80189842
11-05-2020,MAHARASHTRA,MUMBAI,0,0.02,0,0.028174373
11-05-2020,MAHARASHTRA,NASHIK,0,813.03,0,10.21789147
11-05-2020,MAHARASHTRA,GARHCHIROLI,0.04,2186.53,0.24,29.55522458
11-05-2020,MAHARASHTRA,RATNAGIRI,0,845.37,0,19.82218163
11-05-2020,MAHARASHTRA,OSMANABAD,0,1134.17,0,29.14126402
11-05-2020,MAHARASHTRA,BID,0,1463.6,0,25.81855652
11-05-2020,MAHARASHTRA,LATUR,0.01,997.61,0.1,28.74026372
11-05-2020,MAHARASHTRA,YAVATMAL,0,1562.7,0,22.5725742
11-05-2020,MAHARASHTRA,BHANDARA,0,575.79,0,29.22427042
11-05-2020,MAHARASHTRA,MUMBAI SUBURBAN,0,4.16,0,1.792613794
11-05-2020,MAHARASHTRA,NANDURBAR,0,289.6,0,9.617890056
11-05-2020,MAHARASHTRA,NAGPUR,0,1527.05,0,30.14008603
11-05-2020,MAHARASHTRA,CHANDRAPUR,0.04,1782.25,0.28,30.81820038
11-05-2020,MAHARASHTRA,JALGAON,0,1019.17,0,16.95178207
11-05-2020,MAHARASHTRA,HINGOLI,0,530.48,0,22.07981158
11-05-2020,MAHARASHTRA,AKOLA,0,768.63,0,27.82403928
11-05-2020,MAHARASHTRA,AURANGABAD,0,1011.53,0,19.54058514
11-05-2020,MAHARASHTRA,DHULE,0,327.53,0,8.927873773
11-05-2020,MAHARASHTRA,KOLHAPUR,0,1034.86,0,26.04700345
11-05-2020,MAHARASHTRA,RAIGARH,0,511.75,0,13.91493061
11-05-2020,MAHARASHTRA,AMRAVATI,0,2098.06,0,33.66477756
11-05-2020,MAHARASHTRA,NANDED,0,1759.09,0,32.36405008
11-05-2020,MAHARASHTRA,SOLAPUR,0,2321.26,0,30.22966949
11-05-2020,MAHARASHTRA,AHMADNAGAR,0,1654.84,0,18.92136708
11-05-2020,MAHARASHTRA,THANE,0,421.9,0,8.649529163
11-05-2020,MAHARASHTRA,SANGLI,0.01,1398.12,0.11,31.60919406
11-05-2020,MAHARASHTRA,WARDHA,0,988.88,0,30.67888978
11-05-2020,MAHARASHTRA,BULDANA,0,1237.47,0,24.82640322
11-05-2020,MAHARASHTRA,SINDHUDURG,0,391.44,0,14.87809937
10-05-2020,MAHARASHTRA,WASHIM,0,701.74,0,26.40488424
10-05-2020,MAHARASHTRA,SATARA,0.41,1473.09,2.93,27.20132996
10-05-2020,MAHARASHTRA,PUNE,0,1528.3,0,18.99883547
10-05-2020,MAHARASHTRA,PARBHANI,0,779.72,0,23.99537868
10-05-2020,MAHARASHTRA,JALNA,0.08,1168.04,0.44,29.36073896
10-05-2020,MAHARASHTRA,GONDIYA,0,925.42,0.01,33.12605866
10-05-2020,MAHARASHTRA,MUMBAI,0,0.02,0,0.028174373
10-05-2020,MAHARASHTRA,NASHIK,0,799.8,0,10.05161596
10-05-2020,MAHARASHTRA,GARHCHIROLI,0.06,2294.52,0.37,31.01501027
10-05-2020,MAHARASHTRA,RATNAGIRI,0,819.42,0,19.21374048
10-05-2020,MAHARASHTRA,OSMANABAD,0.09,1172.43,0.86,30.12436152
10-05-2020,MAHARASHTRA,BID,0.12,1522.17,1.12,26.85171938
10-05-2020,MAHARASHTRA,LATUR,0.31,1054.5,2.79,30.37910874
10-05-2020,MAHARASHTRA,YAVATMAL,0,1580.12,0,22.82408761
10-05-2020,MAHARASHTRA,BHANDARA,0,595.65,0,30.23217782
10-05-2020,MAHARASHTRA,MUMBAI SUBURBAN,0,4.16,0,1.792613794
10-05-2020,MAHARASHTRA,NANDURBAR,0,289.76,0,9.623369932
10-05-2020,MAHARASHTRA,NAGPUR,0.01,1596.23,0.15,31.50549008
10-05-2020,MAHARASHTRA,CHANDRAPUR,0.07,1844.72,0.49,31.89845593
10-05-2020,MAHARASHTRA,JALGAON,0,1025.3,0.02,17.05366304
10-05-2020,MAHARASHTRA,HINGOLI,0,532,0,22.14285044
10-05-2020,MAHARASHTRA,AKOLA,0.01,783.74,0.06,28.37107547
10-05-2020,MAHARASHTRA,AURANGABAD,0,1020.84,0,19.72038929
10-05-2020,MAHARASHTRA,DHULE,0,327.49,0,8.926931735
10-05-2020,MAHARASHTRA,KOLHAPUR,0,1069.09,0,26.90837293
10-05-2020,MAHARASHTRA,RAIGARH,0,485.42,0,13.19902036
10-05-2020,MAHARASHTRA,AMRAVATI,0.19,2277.06,1.53,36.53694824
10-05-2020,MAHARASHTRA,NANDED,0,1802.8,0,33.16820021
10-05-2020,MAHARASHTRA,SOLAPUR,0,2408.25,0,31.36249068
10-05-2020,MAHARASHTRA,AHMADNAGAR,0,1631.34,0,18.65267374
10-05-2020,MAHARASHTRA,THANE,0,379.96,0,7.789693506
10-05-2020,MAHARASHTRA,SANGLI,0.16,1506.9,1.38,34.0683801
10-05-2020,MAHARASHTRA,WARDHA,0.02,1042.99,0.11,32.35761421
10-05-2020,MAHARASHTRA,BULDANA,0.08,1309.29,0.45,26.26719839
10-05-2020,MAHARASHTRA,SINDHUDURG,0,397.27,0,15.09956389
09-05-2020,MAHARASHTRA,WASHIM,0,636.11,0,23.93518187
09-05-2020,MAHARASHTRA,SATARA,0,1176.84,0,21.73093025
09-05-2020,MAHARASHTRA,PUNE,0,1499.68,0,18.64298029
09-05-2020,MAHARASHTRA,PARBHANI,0,663.35,0,20.41406195
09-05-2020,MAHARASHTRA,JALNA,0,715.42,0,17.98341799
09-05-2020,MAHARASHTRA,GONDIYA,0.18,976.06,1.22,34.93889836
09-05-2020,MAHARASHTRA,MUMBAI,0,0.02,0,0.028174373
09-05-2020,MAHARASHTRA,NASHIK,0,791.36,0,9.945519721
09-05-2020,MAHARASHTRA,GARHCHIROLI,1.21,2546.92,8.2,34.42661737
09-05-2020,MAHARASHTRA,RATNAGIRI,0,836.42,0,19.61238845
09-05-2020,MAHARASHTRA,OSMANABAD,0,912.07,0.01,23.43461751
09-05-2020,MAHARASHTRA,BID,0,1125.78,0,19.85925373
09-05-2020,MAHARASHTRA,LATUR,0.01,918.68,0.06,26.46639661
09-05-2020,MAHARASHTRA,YAVATMAL,0,1499.56,0,21.66048725
09-05-2020,MAHARASHTRA,BHANDARA,0,616.4,0,31.28519779
09-05-2020,MAHARASHTRA,MUMBAI SUBURBAN,0,4.16,0,1.792613794
09-05-2020,MAHARASHTRA,NANDURBAR,0,287.91,0,9.561817731
09-05-2020,MAHARASHTRA,NAGPUR,0,1355.64,0,26.75698433
09-05-2020,MAHARASHTRA,CHANDRAPUR,0.39,1940.06,2.54,33.54714518
09-05-2020,MAHARASHTRA,JALGAON,0,941.9,0,15.6664353
09-05-2020,MAHARASHTRA,HINGOLI,0,514.41,0,21.41079133
09-05-2020,MAHARASHTRA,AKOLA,0,597.44,0,21.62711329
09-05-2020,MAHARASHTRA,AURANGABAD,0,953.61,0,18.42155743
09-05-2020,MAHARASHTRA,DHULE,0,320.25,0,8.7294105
09-05-2020,MAHARASHTRA,KOLHAPUR,0,1003.3,0,25.25265535
09-05-2020,MAHARASHTRA,RAIGARH,0,489.17,0,13.30104738
09-05-2020,MAHARASHTRA,AMRAVATI,0,1372.6,0,22.02426402
09-05-2020,MAHARASHTRA,NANDED,0.05,1879.25,0.31,34.57473567
09-05-2020,MAHARASHTRA,SOLAPUR,0,1996.62,0,26.00188
09-05-2020,MAHARASHTRA,AHMADNAGAR,0,1550.07,0,17.72337649
09-05-2020,MAHARASHTRA,THANE,0,380.05,0,7.791506109
09-05-2020,MAHARASHTRA,SANGLI,0,1163.06,0,26.29478852
09-05-2020,MAHARASHTRA,WARDHA,0,810.24,0,25.13665496
09-05-2020,MAHARASHTRA,BULDANA,0,892.35,0,17.90253078
09-05-2020,MAHARASHTRA,SINDHUDURG,0,400.98,0,15.24042916
08-05-2020,MAHARASHTRA,WASHIM,0,637.52,0,23.98828806
08-05-2020,MAHARASHTRA,SATARA,0,1206.43,0,22.27729901
08-05-2020,MAHARASHTRA,PUNE,0,1518.1,0,18.87200883
08-05-2020,MAHARASHTRA,PARBHANI,0,661.45,0,20.35571114
08-05-2020,MAHARASHTRA,JALNA,0,717.47,0,18.03473656
08-05-2020,MAHARASHTRA,GONDIYA,0.06,897.54,0.57,32.12800023
08-05-2020,MAHARASHTRA,MUMBAI,0,0.02,0,0.028174373
08-05-2020,MAHARASHTRA,NASHIK,0,792.39,0,9.958404651
08-05-2020,MAHARASHTRA,GARHCHIROLI,0.01,2208.39,0.06,29.85077022
08-05-2020,MAHARASHTRA,RATNAGIRI,0,855.15,0,20.05164765
08-05-2020,MAHARASHTRA,OSMANABAD,0,930.52,0.02,23.90878175
08-05-2020,MAHARASHTRA,BID,0,1130.4,0,19.94083676
08-05-2020,MAHARASHTRA,LATUR,0.25,934.19,2.35,26.91320527
08-05-2020,MAHARASHTRA,YAVATMAL,0,1481.92,0,21.40563724
08-05-2020,MAHARASHTRA,BHANDARA,0,573.12,0,29.08878174
08-05-2020,MAHARASHTRA,MUMBAI SUBURBAN,0,4.16,0,1.792613794
08-05-2020,MAHARASHTRA,NANDURBAR,0,288,0,9.564721742
08-05-2020,MAHARASHTRA,NAGPUR,0,1319.21,0,26.03781855
08-05-2020,MAHARASHTRA,CHANDRAPUR,0.02,1717.41,0.14,29.69702022
08-05-2020,MAHARASHTRA,JALGAON,0,941.93,0,15.66704931
08-05-2020,MAHARASHTRA,HINGOLI,0,503.77,0,20.96788704
08-05-2020,MAHARASHTRA,AKOLA,0,600.02,0,21.72039358
08-05-2020,MAHARASHTRA,AURANGABAD,0,958.21,0,18.51049511
08-05-2020,MAHARASHTRA,DHULE,0,320.36,0,8.732657963
08-05-2020,MAHARASHTRA,KOLHAPUR,0,1035.81,0.02,26.07076529
08-05-2020,MAHARASHTRA,RAIGARH,0,493.23,0,13.41138433
08-05-2020,MAHARASHTRA,AMRAVATI,0,1379.57,0,22.13604115
08-05-2020,MAHARASHTRA,NANDED,0,1490.97,0,27.43116579
08-05-2020,MAHARASHTRA,SOLAPUR,0.01,2017.14,0.07,26.26911482
08-05-2020,MAHARASHTRA,AHMADNAGAR,0,1566.43,0,17.9104982
08-05-2020,MAHARASHTRA,THANE,0,380.12,0,7.792848836
08-05-2020,MAHARASHTRA,SANGLI,0,1161.61,0,26.26201088
08-05-2020,MAHARASHTRA,WARDHA,0,796.02,0,24.69557637
08-05-2020,MAHARASHTRA,BULDANA,0,894.75,0,17.95059951
08-05-2020,MAHARASHTRA,SINDHUDURG,0,408.02,0,15.50820678
07-05-2020,MAHARASHTRA,WASHIM,0,638.57,0,24.02780426
07-05-2020,MAHARASHTRA,SATARA,0,1223.66,0.01,22.59535335
07-05-2020,MAHARASHTRA,PUNE,0,1529.24,0,19.01053288
07-05-2020,MAHARASHTRA,PARBHANI,0,662.08,0,20.37509631
07-05-2020,MAHARASHTRA,JALNA,0,719.26,0,18.0799376
07-05-2020,MAHARASHTRA,GONDIYA,0,858.11,0.01,30.71676696
07-05-2020,MAHARASHTRA,MUMBAI,0,0.02,0,0.028174373
07-05-2020,MAHARASHTRA,NASHIK,0,792.98,0,9.965907815
07-05-2020,MAHARASHTRA,GARHCHIROLI,0.1,2225.93,0.69,30.0877843
07-05-2020,MAHARASHTRA,RATNAGIRI,0,865.05,0,20.28382981
07-05-2020,MAHARASHTRA,OSMANABAD,0,876.17,0,22.51219356
07-05-2020,MAHARASHTRA,BID,0,1132.88,0,19.98445067
07-05-2020,MAHARASHTRA,LATUR,0,749.41,0,21.5898622
07-05-2020,MAHARASHTRA,YAVATMAL,0,1488.5,0,21.50077841
07-05-2020,MAHARASHTRA,BHANDARA,0,587.34,0,29.81046496
07-05-2020,MAHARASHTRA,MUMBAI SUBURBAN,0,4.16,0,1.792613794
07-05-2020,MAHARASHTRA,NANDURBAR,0,288.08,0,9.567381471
07-05-2020,MAHARASHTRA,NAGPUR,0,1332.41,0,26.29837506
07-05-2020,MAHARASHTRA,CHANDRAPUR,0.05,1702.03,0.35,29.43115481
07-05-2020,MAHARASHTRA,JALGAON,0,941.96,0,15.66745543
07-05-2020,MAHARASHTRA,HINGOLI,0,504.87,0,21.01360093
07-05-2020,MAHARASHTRA,AKOLA,0,601.62,0,21.77824991
07-05-2020,MAHARASHTRA,AURANGABAD,0,962.27,0,18.58897531
07-05-2020,MAHARASHTRA,DHULE,0,320.41,0,8.733964778
07-05-2020,MAHARASHTRA,KOLHAPUR,0,1054.44,0.04,26.53979278
07-05-2020,MAHARASHTRA,RAIGARH,0,495.17,0,13.46423271
07-05-2020,MAHARASHTRA,AMRAVATI,0,1383.79,0,22.20382408
07-05-2020,MAHARASHTRA,NANDED,0,1486.73,0,27.35309707
07-05-2020,MAHARASHTRA,SOLAPUR,0,2016.92,0,26.26626777
07-05-2020,MAHARASHTRA,AHMADNAGAR,0,1578.66,0,18.05026976
07-05-2020,MAHARASHTRA,THANE,0,380.21,0,7.794802314
07-05-2020,MAHARASHTRA,SANGLI,0,1178.95,0,26.65408335
07-05-2020,MAHARASHTRA,WARDHA,0,801.83,0,24.87598627
07-05-2020,MAHARASHTRA,BULDANA,0,896.49,0,17.98561664
07-05-2020,MAHARASHTRA,SINDHUDURG,0,412.04,0,15.6610224
06-05-2020,MAHARASHTRA,WASHIM,0,638.9,0,24.04026069
06-05-2020,MAHARASHTRA,SATARA,0,1242.35,0.04,22.94059272
06-05-2020,MAHARASHTRA,PUNE,0,1541.89,0,19.16777656
06-05-2020,MAHARASHTRA,PARBHANI,0,662.84,0,20.39839978
06-05-2020,MAHARASHTRA,JALNA,0,721.15,0,18.12737918
06-05-2020,MAHARASHTRA,GONDIYA,0.01,879.5,0.1,31.4825208
06-05-2020,MAHARASHTRA,MUMBAI,0,0.02,0,0.028174373
06-05-2020,MAHARASHTRA,NASHIK,0,793.61,0,9.97376025
06-05-2020,MAHARASHTRA,GARHCHIROLI,0.27,2293.96,1.87,31.00741043
06-05-2020,MAHARASHTRA,RATNAGIRI,0,876.53,0,20.55280839
06-05-2020,MAHARASHTRA,OSMANABAD,0,883.3,0,22.69552522
06-05-2020,MAHARASHTRA,BID,0,1138.52,0,20.08392968
06-05-2020,MAHARASHTRA,LATUR,0,753.28,0,21.70137111
06-05-2020,MAHARASHTRA,YAVATMAL,0,1463.99,0,21.14666005
06-05-2020,MAHARASHTRA,BHANDARA,0,600.66,0,30.4863661
06-05-2020,MAHARASHTRA,MUMBAI SUBURBAN,0,4.16,0,1.792613794
06-05-2020,MAHARASHTRA,NANDURBAR,0,288.16,0,9.570004684
06-05-2020,MAHARASHTRA,NAGPUR,0,1321.9,0,26.09092266
06-05-2020,MAHARASHTRA,CHANDRAPUR,0.03,1694.4,0.22,29.29920523
06-05-2020,MAHARASHTRA,JALGAON,0,941.98,0,15.6677759
06-05-2020,MAHARASHTRA,HINGOLI,0,500.43,0,20.82916456
06-05-2020,MAHARASHTRA,AKOLA,0,603.35,0,21.8408516
06-05-2020,MAHARASHTRA,AURANGABAD,0,966.22,0,18.66520669
06-05-2020,MAHARASHTRA,DHULE,0,320.51,0,8.736677245
06-05-2020,MAHARASHTRA,KOLHAPUR,0.01,1077.06,0.08,27.10895538
06-05-2020,MAHARASHTRA,RAIGARH,0,497.36,0,13.52382961
06-05-2020,MAHARASHTRA,AMRAVATI,0,1388.4,0,22.27782243
06-05-2020,MAHARASHTRA,NANDED,0,1381.04,0,25.40869319
06-05-2020,MAHARASHTRA,SOLAPUR,0,2039.1,0,26.55505666
06-05-2020,MAHARASHTRA,AHMADNAGAR,0,1590.92,0,18.19045387
06-05-2020,MAHARASHTRA,THANE,0,380.26,0,7.795705341
06-05-2020,MAHARASHTRA,SANGLI,0,1197.87,0,27.08175944
06-05-2020,MAHARASHTRA,WARDHA,0,805,0,24.97413455
06-05-2020,MAHARASHTRA,BULDANA,0,898.45,0,18.02500169
06-05-2020,MAHARASHTRA,SINDHUDURG,0,416.99,0,15.8491895
05-05-2020,MAHARASHTRA,WASHIM,0,639.89,0,24.07742268
05-05-2020,MAHARASHTRA,SATARA,0.01,1261.53,0.08,23.29476053
05-05-2020,MAHARASHTRA,PUNE,0,1554.74,0,19.32748154
05-05-2020,MAHARASHTRA,PARBHANI,0,663.4,0,20.4157681
05-05-2020,MAHARASHTRA,JALNA,0,722.92,0,18.17185328
05-05-2020,MAHARASHTRA,GONDIYA,0,789.88,0.02,28.27437661
05-05-2020,MAHARASHTRA,MUMBAI,0,0.02,0,0.031551912
05-05-2020,MAHARASHTRA,NASHIK,0,794.48,0,9.984676835
05-05-2020,MAHARASHTRA,GARHCHIROLI,0,1765.32,0,23.86175156
05-05-2020,MAHARASHTRA,RATNAGIRI,0,891.23,0,20.89766578
05-05-2020,MAHARASHTRA,OSMANABAD,0,890.87,0,22.88995775
05-05-2020,MAHARASHTRA,BID,0,1144.33,0,20.18653585
05-05-2020,MAHARASHTRA,LATUR,0,757.81,0,21.83174725
05-05-2020,MAHARASHTRA,YAVATMAL,0,1469.95,0,21.23278027
05-05-2020,MAHARASHTRA,BHANDARA,0,574.26,0,29.14665619
05-05-2020,MAHARASHTRA,MUMBAI SUBURBAN,0,4.16,0,1.792613794
05-05-2020,MAHARASHTRA,NANDURBAR,0,288.29,0,9.574427979
05-05-2020,MAHARASHTRA,NAGPUR,0,1333.19,0,26.3138631
05-05-2020,MAHARASHTRA,CHANDRAPUR,0,1507.82,0,26.07296721
05-05-2020,MAHARASHTRA,JALGAON,0,942.05,0,15.66903997
05-05-2020,MAHARASHTRA,HINGOLI,0,501.05,0,20.85475435
05-05-2020,MAHARASHTRA,AKOLA,0,605.08,0,21.90349692
05-05-2020,MAHARASHTRA,AURANGABAD,0,970.5,0,18.7479771
05-05-2020,MAHARASHTRA,DHULE,0,320.57,0,8.738368486
05-05-2020,MAHARASHTRA,KOLHAPUR,0.01,1101.41,0.13,27.72182108
05-05-2020,MAHARASHTRA,RAIGARH,0,499.59,0,13.5843338
05-05-2020,MAHARASHTRA,AMRAVATI,0,1392.74,0,22.34746989
05-05-2020,MAHARASHTRA,NANDED,0,1386.08,0,25.50135558
05-05-2020,MAHARASHTRA,SOLAPUR,0,2062.23,0,26.85625857
05-05-2020,MAHARASHTRA,AHMADNAGAR,0,1604.21,0,18.34243315
05-05-2020,MAHARASHTRA,THANE,0,380.3,0,7.796645108
05-05-2020,MAHARASHTRA,SANGLI,0,1219.51,0.03,27.57107591
05-05-2020,MAHARASHTRA,WARDHA,0,811.53,0,25.17670674
05-05-2020,MAHARASHTRA,BULDANA,0,900.32,0,18.0624369
05-05-2020,MAHARASHTRA,SINDHUDURG,0,422.22,0,16.04799613
04-05-2020,MAHARASHTRA,WASHIM,0,641,0,24.11905152
04-05-2020,MAHARASHTRA,SATARA,0.02,1283.28,0.14,23.6963503
04-05-2020,MAHARASHTRA,PUNE,0,1566.98,0,19.47968266
04-05-2020,MAHARASHTRA,PARBHANI,0,664.25,0,20.44183207
04-05-2020,MAHARASHTRA,JALNA,0,724.61,0,18.21431561
04-05-2020,MAHARASHTRA,GONDIYA,0,804.59,0.02,28.80096854
04-05-2020,MAHARASHTRA,MUMBAI,0,0.02,0,0.031551912
04-05-2020,MAHARASHTRA,NASHIK,0,793.5,0,9.972432429
04-05-2020,MAHARASHTRA,GARHCHIROLI,0,1783.3,0,24.10483883
04-05-2020,MAHARASHTRA,RATNAGIRI,0,905.38,0,21.22933078
04-05-2020,MAHARASHTRA,OSMANABAD,0,899.19,0,23.10378174
04-05-2020,MAHARASHTRA,BID,0,1149.97,0,20.28597959
04-05-2020,MAHARASHTRA,LATUR,0,762.81,0,21.97587209
04-05-2020,MAHARASHTRA,YAVATMAL,0,1476.53,0,21.32790292
04-05-2020,MAHARASHTRA,BHANDARA,0,587.56,0,29.82155406
04-05-2020,MAHARASHTRA,MUMBAI SUBURBAN,0,4.16,0,1.792613794
04-05-2020,MAHARASHTRA,NANDURBAR,0,288.33,0,9.575701886
04-05-2020,MAHARASHTRA,NAGPUR,0,1347.63,0,26.59875703
04-05-2020,MAHARASHTRA,CHANDRAPUR,0,1527.18,0,26.40757794
04-05-2020,MAHARASHTRA,JALGAON,0,942.11,0,15.67000733
04-05-2020,MAHARASHTRA,HINGOLI,0,501.78,0,20.88513429
04-05-2020,MAHARASHTRA,AKOLA,0,606.76,0,21.96444308
04-05-2020,MAHARASHTRA,AURANGABAD,0,966.71,0,18.6747864
04-05-2020,MAHARASHTRA,DHULE,0,320.64,0,8.740100568
04-05-2020,MAHARASHTRA,KOLHAPUR,0.02,1135.58,0.19,28.58204125
04-05-2020,MAHARASHTRA,RAIGARH,0,501.89,0,13.64692178
04-05-2020,MAHARASHTRA,AMRAVATI,0,1397.13,0,22.41795244
04-05-2020,MAHARASHTRA,NANDED,0,1391.16,0,25.59481667
04-05-2020,MAHARASHTRA,SOLAPUR,0,2087.05,0,27.17959053
04-05-2020,MAHARASHTRA,AHMADNAGAR,0,1552.71,0,17.75354728
04-05-2020,MAHARASHTRA,THANE,0,380.33,0,7.797116951
04-05-2020,MAHARASHTRA,SANGLI,0.01,1242.28,0.1,28.08588377
04-05-2020,MAHARASHTRA,WARDHA,0,817.94,0,25.37570786
04-05-2020,MAHARASHTRA,BULDANA,0,902.31,0,18.10230661
04-05-2020,MAHARASHTRA,SINDHUDURG,0,428.53,0,16.28788524
03-05-2020,MAHARASHTRA,WASHIM,0,642.53,0,24.17684746
03-05-2020,MAHARASHTRA,SATARA,0.04,1322.06,0.32,24.41238971
03-05-2020,MAHARASHTRA,PUNE,0,1592.44,0,19.79615179
03-05-2020,MAHARASHTRA,PARBHANI,0,665.53,0,20.48129116
03-05-2020,MAHARASHTRA,JALNA,0,727.25,0,18.28057009
03-05-2020,MAHARASHTRA,GONDIYA,0,825.76,0.03,29.55870138
03-05-2020,MAHARASHTRA,MUMBAI,0,0.02,0,0.031551912
03-05-2020,MAHARASHTRA,NASHIK,0,795.11,0,9.992599099
03-05-2020,MAHARASHTRA,GARHCHIROLI,0,1816.43,0,24.55262409
03-05-2020,MAHARASHTRA,RATNAGIRI,0,929.83,0,21.80259002
03-05-2020,MAHARASHTRA,OSMANABAD,0,910.55,0,23.39562839
03-05-2020,MAHARASHTRA,BID,0,1158.27,0,20.43237784
03-05-2020,MAHARASHTRA,LATUR,0,769.94,0,22.18124077
03-05-2020,MAHARASHTRA,YAVATMAL,0,1486.18,0,21.46726394
03-05-2020,MAHARASHTRA,BHANDARA,0,607.01,0,30.80884461
03-05-2020,MAHARASHTRA,MUMBAI SUBURBAN,0,4.16,0,1.792613794
03-05-2020,MAHARASHTRA,NANDURBAR,0,288.44,0,9.579356993
03-05-2020,MAHARASHTRA,NAGPUR,0,1368.83,0,27.01716148
03-05-2020,MAHARASHTRA,CHANDRAPUR,0,1555.78,0,26.90217507
03-05-2020,MAHARASHTRA,JALGAON,0,942.16,0,15.67081105
03-05-2020,MAHARASHTRA,HINGOLI,0,502.8,0,20.92766319
03-05-2020,MAHARASHTRA,AKOLA,0,609.63,0,22.06832096
03-05-2020,MAHARASHTRA,AURANGABAD,0,971.64,0,18.76998669
03-05-2020,MAHARASHTRA,DHULE,0,320.89,0,8.746916399
03-05-2020,MAHARASHTRA,KOLHAPUR,0.52,1232.32,4.55,31.01688414
03-05-2020,MAHARASHTRA,RAIGARH,0,506.84,0,13.78164106
03-05-2020,MAHARASHTRA,AMRAVATI,0,1404.36,0,22.53387968
03-05-2020,MAHARASHTRA,NANDED,0,1398.57,0,25.73120374
03-05-2020,MAHARASHTRA,SOLAPUR,0,2120.51,0,27.61535026
03-05-2020,MAHARASHTRA,AHMADNAGAR,0,1568.93,0,17.93901734
03-05-2020,MAHARASHTRA,THANE,0,380.43,0,7.799333025
03-05-2020,MAHARASHTRA,SANGLI,0.04,1278.92,0.32,28.9142211
03-05-2020,MAHARASHTRA,WARDHA,0,827.3,0,25.66600272
03-05-2020,MAHARASHTRA,BULDANA,0,905.24,0,18.16121177
03-05-2020,MAHARASHTRA,SINDHUDURG,0.04,441.2,0.3,16.76923607
02-05-2020,MAHARASHTRA,WASHIM,0,644.55,0,24.25267549
02-05-2020,MAHARASHTRA,SATARA,0.07,1362.33,0.59,25.15599393
02-05-2020,MAHARASHTRA,PUNE,0,1620.54,0,20.14550896
02-05-2020,MAHARASHTRA,PARBHANI,0,666.84,0,20.52172365
02-05-2020,MAHARASHTRA,JALNA,0,730.23,0,18.35557173
02-05-2020,MAHARASHTRA,GONDIYA,0,850.39,0.04,30.4405636
02-05-2020,MAHARASHTRA,MUMBAI,0,0.02,0,0.031551912
02-05-2020,MAHARASHTRA,NASHIK,0,796.78,0,10.01365866
02-05-2020,MAHARASHTRA,GARHCHIROLI,0,1853.15,0,25.04898355
02-05-2020,MAHARASHTRA,RATNAGIRI,0,956.51,0,22.42833619
02-05-2020,MAHARASHTRA,OSMANABAD,0,922.24,0,23.69614641
02-05-2020,MAHARASHTRA,BID,0,1166.98,0,20.5861369
02-05-2020,MAHARASHTRA,LATUR,0,777.24,0,22.39141716
02-05-2020,MAHARASHTRA,YAVATMAL,0,1496.47,0,21.61586684
02-05-2020,MAHARASHTRA,BHANDARA,0,629.69,0,31.95969253
02-05-2020,MAHARASHTRA,MUMBAI SUBURBAN,0,4.16,0,1.792613794
02-05-2020,MAHARASHTRA,NANDURBAR,0,288.53,0,9.582515221
02-05-2020,MAHARASHTRA,NAGPUR,0,1392.52,0,27.48474005
02-05-2020,MAHARASHTRA,CHANDRAPUR,0,1587.04,0,27.44269627
02-05-2020,MAHARASHTRA,JALGAON,0,942.24,0,15.67216508
02-05-2020,MAHARASHTRA,HINGOLI,0,503.92,0,20.9741736
02-05-2020,MAHARASHTRA,AKOLA,0,612.68,0,22.17861993
02-05-2020,MAHARASHTRA,AURANGABAD,0,976.88,0,18.87125212
02-05-2020,MAHARASHTRA,DHULE,0,321.05,0,8.751252067
02-05-2020,MAHARASHTRA,KOLHAPUR,0.06,1029.22,0.51,25.90486916
02-05-2020,MAHARASHTRA,RAIGARH,0,512.21,0,13.92760584
02-05-2020,MAHARASHTRA,AMRAVATI,0,1412,0,22.65647682
02-05-2020,MAHARASHTRA,NANDED,0,1406.18,0,25.87115914
02-05-2020,MAHARASHTRA,SOLAPUR,0,2156.52,0,28.08426182
02-05-2020,MAHARASHTRA,AHMADNAGAR,0,1586.85,0,18.14391619
02-05-2020,MAHARASHTRA,THANE,0,380.61,0,7.802927145
02-05-2020,MAHARASHTRA,SANGLI,0.07,1319.51,0.61,29.83179322
02-05-2020,MAHARASHTRA,WARDHA,0,837.22,0,25.97375704
02-05-2020,MAHARASHTRA,BULDANA,0,908.33,0,18.22317851
02-05-2020,MAHARASHTRA,SINDHUDURG,0,364.55,0,13.85579148
01-05-2020,MAHARASHTRA,WASHIM,0,646.85,0,24.33945679
01-05-2020,MAHARASHTRA,SATARA,0.11,1409.57,0.96,26.02840543
01-05-2020,MAHARASHTRA,PUNE,0,1648.73,0,20.49592659
01-05-2020,MAHARASHTRA,PARBHANI,0,668.17,0,20.56238975
01-05-2020,MAHARASHTRA,JALNA,0,733.33,0,18.43357595
01-05-2020,MAHARASHTRA,GONDIYA,0,880.47,0.04,31.51705578
01-05-2020,MAHARASHTRA,MUMBAI,0,0.02,0,0.031551912
01-05-2020,MAHARASHTRA,NASHIK,0,799.61,0,10.04912715
01-05-2020,MAHARASHTRA,GARHCHIROLI,0,1894.35,0,25.60591808
01-05-2020,MAHARASHTRA,RATNAGIRI,0,988.17,0,23.17064136
01-05-2020,MAHARASHTRA,OSMANABAD,0,935.19,0,24.02867568
01-05-2020,MAHARASHTRA,BID,0,1176.31,0,20.7506385
01-05-2020,MAHARASHTRA,LATUR,0,784.88,0,22.61177097
01-05-2020,MAHARASHTRA,YAVATMAL,0,1507.16,0,21.77024604
01-05-2020,MAHARASHTRA,BHANDARA,0,657.74,0,33.38340002
01-05-2020,MAHARASHTRA,MUMBAI SUBURBAN,0,4.16,0,1.792613794
01-05-2020,MAHARASHTRA,NANDURBAR,0,288.67,0,9.586959052
01-05-2020,MAHARASHTRA,NAGPUR,0,1421.44,0,28.05563296
01-05-2020,MAHARASHTRA,CHANDRAPUR,0,1621.73,0,28.04264985
01-05-2020,MAHARASHTRA,JALGAON,0,942.41,0,15.6749602
01-05-2020,MAHARASHTRA,HINGOLI,0,505.14,0,21.02489367
01-05-2020,MAHARASHTRA,AKOLA,0,615.91,0,22.29559616
01-05-2020,MAHARASHTRA,AURANGABAD,0,982.37,0,18.9771828
01-05-2020,MAHARASHTRA,DHULE,0,321.23,0,8.756193987
01-05-2020,MAHARASHTRA,KOLHAPUR,0.08,1068.94,0.71,26.90464792
01-05-2020,MAHARASHTRA,RAIGARH,0,518.24,0,14.09142987
01-05-2020,MAHARASHTRA,AMRAVATI,0,1419.86,0,22.78257628
01-05-2020,MAHARASHTRA,NANDED,0,1413.85,0,26.0122366
01-05-2020,MAHARASHTRA,SOLAPUR,0,2195.58,0,28.5928729
01-05-2020,MAHARASHTRA,AHMADNAGAR,0,1606.37,0,18.36716708
01-05-2020,MAHARASHTRA,THANE,0,380.83,0,7.807392557
01-05-2020,MAHARASHTRA,SANGLI,0.11,1365.56,0.93,30.87294228
01-05-2020,MAHARASHTRA,WARDHA,0,848.25,0,26.31606861
01-05-2020,MAHARASHTRA,BULDANA,0,911.43,0,18.28533456
01-05-2020,MAHARASHTRA,SINDHUDURG,0,370.11,0,14.06724549
28-06-2020,MAHARASHTRA,WASHIM,0.09,1168.46,0.54,43.96626552
28-06-2020,MAHARASHTRA,SATARA,2.26,2148.4,18.74,39.67105663
28-06-2020,MAHARASHTRA,PUNE,0.45,3261.36,2.7,40.54303412
28-06-2020,MAHARASHTRA,PARBHANI,0.18,1344.07,1.14,41.3628592
28-06-2020,MAHARASHTRA,JALNA,0.37,1582.55,2.24,39.7801756
28-06-2020,MAHARASHTRA,GONDIYA,0.42,1137.7,2.96,40.72483337
28-06-2020,MAHARASHTRA,MUMBAI,0,32.71,0,42.70828205
28-06-2020,MAHARASHTRA,NASHIK,0.22,2887.02,1.34,36.28295063
28-06-2020,MAHARASHTRA,GARHCHIROLI,0.4,2471.47,2.72,33.40676888
28-06-2020,MAHARASHTRA,RATNAGIRI,2.04,1569.88,13.82,36.8107235
28-06-2020,MAHARASHTRA,OSMANABAD,0.95,1639.5,9.27,42.12538923
28-06-2020,MAHARASHTRA,BID,1.41,2377.11,12.44,41.93327828
28-06-2020,MAHARASHTRA,LATUR,1.5,1367.25,13.93,39.38929912
28-06-2020,MAHARASHTRA,YAVATMAL,0.05,2787.59,0.37,40.26546591
28-06-2020,MAHARASHTRA,BHANDARA,0.57,788.43,3.82,40.01657649
28-06-2020,MAHARASHTRA,MUMBAI SUBURBAN,0,95.8,0,41.26412103
28-06-2020,MAHARASHTRA,NANDURBAR,0.02,1103.48,0.09,36.64803656
28-06-2020,MAHARASHTRA,NAGPUR,0.38,2066.95,2.72,40.79633211
28-06-2020,MAHARASHTRA,CHANDRAPUR,0.23,2243.62,1.55,38.79610477
28-06-2020,MAHARASHTRA,JALGAON,0.01,2282.25,0.07,37.96032255
28-06-2020,MAHARASHTRA,HINGOLI,0.48,1070.42,2.95,44.55305658
28-06-2020,MAHARASHTRA,AKOLA,0.09,1142.34,0.59,41.35227332
28-06-2020,MAHARASHTRA,AURANGABAD,0.17,2087.6,0.96,40.32787189
28-06-2020,MAHARASHTRA,DHULE,0.05,1448.29,0.3,39.47833004
28-06-2020,MAHARASHTRA,KOLHAPUR,2.94,1611.23,24.53,40.55383762
28-06-2020,MAHARASHTRA,RAIGARH,1.4,1332.31,10,36.22691631
28-06-2020,MAHARASHTRA,AMRAVATI,0.3,2411.63,2.72,38.69622986
28-06-2020,MAHARASHTRA,NANDED,0.08,2181.9,0.46,40.14295208
28-06-2020,MAHARASHTRA,SOLAPUR,0.27,3222.8,2.33,41.97040858
28-06-2020,MAHARASHTRA,AHMADNAGAR,0.37,3601.85,2.23,41.18338156
28-06-2020,MAHARASHTRA,THANE,0.56,1646.4,4.17,33.75303416
28-06-2020,MAHARASHTRA,SANGLI,1.12,1797.6,9.39,40.64071895
28-06-2020,MAHARASHTRA,WARDHA,0.26,1324.09,1.62,41.0784332
28-06-2020,MAHARASHTRA,BULDANA,0.37,1975.44,2.19,39.63164285
28-06-2020,MAHARASHTRA,SINDHUDURG,2.42,953.59,17.11,36.24435232
27-06-2020,MAHARASHTRA,WASHIM,0.09,1210.42,0.56,45.54511528
27-06-2020,MAHARASHTRA,SATARA,1.91,2099.49,15.91,38.76794798
27-06-2020,MAHARASHTRA,PUNE,0.27,3156.26,1.65,39.23653318
27-06-2020,MAHARASHTRA,PARBHANI,0.17,1412.55,1.13,43.47049085
27-06-2020,MAHARASHTRA,JALNA,0.31,1582.68,1.88,39.78330267
27-06-2020,MAHARASHTRA,GONDIYA,0.49,1105.13,3.42,39.55886366
27-06-2020,MAHARASHTRA,MUMBAI,0,30.99,0,40.45584389
27-06-2020,MAHARASHTRA,NASHIK,0.32,2942.15,1.92,36.97577561
27-06-2020,MAHARASHTRA,GARHCHIROLI,0.75,2539.62,5.01,34.3280197
27-06-2020,MAHARASHTRA,RATNAGIRI,1.72,1538.41,11.52,36.07277343
27-06-2020,MAHARASHTRA,OSMANABAD,0.67,1598.6,6.44,41.07435788
27-06-2020,MAHARASHTRA,BID,1.17,2377.56,10.27,41.94118642
27-06-2020,MAHARASHTRA,LATUR,1.31,1386.5,11.82,39.94364571
27-06-2020,MAHARASHTRA,YAVATMAL,0.18,2996.44,1.27,43.28223301
27-06-2020,MAHARASHTRA,BHANDARA,0.29,757.4,1.9,38.441644
27-06-2020,MAHARASHTRA,MUMBAI SUBURBAN,0,91.64,0,39.47300217
27-06-2020,MAHARASHTRA,NANDURBAR,0.17,1130.82,0.95,37.555876
27-06-2020,MAHARASHTRA,NAGPUR,0.26,2048.99,1.89,40.44189818
27-06-2020,MAHARASHTRA,CHANDRAPUR,0.38,2374.69,2.55,41.06257651
27-06-2020,MAHARASHTRA,JALGAON,0.07,2347.41,0.43,39.04412943
27-06-2020,MAHARASHTRA,HINGOLI,0.49,1088.46,2.99,45.30397246
27-06-2020,MAHARASHTRA,AKOLA,0.09,1188.12,0.61,43.00940244
27-06-2020,MAHARASHTRA,AURANGABAD,0.18,2101.58,1.04,40.59794299
27-06-2020,MAHARASHTRA,DHULE,0.1,1488.79,0.63,40.58207814
27-06-2020,MAHARASHTRA,KOLHAPUR,2.17,1524.23,18.33,38.3640119
27-06-2020,MAHARASHTRA,RAIGARH,1.24,1309.18,8.82,35.59794309
27-06-2020,MAHARASHTRA,AMRAVATI,0.33,2474.03,2.97,39.69751975
27-06-2020,MAHARASHTRA,NANDED,0.26,2359.18,1.59,43.40460253
27-06-2020,MAHARASHTRA,SOLAPUR,0.19,3167.05,1.63,41.24430926
27-06-2020,MAHARASHTRA,AHMADNAGAR,0.24,3543.51,1.47,40.51628745
27-06-2020,MAHARASHTRA,THANE,0.26,1601.86,1.73,32.84000592
27-06-2020,MAHARASHTRA,SANGLI,0.72,1710.64,6.12,38.67458521
27-06-2020,MAHARASHTRA,WARDHA,0.3,1359.72,1.86,42.1839159
27-06-2020,MAHARASHTRA,BULDANA,0.39,2031.86,2.33,40.76357585
27-06-2020,MAHARASHTRA,SINDHUDURG,1.61,901.87,11.37,34.27864627
26-06-2020,MAHARASHTRA,WASHIM,0.06,1164.21,0.33,43.8064823
26-06-2020,MAHARASHTRA,SATARA,1,1939.73,8.68,35.81790411
26-06-2020,MAHARASHTRA,PUNE,0.11,3001.95,0.68,37.3182219
26-06-2020,MAHARASHTRA,PARBHANI,0.07,1300.98,0.46,40.03681686
26-06-2020,MAHARASHTRA,JALNA,0.15,1519.64,0.92,38.19862505
26-06-2020,MAHARASHTRA,GONDIYA,0.09,1018.71,0.74,36.46549085
26-06-2020,MAHARASHTRA,MUMBAI,0,28.68,0,37.4371568
26-06-2020,MAHARASHTRA,NASHIK,0.8,3048.48,5.03,38.3120169
26-06-2020,MAHARASHTRA,GARHCHIROLI,0.16,2400.25,1.07,32.44415166
26-06-2020,MAHARASHTRA,RATNAGIRI,0.78,1413.67,5.2,33.14783368
26-06-2020,MAHARASHTRA,OSMANABAD,0.01,1344.91,0.12,34.55621021
26-06-2020,MAHARASHTRA,BID,0.38,2172.09,3.31,38.3167252
26-06-2020,MAHARASHTRA,LATUR,0.29,1200.35,2.59,34.58081094
26-06-2020,MAHARASHTRA,YAVATMAL,0.01,2712.22,0.08,39.17677595
26-06-2020,MAHARASHTRA,BHANDARA,0.12,711.23,0.79,36.09838707
26-06-2020,MAHARASHTRA,MUMBAI SUBURBAN,0,84.06,0,36.20577625
26-06-2020,MAHARASHTRA,NANDURBAR,0.23,1148,1.31,38.12641583
26-06-2020,MAHARASHTRA,NAGPUR,0.25,2030.21,1.8,40.0712941
26-06-2020,MAHARASHTRA,CHANDRAPUR,0.1,2137.05,0.63,36.953471
26-06-2020,MAHARASHTRA,JALGAON,0.05,2345.29,0.33,39.00891354
26-06-2020,MAHARASHTRA,HINGOLI,0.18,1016.08,1.08,42.29139756
26-06-2020,MAHARASHTRA,AKOLA,0.13,1223.04,0.91,44.2734252
26-06-2020,MAHARASHTRA,AURANGABAD,0.13,2055.56,0.7,39.70883112
26-06-2020,MAHARASHTRA,DHULE,0.26,1481.54,1.63,40.3846168
26-06-2020,MAHARASHTRA,KOLHAPUR,1.47,1440.46,12.57,36.25554612
26-06-2020,MAHARASHTRA,RAIGARH,0.62,1212.02,4.74,32.95627044
26-06-2020,MAHARASHTRA,AMRAVATI,0.54,2578.01,4.58,41.36582121
26-06-2020,MAHARASHTRA,NANDED,0,2045.72,0.02,37.63749089
26-06-2020,MAHARASHTRA,SOLAPUR,0.02,2857.39,0.2,37.211666
26-06-2020,MAHARASHTRA,AHMADNAGAR,0.08,3379.92,0.57,38.64581427
26-06-2020,MAHARASHTRA,THANE,0.62,1615.05,3.7,33.11041125
26-06-2020,MAHARASHTRA,SANGLI,0.26,1545.33,2.15,34.93735135
26-06-2020,MAHARASHTRA,WARDHA,0.23,1358.1,1.39,42.13363251
26-06-2020,MAHARASHTRA,BULDANA,0.3,2005.7,1.95,40.23875826
26-06-2020,MAHARASHTRA,SINDHUDURG,1.04,862.88,7.35,32.79665307
25-06-2020,MAHARASHTRA,WASHIM,0.04,1151.2,0.22,43.31674435
25-06-2020,MAHARASHTRA,SATARA,1.56,2050.41,12.54,37.86180897
25-06-2020,MAHARASHTRA,PUNE,0.31,3062.39,1.85,38.06951755
25-06-2020,MAHARASHTRA,PARBHANI,0.04,1260.18,0.25,38.7812835
25-06-2020,MAHARASHTRA,JALNA,0.12,1473.28,0.73,37.03328372
25-06-2020,MAHARASHTRA,GONDIYA,0.08,1006.33,0.64,36.02245554
25-06-2020,MAHARASHTRA,MUMBAI,0,28.38,0,37.05640029
25-06-2020,MAHARASHTRA,NASHIK,0.18,2806.31,1.07,35.26857174
25-06-2020,MAHARASHTRA,GARHCHIROLI,0.19,2365.12,1.27,31.96923979
25-06-2020,MAHARASHTRA,RATNAGIRI,1,1454.7,6.68,34.10990552
25-06-2020,MAHARASHTRA,OSMANABAD,0.13,1360.67,1.2,34.96102496
25-06-2020,MAHARASHTRA,BID,0.73,2316.94,6.24,40.87189214
25-06-2020,MAHARASHTRA,LATUR,0.22,1190.52,1.93,34.29777161
25-06-2020,MAHARASHTRA,YAVATMAL,0.01,2702.62,0.06,39.0382287
25-06-2020,MAHARASHTRA,BHANDARA,0.08,700.55,0.51,35.5561911
25-06-2020,MAHARASHTRA,MUMBAI SUBURBAN,0,82.31,0,35.4516092
25-06-2020,MAHARASHTRA,NANDURBAR,0,809.57,0,26.88674786
25-06-2020,MAHARASHTRA,NAGPUR,0.27,1985.47,1.9,39.18808237
25-06-2020,MAHARASHTRA,CHANDRAPUR,0.13,2138.19,0.86,36.97312639
25-06-2020,MAHARASHTRA,JALGAON,0.09,2154.16,0.52,35.82991742
25-06-2020,MAHARASHTRA,HINGOLI,0.12,991.6,0.69,41.2724362
25-06-2020,MAHARASHTRA,AKOLA,0.06,1179.99,0.35,42.71515933
25-06-2020,MAHARASHTRA,AURANGABAD,0.14,2060.65,0.82,39.80725031
25-06-2020,MAHARASHTRA,DHULE,0.01,1142.85,0.04,31.15240641
25-06-2020,MAHARASHTRA,KOLHAPUR,1.38,1434.29,11.78,36.10039713
25-06-2020,MAHARASHTRA,RAIGARH,0.96,1261.43,7.05,34.29962362
25-06-2020,MAHARASHTRA,AMRAVATI,0.28,2475.4,2.4,39.71947682
25-06-2020,MAHARASHTRA,NANDED,0.01,2061.4,0.05,37.92600787
25-06-2020,MAHARASHTRA,SOLAPUR,0.09,2965.93,0.71,38.62518967
25-06-2020,MAHARASHTRA,AHMADNAGAR,0.24,3346.79,1.42,38.26699157
25-06-2020,MAHARASHTRA,THANE,0.08,1456.66,0.49,29.86313895
25-06-2020,MAHARASHTRA,SANGLI,0.23,1559.27,1.95,35.25243065
25-06-2020,MAHARASHTRA,WARDHA,0.16,1317.04,0.99,40.8598147
25-06-2020,MAHARASHTRA,BULDANA,0.19,1858.54,1.11,37.28645924
25-06-2020,MAHARASHTRA,SINDHUDURG,1.27,883.82,8.87,33.5925659
24-06-2020,MAHARASHTRA,WASHIM,0,1050.64,0,39.53282065
24-06-2020,MAHARASHTRA,SATARA,0.03,1506.94,0.26,27.82634822
24-06-2020,MAHARASHTRA,PUNE,0,2413.33,0,30.0009273
24-06-2020,MAHARASHTRA,PARBHANI,0,1194.4,0.03,36.75704121
24-06-2020,MAHARASHTRA,JALNA,0.09,1381.54,0.52,34.72734083
24-06-2020,MAHARASHTRA,GONDIYA,0.16,1038.51,1.22,37.17413301
24-06-2020,MAHARASHTRA,MUMBAI,0,26.55,0,34.66179059
24-06-2020,MAHARASHTRA,NASHIK,0,2350.58,0,29.54108907
24-06-2020,MAHARASHTRA,GARHCHIROLI,0.34,2459.61,2.3,33.24654189
24-06-2020,MAHARASHTRA,RATNAGIRI,0.16,1249.11,1.01,29.2892964
24-06-2020,MAHARASHTRA,OSMANABAD,0,1224.94,0,31.47362718
24-06-2020,MAHARASHTRA,BID,0.11,1823.12,0.97,32.16064477
24-06-2020,MAHARASHTRA,LATUR,0.1,1098.24,0.93,31.63928906
24-06-2020,MAHARASHTRA,YAVATMAL,0.04,2649.03,0.22,38.26411085
24-06-2020,MAHARASHTRA,BHANDARA,0.14,724.85,0.9,36.7895407
24-06-2020,MAHARASHTRA,MUMBAI SUBURBAN,0,73.33,0,31.58677193
24-06-2020,MAHARASHTRA,NANDURBAR,0,828.08,0,27.5016088
24-06-2020,MAHARASHTRA,NAGPUR,0.19,1966.07,1.3,38.80517884
24-06-2020,MAHARASHTRA,CHANDRAPUR,0.22,2233.15,1.5,38.61512242
24-06-2020,MAHARASHTRA,JALGAON,0,1885.24,0,31.35700956
24-06-2020,MAHARASHTRA,HINGOLI,0.06,954.93,0.36,39.74649155
24-06-2020,MAHARASHTRA,AKOLA,0.01,1066.1,0.04,38.59227803
24-06-2020,MAHARASHTRA,AURANGABAD,0.08,1940.78,0.47,37.49159471
24-06-2020,MAHARASHTRA,DHULE,0,1080.4,0,29.45002495
24-06-2020,MAHARASHTRA,KOLHAPUR,0.37,1272.93,3.32,32.0390959
24-06-2020,MAHARASHTRA,RAIGARH,0.11,1036.81,0.87,28.19206302
24-06-2020,MAHARASHTRA,AMRAVATI,0.14,2370.73,1.23,38.03993209
24-06-2020,MAHARASHTRA,NANDED,0.03,2086.26,0.16,38.38334464
24-06-2020,MAHARASHTRA,SOLAPUR,0.01,2506.01,0.14,32.63562481
24-06-2020,MAHARASHTRA,AHMADNAGAR,0,2841.71,0,32.49189834
24-06-2020,MAHARASHTRA,THANE,0,1246.5,0,25.5547224
24-06-2020,MAHARASHTRA,SANGLI,0.04,1367.47,0.34,30.91622291
24-06-2020,MAHARASHTRA,WARDHA,0.17,1301.47,1.02,40.37663602
24-06-2020,MAHARASHTRA,BULDANA,0.07,1658.68,0.41,33.27674416
24-06-2020,MAHARASHTRA,SINDHUDURG,0.42,802.18,2.91,30.48964184
23-06-2020,MAHARASHTRA,WASHIM,0,1061.47,0,39.94037435
23-06-2020,MAHARASHTRA,SATARA,0.14,1564.12,1.25,28.88219484
23-06-2020,MAHARASHTRA,PUNE,0,2479.44,0,30.82276741
23-06-2020,MAHARASHTRA,PARBHANI,0.01,1208.1,0.07,37.178399
23-06-2020,MAHARASHTRA,JALNA,0.02,1335.4,0.09,33.5675863
23-06-2020,MAHARASHTRA,GONDIYA,0.32,1096.13,2.33,39.23671747
23-06-2020,MAHARASHTRA,MUMBAI,0,27.98,0,36.5239477
23-06-2020,MAHARASHTRA,NASHIK,0,2259.8,0,28.40021682
23-06-2020,MAHARASHTRA,GARHCHIROLI,0.63,2579.96,4.28,34.87326079
23-06-2020,MAHARASHTRA,RATNAGIRI,0.32,1291.59,2.04,30.28522965
23-06-2020,MAHARASHTRA,OSMANABAD,0,1260.09,0.01,32.37668654
23-06-2020,MAHARASHTRA,BID,0.14,1871.2,1.29,33.00880471
23-06-2020,MAHARASHTRA,LATUR,0.17,1134.46,1.59,32.68257109
23-06-2020,MAHARASHTRA,YAVATMAL,0.01,2696.44,0.08,38.94893022
23-06-2020,MAHARASHTRA,BHANDARA,0.27,765.07,1.81,38.8310671
23-06-2020,MAHARASHTRA,MUMBAI SUBURBAN,0,77.13,0,33.22255891
23-06-2020,MAHARASHTRA,NANDURBAR,0,843.51,0,28.01382361
23-06-2020,MAHARASHTRA,NAGPUR,0.21,2006.33,1.47,39.59994596
23-06-2020,MAHARASHTRA,CHANDRAPUR,0.34,2349.6,2.33,40.62883843
23-06-2020,MAHARASHTRA,JALGAON,0,1901.87,0,31.63364796
23-06-2020,MAHARASHTRA,HINGOLI,0.06,951.55,0.38,39.60567264
23-06-2020,MAHARASHTRA,AKOLA,0,1045.55,0,37.84859855
23-06-2020,MAHARASHTRA,AURANGABAD,0,1696.73,0,32.77701785
23-06-2020,MAHARASHTRA,DHULE,0,1097.6,0,29.91893125
23-06-2020,MAHARASHTRA,KOLHAPUR,0.68,1325.77,6.05,33.36895088
23-06-2020,MAHARASHTRA,RAIGARH,0.19,1074.68,1.49,29.22167457
23-06-2020,MAHARASHTRA,AMRAVATI,0.2,2400.65,1.75,38.51999424
23-06-2020,MAHARASHTRA,NANDED,0,2088.26,0,38.42024716
23-06-2020,MAHARASHTRA,SOLAPUR,0.02,2574.04,0.21,33.52157196
23-06-2020,MAHARASHTRA,AHMADNAGAR,0,2766.96,0,31.63720889
23-06-2020,MAHARASHTRA,THANE,0,1273.13,0,26.10064678
23-06-2020,MAHARASHTRA,SANGLI,0.11,1416.01,0.91,32.01345255
23-06-2020,MAHARASHTRA,WARDHA,0.11,1264.53,0.65,39.23068002
23-06-2020,MAHARASHTRA,BULDANA,0.04,1644.3,0.22,32.98841079
23-06-2020,MAHARASHTRA,SINDHUDURG,0.72,830.86,4.96,31.57963432
22-06-2020,MAHARASHTRA,WASHIM,0,1101.53,0.01,41.44784148
22-06-2020,MAHARASHTRA,SATARA,0.27,1624.66,2.48,30.00014597
22-06-2020,MAHARASHTRA,PUNE,0,2562.12,0.01,31.85058319
22-06-2020,MAHARASHTRA,PARBHANI,0.03,1249.27,0.19,38.44545837
22-06-2020,MAHARASHTRA,JALNA,0.04,1380.21,0.21,34.69398857
22-06-2020,MAHARASHTRA,GONDIYA,0.48,1142.55,3.44,40.89848494
22-06-2020,MAHARASHTRA,MUMBAI,0,29.37,0,38.34535369
22-06-2020,MAHARASHTRA,NASHIK,0,2346.79,0,29.49346355
22-06-2020,MAHARASHTRA,GARHCHIROLI,1.39,2793.86,9.39,37.76451626
22-06-2020,MAHARASHTRA,RATNAGIRI,0.5,1332.48,3.28,31.24400062
22-06-2020,MAHARASHTRA,OSMANABAD,0,1298.27,0.02,33.35779484
22-06-2020,MAHARASHTRA,BID,0.18,1932.98,1.64,34.09865305
22-06-2020,MAHARASHTRA,LATUR,0.26,1179.46,2.47,33.97920527
22-06-2020,MAHARASHTRA,YAVATMAL,0.02,2763.02,0.12,39.91058892
22-06-2020,MAHARASHTRA,BHANDARA,0.48,799.53,3.2,40.58040093
22-06-2020,MAHARASHTRA,MUMBAI SUBURBAN,0,80.68,0,34.75170569
22-06-2020,MAHARASHTRA,NANDURBAR,0,874.17,0,29.03208531
22-06-2020,MAHARASHTRA,NAGPUR,0.4,2130.74,2.77,42.05540084
22-06-2020,MAHARASHTRA,CHANDRAPUR,0.46,2447.43,3.13,42.3204152
22-06-2020,MAHARASHTRA,JALGAON,0,1940.18,0,32.27080624
22-06-2020,MAHARASHTRA,HINGOLI,0.11,991.22,0.67,41.25692107
22-06-2020,MAHARASHTRA,AKOLA,0,1083.07,0,39.20666059
22-06-2020,MAHARASHTRA,AURANGABAD,0,1747.79,0,33.76340114
22-06-2020,MAHARASHTRA,DHULE,0,1139.86,0,31.07100354
22-06-2020,MAHARASHTRA,KOLHAPUR,1.1,1385.95,9.53,34.8835651
22-06-2020,MAHARASHTRA,RAIGARH,0.3,1114.9,2.34,30.31532978
22-06-2020,MAHARASHTRA,AMRAVATI,0.35,2523.08,2.95,40.4844227
22-06-2020,MAHARASHTRA,NANDED,0.03,2182.64,0.18,40.15665686
22-06-2020,MAHARASHTRA,SOLAPUR,0.03,2648.57,0.29,34.49219562
22-06-2020,MAHARASHTRA,AHMADNAGAR,0,2857.43,0,32.671681
22-06-2020,MAHARASHTRA,THANE,0,1318.49,0,27.03051751
22-06-2020,MAHARASHTRA,SANGLI,0.2,1466.97,1.65,33.16561517
22-06-2020,MAHARASHTRA,WARDHA,0.14,1315.91,0.89,40.82452251
22-06-2020,MAHARASHTRA,BULDANA,0.07,1683.51,0.4,33.77492596
22-06-2020,MAHARASHTRA,SINDHUDURG,0.78,841.2,5.52,31.9725128
21-06-2020,MAHARASHTRA,WASHIM,0,1040.16,0.01,39.13846842
21-06-2020,MAHARASHTRA,SATARA,0.4,1677.21,3.67,30.97050374
21-06-2020,MAHARASHTRA,PUNE,0,2647.47,0.02,32.91159245
21-06-2020,MAHARASHTRA,PARBHANI,0.04,1257.21,0.23,38.68999312
21-06-2020,MAHARASHTRA,JALNA,0.05,1395.54,0.29,35.0793471
21-06-2020,MAHARASHTRA,GONDIYA,0.62,1152.1,4.33,41.24051079
21-06-2020,MAHARASHTRA,MUMBAI,0,30.77,0,40.16980087
21-06-2020,MAHARASHTRA,NASHIK,0,2422.99,0,30.45115721
21-06-2020,MAHARASHTRA,GARHCHIROLI,1.66,2835.97,11.25,38.33379017
21-06-2020,MAHARASHTRA,RATNAGIRI,0.59,1352.53,3.87,31.71414726
21-06-2020,MAHARASHTRA,OSMANABAD,0,1330.85,0.03,34.19479907
21-06-2020,MAHARASHTRA,BID,0.25,1996.47,2.21,35.21863488
21-06-2020,MAHARASHTRA,LATUR,0.45,1226.5,4.12,35.33423037
21-06-2020,MAHARASHTRA,YAVATMAL,0.01,2650.91,0.04,38.29122821
21-06-2020,MAHARASHTRA,BHANDARA,0.3,778.46,2.01,39.51063005
21-06-2020,MAHARASHTRA,MUMBAI SUBURBAN,0,84.57,0,36.42547664
21-06-2020,MAHARASHTRA,NANDURBAR,0,901.09,0,29.92636543
21-06-2020,MAHARASHTRA,NAGPUR,0.17,2034.38,1.16,40.15357645
21-06-2020,MAHARASHTRA,CHANDRAPUR,0.43,2408.82,2.93,41.65281547
21-06-2020,MAHARASHTRA,JALGAON,0,1983.59,0,32.99288132
21-06-2020,MAHARASHTRA,HINGOLI,0.1,975.39,0.6,40.59771111
21-06-2020,MAHARASHTRA,AKOLA,0,1015.27,0,36.75235376
21-06-2020,MAHARASHTRA,AURANGABAD,0,1793.44,0,34.64539572
21-06-2020,MAHARASHTRA,DHULE,0,1181.26,0,32.19941041
21-06-2020,MAHARASHTRA,KOLHAPUR,1.4,1428.03,12.03,35.9428062
21-06-2020,MAHARASHTRA,RAIGARH,0.44,1158.12,3.3,31.49063119
21-06-2020,MAHARASHTRA,AMRAVATI,0.09,2273.83,0.84,36.48513404
21-06-2020,MAHARASHTRA,NANDED,0.01,2123.18,0.06,39.06266882
21-06-2020,MAHARASHTRA,SOLAPUR,0.03,2672.2,0.33,34.7999716
21-06-2020,MAHARASHTRA,AHMADNAGAR,0,2952.59,0,33.75978325
21-06-2020,MAHARASHTRA,THANE,0,1369.42,0.03,28.07460192
21-06-2020,MAHARASHTRA,SANGLI,0.3,1511.91,2.55,34.18168633
21-06-2020,MAHARASHTRA,WARDHA,0.1,1289.45,0.61,40.00385548
21-06-2020,MAHARASHTRA,BULDANA,0.09,1696.52,0.5,34.03599172
21-06-2020,MAHARASHTRA,SINDHUDURG,0.91,850.88,6.47,32.3404732
20-06-2020,MAHARASHTRA,WASHIM,0,1056.99,0.02,39.77194664
20-06-2020,MAHARASHTRA,SATARA,0.57,1741.18,5.22,32.15161976
20-06-2020,MAHARASHTRA,PUNE,0.01,2701.44,0.03,33.58250337
20-06-2020,MAHARASHTRA,PARBHANI,0.09,1319.57,0.56,40.60907625
20-06-2020,MAHARASHTRA,JALNA,0.09,1456.32,0.56,36.6072033
20-06-2020,MAHARASHTRA,GONDIYA,0.28,1072.19,2.01,38.3798352
20-06-2020,MAHARASHTRA,MUMBAI,0,31.95,0,41.71718725
20-06-2020,MAHARASHTRA,NASHIK,0,2516.29,0,31.62368512
20-06-2020,MAHARASHTRA,GARHCHIROLI,0.7,2513.66,4.7,33.97712329
20-06-2020,MAHARASHTRA,RATNAGIRI,0.81,1387.81,5.33,32.54143022
20-06-2020,MAHARASHTRA,OSMANABAD,0.01,1371.55,0.04,35.24063206
20-06-2020,MAHARASHTRA,BID,0.11,2038.76,1.05,35.96468125
20-06-2020,MAHARASHTRA,LATUR,0.42,1245.5,3.98,35.88166064
20-06-2020,MAHARASHTRA,YAVATMAL,0,2547.17,0,36.79270964
20-06-2020,MAHARASHTRA,BHANDARA,0.1,736.64,0.67,37.38817051
20-06-2020,MAHARASHTRA,MUMBAI SUBURBAN,0,87.54,0,37.70802054
20-06-2020,MAHARASHTRA,NANDURBAR,0,939.58,0,31.20452187
20-06-2020,MAHARASHTRA,NAGPUR,0.12,1951.58,0.81,38.51930108
20-06-2020,MAHARASHTRA,CHANDRAPUR,0.22,2225.12,1.45,38.47631512
20-06-2020,MAHARASHTRA,JALGAON,0,2042.15,0,33.96687695
20-06-2020,MAHARASHTRA,HINGOLI,0.19,1035.93,1.14,43.1177514
20-06-2020,MAHARASHTRA,AKOLA,0,1038.15,0,37.58053297
20-06-2020,MAHARASHTRA,AURANGABAD,0,1855.89,0,35.85175354
20-06-2020,MAHARASHTRA,DHULE,0,1234.76,0,33.65762452
20-06-2020,MAHARASHTRA,KOLHAPUR,1.83,1482.95,15.68,37.32508249
20-06-2020,MAHARASHTRA,RAIGARH,0.53,1187.75,3.87,32.29611717
20-06-2020,MAHARASHTRA,AMRAVATI,0.09,2310.46,0.84,37.07284671
20-06-2020,MAHARASHTRA,NANDED,0.01,2182.65,0.05,40.15685288
20-06-2020,MAHARASHTRA,SOLAPUR,0.04,2751.74,0.39,35.83574896
20-06-2020,MAHARASHTRA,AHMADNAGAR,0,3060.66,0,34.9954224
20-06-2020,MAHARASHTRA,THANE,0,1360.4,0.04,27.88967082
20-06-2020,MAHARASHTRA,SANGLI,0.44,1572.59,3.75,35.55353473
20-06-2020,MAHARASHTRA,WARDHA,0.06,1243.09,0.39,38.56537918
20-06-2020,MAHARASHTRA,BULDANA,0.12,1752.42,0.71,35.15747087
20-06-2020,MAHARASHTRA,SINDHUDURG,1.27,880.15,8.98,33.45305239
19-06-2020,MAHARASHTRA,WASHIM,0.03,1088.44,0.15,40.95513968
19-06-2020,MAHARASHTRA,SATARA,0.72,1804.73,6.61,33.32516779
19-06-2020,MAHARASHTRA,PUNE,0.01,2802.31,0.08,34.83638935
19-06-2020,MAHARASHTRA,PARBHANI,0.04,1316.93,0.22,40.52768491
19-06-2020,MAHARASHTRA,JALNA,0.25,1535.02,1.47,38.58546627
19-06-2020,MAHARASHTRA,GONDIYA,0.23,1078.61,1.61,38.60954847
19-06-2020,MAHARASHTRA,MUMBAI,0,33.44,0,43.65729474
19-06-2020,MAHARASHTRA,NASHIK,0.02,2652.13,0.11,33.33088391
19-06-2020,MAHARASHTRA,GARHCHIROLI,0.44,2439.49,2.96,32.97450711
19-06-2020,MAHARASHTRA,RATNAGIRI,1.11,1448.72,7.4,33.96971408
19-06-2020,MAHARASHTRA,OSMANABAD,0,1377.67,0.04,35.39785285
19-06-2020,MAHARASHTRA,BID,0.1,2075.57,0.89,36.61404043
19-06-2020,MAHARASHTRA,LATUR,0.25,1193.2,2.37,34.37508153
19-06-2020,MAHARASHTRA,YAVATMAL,0,2615.74,0.01,37.7832752
19-06-2020,MAHARASHTRA,BHANDARA,0.13,751.58,0.91,38.14625674
19-06-2020,MAHARASHTRA,MUMBAI SUBURBAN,0,92.21,0,39.71687647
19-06-2020,MAHARASHTRA,NANDURBAR,0,982.41,0,32.62692059
19-06-2020,MAHARASHTRA,NAGPUR,0.18,2034.93,1.23,40.16433314
19-06-2020,MAHARASHTRA,CHANDRAPUR,0.28,2291.39,1.86,39.62215954
19-06-2020,MAHARASHTRA,JALGAON,0,2105.43,0,35.01943178
19-06-2020,MAHARASHTRA,HINGOLI,0.16,1042.16,0.94,43.37693778
19-06-2020,MAHARASHTRA,AKOLA,0,1058.69,0,38.32424858
19-06-2020,MAHARASHTRA,AURANGABAD,0,1930.47,0.01,37.29244884
19-06-2020,MAHARASHTRA,DHULE,0.01,1299.45,0.07,35.4210436
19-06-2020,MAHARASHTRA,KOLHAPUR,2.26,1535,19.26,38.63505642
19-06-2020,MAHARASHTRA,RAIGARH,0.72,1253.95,5.28,34.09642053
19-06-2020,MAHARASHTRA,AMRAVATI,0.14,2409.47,1.25,38.66159947
19-06-2020,MAHARASHTRA,NANDED,0.01,2191.16,0.07,40.31347223
19-06-2020,MAHARASHTRA,SOLAPUR,0.05,2791.33,0.44,36.35130038
19-06-2020,MAHARASHTRA,AHMADNAGAR,0,3163.81,0,36.17476728
19-06-2020,MAHARASHTRA,THANE,0.01,1412.19,0.11,28.95159121
19-06-2020,MAHARASHTRA,SANGLI,0.56,1628.05,4.81,36.80740909
19-06-2020,MAHARASHTRA,WARDHA,0.11,1315.04,0.65,40.79777288
19-06-2020,MAHARASHTRA,BULDANA,0.23,1845.6,1.37,37.02687447
19-06-2020,MAHARASHTRA,SINDHUDURG,1.68,910.9,11.89,34.62185783
18-06-2020,MAHARASHTRA,WASHIM,0,1077.68,0,40.5504831
18-06-2020,MAHARASHTRA,SATARA,0.89,1870.86,8.12,34.54619621
18-06-2020,MAHARASHTRA,PUNE,0.26,2960.51,1.53,36.80309291
18-06-2020,MAHARASHTRA,PARBHANI,0,1247.45,0,38.38944088
18-06-2020,MAHARASHTRA,JALNA,0.03,1470.74,0.15,36.96951748
18-06-2020,MAHARASHTRA,GONDIYA,0.14,1074.12,1,38.4490141
18-06-2020,MAHARASHTRA,MUMBAI,0,34.86,0,45.50466933
18-06-2020,MAHARASHTRA,NASHIK,0,2690.62,0,33.81468287
18-06-2020,MAHARASHTRA,GARHCHIROLI,0.33,2456.71,2.21,33.20727617
18-06-2020,MAHARASHTRA,RATNAGIRI,2.03,1564.46,13.49,36.68343475
18-06-2020,MAHARASHTRA,OSMANABAD,0.02,1415,0.2,36.35687791
18-06-2020,MAHARASHTRA,BID,0.07,2003.4,0.66,35.3408982
18-06-2020,MAHARASHTRA,LATUR,0.33,1235.06,3.12,35.58089738
18-06-2020,MAHARASHTRA,YAVATMAL,0,2607.66,0,37.66658137
18-06-2020,MAHARASHTRA,BHANDARA,0.18,765.31,1.18,38.84330081
18-06-2020,MAHARASHTRA,MUMBAI SUBURBAN,0,98.82,0,42.56336517
18-06-2020,MAHARASHTRA,NANDURBAR,0,1029.1,0,34.17755143
18-06-2020,MAHARASHTRA,NAGPUR,0.23,2068.46,1.56,40.82624367
18-06-2020,MAHARASHTRA,CHANDRAPUR,0.2,2220.3,1.35,38.39287102
18-06-2020,MAHARASHTRA,JALGAON,0,2170.5,0,36.10160193
18-06-2020,MAHARASHTRA,HINGOLI,0,913.29,0,38.01300911
18-06-2020,MAHARASHTRA,AKOLA,0,1091.26,0.02,39.50315093
18-06-2020,MAHARASHTRA,AURANGABAD,0,1947.24,0.01,37.61646102
18-06-2020,MAHARASHTRA,DHULE,0,1340.33,0,36.53544464
18-06-2020,MAHARASHTRA,KOLHAPUR,2.77,1588.28,23.35,39.97626759
18-06-2020,MAHARASHTRA,RAIGARH,2.38,1431.26,16.15,38.91740919
18-06-2020,MAHARASHTRA,AMRAVATI,0.34,2481.37,2.82,39.81526648
18-06-2020,MAHARASHTRA,NANDED,0.03,2201.06,0.21,40.49548305
18-06-2020,MAHARASHTRA,SOLAPUR,0.06,2868.19,0.61,37.35235133
18-06-2020,MAHARASHTRA,AHMADNAGAR,0,3183.15,0,36.39597011
18-06-2020,MAHARASHTRA,THANE,0.04,1473.15,0.38,30.2012018
18-06-2020,MAHARASHTRA,SANGLI,0.65,1661.41,5.57,37.56167135
18-06-2020,MAHARASHTRA,WARDHA,0.06,1267.24,0.37,39.31464549
18-06-2020,MAHARASHTRA,BULDANA,0.01,1793.75,0.03,35.98654854
18-06-2020,MAHARASHTRA,SINDHUDURG,2.58,966.23,18.16,36.7245885
17-06-2020,MAHARASHTRA,WASHIM,0,1078.47,0,40.58026151
17-06-2020,MAHARASHTRA,SATARA,0.95,1913.55,8.62,35.33448464
17-06-2020,MAHARASHTRA,PUNE,0.01,2910.55,0.07,36.1820331
17-06-2020,MAHARASHTRA,PARBHANI,0,1231.04,0.01,37.88461093
17-06-2020,MAHARASHTRA,JALNA,0,1404.51,0,35.30463822
17-06-2020,MAHARASHTRA,GONDIYA,0.12,1057.36,0.9,37.84905991
17-06-2020,MAHARASHTRA,MUMBAI,0,31.77,0,41.47604903
17-06-2020,MAHARASHTRA,NASHIK,0.01,2718.37,0.07,34.16335957
17-06-2020,MAHARASHTRA,GARHCHIROLI,0.38,2501.94,2.61,33.81868975
17-06-2020,MAHARASHTRA,RATNAGIRI,1.82,1536.92,12.19,36.03770243
17-06-2020,MAHARASHTRA,OSMANABAD,0.01,1424.05,0.07,36.58953152
17-06-2020,MAHARASHTRA,BID,0.07,2026.17,0.68,35.74255455
17-06-2020,MAHARASHTRA,LATUR,0.2,1199.85,1.96,34.56644903
17-06-2020,MAHARASHTRA,YAVATMAL,0,2667.21,0,38.52673055
17-06-2020,MAHARASHTRA,BHANDARA,0.07,731.44,0.49,37.12422375
17-06-2020,MAHARASHTRA,MUMBAI SUBURBAN,0,88.94,0,38.31006901
17-06-2020,MAHARASHTRA,NANDURBAR,0,1085.88,0,36.06338081
17-06-2020,MAHARASHTRA,NAGPUR,0.13,1977.81,0.92,39.03703613
17-06-2020,MAHARASHTRA,CHANDRAPUR,0.25,2270.83,1.68,39.2666578
17-06-2020,MAHARASHTRA,JALGAON,0,2193.02,0,36.47626146
17-06-2020,MAHARASHTRA,HINGOLI,0,920.16,0,38.29901188
17-06-2020,MAHARASHTRA,AKOLA,0,1074.89,0,38.91048422
17-06-2020,MAHARASHTRA,AURANGABAD,0,1907.01,0.02,36.83926922
17-06-2020,MAHARASHTRA,DHULE,0,1364.2,0,37.18593485
17-06-2020,MAHARASHTRA,KOLHAPUR,2.79,1588.37,23.57,39.97836642
17-06-2020,MAHARASHTRA,RAIGARH,0.36,1192.41,2.81,32.42294167
17-06-2020,MAHARASHTRA,AMRAVATI,0.07,2312.62,0.66,37.1075248
17-06-2020,MAHARASHTRA,NANDED,0,2093.52,0,38.51705909
17-06-2020,MAHARASHTRA,SOLAPUR,0.06,2949.66,0.54,38.41329073
17-06-2020,MAHARASHTRA,AHMADNAGAR,0.02,3271.74,0.15,37.40884313
17-06-2020,MAHARASHTRA,THANE,0.04,1513.94,0.25,31.03748182
17-06-2020,MAHARASHTRA,SANGLI,0.7,1704.41,5.96,38.53386082
17-06-2020,MAHARASHTRA,WARDHA,0.04,1248.05,0.28,38.71950057
17-06-2020,MAHARASHTRA,BULDANA,0,1775.64,0,35.62332009
17-06-2020,MAHARASHTRA,SINDHUDURG,2.94,982.55,20.59,37.34503529
16-06-2020,MAHARASHTRA,WASHIM,0,1112.5,0,41.86071702
16-06-2020,MAHARASHTRA,SATARA,1.51,2038.35,12.76,37.6390374
16-06-2020,MAHARASHTRA,PUNE,0.07,3053.36,0.45,37.95735782
16-06-2020,MAHARASHTRA,PARBHANI,0.01,1279.77,0.05,39.38421234
16-06-2020,MAHARASHTRA,JALNA,0.02,1481.34,0.12,37.23608572
16-06-2020,MAHARASHTRA,GONDIYA,0.17,1077.19,1.23,38.55903148
16-06-2020,MAHARASHTRA,MUMBAI,0,33.33,0,43.5130625
16-06-2020,MAHARASHTRA,NASHIK,0.14,2874.15,0.89,36.12110639
16-06-2020,MAHARASHTRA,GARHCHIROLI,1.06,2725.93,7.13,36.84634863
16-06-2020,MAHARASHTRA,RATNAGIRI,2.18,1589.22,14.84,37.26418022
16-06-2020,MAHARASHTRA,OSMANABAD,0.05,1482.17,0.53,38.08276951
16-06-2020,MAHARASHTRA,BID,0.12,2113.44,1.06,37.28203473
16-06-2020,MAHARASHTRA,LATUR,0.42,1270.93,3.91,36.61431336
16-06-2020,MAHARASHTRA,YAVATMAL,0,2716.97,0,39.24545983
16-06-2020,MAHARASHTRA,BHANDARA,0.14,759.25,0.91,38.53575369
16-06-2020,MAHARASHTRA,MUMBAI SUBURBAN,0,93.22,0,40.15222364
16-06-2020,MAHARASHTRA,NANDURBAR,0.43,1189.56,2.35,39.50679762
16-06-2020,MAHARASHTRA,NAGPUR,0.25,2083.37,1.73,41.12056624
16-06-2020,MAHARASHTRA,CHANDRAPUR,0.31,2323.93,2.08,40.18489695
16-06-2020,MAHARASHTRA,JALGAON,0,2297.55,0.02,38.21492639
16-06-2020,MAHARASHTRA,HINGOLI,0,953.35,0.01,39.68037154
16-06-2020,MAHARASHTRA,AKOLA,0,1113.41,0,40.30507578
16-06-2020,MAHARASHTRA,AURANGABAD,0.02,1997.29,0.11,38.58327236
16-06-2020,MAHARASHTRA,DHULE,0.04,1450.9,0.23,39.54948213
16-06-2020,MAHARASHTRA,KOLHAPUR,3.19,1630.47,26.59,41.03808827
16-06-2020,MAHARASHTRA,RAIGARH,0.7,1260.89,4.85,34.2850532
16-06-2020,MAHARASHTRA,AMRAVATI,0.09,2389.69,0.86,38.34410945
16-06-2020,MAHARASHTRA,NANDED,0.01,2175.4,0.09,40.0233472
16-06-2020,MAHARASHTRA,SOLAPUR,0.1,3093.46,0.91,40.28596654
16-06-2020,MAHARASHTRA,AHMADNAGAR,0.04,3386.22,0.24,38.71784617
16-06-2020,MAHARASHTRA,THANE,0.1,1562.31,0.69,32.02922296
16-06-2020,MAHARASHTRA,SANGLI,0.88,1745.4,7.53,39.46060659
16-06-2020,MAHARASHTRA,WARDHA,0.07,1283.24,0.44,39.81121121
16-06-2020,MAHARASHTRA,BULDANA,0,1850.95,0,37.1341972
16-06-2020,MAHARASHTRA,SINDHUDURG,3.35,1009.43,23.47,38.36685671
15-06-2020,MAHARASHTRA,WASHIM,0.02,1208.61,0.12,45.4769436
15-06-2020,MAHARASHTRA,SATARA,0.6,1865.42,5.38,34.44586817
15-06-2020,MAHARASHTRA,PUNE,0.27,3144.43,1.62,39.08943774
15-06-2020,MAHARASHTRA,PARBHANI,0.02,1373.97,0.13,42.28301388
15-06-2020,MAHARASHTRA,JALNA,0.23,1596.14,1.27,40.12176928
15-06-2020,MAHARASHTRA,GONDIYA,0.71,1161.89,4.77,41.59087708
15-06-2020,MAHARASHTRA,MUMBAI,0,35.19,0,45.93483451
15-06-2020,MAHARASHTRA,NASHIK,0.27,2920.37,1.66,36.70207554
15-06-2020,MAHARASHTRA,GARHCHIROLI,1.43,2787.17,9.67,37.6741552
15-06-2020,MAHARASHTRA,RATNAGIRI,2.29,1601.25,15.64,37.54616424
15-06-2020,MAHARASHTRA,OSMANABAD,0.09,1484.33,0.82,38.13826525
15-06-2020,MAHARASHTRA,BID,0.35,2275.19,2.91,40.13538487
15-06-2020,MAHARASHTRA,LATUR,0.22,1262.26,1.9,36.36442876
15-06-2020,MAHARASHTRA,YAVATMAL,0.12,2998.28,0.8,43.30891889
15-06-2020,MAHARASHTRA,BHANDARA,0.58,816.14,3.78,41.42318425
15-06-2020,MAHARASHTRA,MUMBAI SUBURBAN,0.08,102.1,0.49,43.97766142
15-06-2020,MAHARASHTRA,NANDURBAR,0,1054.6,0,35.02446922
15-06-2020,MAHARASHTRA,NAGPUR,0.34,2153.79,2.28,42.51039644
15-06-2020,MAHARASHTRA,CHANDRAPUR,0.61,2517.42,4.03,43.53062024
15-06-2020,MAHARASHTRA,JALGAON,0.06,2376.46,0.4,39.5273252
15-06-2020,MAHARASHTRA,HINGOLI,0.1,1029.44,0.56,42.84744896
15-06-2020,MAHARASHTRA,AKOLA,0.09,1230.58,0.62,44.54626335
15-06-2020,MAHARASHTRA,AURANGABAD,0.18,2128.97,1.07,41.12692207
15-06-2020,MAHARASHTRA,DHULE,0,1380.96,0.01,37.64296923
15-06-2020,MAHARASHTRA,KOLHAPUR,2.35,1538.96,19.19,38.73495804
15-06-2020,MAHARASHTRA,RAIGARH,1.7,1373.84,11.62,37.35610534
15-06-2020,MAHARASHTRA,AMRAVATI,0.62,2654.51,5.15,42.59331818
15-06-2020,MAHARASHTRA,NANDED,0.15,2351.81,0.96,43.26911555
15-06-2020,MAHARASHTRA,SOLAPUR,0.02,2906.91,0.14,37.85648273
15-06-2020,MAHARASHTRA,AHMADNAGAR,0.2,3517.33,1.14,40.21695363
15-06-2020,MAHARASHTRA,THANE,0.71,1671.46,4.83,34.26687916
15-06-2020,MAHARASHTRA,SANGLI,0.21,1504.61,1.69,34.01660589
15-06-2020,MAHARASHTRA,WARDHA,0.18,1383.84,1.12,42.93220601
15-06-2020,MAHARASHTRA,BULDANA,0.4,2097.85,2.52,42.08752248
15-06-2020,MAHARASHTRA,SINDHUDURG,3.29,1006.2,23.13,38.24395453
14-06-2020,MAHARASHTRA,WASHIM,0.01,1214.66,0.08,45.70446937
14-06-2020,MAHARASHTRA,SATARA,0.26,1754.01,2.43,32.38857065
14-06-2020,MAHARASHTRA,PUNE,0.03,2931.06,0.19,36.43695951
14-06-2020,MAHARASHTRA,PARBHANI,0,1323.75,0.01,40.73765408
14-06-2020,MAHARASHTRA,JALNA,0.03,1480.89,0.13,37.2247576
14-06-2020,MAHARASHTRA,GONDIYA,0.13,1091.54,0.92,39.07242001
14-06-2020,MAHARASHTRA,MUMBAI,0,34.04,0,44.43714485
14-06-2020,MAHARASHTRA,NASHIK,0.33,2796.96,2.18,35.15100673
14-06-2020,MAHARASHTRA,GARHCHIROLI,0.14,2444.79,0.93,33.0462147
14-06-2020,MAHARASHTRA,RATNAGIRI,0.98,1441.21,6.55,33.7936618
14-06-2020,MAHARASHTRA,OSMANABAD,0.08,1434.37,0.75,36.85478706
14-06-2020,MAHARASHTRA,BID,0.15,2149.37,1.37,37.91594683
14-06-2020,MAHARASHTRA,LATUR,0.14,1232.36,1.17,35.50302698
14-06-2020,MAHARASHTRA,YAVATMAL,0.06,2950.52,0.43,42.61896275
14-06-2020,MAHARASHTRA,BHANDARA,0.19,756.09,1.26,38.37545782
14-06-2020,MAHARASHTRA,MUMBAI SUBURBAN,0,97.3,0,41.90887363
14-06-2020,MAHARASHTRA,NANDURBAR,0.67,1162.57,3.71,38.61039716
14-06-2020,MAHARASHTRA,NAGPUR,0.38,2150.95,2.68,42.45424609
14-06-2020,MAHARASHTRA,CHANDRAPUR,0.1,2299.04,0.67,39.75449568
14-06-2020,MAHARASHTRA,JALGAON,0.06,2203.01,0.3,36.64247202
14-06-2020,MAHARASHTRA,HINGOLI,0.02,1000.11,0.14,41.6268192
14-06-2020,MAHARASHTRA,AKOLA,0.07,1218.49,0.53,44.10862313
14-06-2020,MAHARASHTRA,AURANGABAD,0,1925.71,0,37.20045716
14-06-2020,MAHARASHTRA,DHULE,0.07,1421.4,0.42,38.74511252
14-06-2020,MAHARASHTRA,KOLHAPUR,1.29,1435.54,10.89,36.13192322
14-06-2020,MAHARASHTRA,RAIGARH,0.38,1232.92,2.78,33.52455189
14-06-2020,MAHARASHTRA,AMRAVATI,0.63,2674.2,5.14,42.90936857
14-06-2020,MAHARASHTRA,NANDED,0.07,2268.88,0.41,41.74327655
14-06-2020,MAHARASHTRA,SOLAPUR,0.01,2815.13,0.13,36.66125698
14-06-2020,MAHARASHTRA,AHMADNAGAR,0.06,3308.27,0.38,37.82652252
14-06-2020,MAHARASHTRA,THANE,0.23,1596.1,1.55,32.72181729
14-06-2020,MAHARASHTRA,SANGLI,0.15,1501.88,1.18,33.95482671
14-06-2020,MAHARASHTRA,WARDHA,0.08,1377.58,0.45,42.73796079
14-06-2020,MAHARASHTRA,BULDANA,0.11,1962.27,0.7,39.36754662
14-06-2020,MAHARASHTRA,SINDHUDURG,0.87,869.18,6.17,33.03607408
13-06-2020,MAHARASHTRA,WASHIM,0.01,1147.67,0.03,43.18406757
13-06-2020,MAHARASHTRA,SATARA,0.2,1708.09,1.87,31.54071473
13-06-2020,MAHARASHTRA,PUNE,0.05,2925.98,0.27,36.37375772
13-06-2020,MAHARASHTRA,PARBHANI,0,1339.25,0.03,41.21445198
13-06-2020,MAHARASHTRA,JALNA,0.19,1578.35,1.06,39.67453138
13-06-2020,MAHARASHTRA,GONDIYA,0.39,1109.72,2.63,39.72320235
13-06-2020,MAHARASHTRA,MUMBAI,0,34.81,0,45.45091431
13-06-2020,MAHARASHTRA,NASHIK,0.43,2847.53,2.54,35.78658295
13-06-2020,MAHARASHTRA,GARHCHIROLI,0.51,2548.02,3.42,34.44147623
13-06-2020,MAHARASHTRA,RATNAGIRI,0.66,1370.57,4.54,32.13720624
13-06-2020,MAHARASHTRA,OSMANABAD,0.14,1452.89,1.37,37.33044748
13-06-2020,MAHARASHTRA,BID,0.4,2243.29,3.52,39.57261523
13-06-2020,MAHARASHTRA,LATUR,0.13,1243.77,1.11,35.83186142
13-06-2020,MAHARASHTRA,YAVATMAL,0.01,2717.35,0.08,39.25089237
13-06-2020,MAHARASHTRA,BHANDARA,0.13,759.75,0.85,38.56114391
13-06-2020,MAHARASHTRA,MUMBAI SUBURBAN,0.01,98.69,0.04,42.50968464
13-06-2020,MAHARASHTRA,NANDURBAR,0,959.69,0.02,31.87260568
13-06-2020,MAHARASHTRA,NAGPUR,0.04,2014.64,0.28,39.76390403
13-06-2020,MAHARASHTRA,CHANDRAPUR,0.12,2220.58,0.82,38.39769295
13-06-2020,MAHARASHTRA,JALGAON,0.02,2193.4,0.13,36.48262897
13-06-2020,MAHARASHTRA,HINGOLI,0.16,1036.34,0.92,43.1346684
13-06-2020,MAHARASHTRA,AKOLA,0.03,1147.66,0.19,41.54474216
13-06-2020,MAHARASHTRA,AURANGABAD,0.16,2060.29,0.92,39.80032548
13-06-2020,MAHARASHTRA,DHULE,0.01,1229.17,0.05,33.50530313
13-06-2020,MAHARASHTRA,KOLHAPUR,1.64,1466.56,13.36,36.91256859
13-06-2020,MAHARASHTRA,RAIGARH,0.34,1220.33,2.56,33.18201273
13-06-2020,MAHARASHTRA,AMRAVATI,0.14,2435.92,1.12,39.08599596
13-06-2020,MAHARASHTRA,NANDED,0.03,2225.98,0.2,40.95396095
13-06-2020,MAHARASHTRA,SOLAPUR,0.01,2781.7,0.11,36.22587924
13-06-2020,MAHARASHTRA,AHMADNAGAR,0.17,3405.07,1.09,38.93338912
13-06-2020,MAHARASHTRA,THANE,0.83,1670.64,5.87,34.25010652
13-06-2020,MAHARASHTRA,SANGLI,0.17,1527.99,1.38,34.54518439
13-06-2020,MAHARASHTRA,WARDHA,0,1256.54,0,38.98268483
13-06-2020,MAHARASHTRA,BULDANA,0.12,1955.03,0.68,39.22221915
13-06-2020,MAHARASHTRA,SINDHUDURG,2.1,939.11,14.78,35.69409275
12-06-2020,MAHARASHTRA,WASHIM,0,1153.27,0.02,43.3945146
12-06-2020,MAHARASHTRA,SATARA,0.48,1779.12,3.93,32.85223335
12-06-2020,MAHARASHTRA,PUNE,0,2673.54,0.03,33.2356509
12-06-2020,MAHARASHTRA,PARBHANI,0.01,1342.12,0.05,41.3028611
12-06-2020,MAHARASHTRA,JALNA,0.05,1502.85,0.29,37.77672904
12-06-2020,MAHARASHTRA,GONDIYA,0.41,1129.97,2.78,40.44821554
12-06-2020,MAHARASHTRA,MUMBAI,0,29.69,0,38.7667329
12-06-2020,MAHARASHTRA,NASHIK,0.05,2521.28,0.31,31.68640536
12-06-2020,MAHARASHTRA,GARHCHIROLI,0.96,2707.68,6.53,36.59966475
12-06-2020,MAHARASHTRA,RATNAGIRI,0.62,1336.03,4,31.32725418
12-06-2020,MAHARASHTRA,OSMANABAD,0.07,1418.49,0.67,36.44660533
12-06-2020,MAHARASHTRA,BID,0.15,2088.43,1.35,36.84089641
12-06-2020,MAHARASHTRA,LATUR,0.1,1230.29,0.85,35.44355323
12-06-2020,MAHARASHTRA,YAVATMAL,0.05,2833.65,0.32,40.93084281
12-06-2020,MAHARASHTRA,BHANDARA,0.24,784.42,1.58,39.81339078
12-06-2020,MAHARASHTRA,MUMBAI SUBURBAN,0,84.11,0,36.22758827
12-06-2020,MAHARASHTRA,NANDURBAR,0.01,905.08,0.04,30.05881777
12-06-2020,MAHARASHTRA,NAGPUR,0.23,2135.12,1.49,42.14183452
12-06-2020,MAHARASHTRA,CHANDRAPUR,0.28,2354.14,1.81,40.70725837
12-06-2020,MAHARASHTRA,JALGAON,0.04,2068.12,0.21,34.39885564
12-06-2020,MAHARASHTRA,HINGOLI,0.07,1013.99,0.36,42.20451584
12-06-2020,MAHARASHTRA,AKOLA,0.06,1142.1,0.41,41.34349088
12-06-2020,MAHARASHTRA,AURANGABAD,0.06,1930.14,0.33,37.28598888
12-06-2020,MAHARASHTRA,DHULE,0,1056.49,0.02,28.79828496
12-06-2020,MAHARASHTRA,KOLHAPUR,0.59,1332.26,5.08,33.53239032
12-06-2020,MAHARASHTRA,RAIGARH,0.58,1194.06,3.94,32.46794321
12-06-2020,MAHARASHTRA,AMRAVATI,0.51,2595.57,4.02,41.64767373
12-06-2020,MAHARASHTRA,NANDED,0.09,2267.56,0.55,41.71903326
12-06-2020,MAHARASHTRA,SOLAPUR,0.01,2792.2,0.09,36.3626324
12-06-2020,MAHARASHTRA,AHMADNAGAR,0,3034.65,0.01,34.69800214
12-06-2020,MAHARASHTRA,THANE,0.5,1543.59,3.12,31.64542059
12-06-2020,MAHARASHTRA,SANGLI,0.08,1464.29,0.69,33.10501931
12-06-2020,MAHARASHTRA,WARDHA,0.08,1353.1,0.49,41.97849206
12-06-2020,MAHARASHTRA,BULDANA,0.06,1869.78,0.35,37.51185678
12-06-2020,MAHARASHTRA,SINDHUDURG,1.74,913.57,12.08,34.72309555
11-06-2020,MAHARASHTRA,WASHIM,0.03,1178.56,0.17,44.34617748
11-06-2020,MAHARASHTRA,SATARA,0.08,1585.01,0.71,29.26785495
11-06-2020,MAHARASHTRA,PUNE,0,2580.49,0,32.07889745
11-06-2020,MAHARASHTRA,PARBHANI,0.04,1352.1,0.23,41.60991974
11-06-2020,MAHARASHTRA,JALNA,0.25,1570.26,1.43,39.47105017
11-06-2020,MAHARASHTRA,GONDIYA,0.32,1085.33,2.29,38.85028079
11-06-2020,MAHARASHTRA,MUMBAI,0,28.87,0,37.69000467
11-06-2020,MAHARASHTRA,NASHIK,0.01,2218.75,0.1,27.88436177
11-06-2020,MAHARASHTRA,GARHCHIROLI,0.24,2523.51,1.6,34.1101896
11-06-2020,MAHARASHTRA,RATNAGIRI,0.11,1214.7,0.71,28.48246133
11-06-2020,MAHARASHTRA,OSMANABAD,0.07,1395.74,0.63,35.862065
11-06-2020,MAHARASHTRA,BID,0.16,2062.74,1.33,36.38758044
11-06-2020,MAHARASHTRA,LATUR,0.22,1251.94,1.87,36.06715913
11-06-2020,MAHARASHTRA,YAVATMAL,0.05,2777.29,0.33,40.11675951
11-06-2020,MAHARASHTRA,BHANDARA,0.16,748.62,1.04,37.99629187
11-06-2020,MAHARASHTRA,MUMBAI SUBURBAN,0,80.76,0,34.78516451
11-06-2020,MAHARASHTRA,NANDURBAR,0,671.96,0,22.31648235
11-06-2020,MAHARASHTRA,NAGPUR,0.09,1904.98,0.66,37.59946063
11-06-2020,MAHARASHTRA,CHANDRAPUR,0.04,2133,0.29,36.88333767
11-06-2020,MAHARASHTRA,JALGAON,0,1611.35,0,26.80141884
11-06-2020,MAHARASHTRA,HINGOLI,0.06,1029.9,0.36,42.86653399
11-06-2020,MAHARASHTRA,AKOLA,0.07,1104.67,0.44,39.98853697
11-06-2020,MAHARASHTRA,AURANGABAD,0.02,1864.55,0.11,36.01897499
11-06-2020,MAHARASHTRA,DHULE,0,767.76,0,20.9280733
11-06-2020,MAHARASHTRA,KOLHAPUR,0.23,1249.84,2.1,31.45772333
11-06-2020,MAHARASHTRA,RAIGARH,0.04,1061.53,0.32,28.86410197
11-06-2020,MAHARASHTRA,AMRAVATI,0.03,2337.21,0.25,37.50206303
11-06-2020,MAHARASHTRA,NANDED,0.04,2215.55,0.28,40.76215403
11-06-2020,MAHARASHTRA,SOLAPUR,0,2685.53,0.03,34.97347863
11-06-2020,MAHARASHTRA,AHMADNAGAR,0.03,2991.87,0.16,34.20889073
11-06-2020,MAHARASHTRA,THANE,0,1228.44,0,25.18442591
11-06-2020,MAHARASHTRA,SANGLI,0.07,1432.35,0.6,32.38288385
11-06-2020,MAHARASHTRA,WARDHA,0.01,1261.93,0.06,39.14993395
11-06-2020,MAHARASHTRA,BULDANA,0.21,1837.37,1.21,36.86175825
11-06-2020,MAHARASHTRA,SINDHUDURG,0.04,752.64,0.28,28.60661627
10-06-2020,MAHARASHTRA,WASHIM,0.04,1096.07,0.24,41.2422182
10-06-2020,MAHARASHTRA,SATARA,0.05,1587.85,0.49,29.32029207
10-06-2020,MAHARASHTRA,PUNE,0.03,2777.84,0.16,34.53216602
10-06-2020,MAHARASHTRA,PARBHANI,0.09,1413.3,0.54,43.49330054
10-06-2020,MAHARASHTRA,JALNA,0.24,1495.14,1.38,37.58294502
10-06-2020,MAHARASHTRA,GONDIYA,0,853.19,0,30.54049834
10-06-2020,MAHARASHTRA,MUMBAI,0,34.4,0,44.91527181
10-06-2020,MAHARASHTRA,NASHIK,0.02,2044.89,0.09,25.69940329
10-06-2020,MAHARASHTRA,GARHCHIROLI,0.31,2359.4,2.15,31.89198576
10-06-2020,MAHARASHTRA,RATNAGIRI,0.7,1387.92,4.82,32.54405616
10-06-2020,MAHARASHTRA,OSMANABAD,0.51,1569.37,4.85,40.32342496
10-06-2020,MAHARASHTRA,BID,0.84,2327.22,7.1,41.05320331
10-06-2020,MAHARASHTRA,LATUR,0.91,1328.82,7.78,38.28209871
10-06-2020,MAHARASHTRA,YAVATMAL,0.14,2530.27,0.95,36.54861806
10-06-2020,MAHARASHTRA,BHANDARA,0,607.26,0,30.82127385
10-06-2020,MAHARASHTRA,MUMBAI SUBURBAN,0,93.07,0,40.08881727
10-06-2020,MAHARASHTRA,NANDURBAR,0,579.49,0,19.24556715
10-06-2020,MAHARASHTRA,NAGPUR,0,1568.18,0.02,30.95196224
10-06-2020,MAHARASHTRA,CHANDRAPUR,0,1832.02,0.01,31.67889233
10-06-2020,MAHARASHTRA,JALGAON,0,1708.58,0.02,28.41858686
10-06-2020,MAHARASHTRA,HINGOLI,0.27,1054.2,1.61,43.87798825
10-06-2020,MAHARASHTRA,AKOLA,0,826.84,0,29.93136931
10-06-2020,MAHARASHTRA,AURANGABAD,0,1650.4,0.02,31.88201555
10-06-2020,MAHARASHTRA,DHULE,0,706.24,0,19.25097148
10-06-2020,MAHARASHTRA,KOLHAPUR,0.17,1224.61,1.53,30.82286062
10-06-2020,MAHARASHTRA,RAIGARH,0.95,1263.89,6.47,34.3665346
10-06-2020,MAHARASHTRA,AMRAVATI,0,1971.89,0,31.64036362
10-06-2020,MAHARASHTRA,NANDED,0.16,2272.31,1.04,41.80645772
10-06-2020,MAHARASHTRA,SOLAPUR,0.14,3048.86,1.07,39.70510239
10-06-2020,MAHARASHTRA,AHMADNAGAR,0.15,3177.72,0.91,36.33387034
10-06-2020,MAHARASHTRA,THANE,0.04,1329.82,0.22,27.26288037
10-06-2020,MAHARASHTRA,SANGLI,0.04,1425.82,0.31,32.23543367
10-06-2020,MAHARASHTRA,WARDHA,0,1038.62,0,32.22194495
10-06-2020,MAHARASHTRA,BULDANA,0.07,1436.86,0.39,28.82665403
10-06-2020,MAHARASHTRA,SINDHUDURG,0.08,756.55,0.52,28.7551738
09-06-2020,MAHARASHTRA,WASHIM,0,873.61,0,32.87190117
09-06-2020,MAHARASHTRA,SATARA,0.09,1532.57,0.83,28.29954478
09-06-2020,MAHARASHTRA,PUNE,0,2454.55,0,30.51335137
09-06-2020,MAHARASHTRA,PARBHANI,0,1001.4,0,30.81757351
09-06-2020,MAHARASHTRA,JALNA,0,1111.53,0,27.94027011
09-06-2020,MAHARASHTRA,GONDIYA,0,830.07,0,29.71290083
09-06-2020,MAHARASHTRA,MUMBAI,0,29.02,0,37.88144705
09-06-2020,MAHARASHTRA,NASHIK,0,1808.29,0,22.72585282
09-06-2020,MAHARASHTRA,GARHCHIROLI,0,1988.77,0,26.88217328
09-06-2020,MAHARASHTRA,RATNAGIRI,0.07,1189.18,0.49,27.8840117
09-06-2020,MAHARASHTRA,OSMANABAD,0,1099.51,0,28.25081644
09-06-2020,MAHARASHTRA,BID,0,1600.59,0,28.2352005
09-06-2020,MAHARASHTRA,LATUR,0,945.01,0,27.22473307
09-06-2020,MAHARASHTRA,YAVATMAL,0,2014.54,0,29.0991209
09-06-2020,MAHARASHTRA,BHANDARA,0,623.25,0,31.6330863
09-06-2020,MAHARASHTRA,MUMBAI SUBURBAN,0,85.36,0,36.76720223
09-06-2020,MAHARASHTRA,NANDURBAR,0,512.79,0,17.03047319
09-06-2020,MAHARASHTRA,NAGPUR,0,1558.77,0,30.76622821
09-06-2020,MAHARASHTRA,CHANDRAPUR,0,1720.77,0,29.75524859
09-06-2020,MAHARASHTRA,JALGAON,0,1161.4,0,19.31740382
09-06-2020,MAHARASHTRA,HINGOLI,0,686.23,0,28.56223632
09-06-2020,MAHARASHTRA,AKOLA,0,774.7,0,28.04379632
09-06-2020,MAHARASHTRA,AURANGABAD,0,1277.27,0,24.67410509
09-06-2020,MAHARASHTRA,DHULE,0,592.57,0,16.15262635
09-06-2020,MAHARASHTRA,KOLHAPUR,0.28,1246.85,2.56,31.38247055
09-06-2020,MAHARASHTRA,RAIGARH,0.04,1052.14,0.36,28.60896886
09-06-2020,MAHARASHTRA,AMRAVATI,0,1926.66,0.01,30.91460703
09-06-2020,MAHARASHTRA,NANDED,0,1777.74,0,32.70724156
09-06-2020,MAHARASHTRA,SOLAPUR,0,2340.59,0,30.48137028
09-06-2020,MAHARASHTRA,AHMADNAGAR,0,2532.64,0,28.95808485
09-06-2020,MAHARASHTRA,THANE,0,1225.26,0,25.11927144
09-06-2020,MAHARASHTRA,SANGLI,0.07,1352.9,0.56,30.58666981
09-06-2020,MAHARASHTRA,WARDHA,0,1028.66,0,31.91298016
09-06-2020,MAHARASHTRA,BULDANA,0,1250.64,0,25.09052707
09-06-2020,MAHARASHTRA,SINDHUDURG,0.01,691.51,0.08,26.28304265
08-06-2020,MAHARASHTRA,WASHIM,0,876.66,0,32.98665274
08-06-2020,MAHARASHTRA,SATARA,0.17,1572.71,1.59,29.04075134
08-06-2020,MAHARASHTRA,PUNE,0,2482.25,0,30.85766341
08-06-2020,MAHARASHTRA,PARBHANI,0,1013.48,0,31.18933324
08-06-2020,MAHARASHTRA,JALNA,0,1130.74,0,28.42305947
08-06-2020,MAHARASHTRA,GONDIYA,0,835.56,0,29.90962329
08-06-2020,MAHARASHTRA,MUMBAI,0,30.07,0,39.25427551
08-06-2020,MAHARASHTRA,NASHIK,0,1743.46,0,21.91112093
08-06-2020,MAHARASHTRA,GARHCHIROLI,0,1987.03,0,26.85861985
08-06-2020,MAHARASHTRA,RATNAGIRI,0.16,1239.63,1.17,29.06685251
08-06-2020,MAHARASHTRA,OSMANABAD,0,1124.38,0,28.88983479
08-06-2020,MAHARASHTRA,BID,0,1633.89,0,28.82255104
08-06-2020,MAHARASHTRA,LATUR,0,961.46,0,27.69883368
08-06-2020,MAHARASHTRA,YAVATMAL,0,2029.11,0,29.30966846
08-06-2020,MAHARASHTRA,BHANDARA,0,627.36,0,31.84167285
08-06-2020,MAHARASHTRA,MUMBAI SUBURBAN,0,89.1,0,38.37599177
08-06-2020,MAHARASHTRA,NANDURBAR,0,472.3,0,15.6855059
08-06-2020,MAHARASHTRA,NAGPUR,0,1536.62,0,30.32897827
08-06-2020,MAHARASHTRA,CHANDRAPUR,0,1741.56,0,30.11469377
08-06-2020,MAHARASHTRA,JALGAON,0,1147.91,0,19.09303302
08-06-2020,MAHARASHTRA,HINGOLI,0,681.64,0,28.37142718
08-06-2020,MAHARASHTRA,AKOLA,0,782.59,0,28.32927409
08-06-2020,MAHARASHTRA,AURANGABAD,0,1278.43,0,24.69653101
08-06-2020,MAHARASHTRA,DHULE,0,468.8,0,12.77870844
08-06-2020,MAHARASHTRA,KOLHAPUR,0.61,1323.71,5.47,33.31714149
08-06-2020,MAHARASHTRA,RAIGARH,0.03,1074.46,0.23,29.21583529
08-06-2020,MAHARASHTRA,AMRAVATI,0,1937.4,0,31.08682415
08-06-2020,MAHARASHTRA,NANDED,0,1753.86,0,32.26793527
08-06-2020,MAHARASHTRA,SOLAPUR,0,2390.21,0,31.12759118
08-06-2020,MAHARASHTRA,AHMADNAGAR,0,2583.43,0,29.53874715
08-06-2020,MAHARASHTRA,THANE,0,1232.73,0,25.27245038
08-06-2020,MAHARASHTRA,SANGLI,0.13,1399.08,1.09,31.63082962
08-06-2020,MAHARASHTRA,WARDHA,0,1000.14,0,31.02821399
08-06-2020,MAHARASHTRA,BULDANA,0,1268.07,0,25.44030924
08-06-2020,MAHARASHTRA,SINDHUDURG,0.06,739.05,0.46,28.08999095
07-06-2020,MAHARASHTRA,WASHIM,0,891.43,0,33.54230141
07-06-2020,MAHARASHTRA,SATARA,0.26,1631.72,2.43,30.13041011
07-06-2020,MAHARASHTRA,PUNE,0,2555.85,0,31.77255871
07-06-2020,MAHARASHTRA,PARBHANI,0,1029.39,0,31.67899064
07-06-2020,MAHARASHTRA,JALNA,0,1167.62,0,29.35004854
07-06-2020,MAHARASHTRA,GONDIYA,0,853.26,0,30.54316456
07-06-2020,MAHARASHTRA,MUMBAI,0,34.59,0,45.15696012
07-06-2020,MAHARASHTRA,NASHIK,0,1786.2,0,22.4481992
07-06-2020,MAHARASHTRA,GARHCHIROLI,0,2043.3,0,27.61924038
07-06-2020,MAHARASHTRA,RATNAGIRI,0.28,1274.21,1.96,29.87779341
07-06-2020,MAHARASHTRA,OSMANABAD,0,1150.95,0,29.57258799
07-06-2020,MAHARASHTRA,BID,0,1670.54,0,29.46916647
07-06-2020,MAHARASHTRA,LATUR,0,981.36,0,28.27198983
07-06-2020,MAHARASHTRA,YAVATMAL,0,2071.75,0,29.92552129
07-06-2020,MAHARASHTRA,BHANDARA,0,659.53,0,33.47441255
07-06-2020,MAHARASHTRA,MUMBAI SUBURBAN,0,98.48,0.02,42.41991957
07-06-2020,MAHARASHTRA,NANDURBAR,0,481.29,0,15.98424927
07-06-2020,MAHARASHTRA,NAGPUR,0,1574.69,0,31.08032011
07-06-2020,MAHARASHTRA,CHANDRAPUR,0,1796.25,0,31.06039131
07-06-2020,MAHARASHTRA,JALGAON,0,1156.29,0,19.23251918
07-06-2020,MAHARASHTRA,HINGOLI,0,690.65,0,28.74633092
07-06-2020,MAHARASHTRA,AKOLA,0,799.54,0,28.94294248
07-06-2020,MAHARASHTRA,AURANGABAD,0,1301.77,0,25.14736937
07-06-2020,MAHARASHTRA,DHULE,0,463.4,0,12.63160496
07-06-2020,MAHARASHTRA,KOLHAPUR,0.83,1350.97,7.45,34.00334538
07-06-2020,MAHARASHTRA,RAIGARH,0.35,1137.83,2.46,30.93882842
07-06-2020,MAHARASHTRA,AMRAVATI,0,1976.15,0,31.7085683
07-06-2020,MAHARASHTRA,NANDED,0,1779.87,0,32.74643971
07-06-2020,MAHARASHTRA,SOLAPUR,0,2448.86,0,31.89140258
07-06-2020,MAHARASHTRA,AHMADNAGAR,0,2672.81,0,30.56078802
07-06-2020,MAHARASHTRA,THANE,0,1288.72,0.01,26.42025881
07-06-2020,MAHARASHTRA,SANGLI,0.21,1446.67,1.72,32.70674848
07-06-2020,MAHARASHTRA,WARDHA,0,1032.05,0,32.01808943
07-06-2020,MAHARASHTRA,BULDANA,0,1295.47,0,25.99002525
07-06-2020,MAHARASHTRA,SINDHUDURG,0.03,739.94,0.26,28.12372378
06-06-2020,MAHARASHTRA,WASHIM,0,897.03,0,33.75300424
06-06-2020,MAHARASHTRA,SATARA,0.36,1692.4,3.35,31.25089619
06-06-2020,MAHARASHTRA,PUNE,0,2635.88,0,32.76748258
06-06-2020,MAHARASHTRA,PARBHANI,0,1046.93,0,32.21859667
06-06-2020,MAHARASHTRA,JALNA,0,1175.41,0,29.54605162
06-06-2020,MAHARASHTRA,GONDIYA,0,874.02,0,31.28608308
06-06-2020,MAHARASHTRA,MUMBAI,0,28.91,0,37.73860324
06-06-2020,MAHARASHTRA,NASHIK,0,1810.13,0,22.74896667
06-06-2020,MAHARASHTRA,GARHCHIROLI,0,2096.62,0.01,28.33998946
06-06-2020,MAHARASHTRA,RATNAGIRI,0.22,1286.53,1.6,30.16654577
06-06-2020,MAHARASHTRA,OSMANABAD,0,1181.09,0,30.34698197
06-06-2020,MAHARASHTRA,BID,0,1710.2,0,30.16873472
06-06-2020,MAHARASHTRA,LATUR,0,1003.19,0,28.90083212
06-06-2020,MAHARASHTRA,YAVATMAL,0,2118.37,0,30.59890686
06-06-2020,MAHARASHTRA,BHANDARA,0.2,703.39,1.33,35.70044698
06-06-2020,MAHARASHTRA,MUMBAI SUBURBAN,0.07,95.49,0.41,41.13080903
06-06-2020,MAHARASHTRA,NANDURBAR,0,478.72,0,15.89874923
06-06-2020,MAHARASHTRA,NAGPUR,0,1569.32,0.03,30.97439229
06-06-2020,MAHARASHTRA,CHANDRAPUR,0,1842.78,0.02,31.86498075
06-06-2020,MAHARASHTRA,JALGAON,0,1162.19,0,19.3306228
06-06-2020,MAHARASHTRA,HINGOLI,0,696.01,0,28.9695545
06-06-2020,MAHARASHTRA,AKOLA,0,803.04,0,29.06956213
06-06-2020,MAHARASHTRA,AURANGABAD,0,1318.12,0,25.46313635
06-06-2020,MAHARASHTRA,DHULE,0,468.5,0,12.7705153
06-06-2020,MAHARASHTRA,KOLHAPUR,1.22,1411.01,10.83,35.5143048
06-06-2020,MAHARASHTRA,RAIGARH,0.01,1063.7,0.11,28.92322658
06-06-2020,MAHARASHTRA,AMRAVATI,0,1964.43,0,31.52051807
06-06-2020,MAHARASHTRA,NANDED,0,1808.88,0,33.28005724
06-06-2020,MAHARASHTRA,SOLAPUR,0,2512.7,0,32.72282213
06-06-2020,MAHARASHTRA,AHMADNAGAR,0,2734.84,0,31.26994956
06-06-2020,MAHARASHTRA,THANE,0.21,1342.92,1.4,27.53135097
06-06-2020,MAHARASHTRA,SANGLI,0.3,1500.5,2.47,33.92373652
06-06-2020,MAHARASHTRA,WARDHA,0,1038.75,0,32.22616193
06-06-2020,MAHARASHTRA,BULDANA,0,1306.08,0,26.20285153
06-06-2020,MAHARASHTRA,SINDHUDURG,0.06,764.24,0.43,29.04753938
05-06-2020,MAHARASHTRA,WASHIM,0,910.99,0,34.27827352
05-06-2020,MAHARASHTRA,SATARA,0.48,1767.31,4.47,32.63413552
05-06-2020,MAHARASHTRA,PUNE,0,2730.71,0,33.94636449
05-06-2020,MAHARASHTRA,PARBHANI,0,1067.27,0,32.84448154
05-06-2020,MAHARASHTRA,JALNA,0,1203,0,30.23936559
05-06-2020,MAHARASHTRA,GONDIYA,0,879.22,0,31.47255321
05-06-2020,MAHARASHTRA,MUMBAI,0,26.85,0,35.05918338
05-06-2020,MAHARASHTRA,NASHIK,0,1843.63,0,23.17000537
05-06-2020,MAHARASHTRA,GARHCHIROLI,0.01,2165.22,0.04,29.26727261
05-06-2020,MAHARASHTRA,RATNAGIRI,0.64,1374.07,4.4,32.21925084
05-06-2020,MAHARASHTRA,OSMANABAD,0,1214.52,0,31.20598496
05-06-2020,MAHARASHTRA,BID,0,1755.69,0,30.97111907
05-06-2020,MAHARASHTRA,LATUR,0,1028.57,0,29.63223652
05-06-2020,MAHARASHTRA,YAVATMAL,0,2176.2,0,31.43430012
05-06-2020,MAHARASHTRA,BHANDARA,0,606.39,0,30.77745595
05-06-2020,MAHARASHTRA,MUMBAI SUBURBAN,0,78.6,0,33.85616775
05-06-2020,MAHARASHTRA,NANDURBAR,0,488.63,0,16.22789597
05-06-2020,MAHARASHTRA,NAGPUR,0,1573.08,0,31.04865886
05-06-2020,MAHARASHTRA,CHANDRAPUR,0.01,1904.71,0.07,32.9357398
05-06-2020,MAHARASHTRA,JALGAON,0,1170.78,0,19.47339559
05-06-2020,MAHARASHTRA,HINGOLI,0,704.76,0,29.33379495
05-06-2020,MAHARASHTRA,AKOLA,0,815.52,0,29.52157896
05-06-2020,MAHARASHTRA,AURANGABAD,0,1341.25,0,25.90999292
05-06-2020,MAHARASHTRA,DHULE,0,475.43,0,12.95954634
05-06-2020,MAHARASHTRA,KOLHAPUR,1.65,1474.69,14.5,37.11715792
05-06-2020,MAHARASHTRA,RAIGARH,0.02,1105.16,0.17,30.05047204
05-06-2020,MAHARASHTRA,AMRAVATI,0,2010.57,0,32.26098268
05-06-2020,MAHARASHTRA,NANDED,0,1842.87,0,33.90554289
05-06-2020,MAHARASHTRA,SOLAPUR,0,2583.59,0.01,33.6460153
05-06-2020,MAHARASHTRA,AHMADNAGAR,0,2821.62,0,32.26218457
05-06-2020,MAHARASHTRA,THANE,0.05,1279.34,0.28,26.22797461
05-06-2020,MAHARASHTRA,SANGLI,0.42,1563.12,3.52,35.33937045
05-06-2020,MAHARASHTRA,WARDHA,0,1069.63,0,33.1841919
05-06-2020,MAHARASHTRA,BULDANA,0,1327.82,0,26.63903728
05-06-2020,MAHARASHTRA,SINDHUDURG,0.15,801.35,1.07,30.45810383
04-06-2020,MAHARASHTRA,WASHIM,0,924.28,0,34.77831578
04-06-2020,MAHARASHTRA,SATARA,0.54,1846.4,5.04,34.09462736
04-06-2020,MAHARASHTRA,PUNE,0,2863.29,0.02,35.5944232
04-06-2020,MAHARASHTRA,PARBHANI,0,1092.78,0,33.62959662
04-06-2020,MAHARASHTRA,JALNA,0,1236.7,0,31.08663123
04-06-2020,MAHARASHTRA,GONDIYA,0,917.21,0.02,32.83216631
04-06-2020,MAHARASHTRA,MUMBAI,0,27.7,0,36.16880531
04-06-2020,MAHARASHTRA,NASHIK,0,1908.01,0,23.97913173
04-06-2020,MAHARASHTRA,GARHCHIROLI,0.02,2256.01,0.14,30.49438925
04-06-2020,MAHARASHTRA,RATNAGIRI,0.71,1410.54,4.94,33.07443028
04-06-2020,MAHARASHTRA,OSMANABAD,0,1255.55,0,32.2601397
04-06-2020,MAHARASHTRA,BID,0,1811.93,0,31.96317902
04-06-2020,MAHARASHTRA,LATUR,0,1059.75,0,30.53024599
04-06-2020,MAHARASHTRA,YAVATMAL,0,2252.89,0,32.54198231
04-06-2020,MAHARASHTRA,BHANDARA,0,632.4,0,32.0973062
04-06-2020,MAHARASHTRA,MUMBAI SUBURBAN,0,76.33,0,32.87957037
04-06-2020,MAHARASHTRA,NANDURBAR,0,487.68,0,16.1964374
04-06-2020,MAHARASHTRA,NAGPUR,0,1623.09,0,32.03575847
04-06-2020,MAHARASHTRA,CHANDRAPUR,0.03,1987.44,0.17,34.36637512
04-06-2020,MAHARASHTRA,JALGAON,0,1181.26,0,19.64771863
04-06-2020,MAHARASHTRA,HINGOLI,0,715.4,0,29.77671169
04-06-2020,MAHARASHTRA,AKOLA,0,824.25,0,29.83754404
04-06-2020,MAHARASHTRA,AURANGABAD,0,1365.01,0,26.36892761
04-06-2020,MAHARASHTRA,DHULE,0,483.5,0,13.17959821
04-06-2020,MAHARASHTRA,KOLHAPUR,2.27,1547.64,19.56,38.95338554
04-06-2020,MAHARASHTRA,RAIGARH,0.06,1173.56,0.51,31.91052692
04-06-2020,MAHARASHTRA,AMRAVATI,0,2074.41,0,33.28534103
04-06-2020,MAHARASHTRA,NANDED,0,1885.33,0,34.68673858
04-06-2020,MAHARASHTRA,SOLAPUR,0.01,2677.23,0.05,34.86548779
04-06-2020,MAHARASHTRA,AHMADNAGAR,0,2938.9,0,33.60321063
04-06-2020,MAHARASHTRA,THANE,0.01,1154.2,0.07,23.66240765
04-06-2020,MAHARASHTRA,SANGLI,0.53,1627.01,4.44,36.78387539
04-06-2020,MAHARASHTRA,WARDHA,0,1111.85,0,34.49394006
04-06-2020,MAHARASHTRA,BULDANA,0,1354.65,0,27.1772587
04-06-2020,MAHARASHTRA,SINDHUDURG,0.13,817.72,1.05,31.08000009
03-06-2020,MAHARASHTRA,WASHIM,0,968.98,0,36.46031196
03-06-2020,MAHARASHTRA,SATARA,1.83,2101.61,14.84,38.8071488
03-06-2020,MAHARASHTRA,PUNE,0.85,3335.58,5.07,41.46569776
03-06-2020,MAHARASHTRA,PARBHANI,0,1131.43,0,34.81921638
03-06-2020,MAHARASHTRA,JALNA,0.02,1378.99,0.11,34.6631478
03-06-2020,MAHARASHTRA,GONDIYA,0.25,970.99,1.68,34.75742799
03-06-2020,MAHARASHTRA,MUMBAI,0,36,0,47
03-06-2020,MAHARASHTRA,NASHIK,1.45,3167.94,9.24,39.81334217
03-06-2020,MAHARASHTRA,GARHCHIROLI,0.11,2321.78,0.75,31.38342408
03-06-2020,MAHARASHTRA,RATNAGIRI,2.41,1607.87,16.37,37.70140503
03-06-2020,MAHARASHTRA,OSMANABAD,0,1309.39,0,33.64347208
03-06-2020,MAHARASHTRA,BID,0,1946.42,0.02,34.33572034
03-06-2020,MAHARASHTRA,LATUR,0,1110.06,0,31.97985212
03-06-2020,MAHARASHTRA,YAVATMAL,0,2265.11,0,32.71851106
03-06-2020,MAHARASHTRA,BHANDARA,0.2,693.41,1.31,35.19424435
03-06-2020,MAHARASHTRA,MUMBAI SUBURBAN,0.3,106.79,1.82,45.9964357
03-06-2020,MAHARASHTRA,NANDURBAR,0.56,1112.76,3.14,36.95613739
03-06-2020,MAHARASHTRA,NAGPUR,0.01,1793.24,0.06,35.39409898
03-06-2020,MAHARASHTRA,CHANDRAPUR,0.18,2033.27,1.15,35.15880404
03-06-2020,MAHARASHTRA,JALGAON,0.16,2152.65,0.93,35.80476376
03-06-2020,MAHARASHTRA,HINGOLI,0,737.21,0,30.68432934
03-06-2020,MAHARASHTRA,AKOLA,0.02,1008.47,0.16,36.50628661
03-06-2020,MAHARASHTRA,AURANGABAD,0.16,1994.63,0.94,38.53186785
03-06-2020,MAHARASHTRA,DHULE,0.26,1175.68,1.63,32.04715062
03-06-2020,MAHARASHTRA,KOLHAPUR,2.71,1598.51,22.97,40.23377259
03-06-2020,MAHARASHTRA,RAIGARH,2.69,1475.28,17.93,40.11446985
03-06-2020,MAHARASHTRA,AMRAVATI,0.25,2277.56,2,36.54497757
03-06-2020,MAHARASHTRA,NANDED,0,1937.58,0,35.64792028
03-06-2020,MAHARASHTRA,SOLAPUR,0.02,2763.32,0.16,35.98655882
03-06-2020,MAHARASHTRA,AHMADNAGAR,0.36,3448.58,2.36,39.43081713
03-06-2020,MAHARASHTRA,THANE,3.15,1945.23,21.09,39.87937397
03-06-2020,MAHARASHTRA,SANGLI,0.98,1703.91,8.2,38.52245512
03-06-2020,MAHARASHTRA,WARDHA,0,1133.54,0.02,35.16697424
03-06-2020,MAHARASHTRA,BULDANA,0.07,1791.94,0.49,35.95030082
03-06-2020,MAHARASHTRA,SINDHUDURG,1.67,918.74,11.71,34.91978869
02-06-2020,MAHARASHTRA,WASHIM,0,970.99,0,36.53611065
02-06-2020,MAHARASHTRA,SATARA,0.46,1799.2,4.18,33.22295646
02-06-2020,MAHARASHTRA,PUNE,0.04,2602.19,0.24,32.34865979
02-06-2020,MAHARASHTRA,PARBHANI,0,1191.95,0,36.68149777
02-06-2020,MAHARASHTRA,JALNA,0,1351.36,0.01,33.96883363
02-06-2020,MAHARASHTRA,GONDIYA,0,814.39,0,29.15178753
02-06-2020,MAHARASHTRA,MUMBAI,0,10.44,0,13.63348989
02-06-2020,MAHARASHTRA,NASHIK,0,1645.14,0,20.67551362
02-06-2020,MAHARASHTRA,GARHCHIROLI,0.02,2243.86,0.13,30.3302437
02-06-2020,MAHARASHTRA,RATNAGIRI,1.31,1494.03,8.8,35.03205567
02-06-2020,MAHARASHTRA,OSMANABAD,0.04,1376.56,0.36,35.36932505
02-06-2020,MAHARASHTRA,BID,0.05,1991.98,0.33,35.13937199
02-06-2020,MAHARASHTRA,LATUR,0.05,1153.71,0.43,33.23722135
02-06-2020,MAHARASHTRA,YAVATMAL,0,2161.05,0,31.21542611
02-06-2020,MAHARASHTRA,BHANDARA,0,541.73,0,27.4956785
02-06-2020,MAHARASHTRA,MUMBAI SUBURBAN,0,29.21,0,12.58342724
02-06-2020,MAHARASHTRA,NANDURBAR,0,347.24,0,11.53211095
02-06-2020,MAHARASHTRA,NAGPUR,0.01,1536.6,0.05,30.32864595
02-06-2020,MAHARASHTRA,CHANDRAPUR,0.01,1882.22,0.06,32.54693344
02-06-2020,MAHARASHTRA,JALGAON,0,1122.2,0,18.66541188
02-06-2020,MAHARASHTRA,HINGOLI,0,745.15,0,31.01485322
02-06-2020,MAHARASHTRA,AKOLA,0,837.28,0,30.30929553
02-06-2020,MAHARASHTRA,AURANGABAD,0,1394.85,0,26.94537614
02-06-2020,MAHARASHTRA,DHULE,0,457.92,0,12.48216143
02-06-2020,MAHARASHTRA,KOLHAPUR,2.34,1558.21,20.1,39.21940029
02-06-2020,MAHARASHTRA,RAIGARH,0.23,975.52,1.76,26.52535241
02-06-2020,MAHARASHTRA,AMRAVATI,0,1887.83,0,30.29146098
02-06-2020,MAHARASHTRA,NANDED,0,1998.76,0,36.77363778
02-06-2020,MAHARASHTRA,SOLAPUR,0.02,2748.7,0.15,35.79612689
02-06-2020,MAHARASHTRA,AHMADNAGAR,0.1,2650.35,0.55,30.30394053
02-06-2020,MAHARASHTRA,THANE,0,700.02,0,14.35115733
02-06-2020,MAHARASHTRA,SANGLI,0.32,1556.78,2.65,35.19608422
02-06-2020,MAHARASHTRA,WARDHA,0,1105.61,0.01,34.30019328
02-06-2020,MAHARASHTRA,BULDANA,0,1344.69,0,26.97744094
02-06-2020,MAHARASHTRA,SINDHUDURG,2.65,971.3,18.45,36.91755651
01-06-2020,MAHARASHTRA,WASHIM,0,845.34,0,31.80788261
01-06-2020,MAHARASHTRA,SATARA,0.43,1826.36,3.89,33.72460418
01-06-2020,MAHARASHTRA,PUNE,0,2333.32,0.03,29.00621231
01-06-2020,MAHARASHTRA,PARBHANI,0,985.69,0,30.33387352
01-06-2020,MAHARASHTRA,JALNA,0,1197.37,0,30.09791257
01-06-2020,MAHARASHTRA,GONDIYA,0,771.16,0,27.60445326
01-06-2020,MAHARASHTRA,MUMBAI,0,5.94,0,7.756512171
01-06-2020,MAHARASHTRA,NASHIK,0.18,1684.75,1.3,21.17325761
01-06-2020,MAHARASHTRA,GARHCHIROLI,0.01,2218.04,0.06,29.98117736
01-06-2020,MAHARASHTRA,RATNAGIRI,0.51,1296.23,3.5,30.39412596
01-06-2020,MAHARASHTRA,OSMANABAD,0.03,1316.05,0.28,33.81469016
01-06-2020,MAHARASHTRA,BID,0.06,1817.76,0.47,32.06608789
01-06-2020,MAHARASHTRA,LATUR,0.45,1203.61,3.76,34.67497087
01-06-2020,MAHARASHTRA,YAVATMAL,0,1714.96,0,24.7717942
01-06-2020,MAHARASHTRA,BHANDARA,0,525.36,0,26.664422
01-06-2020,MAHARASHTRA,MUMBAI SUBURBAN,0,18.8,0,8.096475133
01-06-2020,MAHARASHTRA,NANDURBAR,0,330.52,0,10.97688219
01-06-2020,MAHARASHTRA,NAGPUR,0,1373.33,0,27.10608812
01-06-2020,MAHARASHTRA,CHANDRAPUR,0,1729.5,0,29.90617367
01-06-2020,MAHARASHTRA,JALGAON,0,1108.09,0,18.43068047
01-06-2020,MAHARASHTRA,HINGOLI,0,658.8,0,27.42057434
01-06-2020,MAHARASHTRA,AKOLA,0,778.18,0,28.16961243
01-06-2020,MAHARASHTRA,AURANGABAD,0,1275.91,0,24.64785021
01-06-2020,MAHARASHTRA,DHULE,0,457.46,0,12.46964949
01-06-2020,MAHARASHTRA,KOLHAPUR,2.33,1558.54,19.78,39.2276155
01-06-2020,MAHARASHTRA,RAIGARH,0.02,734.96,0.19,19.98432675
01-06-2020,MAHARASHTRA,AMRAVATI,0,1670.85,0,26.80991762
01-06-2020,MAHARASHTRA,NANDED,0,1807.35,0,33.25201162
01-06-2020,MAHARASHTRA,SOLAPUR,0.05,2826.38,0.38,36.80779972
01-06-2020,MAHARASHTRA,AHMADNAGAR,0,2354.7,0,26.92349748
01-06-2020,MAHARASHTRA,THANE,0,524.77,0,10.75841639
01-06-2020,MAHARASHTRA,SANGLI,0.39,1637.47,3.17,37.02035168
01-06-2020,MAHARASHTRA,WARDHA,0,878.21,0,27.24564317
01-06-2020,MAHARASHTRA,BULDANA,0,1298.51,0,26.0510995
01-06-2020,MAHARASHTRA,SINDHUDURG,1.57,910.55,11.18,34.60831651
31-07-2020,MAHARASHTRA,WASHIM,0.06,1111.77,0.34,41.83320051
31-07-2020,MAHARASHTRA,SATARA,3.11,2263.14,24.4,41.78989984
31-07-2020,MAHARASHTRA,PUNE,1.33,3458.99,8.01,42.99983362
31-07-2020,MAHARASHTRA,PARBHANI,0.19,1385.23,1.26,42.62946841
31-07-2020,MAHARASHTRA,JALNA,0.69,1647.41,4.09,41.41045274
31-07-2020,MAHARASHTRA,GONDIYA,0.17,1021.3,1.21,36.55809777
31-07-2020,MAHARASHTRA,MUMBAI,0,32.69,0,42.67226725
31-07-2020,MAHARASHTRA,NASHIK,1.98,3333.68,12.35,41.89639061
31-07-2020,MAHARASHTRA,GARHCHIROLI,0.82,2624.5,5.55,35.47527154
31-07-2020,MAHARASHTRA,RATNAGIRI,1.96,1554.6,12.93,36.45243733
31-07-2020,MAHARASHTRA,OSMANABAD,1.48,1713.07,14.36,44.0156281
31-07-2020,MAHARASHTRA,BID,1.51,2417.92,13.02,42.65324535
31-07-2020,MAHARASHTRA,LATUR,2.64,1502.93,23.41,43.29797393
31-07-2020,MAHARASHTRA,YAVATMAL,0.32,2814.1,2.39,40.64850314
31-07-2020,MAHARASHTRA,BHANDARA,0.17,701.43,1.15,35.60086136
31-07-2020,MAHARASHTRA,MUMBAI SUBURBAN,0.03,95.75,0.2,41.24393078
31-07-2020,MAHARASHTRA,NANDURBAR,0.34,1143.69,1.94,37.98342761
31-07-2020,MAHARASHTRA,NAGPUR,0.09,1889.8,0.59,37.29990915
31-07-2020,MAHARASHTRA,CHANDRAPUR,0.28,2216.43,1.9,38.3259578
31-07-2020,MAHARASHTRA,JALGAON,0.44,2492.56,2.77,41.45853004
31-07-2020,MAHARASHTRA,HINGOLI,0.43,1027.77,2.59,42.77787638
31-07-2020,MAHARASHTRA,AKOLA,0.2,1157.7,1.42,41.90808241
31-07-2020,MAHARASHTRA,AURANGABAD,0.81,2210.11,4.81,42.69448697
31-07-2020,MAHARASHTRA,DHULE,0.68,1537.95,4.25,41.92215267
31-07-2020,MAHARASHTRA,KOLHAPUR,2.66,1565.91,21.9,39.41318912
31-07-2020,MAHARASHTRA,RAIGARH,2.15,1393.18,15.18,37.88209718
31-07-2020,MAHARASHTRA,AMRAVATI,1.04,2641.25,8.41,42.38066631
31-07-2020,MAHARASHTRA,NANDED,0.35,2241.07,2.42,41.23162255
31-07-2020,MAHARASHTRA,SOLAPUR,0.79,3418.01,6.37,44.51259191
31-07-2020,MAHARASHTRA,AHMADNAGAR,1.13,3828.21,7.28,43.77152914
31-07-2020,MAHARASHTRA,THANE,2.85,1899.97,19.53,38.95150833
31-07-2020,MAHARASHTRA,SANGLI,1.72,1855.56,14.04,41.95097203
31-07-2020,MAHARASHTRA,WARDHA,0.05,1239.2,0.32,38.44487299
31-07-2020,MAHARASHTRA,BULDANA,0.8,2082.42,5.01,41.77805458
31-07-2020,MAHARASHTRA,SINDHUDURG,3.83,1024.71,26.81,38.94736513
30-07-2020,MAHARASHTRA,WASHIM,0.06,1133.72,0.39,42.65889635
30-07-2020,MAHARASHTRA,SATARA,3.04,2253.47,23.95,41.61131305
30-07-2020,MAHARASHTRA,PUNE,0.94,3282.71,5.67,40.80836994
30-07-2020,MAHARASHTRA,PARBHANI,0.11,1336.85,0.67,41.14059068
30-07-2020,MAHARASHTRA,JALNA,0.7,1647.02,4.14,41.40070221
30-07-2020,MAHARASHTRA,GONDIYA,0.05,997.03,0.31,35.68943085
30-07-2020,MAHARASHTRA,MUMBAI,0,31.9,0,41.65148568
30-07-2020,MAHARASHTRA,NASHIK,1.54,3224.94,9.41,40.52975341
30-07-2020,MAHARASHTRA,GARHCHIROLI,0.48,2518.33,3.29,34.04027983
30-07-2020,MAHARASHTRA,RATNAGIRI,1.92,1553.39,12.7,36.42404713
30-07-2020,MAHARASHTRA,OSMANABAD,1.54,1713.03,14.91,44.01465521
30-07-2020,MAHARASHTRA,BID,1.55,2403.61,13.35,42.40082606
30-07-2020,MAHARASHTRA,LATUR,2.67,1509.72,23.77,43.49369977
30-07-2020,MAHARASHTRA,YAVATMAL,0.11,2681.09,0.71,38.72720453
30-07-2020,MAHARASHTRA,BHANDARA,0.22,706.57,1.43,35.86212471
30-07-2020,MAHARASHTRA,MUMBAI SUBURBAN,0.01,94.52,0.09,40.71465537
30-07-2020,MAHARASHTRA,NANDURBAR,0.46,1167.95,2.64,38.78917672
30-07-2020,MAHARASHTRA,NAGPUR,0.11,1910.24,0.74,37.70330144
30-07-2020,MAHARASHTRA,CHANDRAPUR,0.31,2244.27,2.14,38.80738924
30-07-2020,MAHARASHTRA,JALGAON,0.39,2475.05,2.43,41.16715797
30-07-2020,MAHARASHTRA,HINGOLI,0.19,986.79,1.09,41.07243589
30-07-2020,MAHARASHTRA,AKOLA,0.21,1173.87,1.54,42.49340739
30-07-2020,MAHARASHTRA,AURANGABAD,0.76,2202.68,4.53,42.55086216
30-07-2020,MAHARASHTRA,DHULE,0.53,1520.41,3.31,41.44402209
30-07-2020,MAHARASHTRA,KOLHAPUR,2.86,1590.69,23.75,40.03679441
30-07-2020,MAHARASHTRA,RAIGARH,1.39,1305.64,10.14,35.50181925
30-07-2020,MAHARASHTRA,AMRAVATI,0.94,2552.59,7.82,40.95796267
30-07-2020,MAHARASHTRA,NANDED,0.19,2183.71,1.31,40.17632462
30-07-2020,MAHARASHTRA,SOLAPUR,0.78,3383.19,6.31,44.05907302
30-07-2020,MAHARASHTRA,AHMADNAGAR,1.12,3798.4,7.16,43.4307321
30-07-2020,MAHARASHTRA,THANE,2.41,1848.79,16.64,37.90238614
30-07-2020,MAHARASHTRA,SANGLI,1.84,1881.55,14.79,42.53855375
30-07-2020,MAHARASHTRA,WARDHA,0.05,1239.04,0.31,38.43973749
30-07-2020,MAHARASHTRA,BULDANA,0.94,2125.52,5.95,42.64262197
30-07-2020,MAHARASHTRA,SINDHUDURG,4.03,1039.22,28.07,39.49888827
29-07-2020,MAHARASHTRA,WASHIM,0.09,1158.18,0.55,43.57935801
29-07-2020,MAHARASHTRA,SATARA,2.88,2229.51,22.9,41.1689693
29-07-2020,MAHARASHTRA,PUNE,0.98,3291.17,5.86,40.91354848
29-07-2020,MAHARASHTRA,PARBHANI,0.24,1409.68,1.57,43.38209029
29-07-2020,MAHARASHTRA,JALNA,0.92,1706.56,5.55,42.89726824
29-07-2020,MAHARASHTRA,GONDIYA,0.15,1032.28,1.03,36.95123249
29-07-2020,MAHARASHTRA,MUMBAI,0,32.77,0,42.78171703
29-07-2020,MAHARASHTRA,NASHIK,1.71,3272.81,10.49,41.13137286
29-07-2020,MAHARASHTRA,GARHCHIROLI,1,2674.57,6.83,36.15211543
29-07-2020,MAHARASHTRA,RATNAGIRI,2.18,1584.77,14.53,37.15969652
29-07-2020,MAHARASHTRA,OSMANABAD,1.6,1724.35,15.54,44.30552533
29-07-2020,MAHARASHTRA,BID,1.72,2473.42,14.84,43.63224289
29-07-2020,MAHARASHTRA,LATUR,2.78,1528.53,24.73,44.03542198
29-07-2020,MAHARASHTRA,YAVATMAL,0.16,2756.78,1.08,39.82045291
29-07-2020,MAHARASHTRA,BHANDARA,0.41,735.68,2.67,37.33960813
29-07-2020,MAHARASHTRA,MUMBAI SUBURBAN,0.01,95.06,0.09,40.94355477
29-07-2020,MAHARASHTRA,NANDURBAR,0.43,1162.2,2.4,38.59809425
29-07-2020,MAHARASHTRA,NAGPUR,0.19,1970.3,1.32,38.888697
29-07-2020,MAHARASHTRA,CHANDRAPUR,0.52,2364.2,3.59,40.88120099
29-07-2020,MAHARASHTRA,JALGAON,0.71,2635.34,4.45,43.83329402
29-07-2020,MAHARASHTRA,HINGOLI,0.31,1029.47,1.78,42.84894047
29-07-2020,MAHARASHTRA,AKOLA,0.28,1209.42,2.08,43.78034958
29-07-2020,MAHARASHTRA,AURANGABAD,0.91,2256,5.53,43.58088676
29-07-2020,MAHARASHTRA,DHULE,0.55,1574.72,3.4,42.92447542
29-07-2020,MAHARASHTRA,KOLHAPUR,3.41,1647.05,28.19,41.45534265
29-07-2020,MAHARASHTRA,RAIGARH,1.73,1342.04,12.39,36.49166936
29-07-2020,MAHARASHTRA,AMRAVATI,1.31,2655.25,11.11,42.60521075
29-07-2020,MAHARASHTRA,NANDED,0.3,2277.09,2.12,41.89428874
29-07-2020,MAHARASHTRA,SOLAPUR,0.77,3385.72,6.34,44.09202749
29-07-2020,MAHARASHTRA,AHMADNAGAR,1.13,3802.97,7.23,43.48287285
29-07-2020,MAHARASHTRA,THANE,2.5,1859.89,17.12,38.12985705
29-07-2020,MAHARASHTRA,SANGLI,2.08,1935.17,16.82,43.75089957
29-07-2020,MAHARASHTRA,WARDHA,0.07,1249.81,0.39,38.7738715
29-07-2020,MAHARASHTRA,BULDANA,1.2,2211.62,7.81,44.37010502
29-07-2020,MAHARASHTRA,SINDHUDURG,4.55,1060.62,31.81,40.31219025
28-07-2020,MAHARASHTRA,WASHIM,0.09,1197.21,0.57,45.04787846
28-07-2020,MAHARASHTRA,SATARA,2.34,2142.86,18.64,39.56879612
28-07-2020,MAHARASHTRA,PUNE,0.83,3220,4.98,40.02889861
28-07-2020,MAHARASHTRA,PARBHANI,0.27,1421,1.74,43.73032148
28-07-2020,MAHARASHTRA,JALNA,0.86,1690.71,5.15,42.49898073
28-07-2020,MAHARASHTRA,GONDIYA,0.53,1112.03,3.62,39.80613338
28-07-2020,MAHARASHTRA,MUMBAI,0,33.15,0,43.2813049
28-07-2020,MAHARASHTRA,NASHIK,1.23,3117.52,7.44,39.17969165
28-07-2020,MAHARASHTRA,GARHCHIROLI,1.97,2899.33,13.46,39.19022743
28-07-2020,MAHARASHTRA,RATNAGIRI,1.71,1531.88,11.3,35.91959623
28-07-2020,MAHARASHTRA,OSMANABAD,1.44,1690.78,13.96,43.44300882
28-07-2020,MAHARASHTRA,BID,1.59,2431.96,13.65,42.90087385
28-07-2020,MAHARASHTRA,LATUR,2.74,1523.21,24.24,43.88234128
28-07-2020,MAHARASHTRA,YAVATMAL,0.25,2896.67,1.7,41.8411605
28-07-2020,MAHARASHTRA,BHANDARA,0.77,790.46,5.05,40.1196029
28-07-2020,MAHARASHTRA,MUMBAI SUBURBAN,0.02,96.39,0.14,41.52009538
28-07-2020,MAHARASHTRA,NANDURBAR,0.11,1063.23,0.61,35.31126663
28-07-2020,MAHARASHTRA,NAGPUR,0.44,2108,3.05,41.60652428
28-07-2020,MAHARASHTRA,CHANDRAPUR,0.81,2510.97,5.4,43.41905664
28-07-2020,MAHARASHTRA,JALGAON,0.38,2492.65,2.33,41.45988022
28-07-2020,MAHARASHTRA,HINGOLI,0.41,1056.26,2.45,43.96386171
28-07-2020,MAHARASHTRA,AKOLA,0.31,1241.71,2.28,44.94927026
28-07-2020,MAHARASHTRA,AURANGABAD,0.71,2183.23,4.16,42.17528255
28-07-2020,MAHARASHTRA,DHULE,0.3,1465.2,1.83,39.93909468
28-07-2020,MAHARASHTRA,KOLHAPUR,2.81,1586.49,23.26,39.93114777
28-07-2020,MAHARASHTRA,RAIGARH,1.63,1328.63,11.64,36.1268424
28-07-2020,MAHARASHTRA,AMRAVATI,1.3,2707.78,10.92,43.44813043
28-07-2020,MAHARASHTRA,NANDED,0.39,2339.99,2.66,43.05159395
28-07-2020,MAHARASHTRA,SOLAPUR,0.62,3301.13,5.03,42.99041664
28-07-2020,MAHARASHTRA,AHMADNAGAR,0.88,3654.58,5.47,41.78628701
28-07-2020,MAHARASHTRA,THANE,1.86,1788.49,12.6,36.66609386
28-07-2020,MAHARASHTRA,SANGLI,1.72,1865.67,13.86,42.17951554
28-07-2020,MAHARASHTRA,WARDHA,0.14,1330.13,0.85,41.26590822
28-07-2020,MAHARASHTRA,BULDANA,1.03,2171.19,6.62,43.5589116
28-07-2020,MAHARASHTRA,SINDHUDURG,4.09,1038.66,28.43,39.47767259
27-07-2020,MAHARASHTRA,WASHIM,0.01,1058.02,0.06,39.81051458
27-07-2020,MAHARASHTRA,SATARA,1.54,1998.85,12.23,36.9096262
27-07-2020,MAHARASHTRA,PUNE,0.59,3082.19,3.45,38.3156356
27-07-2020,MAHARASHTRA,PARBHANI,0.02,1263.93,0.1,38.89672447
27-07-2020,MAHARASHTRA,JALNA,0.25,1501.73,1.4,37.748426
27-07-2020,MAHARASHTRA,GONDIYA,0.01,948.8,0.05,33.96305452
27-07-2020,MAHARASHTRA,MUMBAI,0,33.96,0,44.33342145
27-07-2020,MAHARASHTRA,NASHIK,0.89,2983.18,5.41,37.49138486
27-07-2020,MAHARASHTRA,GARHCHIROLI,0.2,2433.42,1.41,32.89245038
27-07-2020,MAHARASHTRA,RATNAGIRI,1.36,1482.71,8.84,34.76674436
27-07-2020,MAHARASHTRA,OSMANABAD,0.58,1500.38,5.48,38.55082355
27-07-2020,MAHARASHTRA,BID,0.74,2174.86,6.3,38.36542655
27-07-2020,MAHARASHTRA,LATUR,1.43,1340.53,12.34,38.61929433
27-07-2020,MAHARASHTRA,YAVATMAL,0.06,2606.77,0.38,37.65369988
27-07-2020,MAHARASHTRA,BHANDARA,0.08,677.07,0.52,34.36459438
27-07-2020,MAHARASHTRA,MUMBAI SUBURBAN,0.06,99.37,0.4,42.79950616
27-07-2020,MAHARASHTRA,NANDURBAR,0.09,1030.77,0.52,34.23314814
27-07-2020,MAHARASHTRA,NAGPUR,0.05,1845.98,0.44,36.43492977
27-07-2020,MAHARASHTRA,CHANDRAPUR,0.09,2082.97,0.61,36.01829724
27-07-2020,MAHARASHTRA,JALGAON,0.15,2307.47,0.87,38.37981221
27-07-2020,MAHARASHTRA,HINGOLI,0.11,938.88,0.65,39.07840121
27-07-2020,MAHARASHTRA,AKOLA,0.1,1105.44,0.72,40.0164967
27-07-2020,MAHARASHTRA,AURANGABAD,0.24,1980.88,1.39,38.26627768
27-07-2020,MAHARASHTRA,DHULE,0.28,1418.98,1.69,38.67933455
27-07-2020,MAHARASHTRA,KOLHAPUR,1.84,1477.67,15.44,37.19225325
27-07-2020,MAHARASHTRA,RAIGARH,1.6,1320.03,11.39,35.89313435
27-07-2020,MAHARASHTRA,AMRAVATI,0.58,2430.02,4.76,38.99136245
27-07-2020,MAHARASHTRA,NANDED,0.09,2124.22,0.66,39.08173456
27-07-2020,MAHARASHTRA,SOLAPUR,0.24,2993.85,1.97,38.98872799
27-07-2020,MAHARASHTRA,AHMADNAGAR,0.5,3403.11,3.07,38.91091147
27-07-2020,MAHARASHTRA,THANE,1.67,1765.13,11.26,36.1871474
27-07-2020,MAHARASHTRA,SANGLI,0.95,1689.9,7.6,38.20572948
27-07-2020,MAHARASHTRA,WARDHA,0.03,1192.78,0.16,37.0047589
27-07-2020,MAHARASHTRA,BULDANA,0.34,1932.89,2.04,38.77798545
27-07-2020,MAHARASHTRA,SINDHUDURG,3.37,995.27,23.34,37.82848243
26-07-2020,MAHARASHTRA,WASHIM,0.03,1092.24,0.15,41.09832844
26-07-2020,MAHARASHTRA,SATARA,1.86,2034.87,15.11,37.5748291
26-07-2020,MAHARASHTRA,PUNE,0.51,3049.23,3.08,37.90595286
26-07-2020,MAHARASHTRA,PARBHANI,0.08,1330.27,0.48,40.9381948
26-07-2020,MAHARASHTRA,JALNA,0.49,1589.35,2.84,39.95096699
26-07-2020,MAHARASHTRA,GONDIYA,0.04,988.04,0.27,35.36767026
26-07-2020,MAHARASHTRA,MUMBAI,0,32.18,0,42.01078319
26-07-2020,MAHARASHTRA,NASHIK,0.61,2875.1,3.7,36.13311591
26-07-2020,MAHARASHTRA,GARHCHIROLI,0.24,2421.08,1.66,32.72566153
26-07-2020,MAHARASHTRA,RATNAGIRI,1.56,1509.8,10.19,35.40175911
26-07-2020,MAHARASHTRA,OSMANABAD,0.79,1544.76,7.64,39.69102334
26-07-2020,MAHARASHTRA,BID,0.95,2247,8.1,39.63812504
26-07-2020,MAHARASHTRA,LATUR,1.73,1385.41,15.09,39.91223367
26-07-2020,MAHARASHTRA,YAVATMAL,0.13,2719.89,0.91,39.2876927
26-07-2020,MAHARASHTRA,BHANDARA,0.28,713.57,1.86,36.21725654
26-07-2020,MAHARASHTRA,MUMBAI SUBURBAN,0,94.41,0.04,40.66491072
26-07-2020,MAHARASHTRA,NANDURBAR,0.1,1058.8,0.56,35.164177
26-07-2020,MAHARASHTRA,NAGPUR,0.14,1921.59,1.07,37.92730054
26-07-2020,MAHARASHTRA,CHANDRAPUR,0.18,2155.19,1.19,37.26705679
26-07-2020,MAHARASHTRA,JALGAON,0.21,2341.97,1.24,38.95370599
26-07-2020,MAHARASHTRA,HINGOLI,0.2,980,1.17,40.78962817
26-07-2020,MAHARASHTRA,AKOLA,0.15,1147.3,1.12,41.53169141
26-07-2020,MAHARASHTRA,AURANGABAD,0.44,2066.48,2.55,39.91975064
26-07-2020,MAHARASHTRA,DHULE,0.23,1438.23,1.49,39.2040956
26-07-2020,MAHARASHTRA,KOLHAPUR,2.33,1538.16,19.49,38.71481998
26-07-2020,MAHARASHTRA,RAIGARH,1.45,1302.75,10.36,35.42308556
26-07-2020,MAHARASHTRA,AMRAVATI,0.7,2509.97,5.86,40.27412807
26-07-2020,MAHARASHTRA,NANDED,0.18,2211.98,1.29,40.69646629
26-07-2020,MAHARASHTRA,SOLAPUR,0.33,2974.78,2.82,38.7403715
26-07-2020,MAHARASHTRA,AHMADNAGAR,0.45,3345.05,2.85,38.24709995
26-07-2020,MAHARASHTRA,THANE,1.39,1694.02,9.74,34.72944283
26-07-2020,MAHARASHTRA,SANGLI,1.21,1722.41,9.91,38.94065656
26-07-2020,MAHARASHTRA,WARDHA,0.08,1250.37,0.47,38.79119894
26-07-2020,MAHARASHTRA,BULDANA,0.53,1985.41,3.11,39.83179966
26-07-2020,MAHARASHTRA,SINDHUDURG,4.12,1039.02,28.58,39.4912499
25-07-2020,MAHARASHTRA,WASHIM,0.06,1145.1,0.38,43.08708217
25-07-2020,MAHARASHTRA,SATARA,2.41,2135.68,19.49,39.43632212
25-07-2020,MAHARASHTRA,PUNE,0.71,3190.91,4.31,39.66728097
25-07-2020,MAHARASHTRA,PARBHANI,0.22,1410.6,1.44,43.41034147
25-07-2020,MAHARASHTRA,JALNA,0.83,1688.08,4.96,42.4327972
25-07-2020,MAHARASHTRA,GONDIYA,0.13,1037.36,0.96,37.13318136
25-07-2020,MAHARASHTRA,MUMBAI,0,32.9,0,42.94875153
25-07-2020,MAHARASHTRA,NASHIK,1.1,3070.43,6.81,38.5879716
25-07-2020,MAHARASHTRA,GARHCHIROLI,0.56,2552.31,3.84,34.49958778
25-07-2020,MAHARASHTRA,RATNAGIRI,2.07,1568.04,13.62,36.76752007
25-07-2020,MAHARASHTRA,OSMANABAD,1.19,1632.21,11.55,41.93806697
25-07-2020,MAHARASHTRA,BID,1.35,2384.31,11.54,42.06033603
25-07-2020,MAHARASHTRA,LATUR,2.37,1472.36,20.94,42.41714434
25-07-2020,MAHARASHTRA,YAVATMAL,0.26,2870.87,1.73,41.46853261
25-07-2020,MAHARASHTRA,BHANDARA,0.54,754.6,3.56,38.29995999
25-07-2020,MAHARASHTRA,MUMBAI SUBURBAN,0.01,95.1,0.08,40.96291085
25-07-2020,MAHARASHTRA,NANDURBAR,0.22,1127.94,1.25,37.46027977
25-07-2020,MAHARASHTRA,NAGPUR,0.3,2017.23,2.2,39.81493612
25-07-2020,MAHARASHTRA,CHANDRAPUR,0.38,2269,2.51,39.23498289
25-07-2020,MAHARASHTRA,JALGAON,0.35,2435.97,2.17,40.51728774
25-07-2020,MAHARASHTRA,HINGOLI,0.36,1036,2.14,43.12073276
25-07-2020,MAHARASHTRA,AKOLA,0.25,1211.81,1.77,43.86708572
25-07-2020,MAHARASHTRA,AURANGABAD,0.71,2183,4.22,42.17083589
25-07-2020,MAHARASHTRA,DHULE,0.47,1523.34,3.02,41.523843
25-07-2020,MAHARASHTRA,KOLHAPUR,3.02,1613.1,25.17,40.60080009
25-07-2020,MAHARASHTRA,RAIGARH,1.83,1360.01,13,36.9800694
25-07-2020,MAHARASHTRA,AMRAVATI,1,2651.73,8.38,42.54870435
25-07-2020,MAHARASHTRA,NANDED,0.33,2331.23,2.33,42.89046748
25-07-2020,MAHARASHTRA,SOLAPUR,0.51,3116.56,4.37,40.58675536
25-07-2020,MAHARASHTRA,AHMADNAGAR,0.68,3513.61,4.29,40.17441576
25-07-2020,MAHARASHTRA,THANE,1.67,1741.13,11.73,35.69517892
25-07-2020,MAHARASHTRA,SANGLI,1.66,1816.19,13.6,41.06103634
25-07-2020,MAHARASHTRA,WARDHA,0.18,1319.73,1.05,40.94330755
25-07-2020,MAHARASHTRA,BULDANA,0.85,2093.91,5.13,42.00850883
25-07-2020,MAHARASHTRA,SINDHUDURG,4.53,1064.12,31.55,40.44551458
24-07-2020,MAHARASHTRA,WASHIM,0.1,1197.38,0.64,45.05457148
24-07-2020,MAHARASHTRA,SATARA,2.76,2209.83,22.12,40.80554554
24-07-2020,MAHARASHTRA,PUNE,0.75,3258.78,4.59,40.51098635
24-07-2020,MAHARASHTRA,PARBHANI,0.36,1460.45,2.4,44.94443208
24-07-2020,MAHARASHTRA,JALNA,1.2,1768.34,7.36,44.45033768
24-07-2020,MAHARASHTRA,GONDIYA,0.29,1084.14,2.07,38.80756314
24-07-2020,MAHARASHTRA,MUMBAI,0,34.08,0,44.49091875
24-07-2020,MAHARASHTRA,NASHIK,1.06,3120.51,6.64,39.21727827
24-07-2020,MAHARASHTRA,GARHCHIROLI,0.79,2614.53,5.42,35.34051617
24-07-2020,MAHARASHTRA,RATNAGIRI,2.46,1613.92,16.32,37.8432276
24-07-2020,MAHARASHTRA,OSMANABAD,1.42,1685.12,13.93,43.29733906
24-07-2020,MAHARASHTRA,BID,1.6,2464.71,13.7,43.47866313
24-07-2020,MAHARASHTRA,LATUR,2.58,1497.72,22.92,43.14777364
24-07-2020,MAHARASHTRA,YAVATMAL,0.37,2991.67,2.55,43.21333206
24-07-2020,MAHARASHTRA,BHANDARA,0.84,797.86,5.56,40.4954672
24-07-2020,MAHARASHTRA,MUMBAI SUBURBAN,0.01,98.82,0.12,42.56365352
24-07-2020,MAHARASHTRA,NANDURBAR,0.2,1120.94,1.16,37.22763036
24-07-2020,MAHARASHTRA,NAGPUR,0.48,2120.52,3.47,41.853815
24-07-2020,MAHARASHTRA,CHANDRAPUR,0.46,2340.04,3.12,40.46346632
24-07-2020,MAHARASHTRA,JALGAON,0.42,2513.87,2.6,41.81287245
24-07-2020,MAHARASHTRA,HINGOLI,0.54,1084.87,3.33,45.15446984
24-07-2020,MAHARASHTRA,AKOLA,0.32,1245.62,2.26,45.09083397
24-07-2020,MAHARASHTRA,AURANGABAD,0.98,2287.51,5.92,44.18975086
24-07-2020,MAHARASHTRA,DHULE,0.52,1550.47,3.37,42.26341761
24-07-2020,MAHARASHTRA,KOLHAPUR,3.27,1640.9,27.15,41.30057572
24-07-2020,MAHARASHTRA,RAIGARH,1.69,1351.85,12.19,36.75837662
24-07-2020,MAHARASHTRA,AMRAVATI,1.15,2724.92,9.64,43.72316227
24-07-2020,MAHARASHTRA,NANDED,0.4,2355.72,2.85,43.340901
24-07-2020,MAHARASHTRA,SOLAPUR,0.63,3255.98,5.38,42.402426
24-07-2020,MAHARASHTRA,AHMADNAGAR,0.86,3686.8,5.54,42.15459125
24-07-2020,MAHARASHTRA,THANE,1.74,1762.97,12.49,36.14285637
24-07-2020,MAHARASHTRA,SANGLI,1.84,1885.17,15.06,42.62053068
24-07-2020,MAHARASHTRA,WARDHA,0.3,1386.23,1.84,43.00630648
24-07-2020,MAHARASHTRA,BULDANA,1.06,2165.7,6.49,43.44882972
24-07-2020,MAHARASHTRA,SINDHUDURG,4.77,1082.14,33.13,41.13041867
23-07-2020,MAHARASHTRA,WASHIM,0.13,1230.97,0.83,46.31844985
23-07-2020,MAHARASHTRA,SATARA,2.54,2165.56,20.3,39.98799555
23-07-2020,MAHARASHTRA,PUNE,0.88,3356.48,5.33,41.72548388
23-07-2020,MAHARASHTRA,PARBHANI,0.41,1474.08,2.76,45.36388491
23-07-2020,MAHARASHTRA,JALNA,1.25,1778.41,7.71,44.70344002
23-07-2020,MAHARASHTRA,GONDIYA,0.47,1132.9,3.32,40.55321189
23-07-2020,MAHARASHTRA,MUMBAI,0,34.69,0,45.29348334
23-07-2020,MAHARASHTRA,NASHIK,1.23,3181.02,7.72,39.97776354
23-07-2020,MAHARASHTRA,GARHCHIROLI,1.32,2757.81,9.1,37.27725136
23-07-2020,MAHARASHTRA,RATNAGIRI,1.92,1551.47,12.59,36.37897908
23-07-2020,MAHARASHTRA,OSMANABAD,1.58,1715.14,15.51,44.06888002
23-07-2020,MAHARASHTRA,BID,1.8,2531.46,15.57,44.65614648
23-07-2020,MAHARASHTRA,LATUR,2.77,1524.14,24.7,43.90906763
23-07-2020,MAHARASHTRA,YAVATMAL,0.46,3072.38,3.19,44.37924163
23-07-2020,MAHARASHTRA,BHANDARA,1.22,841.89,8.09,42.73021639
23-07-2020,MAHARASHTRA,MUMBAI SUBURBAN,0.09,102.02,0.56,43.9430447
23-07-2020,MAHARASHTRA,NANDURBAR,0.14,1101.44,0.82,36.58012648
23-07-2020,MAHARASHTRA,NAGPUR,0.72,2235.68,5.13,44.12668426
23-07-2020,MAHARASHTRA,CHANDRAPUR,0.66,2452.87,4.48,42.41447622
23-07-2020,MAHARASHTRA,JALGAON,0.42,2569.23,2.55,42.73375707
23-07-2020,MAHARASHTRA,HINGOLI,0.54,1089.81,3.34,45.36024955
23-07-2020,MAHARASHTRA,AKOLA,0.34,1255.71,2.42,45.45617129
23-07-2020,MAHARASHTRA,AURANGABAD,0.98,2300.15,5.94,44.43385227
23-07-2020,MAHARASHTRA,DHULE,0.42,1566.17,2.65,42.69146368
23-07-2020,MAHARASHTRA,KOLHAPUR,2.24,1525.77,18.98,38.40282705
23-07-2020,MAHARASHTRA,RAIGARH,2.12,1403.36,14.99,38.15879758
23-07-2020,MAHARASHTRA,AMRAVATI,1.29,2777.58,10.76,44.5681824
23-07-2020,MAHARASHTRA,NANDED,0.49,2403.7,3.45,44.22379874
23-07-2020,MAHARASHTRA,SOLAPUR,0.6,3215.08,5.09,41.86988095
23-07-2020,MAHARASHTRA,AHMADNAGAR,1.02,3817.12,6.5,43.64472789
23-07-2020,MAHARASHTRA,THANE,2.6,1878.69,18.26,38.51529333
23-07-2020,MAHARASHTRA,SANGLI,1.37,1790.24,11.21,40.47423035
23-07-2020,MAHARASHTRA,WARDHA,0.45,1450.11,2.9,44.98803472
23-07-2020,MAHARASHTRA,BULDANA,1.09,2184.99,6.71,43.83585009
23-07-2020,MAHARASHTRA,SINDHUDURG,3.19,992.28,22.01,37.71486051
22-07-2020,MAHARASHTRA,WASHIM,0.13,1231.79,0.82,46.34903141
22-07-2020,MAHARASHTRA,SATARA,2.02,2072.53,16.25,38.27019891
22-07-2020,MAHARASHTRA,PUNE,0.34,3141.23,2.09,39.04964826
22-07-2020,MAHARASHTRA,PARBHANI,0.33,1446.77,2.19,44.52332175
22-07-2020,MAHARASHTRA,JALNA,1.16,1757.56,7.1,44.17924486
22-07-2020,MAHARASHTRA,GONDIYA,0.8,1176.92,5.62,42.12870382
22-07-2020,MAHARASHTRA,MUMBAI,0,32.62,0,42.58020032
22-07-2020,MAHARASHTRA,NASHIK,0.63,3020.4,3.86,37.9592188
22-07-2020,MAHARASHTRA,GARHCHIROLI,1.8,2865.65,12.21,38.73497558
22-07-2020,MAHARASHTRA,RATNAGIRI,1.31,1477.44,8.55,34.64300735
22-07-2020,MAHARASHTRA,OSMANABAD,1.4,1679.85,13.65,43.16198121
22-07-2020,MAHARASHTRA,BID,1.69,2489.54,14.63,43.91657341
22-07-2020,MAHARASHTRA,LATUR,2.31,1473.1,20.35,42.43848225
22-07-2020,MAHARASHTRA,YAVATMAL,0.49,3107.1,3.42,44.88074253
22-07-2020,MAHARASHTRA,BHANDARA,1.29,847.27,8.55,43.00318796
22-07-2020,MAHARASHTRA,MUMBAI SUBURBAN,0.04,97.98,0.23,42.20225861
22-07-2020,MAHARASHTRA,NANDURBAR,0,940.29,0.01,31.22799733
22-07-2020,MAHARASHTRA,NAGPUR,0.7,2226.41,5.03,43.94375407
22-07-2020,MAHARASHTRA,CHANDRAPUR,0.78,2531.48,5.26,43.77371742
22-07-2020,MAHARASHTRA,JALGAON,0.24,2470.2,1.42,41.08653578
22-07-2020,MAHARASHTRA,HINGOLI,0.51,1081.31,3.1,45.00668275
22-07-2020,MAHARASHTRA,AKOLA,0.32,1259.71,2.3,45.60087268
22-07-2020,MAHARASHTRA,AURANGABAD,0.78,2220.71,4.62,42.89916911
22-07-2020,MAHARASHTRA,DHULE,0.19,1402.91,1.18,38.24119558
22-07-2020,MAHARASHTRA,KOLHAPUR,1.79,1469.5,15.15,36.98647189
22-07-2020,MAHARASHTRA,RAIGARH,1.32,1314.82,9.61,35.75131354
22-07-2020,MAHARASHTRA,AMRAVATI,1.2,2750.4,9.98,44.13204457
22-07-2020,MAHARASHTRA,NANDED,0.51,2417.61,3.46,44.47966715
22-07-2020,MAHARASHTRA,SOLAPUR,0.52,3243.94,4.4,42.24569036
22-07-2020,MAHARASHTRA,AHMADNAGAR,0.8,3693.29,5.1,42.22881243
22-07-2020,MAHARASHTRA,THANE,1.55,1741.77,10.94,35.70817477
22-07-2020,MAHARASHTRA,SANGLI,1.17,1745.57,9.73,39.46439528
22-07-2020,MAHARASHTRA,WARDHA,0.44,1439.62,2.82,44.66272934
22-07-2020,MAHARASHTRA,BULDANA,0.96,2185.63,5.93,43.84860167
22-07-2020,MAHARASHTRA,SINDHUDURG,3,975.06,20.77,37.06045685
21-07-2020,MAHARASHTRA,WASHIM,0.11,1199.79,0.73,45.14510558
21-07-2020,MAHARASHTRA,SATARA,1.96,2044.32,15.73,37.74930319
21-07-2020,MAHARASHTRA,PUNE,0.1,2894.74,0.69,35.98546013
21-07-2020,MAHARASHTRA,PARBHANI,0.3,1418.72,1.97,43.66012431
21-07-2020,MAHARASHTRA,JALNA,1.07,1718.02,6.54,43.18538267
21-07-2020,MAHARASHTRA,GONDIYA,0.97,1191.27,6.81,42.6426492
21-07-2020,MAHARASHTRA,MUMBAI,0,28.51,0,37.21746704
21-07-2020,MAHARASHTRA,NASHIK,0.23,2664.09,1.34,33.48126269
21-07-2020,MAHARASHTRA,GARHCHIROLI,1.06,2638.65,7.07,35.66661127
21-07-2020,MAHARASHTRA,RATNAGIRI,1.42,1491.66,9.25,34.97653722
21-07-2020,MAHARASHTRA,OSMANABAD,1.25,1621.09,12.18,41.65227691
21-07-2020,MAHARASHTRA,BID,1.7,2472.96,14.71,43.62422066
21-07-2020,MAHARASHTRA,LATUR,2.29,1465.19,20.08,42.2106137
21-07-2020,MAHARASHTRA,YAVATMAL,0.39,3023.26,2.66,43.6697454
21-07-2020,MAHARASHTRA,BHANDARA,1.28,848.56,8.47,43.06875646
21-07-2020,MAHARASHTRA,MUMBAI SUBURBAN,0,82.82,0,35.67239265
21-07-2020,MAHARASHTRA,NANDURBAR,0,903.49,0,30.00594317
21-07-2020,MAHARASHTRA,NAGPUR,0.73,2229.82,5.25,44.01108724
21-07-2020,MAHARASHTRA,CHANDRAPUR,0.64,2444.55,4.2,42.27068751
21-07-2020,MAHARASHTRA,JALGAON,0.04,2166.86,0.24,36.04106291
21-07-2020,MAHARASHTRA,HINGOLI,0.49,1078.54,3,44.8913532
21-07-2020,MAHARASHTRA,AKOLA,0.16,1155.54,1.08,41.83011208
21-07-2020,MAHARASHTRA,AURANGABAD,0.66,2149.95,3.94,41.53230542
21-07-2020,MAHARASHTRA,DHULE,0.02,1259.35,0.11,34.3278673
21-07-2020,MAHARASHTRA,KOLHAPUR,2.14,1508.3,18.09,37.96311488
21-07-2020,MAHARASHTRA,RAIGARH,0.62,1211.11,4.67,32.9314376
21-07-2020,MAHARASHTRA,AMRAVATI,1,2655.4,8.22,42.60760668
21-07-2020,MAHARASHTRA,NANDED,0.37,2348.27,2.56,43.20397116
21-07-2020,MAHARASHTRA,SOLAPUR,0.37,3031.94,3.21,39.4848082
21-07-2020,MAHARASHTRA,AHMADNAGAR,0.52,3433.55,3.2,39.25898056
21-07-2020,MAHARASHTRA,THANE,1.4,1647.05,9.03,33.76641404
21-07-2020,MAHARASHTRA,SANGLI,1.16,1722.08,9.63,38.93315785
21-07-2020,MAHARASHTRA,WARDHA,0.42,1430.17,2.69,44.36947699
21-07-2020,MAHARASHTRA,BULDANA,0.43,1929.98,2.57,38.71970431
21-07-2020,MAHARASHTRA,SINDHUDURG,3.56,1008.51,24.64,38.33159411
20-07-2020,MAHARASHTRA,WASHIM,0.1,1165.63,0.61,43.85979526
20-07-2020,MAHARASHTRA,SATARA,2.24,2106.01,18.18,38.88831251
20-07-2020,MAHARASHTRA,PUNE,0.09,2831.58,0.6,35.20028087
20-07-2020,MAHARASHTRA,PARBHANI,0.33,1444.03,2.24,44.43920144
20-07-2020,MAHARASHTRA,JALNA,0.92,1697.81,5.62,42.67726246
20-07-2020,MAHARASHTRA,GONDIYA,0.35,1109.83,2.48,39.72718803
20-07-2020,MAHARASHTRA,MUMBAI,0,29.01,0,37.87577605
20-07-2020,MAHARASHTRA,NASHIK,0.16,2694.01,0.94,33.85728072
20-07-2020,MAHARASHTRA,GARHCHIROLI,0.7,2572.83,4.7,34.77682514
20-07-2020,MAHARASHTRA,RATNAGIRI,1.54,1505.8,9.97,35.30815387
20-07-2020,MAHARASHTRA,OSMANABAD,1.43,1678.49,13.98,43.12711154
20-07-2020,MAHARASHTRA,BID,1.75,2512.42,15.14,44.32017555
20-07-2020,MAHARASHTRA,LATUR,2.76,1521.32,24.54,43.82763074
20-07-2020,MAHARASHTRA,YAVATMAL,0.35,2956.09,2.32,42.6994527
20-07-2020,MAHARASHTRA,BHANDARA,1.1,827.22,7.31,41.98563995
20-07-2020,MAHARASHTRA,MUMBAI SUBURBAN,0,84.55,0,36.41861576
20-07-2020,MAHARASHTRA,NANDURBAR,0,911.49,0,30.27173737
20-07-2020,MAHARASHTRA,NAGPUR,0.7,2195.52,5,43.33399909
20-07-2020,MAHARASHTRA,CHANDRAPUR,0.48,2386.34,3.21,41.26404983
20-07-2020,MAHARASHTRA,JALGAON,0.07,2235.54,0.41,37.18346644
20-07-2020,MAHARASHTRA,HINGOLI,0.52,1081.24,3.17,45.00370108
20-07-2020,MAHARASHTRA,AKOLA,0.14,1141.63,0.92,41.32665472
20-07-2020,MAHARASHTRA,AURANGABAD,0.66,2165.05,3.92,41.82393519
20-07-2020,MAHARASHTRA,DHULE,0.02,1276.92,0.15,34.80691093
20-07-2020,MAHARASHTRA,KOLHAPUR,2.53,1554.22,21.27,39.11881362
20-07-2020,MAHARASHTRA,RAIGARH,0.5,1172.77,3.7,31.88897531
20-07-2020,MAHARASHTRA,AMRAVATI,0.89,2614.99,7.26,41.95929927
20-07-2020,MAHARASHTRA,NANDED,0.43,2375,3.04,43.69569391
20-07-2020,MAHARASHTRA,SOLAPUR,0.51,3186.78,4.37,41.50133751
20-07-2020,MAHARASHTRA,AHMADNAGAR,0.55,3439.74,3.33,39.32975984
20-07-2020,MAHARASHTRA,THANE,0.18,1451.7,1.4,29.76141875
20-07-2020,MAHARASHTRA,SANGLI,1.47,1798.75,12.25,40.66672793
20-07-2020,MAHARASHTRA,WARDHA,0.39,1415.77,2.48,43.92254418
20-07-2020,MAHARASHTRA,BULDANA,0.4,1934.14,2.37,38.80307972
20-07-2020,MAHARASHTRA,SINDHUDURG,4.31,1051.83,29.79,39.97817263
19-07-2020,MAHARASHTRA,WASHIM,0.07,1157.99,0.45,43.5721651
19-07-2020,MAHARASHTRA,SATARA,1.9,2041.24,15.6,37.69247662
19-07-2020,MAHARASHTRA,PUNE,0.08,2856.73,0.51,35.51288973
19-07-2020,MAHARASHTRA,PARBHANI,0.32,1430.77,2.1,44.03093451
19-07-2020,MAHARASHTRA,JALNA,0.68,1627.57,4.15,40.91179322
19-07-2020,MAHARASHTRA,GONDIYA,0.58,1121.1,4.04,40.13054426
19-07-2020,MAHARASHTRA,MUMBAI,0,30.05,0,39.22693636
19-07-2020,MAHARASHTRA,NASHIK,0.09,2533.46,0.51,31.83945038
19-07-2020,MAHARASHTRA,GARHCHIROLI,1.53,2772.3,10.27,37.47309801
19-07-2020,MAHARASHTRA,RATNAGIRI,2,1558.01,12.99,36.5321881
19-07-2020,MAHARASHTRA,OSMANABAD,1.36,1676.87,13.26,43.08538991
19-07-2020,MAHARASHTRA,BID,1.42,2379.01,12.43,41.96685445
19-07-2020,MAHARASHTRA,LATUR,2.47,1481.7,21.79,42.68633937
19-07-2020,MAHARASHTRA,YAVATMAL,0.33,2960.78,2.23,42.76716796
19-07-2020,MAHARASHTRA,BHANDARA,0.94,804.56,6.22,40.83541995
19-07-2020,MAHARASHTRA,MUMBAI SUBURBAN,0,87.66,0.01,37.75809018
19-07-2020,MAHARASHTRA,NANDURBAR,0,949.65,0,31.53893457
19-07-2020,MAHARASHTRA,NAGPUR,0.59,2146.52,4.31,42.36684491
19-07-2020,MAHARASHTRA,CHANDRAPUR,0.75,2514.29,4.97,43.47654893
19-07-2020,MAHARASHTRA,JALGAON,0.03,2143.27,0.18,35.64874923
19-07-2020,MAHARASHTRA,HINGOLI,0.47,1067.46,2.82,44.43008948
19-07-2020,MAHARASHTRA,AKOLA,0.12,1142.43,0.76,41.35532469
19-07-2020,MAHARASHTRA,AURANGABAD,0.34,2001.87,1.93,38.67181085
19-07-2020,MAHARASHTRA,DHULE,0.01,1269.68,0.06,34.60943472
19-07-2020,MAHARASHTRA,KOLHAPUR,2.78,1582.08,23.23,39.8201623
19-07-2020,MAHARASHTRA,RAIGARH,0.75,1210.09,5.46,32.9035826
19-07-2020,MAHARASHTRA,AMRAVATI,0.58,2523.21,4.75,40.48664701
19-07-2020,MAHARASHTRA,NANDED,0.41,2355.08,2.86,43.32925359
19-07-2020,MAHARASHTRA,SOLAPUR,0.48,3203.51,4.18,41.71919085
19-07-2020,MAHARASHTRA,AHMADNAGAR,0.25,3276.59,1.61,37.46433527
19-07-2020,MAHARASHTRA,THANE,0.24,1453.2,1.87,29.7922459
19-07-2020,MAHARASHTRA,SANGLI,1.44,1793.86,12.11,40.55601022
19-07-2020,MAHARASHTRA,WARDHA,0.28,1380.05,1.73,42.8146076
19-07-2020,MAHARASHTRA,BULDANA,0.31,1901.79,1.82,38.15405217
19-07-2020,MAHARASHTRA,SINDHUDURG,4.71,1073.56,32.6,40.80435569
06-07-2020,MAHARASHTRA,WASHIM,0.1,1189.78,0.66,44.76864309
06-07-2020,MAHARASHTRA,SATARA,1.19,1896.03,10.17,35.01108474
06-07-2020,MAHARASHTRA,PUNE,0.09,2740.51,0.57,34.06819965
06-07-2020,MAHARASHTRA,PARBHANI,0.26,1415.93,1.7,43.57437677
06-07-2020,MAHARASHTRA,JALNA,0.65,1601.64,3.88,40.25988385
06-07-2020,MAHARASHTRA,GONDIYA,0.6,1161.63,4.25,41.58155172
06-07-2020,MAHARASHTRA,MUMBAI,0,34.67,0,45.25691832
06-07-2020,MAHARASHTRA,NASHIK,0.23,2683.54,1.36,33.72566892
06-07-2020,MAHARASHTRA,GARHCHIROLI,1.06,2686.37,7.21,36.31162914
06-07-2020,MAHARASHTRA,RATNAGIRI,1.23,1458.06,7.94,34.18867155
06-07-2020,MAHARASHTRA,OSMANABAD,0.84,1520.2,8.24,39.06012673
06-07-2020,MAHARASHTRA,BID,1.07,2255.47,9.34,39.7875295
06-07-2020,MAHARASHTRA,LATUR,1.91,1402.23,17.16,40.39702888
06-07-2020,MAHARASHTRA,YAVATMAL,0.38,2976.44,2.58,42.9933555
06-07-2020,MAHARASHTRA,BHANDARA,0.99,831.72,6.56,42.21382886
06-07-2020,MAHARASHTRA,MUMBAI SUBURBAN,0,99.36,0.03,42.79701387
06-07-2020,MAHARASHTRA,NANDURBAR,0.03,1085.31,0.16,36.04446637
06-07-2020,MAHARASHTRA,NAGPUR,0.75,2226.68,5.39,43.94910816
06-07-2020,MAHARASHTRA,CHANDRAPUR,0.61,2458.18,4.12,42.50630616
06-07-2020,MAHARASHTRA,JALGAON,0.02,2232.51,0.14,37.13300852
06-07-2020,MAHARASHTRA,HINGOLI,0.49,1077.9,2.99,44.86452897
06-07-2020,MAHARASHTRA,AKOLA,0.19,1175.45,1.29,42.55074264
06-07-2020,MAHARASHTRA,AURANGABAD,0.19,1919.53,1.11,37.08115906
06-07-2020,MAHARASHTRA,DHULE,0.07,1400,0.46,38.16179331
06-07-2020,MAHARASHTRA,KOLHAPUR,1.49,1435.83,12.73,36.13917707
06-07-2020,MAHARASHTRA,RAIGARH,1.21,1279.92,8.66,34.80255935
06-07-2020,MAHARASHTRA,AMRAVATI,0.97,2637.02,8.06,42.31280535
06-07-2020,MAHARASHTRA,NANDED,0.38,2349.84,2.75,43.23271517
06-07-2020,MAHARASHTRA,SOLAPUR,0.19,2802.8,1.81,36.50067528
06-07-2020,MAHARASHTRA,AHMADNAGAR,0.23,3126.29,1.42,35.74576582
06-07-2020,MAHARASHTRA,THANE,1.23,1705.68,8.77,34.96844192
06-07-2020,MAHARASHTRA,SANGLI,0.4,1528.36,3.42,34.55352487
06-07-2020,MAHARASHTRA,WARDHA,0.43,1424.66,2.78,44.1984516
06-07-2020,MAHARASHTRA,BULDANA,0.43,1963.26,2.55,39.38740605
06-07-2020,MAHARASHTRA,SINDHUDURG,1.25,882.85,8.81,33.55551148
03-07-2020,MAHARASHTRA,WASHIM,0.12,1231.69,0.74,46.34557989
03-07-2020,MAHARASHTRA,SATARA,1.31,1913.94,11.13,35.34165583
03-07-2020,MAHARASHTRA,PUNE,0.17,2874.81,1.11,35.7376462
03-07-2020,MAHARASHTRA,PARBHANI,0.31,1436.76,2.07,44.21538221
03-07-2020,MAHARASHTRA,JALNA,0.84,1677.19,5.18,42.1590974
03-07-2020,MAHARASHTRA,GONDIYA,0.29,1078.49,2.06,38.60525352
03-07-2020,MAHARASHTRA,MUMBAI,0,31.79,0,41.50057785
03-07-2020,MAHARASHTRA,NASHIK,0.82,3083.8,5.19,38.75593004
03-07-2020,MAHARASHTRA,GARHCHIROLI,1.17,2747.17,7.95,37.13348914
03-07-2020,MAHARASHTRA,RATNAGIRI,1.68,1509.88,10.96,35.40363144
03-07-2020,MAHARASHTRA,OSMANABAD,1.13,1593,11.14,40.93046874
03-07-2020,MAHARASHTRA,BID,1.43,2398.74,12.45,42.31482099
03-07-2020,MAHARASHTRA,LATUR,1.93,1418,17.43,40.85120958
03-07-2020,MAHARASHTRA,YAVATMAL,0.32,3011.86,2.12,43.50496436
03-07-2020,MAHARASHTRA,BHANDARA,0.35,759.07,2.33,38.5267428
03-07-2020,MAHARASHTRA,MUMBAI SUBURBAN,0,89.46,0,38.53480292
03-07-2020,MAHARASHTRA,NANDURBAR,0.43,1192.09,2.41,39.59089937
03-07-2020,MAHARASHTRA,NAGPUR,0.54,2156.72,3.85,42.56822687
03-07-2020,MAHARASHTRA,CHANDRAPUR,0.53,2452.79,3.58,42.41306604
03-07-2020,MAHARASHTRA,JALGAON,0.22,2477.94,1.28,41.21526111
03-07-2020,MAHARASHTRA,HINGOLI,0.54,1090.52,3.31,45.3899408
03-07-2020,MAHARASHTRA,AKOLA,0.22,1245.97,1.48,45.10346212
03-07-2020,MAHARASHTRA,AURANGABAD,0.37,2094.5,2.14,40.46109838
03-07-2020,MAHARASHTRA,DHULE,0.34,1558.39,2.12,42.47933082
03-07-2020,MAHARASHTRA,KOLHAPUR,2.39,1538.99,19.82,38.73557368
03-07-2020,MAHARASHTRA,RAIGARH,0.93,1224.59,6.66,33.29790102
03-07-2020,MAHARASHTRA,AMRAVATI,0.76,2671.13,6.47,42.86002993
03-07-2020,MAHARASHTRA,NANDED,0.38,2389.05,2.56,43.95422241
03-07-2020,MAHARASHTRA,SOLAPUR,0.25,2908.93,2.39,37.88280422
03-07-2020,MAHARASHTRA,AHMADNAGAR,0.39,3398.78,2.49,38.86145501
03-07-2020,MAHARASHTRA,THANE,0.7,1632.24,5.13,33.46285346
03-07-2020,MAHARASHTRA,SANGLI,0.65,1611.11,5.55,36.42449857
03-07-2020,MAHARASHTRA,WARDHA,0.41,1426.71,2.63,44.2622438
03-07-2020,MAHARASHTRA,BULDANA,0.57,2098.43,3.54,42.09920919
03-07-2020,MAHARASHTRA,SINDHUDURG,3.06,983.07,21.51,37.36470721
02-07-2020,MAHARASHTRA,WASHIM,0.1,1183.74,0.64,44.54136432
02-07-2020,MAHARASHTRA,SATARA,1.41,1938.9,11.92,35.80263782
02-07-2020,MAHARASHTRA,PUNE,0.21,2917.42,1.36,36.26744458
02-07-2020,MAHARASHTRA,PARBHANI,0.3,1408.45,1.97,43.34416037
02-07-2020,MAHARASHTRA,JALNA,0.73,1649.08,4.46,41.45248346
02-07-2020,MAHARASHTRA,GONDIYA,0.18,1039.38,1.28,37.20554043
02-07-2020,MAHARASHTRA,MUMBAI,0,31.27,0,40.81899276
02-07-2020,MAHARASHTRA,NASHIK,0.13,2739.99,0.75,34.43511267
02-07-2020,MAHARASHTRA,GARHCHIROLI,0.77,2589.23,5.17,34.99854119
02-07-2020,MAHARASHTRA,RATNAGIRI,1.33,1467.99,8.64,34.42155976
02-07-2020,MAHARASHTRA,OSMANABAD,1.05,1578.63,10.27,40.56141698
02-07-2020,MAHARASHTRA,BID,1.35,2341.07,11.82,41.29751522
02-07-2020,MAHARASHTRA,LATUR,1.82,1395.12,16.58,40.19207717
02-07-2020,MAHARASHTRA,YAVATMAL,0.2,2960.91,1.31,42.7690355
02-07-2020,MAHARASHTRA,BHANDARA,0.23,729.03,1.51,37.00184113
02-07-2020,MAHARASHTRA,MUMBAI SUBURBAN,0,87.68,0,37.76660414
02-07-2020,MAHARASHTRA,NANDURBAR,0,1040.28,0.01,34.54904692
02-07-2020,MAHARASHTRA,NAGPUR,0.37,2051.47,2.58,40.49089965
02-07-2020,MAHARASHTRA,CHANDRAPUR,0.55,2442.68,3.68,42.23825371
02-07-2020,MAHARASHTRA,JALGAON,0.01,2308.8,0.08,38.40196755
02-07-2020,MAHARASHTRA,HINGOLI,0.54,1083.51,3.29,45.09790772
02-07-2020,MAHARASHTRA,AKOLA,0.15,1175.74,0.92,42.56110981
02-07-2020,MAHARASHTRA,AURANGABAD,0.25,2027.74,1.44,39.17143292
02-07-2020,MAHARASHTRA,DHULE,0.07,1381.19,0.42,37.64926086
02-07-2020,MAHARASHTRA,KOLHAPUR,2.15,1523.65,18.11,38.34945061
02-07-2020,MAHARASHTRA,RAIGARH,0.97,1233.32,7.05,33.53524192
02-07-2020,MAHARASHTRA,AMRAVATI,0.35,2479.18,2.99,39.78007066
02-07-2020,MAHARASHTRA,NANDED,0.2,2269.94,1.4,41.7627849
02-07-2020,MAHARASHTRA,SOLAPUR,0.25,2921.29,2.34,38.04381586
02-07-2020,MAHARASHTRA,AHMADNAGAR,0.35,3308.83,2.23,37.83301836
02-07-2020,MAHARASHTRA,THANE,0.37,1521.68,3.09,31.19617913
02-07-2020,MAHARASHTRA,SANGLI,0.69,1631.76,5.89,36.89132766
02-07-2020,MAHARASHTRA,WARDHA,0.29,1374.99,1.8,42.65741371
02-07-2020,MAHARASHTRA,BULDANA,0.41,2004.72,2.46,40.21906786
02-07-2020,MAHARASHTRA,SINDHUDURG,2.56,959.81,17.89,36.48056273
31-08-2020,MAHARASHTRA,WASHIM,0.03,1099.82,0.17,41.38337553
31-08-2020,MAHARASHTRA,SATARA,0.01,1440.84,0.06,26.60566766
31-08-2020,MAHARASHTRA,PUNE,0.35,2767.79,2.08,34.40732922
31-08-2020,MAHARASHTRA,PARBHANI,0.03,1252.13,0.19,38.53340196
31-08-2020,MAHARASHTRA,JALNA,0.42,1550.97,2.44,38.98635784
31-08-2020,MAHARASHTRA,GONDIYA,0.69,1092.48,4.52,39.10618062
31-08-2020,MAHARASHTRA,MUMBAI,0,33.37,0,43.561575
31-08-2020,MAHARASHTRA,NASHIK,1.5,3167.86,9.35,39.812354
31-08-2020,MAHARASHTRA,GARHCHIROLI,1.29,2669.28,8.63,36.08059621
31-08-2020,MAHARASHTRA,RATNAGIRI,0.48,1271.44,3.16,29.81270546
31-08-2020,MAHARASHTRA,OSMANABAD,0,1244.3,0,31.97106535
31-08-2020,MAHARASHTRA,BID,0,1921.67,0,33.89915177
31-08-2020,MAHARASHTRA,LATUR,0,1065.69,0,30.70137668
31-08-2020,MAHARASHTRA,YAVATMAL,0.17,2760.16,1.15,39.86926983
31-08-2020,MAHARASHTRA,BHANDARA,0.78,772.53,5.1,39.20964767
31-08-2020,MAHARASHTRA,MUMBAI SUBURBAN,0.3,99.72,1.83,42.95251266
31-08-2020,MAHARASHTRA,NANDURBAR,0.96,1216.13,5.4,40.38911401
31-08-2020,MAHARASHTRA,NAGPUR,0.51,2039.4,3.5,40.25256939
31-08-2020,MAHARASHTRA,CHANDRAPUR,0.47,2291.5,3.07,39.62410677
31-08-2020,MAHARASHTRA,JALGAON,0.56,2499.31,3.29,41.57074568
31-08-2020,MAHARASHTRA,HINGOLI,0.18,968.15,0.99,40.29646482
31-08-2020,MAHARASHTRA,AKOLA,0.12,1123.58,0.84,40.67300115
31-08-2020,MAHARASHTRA,AURANGABAD,0.58,2100.12,3.35,40.56964761
31-08-2020,MAHARASHTRA,DHULE,0.49,1544.47,3.03,42.09999051
31-08-2020,MAHARASHTRA,KOLHAPUR,0.03,1114.97,0.19,28.06332112
31-08-2020,MAHARASHTRA,RAIGARH,2.9,1429.41,19.83,38.86718463
31-08-2020,MAHARASHTRA,AMRAVATI,0.72,2497.1,5.77,40.06760474
31-08-2020,MAHARASHTRA,NANDED,0.15,2111.72,0.92,38.85179343
31-08-2020,MAHARASHTRA,SOLAPUR,0,2421.03,0,31.52891657
31-08-2020,MAHARASHTRA,AHMADNAGAR,0.18,3150.82,1.1,36.02631456
31-08-2020,MAHARASHTRA,THANE,3.46,1954.59,23.36,40.07123129
31-08-2020,MAHARASHTRA,SANGLI,0,1257.99,0,28.44094659
31-08-2020,MAHARASHTRA,WARDHA,0.11,1289.85,0.63,40.0161459
31-08-2020,MAHARASHTRA,BULDANA,0.45,1972.41,2.79,39.5708451
31-08-2020,MAHARASHTRA,SINDHUDURG,0.16,776.22,1.15,29.50295657
30-08-2020,MAHARASHTRA,WASHIM,0.07,1159.16,0.45,43.61621354
30-08-2020,MAHARASHTRA,SATARA,0.03,1500.13,0.22,27.70049747
30-08-2020,MAHARASHTRA,PUNE,0.54,2901.39,3.21,36.06806839
30-08-2020,MAHARASHTRA,PARBHANI,0.13,1317.56,0.8,40.54708137
30-08-2020,MAHARASHTRA,JALNA,0.84,1667.95,5,41.92676304
30-08-2020,MAHARASHTRA,GONDIYA,1.17,1168.8,7.92,41.83802825
30-08-2020,MAHARASHTRA,MUMBAI,0,34.79,0,45.41388237
30-08-2020,MAHARASHTRA,NASHIK,2.23,3381.71,14.12,42.49997667
30-08-2020,MAHARASHTRA,GARHCHIROLI,2.15,2858.25,14.44,38.6349736
30-08-2020,MAHARASHTRA,RATNAGIRI,0.7,1323.37,4.62,31.03046769
30-08-2020,MAHARASHTRA,OSMANABAD,0.02,1291.79,0.19,33.19124099
30-08-2020,MAHARASHTRA,BID,0.02,2003.53,0.16,35.34314729
30-08-2020,MAHARASHTRA,LATUR,0,1105.48,0,31.8476965
30-08-2020,MAHARASHTRA,YAVATMAL,0.35,2940.44,2.45,42.47342873
30-08-2020,MAHARASHTRA,BHANDARA,1.29,826.2,8.5,41.93385187
30-08-2020,MAHARASHTRA,MUMBAI SUBURBAN,0.4,104.55,2.44,45.03092842
30-08-2020,MAHARASHTRA,NANDURBAR,1.54,1299.29,8.83,43.15086833
30-08-2020,MAHARASHTRA,NAGPUR,0.83,2169.37,5.74,42.81790331
30-08-2020,MAHARASHTRA,CHANDRAPUR,0.8,2446.42,5.27,42.30301565
30-08-2020,MAHARASHTRA,JALGAON,0.92,2663.46,5.61,44.30104725
30-08-2020,MAHARASHTRA,HINGOLI,0.36,1027.73,2.1,42.77632367
30-08-2020,MAHARASHTRA,AKOLA,0.24,1193.49,1.68,43.20373214
30-08-2020,MAHARASHTRA,AURANGABAD,0.95,2247.9,5.75,43.424406
30-08-2020,MAHARASHTRA,DHULE,0.82,1635.57,5.22,44.58323746
30-08-2020,MAHARASHTRA,KOLHAPUR,0.13,1165.73,0.94,29.34082531
30-08-2020,MAHARASHTRA,RAIGARH,3.61,1506.19,24.62,40.95494186
30-08-2020,MAHARASHTRA,AMRAVATI,1.12,2662.78,9.18,42.72599551
30-08-2020,MAHARASHTRA,NANDED,0.29,2222.14,1.81,40.88328344
30-08-2020,MAHARASHTRA,SOLAPUR,0,2501.73,0,32.57994232
30-08-2020,MAHARASHTRA,AHMADNAGAR,0.35,3311.31,2.2,37.86133414
30-08-2020,MAHARASHTRA,THANE,4.31,2052.78,29.11,42.08436414
30-08-2020,MAHARASHTRA,SANGLI,0,1302.4,0,29.44492125
30-08-2020,MAHARASHTRA,WARDHA,0.26,1376.4,1.61,42.70113552
30-08-2020,MAHARASHTRA,BULDANA,0.88,2114.05,5.68,42.41249036
30-08-2020,MAHARASHTRA,SINDHUDURG,0.4,817.51,2.99,31.07205924
29-08-2020,MAHARASHTRA,WASHIM,0.13,1236.08,0.84,46.51065658
29-08-2020,MAHARASHTRA,SATARA,0.24,1660.32,1.84,30.65851172
29-08-2020,MAHARASHTRA,PUNE,0.77,3056.46,4.56,37.99585199
29-08-2020,MAHARASHTRA,PARBHANI,0.24,1362.8,1.54,41.93933206
29-08-2020,MAHARASHTRA,JALNA,1.17,1744.51,7.21,43.85126594
29-08-2020,MAHARASHTRA,GONDIYA,1.74,1257.01,11.93,44.99554674
29-08-2020,MAHARASHTRA,MUMBAI,0,34.92,0,45.58933629
29-08-2020,MAHARASHTRA,NASHIK,2.34,3408.56,14.84,42.83736315
29-08-2020,MAHARASHTRA,GARHCHIROLI,3.49,3142.94,23.62,42.48299436
29-08-2020,MAHARASHTRA,RATNAGIRI,1.54,1469.78,10.19,34.46352507
29-08-2020,MAHARASHTRA,OSMANABAD,0.1,1342.21,0.9,34.48683396
29-08-2020,MAHARASHTRA,BID,0.07,2059.63,0.57,36.33286853
29-08-2020,MAHARASHTRA,LATUR,0.01,1123.58,0.07,32.36914312
29-08-2020,MAHARASHTRA,YAVATMAL,0.59,3150.55,4.26,45.50839166
29-08-2020,MAHARASHTRA,BHANDARA,1.87,883.27,12.42,44.83034993
29-08-2020,MAHARASHTRA,MUMBAI SUBURBAN,0.41,105.11,2.5,45.27203403
29-08-2020,MAHARASHTRA,NANDURBAR,1.66,1312.98,9.53,43.60556746
29-08-2020,MAHARASHTRA,NAGPUR,1.14,2304.91,8.08,45.49303065
29-08-2020,MAHARASHTRA,CHANDRAPUR,1.18,2621.52,7.86,45.33069116
29-08-2020,MAHARASHTRA,JALGAON,1.07,2722.63,6.66,45.2852641
29-08-2020,MAHARASHTRA,HINGOLI,0.6,1089.47,3.7,45.34599998
29-08-2020,MAHARASHTRA,AKOLA,0.39,1273.29,2.81,46.09268337
29-08-2020,MAHARASHTRA,AURANGABAD,1.11,2313.59,6.82,44.69341288
29-08-2020,MAHARASHTRA,DHULE,0.9,1654.99,5.8,45.11249837
29-08-2020,MAHARASHTRA,KOLHAPUR,0.32,1226.29,2.39,30.86521098
29-08-2020,MAHARASHTRA,RAIGARH,3.79,1555.01,25.84,42.28246766
29-08-2020,MAHARASHTRA,AMRAVATI,1.49,2827.3,12.31,45.36597325
29-08-2020,MAHARASHTRA,NANDED,0.46,2341.26,2.96,43.07492993
29-08-2020,MAHARASHTRA,SOLAPUR,0,2622.72,0.01,34.15555904
29-08-2020,MAHARASHTRA,AHMADNAGAR,0.43,3428.59,2.74,39.20229181
29-08-2020,MAHARASHTRA,THANE,4.33,2057.4,29.35,42.17898412
29-08-2020,MAHARASHTRA,SANGLI,0,1367.04,0,30.90637736
29-08-2020,MAHARASHTRA,WARDHA,0.52,1469.26,3.46,45.58202266
29-08-2020,MAHARASHTRA,BULDANA,1.33,2244.36,8.79,45.02694004
29-08-2020,MAHARASHTRA,SINDHUDURG,1.31,888.03,9.27,33.75245859
28-08-2020,MAHARASHTRA,WASHIM,0.13,1235.24,0.84,46.47882167
28-08-2020,MAHARASHTRA,SATARA,0.12,1653.59,0.91,30.53426341
28-08-2020,MAHARASHTRA,PUNE,0.52,2909.31,3.09,36.16659496
28-08-2020,MAHARASHTRA,PARBHANI,0.14,1314.54,0.9,40.45414515
28-08-2020,MAHARASHTRA,JALNA,0.74,1653.39,4.52,41.56086694
28-08-2020,MAHARASHTRA,GONDIYA,1.76,1258.48,12.08,45.04818592
28-08-2020,MAHARASHTRA,MUMBAI,0,34.93,0,45.60281105
28-08-2020,MAHARASHTRA,NASHIK,0.61,2827.96,3.63,35.54061302
28-08-2020,MAHARASHTRA,GARHCHIROLI,3.62,3180.41,24.61,42.98954836
28-08-2020,MAHARASHTRA,RATNAGIRI,1.26,1441.96,8.29,33.81122376
28-08-2020,MAHARASHTRA,OSMANABAD,0.06,1334.94,0.51,34.30005443
28-08-2020,MAHARASHTRA,BID,0.03,1993.69,0.26,35.16954028
28-08-2020,MAHARASHTRA,LATUR,0,1103.31,0,31.78537177
28-08-2020,MAHARASHTRA,YAVATMAL,0.59,3145.67,4.19,45.43786066
28-08-2020,MAHARASHTRA,BHANDARA,1.87,883.35,12.42,44.83423728
28-08-2020,MAHARASHTRA,MUMBAI SUBURBAN,0.38,104.69,2.3,45.092158
28-08-2020,MAHARASHTRA,NANDURBAR,0.42,1137.82,2.34,37.78832015
28-08-2020,MAHARASHTRA,NAGPUR,1.14,2305.08,8.09,45.49654522
28-08-2020,MAHARASHTRA,CHANDRAPUR,1.17,2612.36,7.77,45.17239591
28-08-2020,MAHARASHTRA,JALGAON,0.82,2624.02,5.13,43.64504991
28-08-2020,MAHARASHTRA,HINGOLI,0.56,1081.54,3.39,45.01590612
28-08-2020,MAHARASHTRA,AKOLA,0.38,1271.38,2.77,46.02349462
28-08-2020,MAHARASHTRA,AURANGABAD,0.22,2002.15,1.3,38.67716989
28-08-2020,MAHARASHTRA,DHULE,0.21,1485.68,1.27,40.49751896
28-08-2020,MAHARASHTRA,KOLHAPUR,0.02,1146.48,0.16,28.8564407
28-08-2020,MAHARASHTRA,RAIGARH,3.54,1529.54,24.08,41.58982247
28-08-2020,MAHARASHTRA,AMRAVATI,1.49,2825.28,12.28,45.33352319
28-08-2020,MAHARASHTRA,NANDED,0.44,2301.8,2.85,42.34894712
28-08-2020,MAHARASHTRA,SOLAPUR,0,2626.23,0.01,34.20124316
28-08-2020,MAHARASHTRA,AHMADNAGAR,0.08,3074.07,0.49,35.14872838
28-08-2020,MAHARASHTRA,THANE,4.05,2029.18,27.61,41.60054411
28-08-2020,MAHARASHTRA,SANGLI,0,1350.52,0,30.5328362
28-08-2020,MAHARASHTRA,WARDHA,0.52,1467.79,3.42,45.53656715
28-08-2020,MAHARASHTRA,BULDANA,1.31,2240.56,8.66,44.95066057
28-08-2020,MAHARASHTRA,SINDHUDURG,0.35,800.32,2.41,30.41869586
27-08-2020,MAHARASHTRA,WASHIM,0.08,1205.36,0.5,45.35487922
27-08-2020,MAHARASHTRA,SATARA,0.01,1600.38,0.05,29.55164829
27-08-2020,MAHARASHTRA,PUNE,0.02,2689.83,0.15,33.4381382
27-08-2020,MAHARASHTRA,PARBHANI,0.02,1269.8,0.13,39.07727216
27-08-2020,MAHARASHTRA,JALNA,0.1,1449.19,0.58,36.42781157
27-08-2020,MAHARASHTRA,GONDIYA,1.75,1258.08,12.07,45.03410055
27-08-2020,MAHARASHTRA,MUMBAI,0,29.72,0,38.80580848
27-08-2020,MAHARASHTRA,NASHIK,0.18,2681.77,1.1,33.70342363
27-08-2020,MAHARASHTRA,GARHCHIROLI,3.76,3219.1,25.59,43.51251489
27-08-2020,MAHARASHTRA,RATNAGIRI,0.43,1315.34,2.78,30.84226067
27-08-2020,MAHARASHTRA,OSMANABAD,0.13,1357.19,1.19,34.87167069
27-08-2020,MAHARASHTRA,BID,0.08,2009.98,0.72,35.45692147
27-08-2020,MAHARASHTRA,LATUR,0,1122.84,0,32.34806586
27-08-2020,MAHARASHTRA,YAVATMAL,0.5,3089.24,3.53,44.62274863
27-08-2020,MAHARASHTRA,BHANDARA,1.86,883.14,12.41,44.82385139
27-08-2020,MAHARASHTRA,MUMBAI SUBURBAN,0,86.67,0.01,37.32977025
27-08-2020,MAHARASHTRA,NANDURBAR,0.13,1066.09,0.7,35.40598964
27-08-2020,MAHARASHTRA,NAGPUR,1.14,2304.25,8.07,45.48006106
27-08-2020,MAHARASHTRA,CHANDRAPUR,1.17,2619.85,7.84,45.3017758
27-08-2020,MAHARASHTRA,JALGAON,0.16,2311.93,0.95,38.45408618
27-08-2020,MAHARASHTRA,HINGOLI,0.3,1023.86,1.7,42.61530379
27-08-2020,MAHARASHTRA,AKOLA,0.25,1219.54,1.71,44.14691793
27-08-2020,MAHARASHTRA,AURANGABAD,0.03,1870.35,0.15,36.13110691
27-08-2020,MAHARASHTRA,DHULE,0.07,1373.92,0.43,37.45104998
27-08-2020,MAHARASHTRA,KOLHAPUR,0.03,1173.59,0.22,29.53857233
27-08-2020,MAHARASHTRA,RAIGARH,0.72,1213.15,5.2,32.98699231
27-08-2020,MAHARASHTRA,AMRAVATI,1.36,2780.26,11.06,44.61108775
27-08-2020,MAHARASHTRA,NANDED,0.34,2278.55,2.14,41.92117614
27-08-2020,MAHARASHTRA,SOLAPUR,0,2679.06,0.02,34.88932003
27-08-2020,MAHARASHTRA,AHMADNAGAR,0.04,3017.72,0.24,34.50446271
27-08-2020,MAHARASHTRA,THANE,1.17,1685.28,8.21,34.55014991
27-08-2020,MAHARASHTRA,SANGLI,0,1381.62,0,31.23601403
27-08-2020,MAHARASHTRA,WARDHA,0.51,1461.89,3.35,45.35358163
27-08-2020,MAHARASHTRA,BULDANA,0.57,2039.4,3.49,40.91495807
27-08-2020,MAHARASHTRA,SINDHUDURG,0.23,805.38,1.62,30.61115837
26-08-2020,MAHARASHTRA,WASHIM,0,1050.53,0.01,39.52867649
26-08-2020,MAHARASHTRA,SATARA,0.05,1666.45,0.38,30.7716618
26-08-2020,MAHARASHTRA,PUNE,0.08,2772.29,0.48,34.46327541
26-08-2020,MAHARASHTRA,PARBHANI,0,1205.16,0.01,37.08800777
26-08-2020,MAHARASHTRA,JALNA,0.04,1410.81,0.21,35.46321829
26-08-2020,MAHARASHTRA,GONDIYA,1.72,1245.73,11.85,44.59199526
26-08-2020,MAHARASHTRA,MUMBAI,0,30.97,0,40.42697657
26-08-2020,MAHARASHTRA,NASHIK,0.46,2808.26,2.81,35.29306104
26-08-2020,MAHARASHTRA,GARHCHIROLI,3.17,3073,21.46,41.53764142
26-08-2020,MAHARASHTRA,RATNAGIRI,0.72,1375.37,4.71,32.24969321
26-08-2020,MAHARASHTRA,OSMANABAD,0.14,1392.55,1.31,35.78024551
26-08-2020,MAHARASHTRA,BID,0.21,2089.16,1.78,36.85374388
26-08-2020,MAHARASHTRA,LATUR,0.03,1152.67,0.27,33.20729098
26-08-2020,MAHARASHTRA,YAVATMAL,0.02,2619.84,0.09,37.84251355
26-08-2020,MAHARASHTRA,BHANDARA,1.55,850.59,10.23,43.171558
26-08-2020,MAHARASHTRA,MUMBAI SUBURBAN,0,90.67,0.03,39.05470754
26-08-2020,MAHARASHTRA,NANDURBAR,0.25,1088.89,1.37,36.16327359
26-08-2020,MAHARASHTRA,NAGPUR,0.73,2142.1,5.06,42.27961033
26-08-2020,MAHARASHTRA,CHANDRAPUR,0.74,2374.12,4.82,41.05279424
26-08-2020,MAHARASHTRA,JALGAON,0.06,2188.6,0.33,36.4028143
26-08-2020,MAHARASHTRA,HINGOLI,0.06,931.65,0.31,38.77716364
26-08-2020,MAHARASHTRA,AKOLA,0.03,1051.66,0.28,38.06965202
26-08-2020,MAHARASHTRA,AURANGABAD,0.03,1858.02,0.19,35.89290036
26-08-2020,MAHARASHTRA,DHULE,0.12,1367.3,0.7,37.27054898
26-08-2020,MAHARASHTRA,KOLHAPUR,0.14,1220.5,0.98,30.71925011
26-08-2020,MAHARASHTRA,RAIGARH,1.12,1261.16,8.13,34.29236192
26-08-2020,MAHARASHTRA,AMRAVATI,0.55,2421.65,4.44,38.85704014
26-08-2020,MAHARASHTRA,NANDED,0.01,2058.05,0.08,37.86446707
26-08-2020,MAHARASHTRA,SOLAPUR,0.02,2700.73,0.17,35.17150527
26-08-2020,MAHARASHTRA,AHMADNAGAR,0.17,3139.29,0.98,35.8944607
26-08-2020,MAHARASHTRA,THANE,1.78,1758.97,12.3,36.06089454
26-08-2020,MAHARASHTRA,SANGLI,0,1376.27,0.02,31.11502908
26-08-2020,MAHARASHTRA,WARDHA,0.07,1281.42,0.41,39.75467232
26-08-2020,MAHARASHTRA,BULDANA,0.06,1799.63,0.37,36.10456509
26-08-2020,MAHARASHTRA,SINDHUDURG,0.74,850.42,5.24,32.32283783
25-08-2020,MAHARASHTRA,WASHIM,0.01,1057.38,0.03,39.7864019
25-08-2020,MAHARASHTRA,SATARA,0.14,1695.29,1.13,31.30433042
25-08-2020,MAHARASHTRA,PUNE,0.22,2807.08,1.33,34.89573811
25-08-2020,MAHARASHTRA,PARBHANI,0,1201.27,0.02,36.96824487
25-08-2020,MAHARASHTRA,JALNA,0.14,1453.4,0.77,36.53361061
25-08-2020,MAHARASHTRA,GONDIYA,0.52,1067.39,3.57,38.20795181
25-08-2020,MAHARASHTRA,MUMBAI,0,32.21,0,42.04655844
25-08-2020,MAHARASHTRA,NASHIK,0.97,2994.33,5.97,37.63152158
25-08-2020,MAHARASHTRA,GARHCHIROLI,1.32,2687.49,8.81,36.32672965
25-08-2020,MAHARASHTRA,RATNAGIRI,1.27,1445.35,8.34,33.89062821
25-08-2020,MAHARASHTRA,OSMANABAD,0.08,1387.88,0.74,35.66025907
25-08-2020,MAHARASHTRA,BID,0.01,1939.08,0.09,34.20617824
25-08-2020,MAHARASHTRA,LATUR,0.39,1205.63,3.43,34.73311686
25-08-2020,MAHARASHTRA,YAVATMAL,0.03,2574.85,0.21,37.19260268
25-08-2020,MAHARASHTRA,BHANDARA,0.45,741,2.94,37.60928714
25-08-2020,MAHARASHTRA,MUMBAI SUBURBAN,0.02,94.89,0.14,40.87051657
25-08-2020,MAHARASHTRA,NANDURBAR,0.55,1150.95,3.05,38.22456229
25-08-2020,MAHARASHTRA,NAGPUR,0.23,1927.54,1.56,38.0448016
25-08-2020,MAHARASHTRA,CHANDRAPUR,0.16,2136.08,1.01,36.93660418
25-08-2020,MAHARASHTRA,JALGAON,0.16,2280.57,0.92,37.93241499
25-08-2020,MAHARASHTRA,HINGOLI,0.06,916,0.32,38.12608777
25-08-2020,MAHARASHTRA,AKOLA,0.06,1079.63,0.45,39.08216203
25-08-2020,MAHARASHTRA,AURANGABAD,0.19,1940.57,1.05,37.48758894
25-08-2020,MAHARASHTRA,DHULE,0.28,1447.32,1.7,39.45181425
25-08-2020,MAHARASHTRA,KOLHAPUR,0.43,1284.54,3.22,32.33119389
25-08-2020,MAHARASHTRA,RAIGARH,1.72,1326.04,12.23,36.05658523
25-08-2020,MAHARASHTRA,AMRAVATI,0.59,2421.61,4.78,38.8563578
25-08-2020,MAHARASHTRA,NANDED,0.03,2048.3,0.21,37.68496976
25-08-2020,MAHARASHTRA,SOLAPUR,0.04,2594.21,0.41,33.78428652
25-08-2020,MAHARASHTRA,AHMADNAGAR,0.17,3129.04,1.06,35.77726522
25-08-2020,MAHARASHTRA,THANE,2.51,1847.2,17.31,37.86965987
25-08-2020,MAHARASHTRA,SANGLI,0.01,1394.37,0.04,31.52441808
25-08-2020,MAHARASHTRA,WARDHA,0.02,1195.38,0.08,37.08532037
25-08-2020,MAHARASHTRA,BULDANA,0.17,1849.29,1.01,37.1009757
25-08-2020,MAHARASHTRA,SINDHUDURG,1.61,902.27,11.42,34.29387549
24-08-2020,MAHARASHTRA,WASHIM,0.03,1096.13,0.17,41.24455495
24-08-2020,MAHARASHTRA,SATARA,0.52,1797.68,4.26,33.19487555
24-08-2020,MAHARASHTRA,PUNE,0.47,2949.55,2.78,36.66686012
24-08-2020,MAHARASHTRA,PARBHANI,0.02,1251.08,0.11,38.50132654
24-08-2020,MAHARASHTRA,JALNA,0.41,1555.62,2.35,39.10312374
24-08-2020,MAHARASHTRA,GONDIYA,0.7,1107.19,4.74,39.63261713
24-08-2020,MAHARASHTRA,MUMBAI,0,33.46,0,43.68651835
24-08-2020,MAHARASHTRA,NASHIK,1.56,3185.79,9.7,40.03767932
24-08-2020,MAHARASHTRA,GARHCHIROLI,1.29,2675.08,8.59,36.15897547
24-08-2020,MAHARASHTRA,RATNAGIRI,1.96,1526.19,13,35.78607467
24-08-2020,MAHARASHTRA,OSMANABAD,0.34,1454.62,3.18,37.3750532
24-08-2020,MAHARASHTRA,BID,0.23,2037.58,1.93,35.94386967
24-08-2020,MAHARASHTRA,LATUR,1.03,1289,9.05,37.13486097
24-08-2020,MAHARASHTRA,YAVATMAL,0.12,2697.77,0.78,38.96809658
24-08-2020,MAHARASHTRA,BHANDARA,0.8,779.01,5.25,39.53876049
24-08-2020,MAHARASHTRA,MUMBAI SUBURBAN,0.07,98.88,0.47,42.5885707
24-08-2020,MAHARASHTRA,NANDURBAR,0.94,1220.64,5.27,40.53881348
24-08-2020,MAHARASHTRA,NAGPUR,0.45,2021.86,3.08,39.90647978
24-08-2020,MAHARASHTRA,CHANDRAPUR,0.32,2229.27,2.05,38.54802351
24-08-2020,MAHARASHTRA,JALGAON,0.34,2405.08,2.04,40.00341512
24-08-2020,MAHARASHTRA,HINGOLI,0.16,955.94,0.92,39.78824923
24-08-2020,MAHARASHTRA,AKOLA,0.14,1132.37,1.02,40.99114858
24-08-2020,MAHARASHTRA,AURANGABAD,0.44,2059.34,2.55,39.78190851
24-08-2020,MAHARASHTRA,DHULE,0.51,1531.19,3.15,41.73788267
24-08-2020,MAHARASHTRA,KOLHAPUR,1.07,1371.15,8.35,34.51122776
24-08-2020,MAHARASHTRA,RAIGARH,2.33,1393.68,16.39,37.8956851
24-08-2020,MAHARASHTRA,AMRAVATI,0.94,2552.52,7.64,40.95686099
24-08-2020,MAHARASHTRA,NANDED,0.14,2128.67,0.91,39.16373783
24-08-2020,MAHARASHTRA,SOLAPUR,0.09,2680.15,0.88,34.90349154
24-08-2020,MAHARASHTRA,AHMADNAGAR,0.39,3298.42,2.39,37.71391588
24-08-2020,MAHARASHTRA,THANE,3.17,1926.4,21.85,39.4934814
24-08-2020,MAHARASHTRA,SANGLI,0.07,1454.69,0.57,32.88797911
24-08-2020,MAHARASHTRA,WARDHA,0.06,1252.06,0.35,38.84380855
24-08-2020,MAHARASHTRA,BULDANA,0.44,1966.21,2.75,39.44650916
24-08-2020,MAHARASHTRA,SINDHUDURG,2.71,965.26,19.08,36.68782241
23-08-2020,MAHARASHTRA,WASHIM,0.07,1150.21,0.42,43.27963887
23-08-2020,MAHARASHTRA,SATARA,1.04,1907.2,8.47,35.21729358
23-08-2020,MAHARASHTRA,PUNE,0.79,3102.37,4.64,38.56655543
23-08-2020,MAHARASHTRA,PARBHANI,0.09,1319.48,0.57,40.6060655
23-08-2020,MAHARASHTRA,JALNA,0.77,1664.65,4.58,41.84393178
23-08-2020,MAHARASHTRA,GONDIYA,1.19,1187.59,8.23,42.51060149
23-08-2020,MAHARASHTRA,MUMBAI,0,34.76,0,45.38575008
23-08-2020,MAHARASHTRA,NASHIK,2.18,3366.71,13.85,42.3114168
23-08-2020,MAHARASHTRA,GARHCHIROLI,2.16,2872.57,14.46,38.82851685
23-08-2020,MAHARASHTRA,RATNAGIRI,2.65,1602.67,17.62,37.5794254
23-08-2020,MAHARASHTRA,OSMANABAD,0.69,1534.34,6.63,39.42331547
23-08-2020,MAHARASHTRA,BID,0.62,2159.7,5.2,38.09816228
23-08-2020,MAHARASHTRA,LATUR,1.71,1381.57,15.05,39.80167869
23-08-2020,MAHARASHTRA,YAVATMAL,0.25,2849.27,1.73,41.15652687
23-08-2020,MAHARASHTRA,BHANDARA,1.31,833.99,8.69,42.32904983
23-08-2020,MAHARASHTRA,MUMBAI SUBURBAN,0.13,103.04,0.86,44.38422187
23-08-2020,MAHARASHTRA,NANDURBAR,1.46,1292.87,8.31,42.93775905
23-08-2020,MAHARASHTRA,NAGPUR,0.74,2140.59,5.08,42.24986853
23-08-2020,MAHARASHTRA,CHANDRAPUR,0.61,2360.19,3.97,40.81194366
23-08-2020,MAHARASHTRA,JALGAON,0.62,2559.66,3.8,42.57452243
23-08-2020,MAHARASHTRA,HINGOLI,0.31,1009.08,1.81,42.00033118
23-08-2020,MAHARASHTRA,AKOLA,0.25,1201.28,1.79,43.48573023
23-08-2020,MAHARASHTRA,AURANGABAD,0.77,2197,4.56,42.44122741
23-08-2020,MAHARASHTRA,DHULE,0.79,1615.93,5.01,44.04785099
23-08-2020,MAHARASHTRA,KOLHAPUR,1.7,1446.96,13.5,36.41931099
23-08-2020,MAHARASHTRA,RAIGARH,2.97,1461.08,20.72,39.72828721
23-08-2020,MAHARASHTRA,AMRAVATI,1.34,2716.13,11.14,43.58208937
23-08-2020,MAHARASHTRA,NANDED,0.3,2238.05,2.02,41.176031
23-08-2020,MAHARASHTRA,SOLAPUR,0.17,2781.24,1.57,36.21996821
23-08-2020,MAHARASHTRA,AHMADNAGAR,0.66,3484.01,4.09,39.83592087
23-08-2020,MAHARASHTRA,THANE,3.86,2005.46,26.44,41.11417707
23-08-2020,MAHARASHTRA,SANGLI,0.21,1518.51,1.75,34.33083207
23-08-2020,MAHARASHTRA,WARDHA,0.15,1324.81,0.89,41.10064875
23-08-2020,MAHARASHTRA,BULDANA,0.83,2095.27,5.35,42.03584527
23-08-2020,MAHARASHTRA,SINDHUDURG,3.57,1014.96,25.02,38.57695254
22-08-2020,MAHARASHTRA,WASHIM,0.13,1223.22,0.81,46.02663643
22-08-2020,MAHARASHTRA,SATARA,1.61,2008.54,12.92,37.08850579
22-08-2020,MAHARASHTRA,PUNE,1.06,3234.43,6.29,40.20819179
22-08-2020,MAHARASHTRA,PARBHANI,0.26,1402.52,1.72,43.16168376
22-08-2020,MAHARASHTRA,JALNA,1.22,1768.83,7.53,44.4624849
22-08-2020,MAHARASHTRA,GONDIYA,1.54,1235.52,10.58,44.22656009
22-08-2020,MAHARASHTRA,MUMBAI,0,33.97,0,44.34286741
22-08-2020,MAHARASHTRA,NASHIK,2.34,3417.43,14.79,42.94891168
22-08-2020,MAHARASHTRA,GARHCHIROLI,2.77,2996.87,18.65,40.50860678
22-08-2020,MAHARASHTRA,RATNAGIRI,3.21,1664.87,21.44,39.03789509
22-08-2020,MAHARASHTRA,OSMANABAD,1.14,1624.84,11.01,41.74853773
22-08-2020,MAHARASHTRA,BID,1.04,2291.39,8.77,40.42114215
22-08-2020,MAHARASHTRA,LATUR,2.23,1455.23,19.67,41.9238437
22-08-2020,MAHARASHTRA,YAVATMAL,0.43,3026.96,3.04,43.72318267
22-08-2020,MAHARASHTRA,BHANDARA,1.68,868.75,11.12,44.09336617
22-08-2020,MAHARASHTRA,MUMBAI SUBURBAN,0.15,102.69,0.94,44.23309088
22-08-2020,MAHARASHTRA,NANDURBAR,1.49,1295.79,8.46,43.03488246
22-08-2020,MAHARASHTRA,NAGPUR,0.99,2248.4,6.9,44.37765802
22-08-2020,MAHARASHTRA,CHANDRAPUR,0.89,2479.47,5.87,42.87437567
22-08-2020,MAHARASHTRA,JALGAON,0.96,2697.91,5.98,44.87406448
22-08-2020,MAHARASHTRA,HINGOLI,0.5,1067.05,3.05,44.41292253
22-08-2020,MAHARASHTRA,AKOLA,0.37,1266.14,2.7,45.83382536
22-08-2020,MAHARASHTRA,AURANGABAD,1.1,2319.37,6.74,44.80510179
22-08-2020,MAHARASHTRA,DHULE,0.82,1637.65,5.23,44.6398233
22-08-2020,MAHARASHTRA,KOLHAPUR,2.41,1527.8,19.27,38.45390026
22-08-2020,MAHARASHTRA,RAIGARH,3.31,1497.92,22.94,40.73020465
22-08-2020,MAHARASHTRA,AMRAVATI,1.46,2810.25,12.1,45.09230033
22-08-2020,MAHARASHTRA,NANDED,0.46,2352.84,3.09,43.28797063
22-08-2020,MAHARASHTRA,SOLAPUR,0.28,2901.04,2.5,37.78011934
22-08-2020,MAHARASHTRA,AHMADNAGAR,0.89,3650.83,5.68,41.74331946
22-08-2020,MAHARASHTRA,THANE,4,2021.37,27.25,41.44032138
22-08-2020,MAHARASHTRA,SANGLI,0.49,1589.27,4.03,35.93063608
22-08-2020,MAHARASHTRA,WARDHA,0.34,1411.28,2.17,43.78348316
22-08-2020,MAHARASHTRA,BULDANA,1.27,2229.7,8.4,44.7326791
22-08-2020,MAHARASHTRA,SINDHUDURG,4.39,1063.23,30.74,40.41175962
21-08-2020,MAHARASHTRA,WASHIM,0.13,1231.53,0.83,46.33954126
21-08-2020,MAHARASHTRA,SATARA,1.63,2016.69,13.14,37.23897425
21-08-2020,MAHARASHTRA,PUNE,1,3194.38,5.89,39.71037073
21-08-2020,MAHARASHTRA,PARBHANI,0.37,1457.37,2.5,44.84967977
21-08-2020,MAHARASHTRA,JALNA,1.24,1775.77,7.68,44.63695704
21-08-2020,MAHARASHTRA,GONDIYA,1.75,1255.97,12.01,44.95862362
21-08-2020,MAHARASHTRA,MUMBAI,0,34.69,0,45.2867757
21-08-2020,MAHARASHTRA,NASHIK,1.8,3261.79,11.09,40.99284841
21-08-2020,MAHARASHTRA,GARHCHIROLI,3.46,3153.35,23.52,42.62378986
21-08-2020,MAHARASHTRA,RATNAGIRI,3.43,1691.5,22.97,39.66248708
21-08-2020,MAHARASHTRA,OSMANABAD,1.39,1670.12,13.53,42.91205948
21-08-2020,MAHARASHTRA,BID,1.23,2338.05,10.44,41.24434184
21-08-2020,MAHARASHTRA,LATUR,2.77,1527.52,24.69,44.00626376
21-08-2020,MAHARASHTRA,YAVATMAL,0.56,3124.87,4.01,45.13742664
21-08-2020,MAHARASHTRA,BHANDARA,1.84,880.85,12.29,44.70737231
21-08-2020,MAHARASHTRA,MUMBAI SUBURBAN,0.14,103.31,0.89,44.49696944
21-08-2020,MAHARASHTRA,NANDURBAR,1.15,1267.55,6.49,42.09702172
21-08-2020,MAHARASHTRA,NAGPUR,1.13,2300.66,8,45.40919018
21-08-2020,MAHARASHTRA,CHANDRAPUR,1.16,2609.1,7.73,45.1158882
21-08-2020,MAHARASHTRA,JALGAON,0.91,2689.49,5.69,44.73395672
21-08-2020,MAHARASHTRA,HINGOLI,0.57,1088,3.54,45.28483857
21-08-2020,MAHARASHTRA,AKOLA,0.37,1268.23,2.73,45.90925313
21-08-2020,MAHARASHTRA,AURANGABAD,1.08,2314.49,6.6,44.71087784
21-08-2020,MAHARASHTRA,DHULE,0.73,1622.82,4.63,44.23575381
21-08-2020,MAHARASHTRA,KOLHAPUR,2.89,1578.27,23.23,39.72418316
21-08-2020,MAHARASHTRA,RAIGARH,3.18,1485.54,22.12,40.39345942
21-08-2020,MAHARASHTRA,AMRAVATI,1.48,2823.05,12.26,45.29776294
21-08-2020,MAHARASHTRA,NANDED,0.64,2471.78,4.39,45.47624875
21-08-2020,MAHARASHTRA,SOLAPUR,0.35,2950.21,3.13,38.42037486
21-08-2020,MAHARASHTRA,AHMADNAGAR,0.74,3548.88,4.58,40.57772735
21-08-2020,MAHARASHTRA,THANE,3.67,1986.05,25.25,40.7163595
21-08-2020,MAHARASHTRA,SANGLI,0.68,1635.06,5.6,36.96588586
21-08-2020,MAHARASHTRA,WARDHA,0.51,1465.65,3.37,45.47024703
21-08-2020,MAHARASHTRA,BULDANA,1.28,2233.15,8.46,44.80198629
21-08-2020,MAHARASHTRA,SINDHUDURG,4.9,1093.57,34.28,41.56464789
20-08-2020,MAHARASHTRA,WASHIM,0.13,1232.98,0.83,46.39400703
20-08-2020,MAHARASHTRA,SATARA,1.84,2054.82,14.78,37.94320691
20-08-2020,MAHARASHTRA,PUNE,1.07,3242.05,6.33,40.30291039
20-08-2020,MAHARASHTRA,PARBHANI,0.41,1472.61,2.74,45.31877211
20-08-2020,MAHARASHTRA,JALNA,1.28,1784.06,7.95,44.84528337
20-08-2020,MAHARASHTRA,GONDIYA,1.72,1250.11,11.82,44.7486584
20-08-2020,MAHARASHTRA,MUMBAI,0,34.93,0,45.59865835
20-08-2020,MAHARASHTRA,NASHIK,1.09,3058.68,6.61,38.44022877
20-08-2020,MAHARASHTRA,GARHCHIROLI,3.58,3185.98,24.36,43.06476457
20-08-2020,MAHARASHTRA,RATNAGIRI,3.65,1717.83,24.52,40.27981892
20-08-2020,MAHARASHTRA,OSMANABAD,1.38,1672.91,13.43,42.98372537
20-08-2020,MAHARASHTRA,BID,1.34,2386.23,11.4,42.09419893
20-08-2020,MAHARASHTRA,LATUR,2.72,1524.17,24.12,43.90992624
20-08-2020,MAHARASHTRA,YAVATMAL,0.57,3135.77,4.05,45.294796
20-08-2020,MAHARASHTRA,BHANDARA,1.82,878.02,12.1,44.56400537
20-08-2020,MAHARASHTRA,MUMBAI SUBURBAN,0.17,103.65,1.08,44.64510396
20-08-2020,MAHARASHTRA,NANDURBAR,0.73,1224.59,4.13,40.66999764
20-08-2020,MAHARASHTRA,NAGPUR,1.11,2292.8,7.82,45.25411852
20-08-2020,MAHARASHTRA,CHANDRAPUR,1.14,2603.91,7.56,45.02626443
20-08-2020,MAHARASHTRA,JALGAON,0.74,2646.17,4.73,44.01345525
20-08-2020,MAHARASHTRA,HINGOLI,0.6,1094.31,3.71,45.54757906
20-08-2020,MAHARASHTRA,AKOLA,0.37,1266.86,2.73,45.85976778
20-08-2020,MAHARASHTRA,AURANGABAD,1.04,2302.21,6.35,44.4736003
20-08-2020,MAHARASHTRA,DHULE,0.55,1577.89,3.44,43.01079143
20-08-2020,MAHARASHTRA,KOLHAPUR,3.05,1598.75,24.55,40.23967052
20-08-2020,MAHARASHTRA,RAIGARH,3.25,1491.6,22.47,40.5582061
20-08-2020,MAHARASHTRA,AMRAVATI,1.47,2813.72,12.17,45.14800039
20-08-2020,MAHARASHTRA,NANDED,0.63,2468.6,4.32,45.41772067
20-08-2020,MAHARASHTRA,SOLAPUR,0.38,2995.51,3.35,39.01042341
20-08-2020,MAHARASHTRA,AHMADNAGAR,0.73,3556.28,4.52,40.66223861
20-08-2020,MAHARASHTRA,THANE,3.21,1938.39,22.38,39.73923945
20-08-2020,MAHARASHTRA,SANGLI,0.88,1678.96,7.14,37.95835737
20-08-2020,MAHARASHTRA,WARDHA,0.5,1459.32,3.26,45.27393212
20-08-2020,MAHARASHTRA,BULDANA,1.3,2238.42,8.61,44.90763118
20-08-2020,MAHARASHTRA,SINDHUDURG,4.82,1083.75,33.85,41.19154788
19-08-2020,MAHARASHTRA,WASHIM,0.13,1229.22,0.83,46.25250779
19-08-2020,MAHARASHTRA,SATARA,2.03,2085.95,16.22,38.51798809
19-08-2020,MAHARASHTRA,PUNE,0.88,3183.02,5.18,39.5691096
19-08-2020,MAHARASHTRA,PARBHANI,0.33,1442.63,2.23,44.39601315
19-08-2020,MAHARASHTRA,JALNA,1.04,1736.03,6.37,43.63801885
19-08-2020,MAHARASHTRA,GONDIYA,1.69,1246.01,11.65,44.60190771
19-08-2020,MAHARASHTRA,MUMBAI,0,32.53,0,42.46909118
19-08-2020,MAHARASHTRA,NASHIK,1.23,3112.5,7.56,39.11662866
19-08-2020,MAHARASHTRA,GARHCHIROLI,2.99,3088.15,20.32,41.74246096
19-08-2020,MAHARASHTRA,RATNAGIRI,3.06,1656.99,20.64,38.85310297
19-08-2020,MAHARASHTRA,OSMANABAD,1.18,1642.26,11.32,42.19630337
19-08-2020,MAHARASHTRA,BID,1.06,2310.87,8.95,40.7648719
19-08-2020,MAHARASHTRA,LATUR,2.31,1470.5,20.31,42.3637924
19-08-2020,MAHARASHTRA,YAVATMAL,0.55,3120.21,3.86,45.07014656
19-08-2020,MAHARASHTRA,BHANDARA,1.79,874.3,11.89,44.37501731
19-08-2020,MAHARASHTRA,MUMBAI SUBURBAN,0.06,96.99,0.4,41.77685206
19-08-2020,MAHARASHTRA,NANDURBAR,0.29,1109.7,1.65,36.85458742
19-08-2020,MAHARASHTRA,NAGPUR,1.11,2289.14,7.81,45.18181166
19-08-2020,MAHARASHTRA,CHANDRAPUR,1,2563.32,6.65,44.32436281
19-08-2020,MAHARASHTRA,JALGAON,0.61,2588.66,3.92,43.05693853
19-08-2020,MAHARASHTRA,HINGOLI,0.58,1089.67,3.6,45.3545371
19-08-2020,MAHARASHTRA,AKOLA,0.37,1262.85,2.69,45.71446486
19-08-2020,MAHARASHTRA,AURANGABAD,0.82,2223.6,4.94,42.95506257
19-08-2020,MAHARASHTRA,DHULE,0.4,1491.71,2.44,40.66173149
19-08-2020,MAHARASHTRA,KOLHAPUR,3.13,1614.07,25.42,40.62530018
19-08-2020,MAHARASHTRA,RAIGARH,2.47,1419.92,17.59,38.60914352
19-08-2020,MAHARASHTRA,AMRAVATI,1.47,2816.39,12.18,45.19086523
19-08-2020,MAHARASHTRA,NANDED,0.6,2419.49,4.02,44.51417364
19-08-2020,MAHARASHTRA,SOLAPUR,0.39,3040.01,3.41,39.58991375
19-08-2020,MAHARASHTRA,AHMADNAGAR,0.66,3543.94,4.1,40.52116454
19-08-2020,MAHARASHTRA,THANE,2.82,1887.95,19.85,38.70508282
19-08-2020,MAHARASHTRA,SANGLI,1.18,1744.62,9.63,39.4428237
19-08-2020,MAHARASHTRA,WARDHA,0.49,1454.55,3.25,45.12576771
19-08-2020,MAHARASHTRA,BULDANA,1.24,2211.18,8.16,44.36114029
19-08-2020,MAHARASHTRA,SINDHUDURG,4.15,1048.11,29.2,39.83669889
18-08-2020,MAHARASHTRA,WASHIM,0.13,1232.79,0.83,46.38663647
18-08-2020,MAHARASHTRA,SATARA,2.65,2187.85,21.07,40.39962908
18-08-2020,MAHARASHTRA,PUNE,1.13,3302.34,6.69,41.05250571
18-08-2020,MAHARASHTRA,PARBHANI,0.34,1438.73,2.27,44.27588371
18-08-2020,MAHARASHTRA,JALNA,1.1,1747.06,6.72,43.91544712
18-08-2020,MAHARASHTRA,GONDIYA,1.7,1247.58,11.69,44.65827721
18-08-2020,MAHARASHTRA,MUMBAI,0,33.65,0,43.9316754
18-08-2020,MAHARASHTRA,NASHIK,1.51,3202.1,9.3,40.24276145
18-08-2020,MAHARASHTRA,GARHCHIROLI,2.49,2991.62,16.9,40.4376534
18-08-2020,MAHARASHTRA,RATNAGIRI,3.6,1714.31,24.31,40.19728154
18-08-2020,MAHARASHTRA,OSMANABAD,1.26,1663.09,12.1,42.73144023
18-08-2020,MAHARASHTRA,BID,1.07,2317.62,8.96,40.88384534
18-08-2020,MAHARASHTRA,LATUR,2.36,1479.72,20.77,42.62922015
18-08-2020,MAHARASHTRA,YAVATMAL,0.55,3123.11,3.86,45.11201349
18-08-2020,MAHARASHTRA,BHANDARA,1.81,876.79,12.03,44.50149471
18-08-2020,MAHARASHTRA,MUMBAI SUBURBAN,0.09,99.99,0.61,43.06978023
18-08-2020,MAHARASHTRA,NANDURBAR,0.19,1069.68,1.1,35.52531553
18-08-2020,MAHARASHTRA,NAGPUR,1.11,2292.1,7.86,45.24030921
18-08-2020,MAHARASHTRA,CHANDRAPUR,0.9,2523.71,6.01,43.63947761
18-08-2020,MAHARASHTRA,JALGAON,0.65,2599.56,4.15,43.23822723
18-08-2020,MAHARASHTRA,HINGOLI,0.59,1095.41,3.63,45.59332105
18-08-2020,MAHARASHTRA,AKOLA,0.38,1267.94,2.75,45.89890763
18-08-2020,MAHARASHTRA,AURANGABAD,0.81,2219.76,4.82,42.88080435
18-08-2020,MAHARASHTRA,DHULE,0.52,1513.19,3.25,41.24715334
18-08-2020,MAHARASHTRA,KOLHAPUR,3.74,1677.2,30.37,42.21432207
18-08-2020,MAHARASHTRA,RAIGARH,2.88,1460.95,20.28,39.72477773
18-08-2020,MAHARASHTRA,AMRAVATI,1.48,2821.9,12.23,45.27918363
18-08-2020,MAHARASHTRA,NANDED,0.6,2426.02,4.08,44.6343669
18-08-2020,MAHARASHTRA,SOLAPUR,0.46,3116.29,3.96,40.58334711
18-08-2020,MAHARASHTRA,AHMADNAGAR,0.83,3641.66,5.19,41.63851214
18-08-2020,MAHARASHTRA,THANE,3.09,1920.03,21.49,39.36283859
18-08-2020,MAHARASHTRA,SANGLI,1.62,1833.09,13.17,41.44303184
18-08-2020,MAHARASHTRA,WARDHA,0.49,1456.48,3.2,45.18571229
18-08-2020,MAHARASHTRA,BULDANA,1.22,2208.28,8.07,44.30310618
18-08-2020,MAHARASHTRA,SINDHUDURG,4.82,1086.57,33.84,41.29851003
17-08-2020,MAHARASHTRA,WASHIM,0.13,1230.87,0.84,46.31441274
17-08-2020,MAHARASHTRA,SATARA,3.09,2261.32,24.48,41.75627776
17-08-2020,MAHARASHTRA,PUNE,1.38,3428.13,8.24,42.61614924
17-08-2020,MAHARASHTRA,PARBHANI,0.39,1471.49,2.65,45.28429529
17-08-2020,MAHARASHTRA,JALNA,1.26,1780.77,7.81,44.76271619
17-08-2020,MAHARASHTRA,GONDIYA,1.68,1242.25,11.52,44.46748424
17-08-2020,MAHARASHTRA,MUMBAI,0,34.84,0,45.47903893
17-08-2020,MAHARASHTRA,NASHIK,1.98,3346.32,12.32,42.05517778
17-08-2020,MAHARASHTRA,GARHCHIROLI,2.42,2988.46,16.51,40.39498833
17-08-2020,MAHARASHTRA,RATNAGIRI,3.97,1755.43,26.87,41.16146761
17-08-2020,MAHARASHTRA,OSMANABAD,1.39,1678.08,13.39,43.11660777
17-08-2020,MAHARASHTRA,BID,1.42,2431.6,11.91,42.89443745
17-08-2020,MAHARASHTRA,LATUR,2.77,1528.62,24.64,44.03819436
17-08-2020,MAHARASHTRA,YAVATMAL,0.55,3126.95,3.88,45.16750757
17-08-2020,MAHARASHTRA,BHANDARA,1.79,874.3,11.88,44.37521429
17-08-2020,MAHARASHTRA,MUMBAI SUBURBAN,0.17,103.49,1.07,44.57435249
17-08-2020,MAHARASHTRA,NANDURBAR,0.24,1071.97,1.33,35.60142884
17-08-2020,MAHARASHTRA,NAGPUR,1.11,2290.7,7.86,45.21267274
17-08-2020,MAHARASHTRA,CHANDRAPUR,0.86,2509.13,5.74,43.3872795
17-08-2020,MAHARASHTRA,JALGAON,0.72,2612.9,4.65,43.46008285
17-08-2020,MAHARASHTRA,HINGOLI,0.61,1100.33,3.74,45.79829249
17-08-2020,MAHARASHTRA,AKOLA,0.37,1265.27,2.74,45.80237595
17-08-2020,MAHARASHTRA,AURANGABAD,1.11,2325.52,6.79,44.92401647
17-08-2020,MAHARASHTRA,DHULE,0.71,1543.03,4.46,42.0606551
17-08-2020,MAHARASHTRA,KOLHAPUR,4.07,1713.78,33.08,43.13502367
17-08-2020,MAHARASHTRA,RAIGARH,3.17,1495.14,22.19,40.65454545
17-08-2020,MAHARASHTRA,AMRAVATI,1.47,2819.55,12.17,45.24161183
17-08-2020,MAHARASHTRA,NANDED,0.64,2467.48,4.37,45.39710237
17-08-2020,MAHARASHTRA,SOLAPUR,0.54,3192.12,4.74,41.57081159
17-08-2020,MAHARASHTRA,AHMADNAGAR,1.11,3819.65,7.12,43.67362462
17-08-2020,MAHARASHTRA,THANE,3.57,1978.66,24.68,40.56473397
17-08-2020,MAHARASHTRA,SANGLI,1.98,1913.75,16.17,43.2665152
17-08-2020,MAHARASHTRA,WARDHA,0.48,1454.28,3.11,45.11729575
17-08-2020,MAHARASHTRA,BULDANA,1.18,2189.9,7.85,43.93435477
17-08-2020,MAHARASHTRA,SINDHUDURG,5.36,1118.97,37.53,42.53002309
16-08-2020,MAHARASHTRA,WASHIM,0.13,1208.44,0.82,45.47064546
16-08-2020,MAHARASHTRA,SATARA,3.25,2288.45,25.7,42.25723018
16-08-2020,MAHARASHTRA,PUNE,1.33,3413.84,7.95,42.43856611
16-08-2020,MAHARASHTRA,PARBHANI,0.39,1472.33,2.67,45.31001546
16-08-2020,MAHARASHTRA,JALNA,1.2,1765.71,7.39,44.38412208
16-08-2020,MAHARASHTRA,GONDIYA,1.7,1245.46,11.66,44.58209068
16-08-2020,MAHARASHTRA,MUMBAI,0,33.79,0,44.11597418
16-08-2020,MAHARASHTRA,NASHIK,1.8,3290.72,11.2,41.35642034
16-08-2020,MAHARASHTRA,GARHCHIROLI,2.7,3038.62,18.34,41.07290396
16-08-2020,MAHARASHTRA,RATNAGIRI,4.15,1778.01,28.2,41.69078041
16-08-2020,MAHARASHTRA,OSMANABAD,1.51,1713.2,14.61,44.01883175
16-08-2020,MAHARASHTRA,BID,1.45,2437.53,12.32,42.99917458
16-08-2020,MAHARASHTRA,LATUR,2.75,1522.52,24.51,43.86243086
16-08-2020,MAHARASHTRA,YAVATMAL,0.52,3104.72,3.68,44.84635365
16-08-2020,MAHARASHTRA,BHANDARA,1.8,876.55,11.94,44.48911998
16-08-2020,MAHARASHTRA,MUMBAI SUBURBAN,0.1,100.07,0.63,43.10445224
16-08-2020,MAHARASHTRA,NANDURBAR,0.32,1100.13,1.8,36.53649365
16-08-2020,MAHARASHTRA,NAGPUR,1.12,2293.37,7.91,45.26538868
16-08-2020,MAHARASHTRA,CHANDRAPUR,0.95,2550.05,6.35,44.09482273
16-08-2020,MAHARASHTRA,JALGAON,0.68,2594.08,4.35,43.14704833
16-08-2020,MAHARASHTRA,HINGOLI,0.58,1096.98,3.6,45.65882911
16-08-2020,MAHARASHTRA,AKOLA,0.31,1225.28,2.22,44.3546422
16-08-2020,MAHARASHTRA,AURANGABAD,1.05,2299.63,6.42,44.42370015
16-08-2020,MAHARASHTRA,DHULE,0.69,1538.68,4.37,41.94202668
16-08-2020,MAHARASHTRA,KOLHAPUR,4.07,1714.42,33.06,43.15104942
16-08-2020,MAHARASHTRA,RAIGARH,3.1,1490.86,21.73,40.53814885
16-08-2020,MAHARASHTRA,AMRAVATI,1.28,2741.7,10.42,43.99236039
16-08-2020,MAHARASHTRA,NANDED,0.63,2463.51,4.26,45.32421389
16-08-2020,MAHARASHTRA,SOLAPUR,0.58,3279.15,4.96,42.70426466
16-08-2020,MAHARASHTRA,AHMADNAGAR,1.01,3777.28,6.47,43.18923371
16-08-2020,MAHARASHTRA,THANE,3.41,1952.93,23.57,40.03736906
16-08-2020,MAHARASHTRA,SANGLI,1.94,1911.01,15.95,43.20465094
16-08-2020,MAHARASHTRA,WARDHA,0.48,1453.81,3.11,45.10297919
16-08-2020,MAHARASHTRA,BULDANA,1.01,2139.8,6.71,42.92905875
16-08-2020,MAHARASHTRA,SINDHUDURG,5.46,1126.34,38.21,42.81012791
15-08-2020,MAHARASHTRA,WASHIM,0.11,1189.3,0.68,44.75040573
15-08-2020,MAHARASHTRA,SATARA,3.15,2269.43,24.94,41.90604208
15-08-2020,MAHARASHTRA,PUNE,1.34,3410.9,8.01,42.40204707
15-08-2020,MAHARASHTRA,PARBHANI,0.37,1446.38,2.47,44.5115594
15-08-2020,MAHARASHTRA,JALNA,1.21,1757.48,7.42,44.17725627
15-08-2020,MAHARASHTRA,GONDIYA,1.48,1218.55,10.12,43.61908531
15-08-2020,MAHARASHTRA,MUMBAI,0,34.81,0,45.44618933
15-08-2020,MAHARASHTRA,NASHIK,1.82,3280.87,11.22,41.23262797
15-08-2020,MAHARASHTRA,GARHCHIROLI,2.23,2954.48,15.22,39.93569912
15-08-2020,MAHARASHTRA,RATNAGIRI,4.06,1771.24,27.35,41.53223202
15-08-2020,MAHARASHTRA,OSMANABAD,1.25,1644.22,12.18,42.24658964
15-08-2020,MAHARASHTRA,BID,1.25,2362.27,10.49,41.67148077
15-08-2020,MAHARASHTRA,LATUR,2.68,1501.11,23.86,43.24550896
15-08-2020,MAHARASHTRA,YAVATMAL,0.5,3066.84,3.47,44.29912425
15-08-2020,MAHARASHTRA,BHANDARA,1.57,858.5,10.36,43.57318291
15-08-2020,MAHARASHTRA,MUMBAI SUBURBAN,0.19,103.76,1.2,44.69091606
15-08-2020,MAHARASHTRA,NANDURBAR,0.29,1104.96,1.66,36.69701295
15-08-2020,MAHARASHTRA,NAGPUR,0.93,2218.82,6.5,43.7940003
15-08-2020,MAHARASHTRA,CHANDRAPUR,0.73,2434.41,4.86,42.09525673
15-08-2020,MAHARASHTRA,JALGAON,0.52,2512.04,3.31,41.78243509
15-08-2020,MAHARASHTRA,HINGOLI,0.58,1095.09,3.59,45.58010901
15-08-2020,MAHARASHTRA,AKOLA,0.28,1207.14,1.95,43.69778356
15-08-2020,MAHARASHTRA,AURANGABAD,0.94,2274.16,5.69,43.93183994
15-08-2020,MAHARASHTRA,DHULE,0.58,1536.98,3.61,41.8957824
15-08-2020,MAHARASHTRA,KOLHAPUR,3.57,1654.89,29.16,41.65270759
15-08-2020,MAHARASHTRA,RAIGARH,3.23,1507.55,22.56,40.99186012
15-08-2020,MAHARASHTRA,AMRAVATI,1.07,2657.8,8.6,42.64623356
15-08-2020,MAHARASHTRA,NANDED,0.53,2393.31,3.62,44.0325896
15-08-2020,MAHARASHTRA,SOLAPUR,0.35,3004.64,3.16,39.12923598
15-08-2020,MAHARASHTRA,AHMADNAGAR,1.01,3758.6,6.39,42.97560376
15-08-2020,MAHARASHTRA,THANE,3.53,1971.82,24.33,40.42466085
15-08-2020,MAHARASHTRA,SANGLI,1.59,1800.13,13.37,40.69774384
15-08-2020,MAHARASHTRA,WARDHA,0.33,1404.18,2.09,43.56305534
15-08-2020,MAHARASHTRA,BULDANA,0.98,2125.3,6.28,42.6382628
15-08-2020,MAHARASHTRA,SINDHUDURG,5.35,1117.83,37.27,42.48672998
14-08-2020,MAHARASHTRA,WASHIM,0.12,1207.6,0.78,45.4391406
14-08-2020,MAHARASHTRA,SATARA,2.93,2229.55,23.27,41.16957467
14-08-2020,MAHARASHTRA,PUNE,1.44,3462.55,8.66,43.04407371
14-08-2020,MAHARASHTRA,PARBHANI,0.38,1449.9,2.55,44.61986592
14-08-2020,MAHARASHTRA,JALNA,1.19,1752.83,7.33,44.0604591
14-08-2020,MAHARASHTRA,GONDIYA,1.35,1182.37,9.15,42.32405978
14-08-2020,MAHARASHTRA,MUMBAI,0,34.86,0,45.5152879
14-08-2020,MAHARASHTRA,NASHIK,2.05,3354.9,12.78,42.16300979
14-08-2020,MAHARASHTRA,GARHCHIROLI,1.66,2808.11,11.2,37.95715179
14-08-2020,MAHARASHTRA,RATNAGIRI,3.3,1689.65,21.89,39.61910019
14-08-2020,MAHARASHTRA,OSMANABAD,1.29,1658.74,12.52,42.61973329
14-08-2020,MAHARASHTRA,BID,1.34,2414.36,11.35,42.59036576
14-08-2020,MAHARASHTRA,LATUR,2.69,1505.57,23.92,43.37407352
14-08-2020,MAHARASHTRA,YAVATMAL,0.51,3082.97,3.58,44.53210528
14-08-2020,MAHARASHTRA,BHANDARA,1.33,823.11,8.73,41.77690091
14-08-2020,MAHARASHTRA,MUMBAI SUBURBAN,0.24,103.91,1.47,44.75551642
14-08-2020,MAHARASHTRA,NANDURBAR,0.41,1149.27,2.36,38.16860872
14-08-2020,MAHARASHTRA,NAGPUR,0.93,2209.61,6.51,43.61216614
14-08-2020,MAHARASHTRA,CHANDRAPUR,0.73,2445.08,4.84,42.27971841
14-08-2020,MAHARASHTRA,JALGAON,0.59,2558.26,3.75,42.55122727
14-08-2020,MAHARASHTRA,HINGOLI,0.59,1095.76,3.66,45.60793185
14-08-2020,MAHARASHTRA,AKOLA,0.34,1242.07,2.44,44.96225038
14-08-2020,MAHARASHTRA,AURANGABAD,0.99,2300.72,6.02,44.4448468
14-08-2020,MAHARASHTRA,DHULE,0.67,1575.89,4.22,42.95641916
14-08-2020,MAHARASHTRA,KOLHAPUR,3.11,1600.69,25.29,40.28857373
14-08-2020,MAHARASHTRA,RAIGARH,3.55,1542.11,24.46,41.93169433
14-08-2020,MAHARASHTRA,AMRAVATI,1.28,2734.83,10.48,43.88220117
14-08-2020,MAHARASHTRA,NANDED,0.54,2408.12,3.68,44.30513466
14-08-2020,MAHARASHTRA,SOLAPUR,0.36,3011.32,3.17,39.21627237
14-08-2020,MAHARASHTRA,AHMADNAGAR,1.12,3847.55,7.17,43.99267522
14-08-2020,MAHARASHTRA,THANE,3.81,2003.78,26.06,41.07986513
14-08-2020,MAHARASHTRA,SANGLI,1.25,1697.54,10.85,38.37845929
14-08-2020,MAHARASHTRA,WARDHA,0.34,1407.5,2.12,43.66608173
14-08-2020,MAHARASHTRA,BULDANA,1.11,2169.49,7.25,43.52488193
14-08-2020,MAHARASHTRA,SINDHUDURG,4.08,1039.65,28.73,39.51538776
13-08-2020,MAHARASHTRA,WASHIM,0.13,1219.44,0.81,45.88444452
13-08-2020,MAHARASHTRA,SATARA,2.45,2143.38,19.72,39.5785154
13-08-2020,MAHARASHTRA,PUNE,1.34,3386.33,8.04,42.09655837
13-08-2020,MAHARASHTRA,PARBHANI,0.32,1412.13,2.1,43.45739979
13-08-2020,MAHARASHTRA,JALNA,0.94,1671.21,5.69,42.00863
13-08-2020,MAHARASHTRA,GONDIYA,1.53,1213.47,10.36,43.4371477
13-08-2020,MAHARASHTRA,MUMBAI,0,34.92,0,45.5854721
13-08-2020,MAHARASHTRA,NASHIK,2.39,3434.38,15.2,43.16193855
13-08-2020,MAHARASHTRA,GARHCHIROLI,1.89,2860.32,12.81,38.66286061
13-08-2020,MAHARASHTRA,RATNAGIRI,2.6,1606.25,17.16,37.66335214
13-08-2020,MAHARASHTRA,OSMANABAD,1.05,1632.7,10.23,41.95049462
13-08-2020,MAHARASHTRA,BID,0.8,2207.22,7,38.936361
13-08-2020,MAHARASHTRA,LATUR,2.49,1478.42,21.99,42.59181521
13-08-2020,MAHARASHTRA,YAVATMAL,0.49,3076.31,3.39,44.43602621
13-08-2020,MAHARASHTRA,BHANDARA,1.6,852.42,10.54,43.26484285
13-08-2020,MAHARASHTRA,MUMBAI SUBURBAN,0.28,104.29,1.73,44.92140307
13-08-2020,MAHARASHTRA,NANDURBAR,0.66,1210.66,3.79,40.2075271
13-08-2020,MAHARASHTRA,NAGPUR,1.09,2283.61,7.75,45.07271562
13-08-2020,MAHARASHTRA,CHANDRAPUR,0.87,2505.96,5.75,43.33252574
13-08-2020,MAHARASHTRA,JALGAON,0.8,2664.08,5.06,44.31140683
13-08-2020,MAHARASHTRA,HINGOLI,0.59,1096.16,3.65,45.62467581
13-08-2020,MAHARASHTRA,AKOLA,0.36,1258.8,2.68,45.5678163
13-08-2020,MAHARASHTRA,AURANGABAD,1.01,2277.39,6.12,43.99415494
13-08-2020,MAHARASHTRA,DHULE,0.85,1639.78,5.46,44.69795227
13-08-2020,MAHARASHTRA,KOLHAPUR,3.15,1600.05,25.62,40.27251333
13-08-2020,MAHARASHTRA,RAIGARH,3.4,1533.02,23.52,41.68439059
13-08-2020,MAHARASHTRA,AMRAVATI,1.47,2801.21,12.15,44.9472327
13-08-2020,MAHARASHTRA,NANDED,0.57,2438.06,3.84,44.85588459
13-08-2020,MAHARASHTRA,SOLAPUR,0.35,2982.4,3.09,38.83964579
13-08-2020,MAHARASHTRA,AHMADNAGAR,0.81,3699.44,5.38,42.29915659
13-08-2020,MAHARASHTRA,THANE,4.04,2028.9,27.39,41.59476164
13-08-2020,MAHARASHTRA,SANGLI,1.23,1682.72,10.69,38.04334446
13-08-2020,MAHARASHTRA,WARDHA,0.44,1446.4,2.82,44.87305852
13-08-2020,MAHARASHTRA,BULDANA,1.07,2164,7.08,43.41470918
13-08-2020,MAHARASHTRA,SINDHUDURG,4.24,1050.6,29.76,39.93143474
12-08-2020,MAHARASHTRA,WASHIM,0.11,1204.4,0.67,45.31839394
12-08-2020,MAHARASHTRA,SATARA,2.31,2125.59,18.44,39.24997179
12-08-2020,MAHARASHTRA,PUNE,0.68,3045.81,4.06,37.86344737
12-08-2020,MAHARASHTRA,PARBHANI,0.29,1423.75,1.9,43.81513704
12-08-2020,MAHARASHTRA,JALNA,0.96,1681.93,5.78,42.2781875
12-08-2020,MAHARASHTRA,GONDIYA,1.55,1228.93,10.55,43.99043875
12-08-2020,MAHARASHTRA,MUMBAI,0,31.79,0,41.504634
12-08-2020,MAHARASHTRA,NASHIK,1.24,3090.44,7.53,38.83945563
12-08-2020,MAHARASHTRA,GARHCHIROLI,2.27,2946.63,15.43,39.82951853
12-08-2020,MAHARASHTRA,RATNAGIRI,2.76,1626.38,18.19,38.135439
12-08-2020,MAHARASHTRA,OSMANABAD,0.62,1545.37,5.95,39.70680597
12-08-2020,MAHARASHTRA,BID,0.58,2166.4,4.98,38.21624662
12-08-2020,MAHARASHTRA,LATUR,2.21,1450.74,19.43,41.79455121
12-08-2020,MAHARASHTRA,YAVATMAL,0.53,3117.72,3.74,45.034087
12-08-2020,MAHARASHTRA,BHANDARA,1.74,871.93,11.56,44.25476732
12-08-2020,MAHARASHTRA,MUMBAI SUBURBAN,0.17,100.66,1.08,43.35556075
12-08-2020,MAHARASHTRA,NANDURBAR,0.08,999.34,0.47,33.18917732
12-08-2020,MAHARASHTRA,NAGPUR,1.09,2280.76,7.69,45.01654136
12-08-2020,MAHARASHTRA,CHANDRAPUR,0.95,2556.39,6.36,44.2044473
12-08-2020,MAHARASHTRA,JALGAON,0.43,2508.02,2.69,41.71556267
12-08-2020,MAHARASHTRA,HINGOLI,0.59,1095.51,3.68,45.5975522
12-08-2020,MAHARASHTRA,AKOLA,0.18,1169.52,1.39,42.33624462
12-08-2020,MAHARASHTRA,AURANGABAD,0.85,2211.48,5.06,42.72093598
12-08-2020,MAHARASHTRA,DHULE,0.1,1322.09,0.7,36.038209
12-08-2020,MAHARASHTRA,KOLHAPUR,2.77,1555.33,22.8,39.14678092
12-08-2020,MAHARASHTRA,RAIGARH,2.88,1460.32,19.85,39.70769842
12-08-2020,MAHARASHTRA,AMRAVATI,1.45,2766.83,11.97,44.39569633
12-08-2020,MAHARASHTRA,NANDED,0.58,2452.65,3.94,45.1243001
12-08-2020,MAHARASHTRA,SOLAPUR,0.22,2943.99,1.96,38.3394514
12-08-2020,MAHARASHTRA,AHMADNAGAR,0.17,3178.91,1.05,36.3474768
12-08-2020,MAHARASHTRA,THANE,3.16,1934.39,21.36,39.65717891
12-08-2020,MAHARASHTRA,SANGLI,0.93,1653.95,8.03,37.39306868
12-08-2020,MAHARASHTRA,WARDHA,0.39,1427.69,2.51,44.2924835
12-08-2020,MAHARASHTRA,BULDANA,0.7,2063.73,4.42,41.40311098
12-08-2020,MAHARASHTRA,SINDHUDURG,4.43,1059.83,31,40.28220618
11-08-2020,MAHARASHTRA,WASHIM,0.07,1134.28,0.42,42.68023754
11-08-2020,MAHARASHTRA,SATARA,2.43,2151.73,19.33,39.73270854
11-08-2020,MAHARASHTRA,PUNE,0.37,2906.69,2.18,36.13401725
11-08-2020,MAHARASHTRA,PARBHANI,0.04,1259.07,0.23,38.74697527
11-08-2020,MAHARASHTRA,JALNA,0.8,1613.15,4.83,40.54925688
11-08-2020,MAHARASHTRA,GONDIYA,1.23,1187.58,8.29,42.51033006
11-08-2020,MAHARASHTRA,MUMBAI,0,29.09,0,37.98310059
11-08-2020,MAHARASHTRA,NASHIK,0.19,2675.96,1.11,33.63042582
11-08-2020,MAHARASHTRA,GARHCHIROLI,2.18,2927.41,14.81,39.56979318
11-08-2020,MAHARASHTRA,RATNAGIRI,2.93,1649.48,19.34,38.67709597
11-08-2020,MAHARASHTRA,OSMANABAD,0.47,1525.17,4.52,39.1877529
11-08-2020,MAHARASHTRA,BID,0.16,1926.89,1.27,33.99116807
11-08-2020,MAHARASHTRA,LATUR,1.85,1385.71,16.33,39.92110429
11-08-2020,MAHARASHTRA,YAVATMAL,0.36,2986.81,2.48,43.14323476
11-08-2020,MAHARASHTRA,BHANDARA,1.63,861.07,10.79,43.70352383
11-08-2020,MAHARASHTRA,MUMBAI SUBURBAN,0.04,92.32,0.24,39.76654805
11-08-2020,MAHARASHTRA,NANDURBAR,0.08,1009.24,0.43,33.51805539
11-08-2020,MAHARASHTRA,NAGPUR,1.07,2270.32,7.52,44.81043393
11-08-2020,MAHARASHTRA,CHANDRAPUR,0.92,2546.74,6.17,44.03773914
11-08-2020,MAHARASHTRA,JALGAON,0.08,2200.45,0.47,36.59977779
11-08-2020,MAHARASHTRA,HINGOLI,0.17,989.9,0.99,41.20162559
11-08-2020,MAHARASHTRA,AKOLA,0.1,1102.25,0.73,39.90091545
11-08-2020,MAHARASHTRA,AURANGABAD,0.59,2135.16,3.51,41.24659387
11-08-2020,MAHARASHTRA,DHULE,0.04,1264.61,0.27,34.47134782
11-08-2020,MAHARASHTRA,KOLHAPUR,2.93,1576.61,24.01,39.68246411
11-08-2020,MAHARASHTRA,RAIGARH,1.38,1304.94,10.19,35.48274
11-08-2020,MAHARASHTRA,AMRAVATI,1.15,2681.22,9.25,43.02202451
11-08-2020,MAHARASHTRA,NANDED,0.31,2260.9,2.21,41.59645669
11-08-2020,MAHARASHTRA,SOLAPUR,0.28,3013.28,2.41,39.2418265
11-08-2020,MAHARASHTRA,AHMADNAGAR,0.1,3144.39,0.6,35.95275633
11-08-2020,MAHARASHTRA,THANE,1.25,1703.48,8.74,34.92334744
11-08-2020,MAHARASHTRA,SANGLI,1.01,1688.95,8.61,38.1843294
11-08-2020,MAHARASHTRA,WARDHA,0.41,1428.61,2.61,44.32089081
11-08-2020,MAHARASHTRA,BULDANA,0.46,1934.82,2.76,38.81682808
11-08-2020,MAHARASHTRA,SINDHUDURG,4.68,1074.42,32.8,40.83687213
10-08-2020,MAHARASHTRA,WASHIM,0.07,1152.29,0.44,43.35788141
10-08-2020,MAHARASHTRA,SATARA,3.02,2255.54,23.85,41.64954784
10-08-2020,MAHARASHTRA,PUNE,0.4,2949.89,2.41,36.67109368
10-08-2020,MAHARASHTRA,PARBHANI,0.03,1236.7,0.16,38.0588413
10-08-2020,MAHARASHTRA,JALNA,0.63,1599.53,3.75,40.20703985
10-08-2020,MAHARASHTRA,GONDIYA,1.27,1181.64,8.45,42.29782353
10-08-2020,MAHARASHTRA,MUMBAI,0,28.86,0,37.67794024
10-08-2020,MAHARASHTRA,NASHIK,0.14,2579.16,0.87,32.41380219
10-08-2020,MAHARASHTRA,GARHCHIROLI,1.94,2894.39,13.18,39.1234278
10-08-2020,MAHARASHTRA,RATNAGIRI,3.63,1727.64,24.32,40.50982926
10-08-2020,MAHARASHTRA,OSMANABAD,0.74,1615.91,7.24,41.51924892
10-08-2020,MAHARASHTRA,BID,0.27,1970.04,2.24,34.75235643
10-08-2020,MAHARASHTRA,LATUR,2.32,1454.31,20.63,41.89730124
10-08-2020,MAHARASHTRA,YAVATMAL,0.26,2921.16,1.71,42.19487665
10-08-2020,MAHARASHTRA,BHANDARA,1.63,862.84,10.76,43.79335608
10-08-2020,MAHARASHTRA,MUMBAI SUBURBAN,0,86.6,0.02,37.30006863
10-08-2020,MAHARASHTRA,NANDURBAR,0.11,1032.97,0.62,34.30604247
10-08-2020,MAHARASHTRA,NAGPUR,1.07,2278.26,7.52,44.96719588
10-08-2020,MAHARASHTRA,CHANDRAPUR,0.81,2526.03,5.48,43.67949484
10-08-2020,MAHARASHTRA,JALGAON,0.11,2249.48,0.72,37.41539993
10-08-2020,MAHARASHTRA,HINGOLI,0.06,951.99,0.35,39.62391089
10-08-2020,MAHARASHTRA,AKOLA,0.14,1137.85,1.03,41.18964994
10-08-2020,MAHARASHTRA,AURANGABAD,0.25,2010.01,1.46,38.82888848
10-08-2020,MAHARASHTRA,DHULE,0.06,1288.51,0.43,35.1227883
10-08-2020,MAHARASHTRA,KOLHAPUR,3.29,1621.33,27.08,40.80806893
10-08-2020,MAHARASHTRA,RAIGARH,1.56,1331.63,11.42,36.20838195
10-08-2020,MAHARASHTRA,AMRAVATI,1.25,2727.4,10.11,43.76292144
10-08-2020,MAHARASHTRA,NANDED,0.23,2202.09,1.71,40.51439906
10-08-2020,MAHARASHTRA,SOLAPUR,0.42,3225.51,3.59,42.00562118
10-08-2020,MAHARASHTRA,AHMADNAGAR,0.03,2986.83,0.21,34.15124599
10-08-2020,MAHARASHTRA,THANE,1.11,1678.87,7.73,34.41872458
10-08-2020,MAHARASHTRA,SANGLI,1.31,1778.15,11.15,40.20096178
10-08-2020,MAHARASHTRA,WARDHA,0.45,1442.87,2.93,44.76354931
10-08-2020,MAHARASHTRA,BULDANA,0.48,1973.92,2.96,39.60118376
10-08-2020,MAHARASHTRA,SINDHUDURG,5.02,1094.83,35.07,41.61248342
09-08-2020,MAHARASHTRA,WASHIM,0.03,1131.42,0.19,42.57243807
09-08-2020,MAHARASHTRA,SATARA,0.51,1770.3,4.4,32.68941609
09-08-2020,MAHARASHTRA,PUNE,0.14,2741.81,0.85,34.08430153
09-08-2020,MAHARASHTRA,PARBHANI,0.01,1231.27,0.07,37.89146059
09-08-2020,MAHARASHTRA,JALNA,0.11,1446.47,0.61,36.35946651
09-08-2020,MAHARASHTRA,GONDIYA,1.39,1206.41,9.28,43.18436969
09-08-2020,MAHARASHTRA,MUMBAI,0,29.83,0,38.93710551
09-08-2020,MAHARASHTRA,NASHIK,0.27,2664.32,1.65,33.4841452
09-08-2020,MAHARASHTRA,GARHCHIROLI,1.85,2852.83,12.53,38.56168795
09-08-2020,MAHARASHTRA,RATNAGIRI,1.5,1486.05,9.81,34.84497674
09-08-2020,MAHARASHTRA,OSMANABAD,0.01,1293.98,0.11,33.24761248
09-08-2020,MAHARASHTRA,BID,0,1900.8,0.01,33.53104769
09-08-2020,MAHARASHTRA,LATUR,0.11,1173.82,1.06,33.81677029
09-08-2020,MAHARASHTRA,YAVATMAL,0.29,2947.48,1.97,42.57510682
09-08-2020,MAHARASHTRA,BHANDARA,1.67,869.59,11.11,44.13599966
09-08-2020,MAHARASHTRA,MUMBAI SUBURBAN,0,88.79,0.02,38.24322933
09-08-2020,MAHARASHTRA,NANDURBAR,0.18,1074.25,1.01,35.677181
09-08-2020,MAHARASHTRA,NAGPUR,1.07,2284.77,7.57,45.09559953
09-08-2020,MAHARASHTRA,CHANDRAPUR,0.8,2512.09,5.39,43.43858372
09-08-2020,MAHARASHTRA,JALGAON,0.17,2306.83,1.06,38.36921125
09-08-2020,MAHARASHTRA,HINGOLI,0.05,938.99,0.3,39.08266926
09-08-2020,MAHARASHTRA,AKOLA,0.16,1168.79,1.26,42.30984788
09-08-2020,MAHARASHTRA,AURANGABAD,0.11,1883.28,0.62,36.38075584
09-08-2020,MAHARASHTRA,DHULE,0.12,1332.91,0.78,36.33316752
09-08-2020,MAHARASHTRA,KOLHAPUR,2.04,1489.96,16.85,37.50151492
09-08-2020,MAHARASHTRA,RAIGARH,1.18,1276.3,8.55,34.70399596
09-08-2020,MAHARASHTRA,AMRAVATI,1.42,2787.96,11.63,44.73459787
09-08-2020,MAHARASHTRA,NANDED,0.18,2184.31,1.37,40.18732258
09-08-2020,MAHARASHTRA,SOLAPUR,0,2565.09,0.03,33.40502048
09-08-2020,MAHARASHTRA,AHMADNAGAR,0.06,2945.37,0.34,33.6771949
09-08-2020,MAHARASHTRA,THANE,1.28,1704.45,8.8,34.94320066
09-08-2020,MAHARASHTRA,SANGLI,0.41,1525.47,3.5,34.48833584
09-08-2020,MAHARASHTRA,WARDHA,0.47,1454.47,3.05,45.12345428
09-08-2020,MAHARASHTRA,BULDANA,0.19,1896.87,1.24,38.05549516
09-08-2020,MAHARASHTRA,SINDHUDURG,2.95,976.37,20.62,37.11003413
08-08-2020,MAHARASHTRA,WASHIM,0,1058.35,0.01,39.82322647
08-08-2020,MAHARASHTRA,SATARA,0.73,1834.6,6.16,33.87677227
08-08-2020,MAHARASHTRA,PUNE,0.28,2849.55,1.68,35.42361552
08-08-2020,MAHARASHTRA,PARBHANI,0,1227.36,0.02,37.77118516
08-08-2020,MAHARASHTRA,JALNA,0.08,1418.82,0.45,35.66435486
08-08-2020,MAHARASHTRA,GONDIYA,1.31,1193.21,8.8,42.7119886
08-08-2020,MAHARASHTRA,MUMBAI,0,30.92,0,40.37232782
08-08-2020,MAHARASHTRA,NASHIK,0.41,2747.48,2.46,34.52918695
08-08-2020,MAHARASHTRA,GARHCHIROLI,2.17,2930.63,14.76,39.61322751
08-08-2020,MAHARASHTRA,RATNAGIRI,1.84,1526.65,12.03,35.79692802
08-08-2020,MAHARASHTRA,OSMANABAD,0.02,1330.37,0.21,34.18255047
08-08-2020,MAHARASHTRA,BID,0.02,1960.18,0.14,34.57838653
08-08-2020,MAHARASHTRA,LATUR,0.07,1167.9,0.64,33.64601406
08-08-2020,MAHARASHTRA,YAVATMAL,0.13,2736.16,0.85,39.52259096
08-08-2020,MAHARASHTRA,BHANDARA,1.49,853.97,9.83,43.3430501
08-08-2020,MAHARASHTRA,MUMBAI SUBURBAN,0.01,92.15,0.05,39.69156896
08-08-2020,MAHARASHTRA,NANDURBAR,0.28,1116.1,1.56,37.06709944
08-08-2020,MAHARASHTRA,NAGPUR,0.83,2209.62,5.84,43.61239399
08-08-2020,MAHARASHTRA,CHANDRAPUR,0.63,2392.8,4.27,41.37575523
08-08-2020,MAHARASHTRA,JALGAON,0.05,2215.59,0.31,36.85173289
08-08-2020,MAHARASHTRA,HINGOLI,0.01,906.65,0.05,37.73675148
08-08-2020,MAHARASHTRA,AKOLA,0.05,1062.61,0.37,38.465845
08-08-2020,MAHARASHTRA,AURANGABAD,0.08,1873.15,0.43,36.18515264
08-08-2020,MAHARASHTRA,DHULE,0.18,1375.02,1.13,37.48106142
08-08-2020,MAHARASHTRA,KOLHAPUR,2.15,1494.43,17.69,37.61392882
08-08-2020,MAHARASHTRA,RAIGARH,1.61,1328.34,11.5,36.11914065
08-08-2020,MAHARASHTRA,AMRAVATI,1.03,2595.9,8.25,41.65286364
08-08-2020,MAHARASHTRA,NANDED,0.08,2103.76,0.57,38.70540964
08-08-2020,MAHARASHTRA,SOLAPUR,0.02,2629.78,0.14,34.2475142
08-08-2020,MAHARASHTRA,AHMADNAGAR,0.1,3056.21,0.62,34.94446654
08-08-2020,MAHARASHTRA,THANE,1.78,1769.58,12.2,36.27844015
08-08-2020,MAHARASHTRA,SANGLI,0.38,1516.53,3.25,34.28609491
08-08-2020,MAHARASHTRA,WARDHA,0.29,1375.42,1.8,42.67081468
08-08-2020,MAHARASHTRA,BULDANA,0.05,1776.63,0.35,35.64315765
08-08-2020,MAHARASHTRA,SINDHUDURG,3.48,1006.67,24.28,38.26178175
07-08-2020,MAHARASHTRA,WASHIM,0.02,1075.88,0.1,40.4828176
07-08-2020,MAHARASHTRA,SATARA,1.02,1906.83,8.51,35.21038573
07-08-2020,MAHARASHTRA,PUNE,0.47,2959.01,2.78,36.7843854
07-08-2020,MAHARASHTRA,PARBHANI,0.03,1281.74,0.17,39.44483139
07-08-2020,MAHARASHTRA,JALNA,0.24,1489.12,1.35,37.43144579
07-08-2020,MAHARASHTRA,GONDIYA,0.69,1121.94,4.58,40.16075926
07-08-2020,MAHARASHTRA,MUMBAI,0,32.15,0,41.97571389
07-08-2020,MAHARASHTRA,NASHIK,0.63,2858.31,3.78,35.92209566
07-08-2020,MAHARASHTRA,GARHCHIROLI,1.15,2723.53,8,36.8138611
07-08-2020,MAHARASHTRA,RATNAGIRI,2.38,1587.48,15.62,37.22322293
07-08-2020,MAHARASHTRA,OSMANABAD,0.07,1373.88,0.7,35.30050617
07-08-2020,MAHARASHTRA,BID,0.23,2054.46,1.95,36.24164876
07-08-2020,MAHARASHTRA,LATUR,0.35,1217.38,3.04,35.07162843
07-08-2020,MAHARASHTRA,YAVATMAL,0.18,2783.14,1.16,40.20121376
07-08-2020,MAHARASHTRA,BHANDARA,1.23,828.02,8.15,42.02613988
07-08-2020,MAHARASHTRA,MUMBAI SUBURBAN,0.05,95.93,0.3,41.32040493
07-08-2020,MAHARASHTRA,NANDURBAR,0.4,1156.96,2.24,38.42387411
07-08-2020,MAHARASHTRA,NAGPUR,0.85,2194.16,5.95,43.30722099
07-08-2020,MAHARASHTRA,CHANDRAPUR,0.41,2312.28,2.8,39.98342585
07-08-2020,MAHARASHTRA,JALGAON,0.11,2303.22,0.7,38.30912491
07-08-2020,MAHARASHTRA,HINGOLI,0.06,935.83,0.35,38.95126889
07-08-2020,MAHARASHTRA,AKOLA,0.08,1093.16,0.6,39.57200013
07-08-2020,MAHARASHTRA,AURANGABAD,0.21,1940.3,1.17,37.48223255
07-08-2020,MAHARASHTRA,DHULE,0.23,1417.58,1.39,38.64112774
07-08-2020,MAHARASHTRA,KOLHAPUR,2.75,1560.83,22.58,39.2854117
07-08-2020,MAHARASHTRA,RAIGARH,2.08,1383.63,14.75,37.62248615
07-08-2020,MAHARASHTRA,AMRAVATI,0.94,2589.09,7.54,41.54368818
07-08-2020,MAHARASHTRA,NANDED,0.14,2168.08,0.97,39.88873866
07-08-2020,MAHARASHTRA,SOLAPUR,0.04,2681.48,0.38,34.92073197
07-08-2020,MAHARASHTRA,AHMADNAGAR,0.19,3177.17,1.18,36.32755183
07-08-2020,MAHARASHTRA,THANE,2.3,1834.11,15.76,37.60139812
07-08-2020,MAHARASHTRA,SANGLI,0.55,1557.9,4.62,35.22144226
07-08-2020,MAHARASHTRA,WARDHA,0.2,1344.91,1.21,41.72442443
07-08-2020,MAHARASHTRA,BULDANA,0.2,1855.13,1.25,37.21801837
07-08-2020,MAHARASHTRA,SINDHUDURG,4.18,1047.01,29.16,39.79526392
06-08-2020,MAHARASHTRA,WASHIM,0.05,1112.73,0.28,41.86930228
06-08-2020,MAHARASHTRA,SATARA,1.41,1981.3,11.59,36.58560616
06-08-2020,MAHARASHTRA,PUNE,0.67,3065.9,3.98,38.11317766
06-08-2020,MAHARASHTRA,PARBHANI,0.11,1332.34,0.72,41.00208049
06-08-2020,MAHARASHTRA,JALNA,0.54,1593.46,3.1,40.05435748
06-08-2020,MAHARASHTRA,GONDIYA,0.49,1114.03,3.42,39.87770053
06-08-2020,MAHARASHTRA,MUMBAI,0,33.5,0,43.73889156
06-08-2020,MAHARASHTRA,NASHIK,1.08,3030.21,6.51,38.08240394
06-08-2020,MAHARASHTRA,GARHCHIROLI,1.27,2742.26,8.8,37.06700902
06-08-2020,MAHARASHTRA,RATNAGIRI,2.92,1646.38,19.29,38.60442502
06-08-2020,MAHARASHTRA,OSMANABAD,0.36,1445.32,3.4,37.13598096
06-08-2020,MAHARASHTRA,BID,0.63,2169.92,5.33,38.27833626
06-08-2020,MAHARASHTRA,LATUR,0.95,1294,8.2,37.2789137
06-08-2020,MAHARASHTRA,YAVATMAL,0.31,2935.29,2.14,42.39906217
06-08-2020,MAHARASHTRA,BHANDARA,1.1,823.13,7.27,41.77789777
06-08-2020,MAHARASHTRA,MUMBAI SUBURBAN,0.1,99.93,0.63,43.04309966
06-08-2020,MAHARASHTRA,NANDURBAR,0.47,1175.25,2.7,39.03139765
06-08-2020,MAHARASHTRA,NAGPUR,0.9,2231.36,6.33,44.04142007
06-08-2020,MAHARASHTRA,CHANDRAPUR,0.63,2435.35,4.27,42.11158291
06-08-2020,MAHARASHTRA,JALGAON,0.29,2444.5,1.82,40.65903819
06-08-2020,MAHARASHTRA,HINGOLI,0.16,981.75,0.93,40.86273517
06-08-2020,MAHARASHTRA,AKOLA,0.15,1135.78,1.14,41.11465321
06-08-2020,MAHARASHTRA,AURANGABAD,0.45,2047.58,2.58,39.55474754
06-08-2020,MAHARASHTRA,DHULE,0.44,1502.8,2.69,40.9641167
06-08-2020,MAHARASHTRA,KOLHAPUR,3.28,1617.32,26.92,40.70709332
06-08-2020,MAHARASHTRA,RAIGARH,2.61,1441.99,18.33,39.20938938
06-08-2020,MAHARASHTRA,AMRAVATI,1.11,2665.73,8.94,42.77340608
06-08-2020,MAHARASHTRA,NANDED,0.26,2245.18,1.81,41.30731431
06-08-2020,MAHARASHTRA,SOLAPUR,0.09,2778.8,0.87,36.18813969
06-08-2020,MAHARASHTRA,AHMADNAGAR,0.37,3314.99,2.25,37.90344219
06-08-2020,MAHARASHTRA,THANE,2.97,1914.07,20.27,39.24057914
06-08-2020,MAHARASHTRA,SANGLI,0.76,1611.14,6.35,36.42516792
06-08-2020,MAHARASHTRA,WARDHA,0.33,1402.46,2.08,43.50977456
06-08-2020,MAHARASHTRA,BULDANA,0.46,1961.14,2.93,39.3448076
06-08-2020,MAHARASHTRA,SINDHUDURG,4.84,1084.98,33.77,41.23830882
05-08-2020,MAHARASHTRA,WASHIM,0.08,1163.22,0.48,43.76925903
05-08-2020,MAHARASHTRA,SATARA,1.74,2041.71,14.12,37.70109831
05-08-2020,MAHARASHTRA,PUNE,0.84,3160.3,5.08,39.28675862
05-08-2020,MAHARASHTRA,PARBHANI,0.26,1410.62,1.7,43.41089023
05-08-2020,MAHARASHTRA,JALNA,0.9,1691.55,5.43,42.52001174
05-08-2020,MAHARASHTRA,GONDIYA,0.73,1166.68,5.12,41.76224804
05-08-2020,MAHARASHTRA,MUMBAI,0,34.83,0,45.47589291
05-08-2020,MAHARASHTRA,NASHIK,1.35,3126.28,8.25,39.28979795
05-08-2020,MAHARASHTRA,GARHCHIROLI,1.53,2805.52,10.52,37.92218069
05-08-2020,MAHARASHTRA,RATNAGIRI,3.49,1709.62,23.35,40.08717377
05-08-2020,MAHARASHTRA,OSMANABAD,0.67,1517.84,6.37,38.99939171
05-08-2020,MAHARASHTRA,BID,1.01,2294.97,8.61,40.48425324
05-08-2020,MAHARASHTRA,LATUR,1.54,1376.74,13.4,39.66249179
05-08-2020,MAHARASHTRA,YAVATMAL,0.4,3025.5,2.74,43.70199075
05-08-2020,MAHARASHTRA,BHANDARA,1.45,855.18,9.6,43.40482864
05-08-2020,MAHARASHTRA,MUMBAI SUBURBAN,0.22,103.56,1.33,44.60699378
05-08-2020,MAHARASHTRA,NANDURBAR,0.27,1121.25,1.53,37.23803917
05-08-2020,MAHARASHTRA,NAGPUR,0.9,2260.17,6.36,44.61014197
05-08-2020,MAHARASHTRA,CHANDRAPUR,0.74,2485.7,4.98,42.98224923
05-08-2020,MAHARASHTRA,JALGAON,0.54,2560.57,3.33,42.58961872
05-08-2020,MAHARASHTRA,HINGOLI,0.3,1033.44,1.79,43.01390148
05-08-2020,MAHARASHTRA,AKOLA,0.22,1182.98,1.64,42.82344454
05-08-2020,MAHARASHTRA,AURANGABAD,0.71,2157.23,4.2,41.67298699
05-08-2020,MAHARASHTRA,DHULE,0.5,1551.6,3.08,42.29439023
05-08-2020,MAHARASHTRA,KOLHAPUR,3.7,1664.43,30.31,41.89290326
05-08-2020,MAHARASHTRA,RAIGARH,2.94,1482.69,20.46,40.31609057
05-08-2020,MAHARASHTRA,AMRAVATI,1.33,2758.31,10.83,44.25897917
05-08-2020,MAHARASHTRA,NANDED,0.35,2321.65,2.37,42.71417237
05-08-2020,MAHARASHTRA,SOLAPUR,0.19,2884.15,1.68,37.56018656
05-08-2020,MAHARASHTRA,AHMADNAGAR,0.56,3446.11,3.43,39.40264912
05-08-2020,MAHARASHTRA,THANE,3.41,1965.81,23.38,40.30128331
05-08-2020,MAHARASHTRA,SANGLI,0.93,1656.75,7.74,37.45626169
05-08-2020,MAHARASHTRA,WARDHA,0.45,1446.65,2.89,44.8805738
05-08-2020,MAHARASHTRA,BULDANA,0.72,2053.75,4.62,41.2027067
05-08-2020,MAHARASHTRA,SINDHUDURG,5.34,1117.38,37.24,42.46986807
04-08-2020,MAHARASHTRA,WASHIM,0.12,1204.26,0.75,45.31332776
04-08-2020,MAHARASHTRA,SATARA,1.78,2042.68,14.16,37.71889899
04-08-2020,MAHARASHTRA,PUNE,0.82,3115.33,4.93,38.72766229
04-08-2020,MAHARASHTRA,PARBHANI,0.33,1442.97,2.18,44.40640684
04-08-2020,MAHARASHTRA,JALNA,0.86,1688.53,5.2,42.4441082
04-08-2020,MAHARASHTRA,GONDIYA,0.84,1180.4,5.92,42.25340063
04-08-2020,MAHARASHTRA,MUMBAI,0,34.79,0,45.41739618
04-08-2020,MAHARASHTRA,NASHIK,1.27,3088.45,7.77,38.81434595
04-08-2020,MAHARASHTRA,GARHCHIROLI,1.74,2855.41,11.94,38.5964858
04-08-2020,MAHARASHTRA,RATNAGIRI,3.48,1708.11,23.17,40.0519527
04-08-2020,MAHARASHTRA,OSMANABAD,0.82,1550.43,7.85,39.83686495
04-08-2020,MAHARASHTRA,BID,1.16,2314.1,9.92,40.82185281
04-08-2020,MAHARASHTRA,LATUR,1.93,1427.61,16.8,41.12807428
04-08-2020,MAHARASHTRA,YAVATMAL,0.47,3079.11,3.33,44.47646949
04-08-2020,MAHARASHTRA,BHANDARA,1.42,857.25,9.43,43.50992328
04-08-2020,MAHARASHTRA,MUMBAI SUBURBAN,0.25,103.62,1.55,44.63018808
04-08-2020,MAHARASHTRA,NANDURBAR,0.2,1096.12,1.13,36.40336911
04-08-2020,MAHARASHTRA,NAGPUR,0.83,2251.66,5.92,44.44203393
04-08-2020,MAHARASHTRA,CHANDRAPUR,0.79,2520.09,5.38,43.57686275
04-08-2020,MAHARASHTRA,JALGAON,0.27,2391.77,1.71,39.78202574
04-08-2020,MAHARASHTRA,HINGOLI,0.44,1069.67,2.63,44.5220534
04-08-2020,MAHARASHTRA,AKOLA,0.28,1213.67,2.05,43.93447226
04-08-2020,MAHARASHTRA,AURANGABAD,0.59,2132.44,3.47,41.1941049
04-08-2020,MAHARASHTRA,DHULE,0.46,1485.72,2.81,40.49848411
04-08-2020,MAHARASHTRA,KOLHAPUR,3.49,1642.54,28.61,41.34201522
04-08-2020,MAHARASHTRA,RAIGARH,3.03,1485.73,21.03,40.39863682
04-08-2020,MAHARASHTRA,AMRAVATI,1.43,2792.27,11.76,44.80378479
04-08-2020,MAHARASHTRA,NANDED,0.46,2390.54,3.17,43.9815614
04-08-2020,MAHARASHTRA,SOLAPUR,0.25,2935.36,2.14,38.22705959
04-08-2020,MAHARASHTRA,AHMADNAGAR,0.41,3342.19,2.47,38.21437798
04-08-2020,MAHARASHTRA,THANE,3.87,2007.37,26.07,41.15343416
04-08-2020,MAHARASHTRA,SANGLI,1.01,1676.55,8.39,37.90397803
04-08-2020,MAHARASHTRA,WARDHA,0.46,1447.41,3.01,44.90428019
04-08-2020,MAHARASHTRA,BULDANA,0.8,2075.89,5.19,41.6470014
04-08-2020,MAHARASHTRA,SINDHUDURG,5.28,1114.78,36.82,42.37083798
03-08-2020,MAHARASHTRA,WASHIM,0.12,1223.19,0.74,46.02541992
03-08-2020,MAHARASHTRA,SATARA,1.68,2026.2,13.25,37.41464223
03-08-2020,MAHARASHTRA,PUNE,0.74,3111.11,4.38,38.67514818
03-08-2020,MAHARASHTRA,PARBHANI,0.29,1439.78,1.92,44.30830636
03-08-2020,MAHARASHTRA,JALNA,0.94,1702.25,5.66,42.78907639
03-08-2020,MAHARASHTRA,GONDIYA,0.8,1177.28,5.64,42.14174414
03-08-2020,MAHARASHTRA,MUMBAI,0,34.79,0,45.41803508
03-08-2020,MAHARASHTRA,NASHIK,1.17,3087.22,7.28,38.79892467
03-08-2020,MAHARASHTRA,GARHCHIROLI,1.42,2785.39,9.74,37.65007052
03-08-2020,MAHARASHTRA,RATNAGIRI,3.04,1663.83,20.32,39.0135792
03-08-2020,MAHARASHTRA,OSMANABAD,0.96,1582.65,9.14,40.66449858
03-08-2020,MAHARASHTRA,BID,1.23,2345.89,10.52,41.38256636
03-08-2020,MAHARASHTRA,LATUR,2.13,1448.2,18.73,41.72139549
03-08-2020,MAHARASHTRA,YAVATMAL,0.49,3080.02,3.4,44.4895256
03-08-2020,MAHARASHTRA,BHANDARA,1.37,851.89,9.07,43.23761144
03-08-2020,MAHARASHTRA,MUMBAI SUBURBAN,0.27,103.67,1.63,44.65240479
03-08-2020,MAHARASHTRA,NANDURBAR,0.32,1138.52,1.82,37.81170911
03-08-2020,MAHARASHTRA,NAGPUR,0.83,2250.23,5.91,44.41379984
03-08-2020,MAHARASHTRA,CHANDRAPUR,0.74,2492.98,5.05,43.10800882
03-08-2020,MAHARASHTRA,JALGAON,0.35,2448.81,2.2,40.73083897
03-08-2020,MAHARASHTRA,HINGOLI,0.5,1081.9,3.05,45.03086061
03-08-2020,MAHARASHTRA,AKOLA,0.35,1246.1,2.56,45.10838186
03-08-2020,MAHARASHTRA,AURANGABAD,0.74,2197.22,4.39,42.44542686
03-08-2020,MAHARASHTRA,DHULE,0.64,1542.1,4.03,42.0353048
03-08-2020,MAHARASHTRA,KOLHAPUR,2.45,1530.36,19.65,38.51848256
03-08-2020,MAHARASHTRA,RAIGARH,2.92,1469.14,20.15,39.9475889
03-08-2020,MAHARASHTRA,AMRAVATI,1.46,2809.16,12.06,45.07479525
03-08-2020,MAHARASHTRA,NANDED,0.52,2423.47,3.56,44.58741476
03-08-2020,MAHARASHTRA,SOLAPUR,0.31,2997.49,2.62,39.03616793
03-08-2020,MAHARASHTRA,AHMADNAGAR,0.49,3423.55,2.99,39.14469932
03-08-2020,MAHARASHTRA,THANE,1.7,1769.77,12.23,36.28235504
03-08-2020,MAHARASHTRA,SANGLI,0.84,1654.5,6.95,37.40533412
03-08-2020,MAHARASHTRA,WARDHA,0.45,1447.28,2.92,44.90012648
03-08-2020,MAHARASHTRA,BULDANA,0.97,2134.83,6.34,42.82952376
03-08-2020,MAHARASHTRA,SINDHUDURG,5.03,1098.41,35.07,41.74877666
02-08-2020,MAHARASHTRA,WASHIM,0.11,1218,0.71,45.83012257
02-08-2020,MAHARASHTRA,SATARA,1.52,1998.86,11.87,36.90976515
02-08-2020,MAHARASHTRA,PUNE,0.56,3088.2,3.31,38.39045335
02-08-2020,MAHARASHTRA,PARBHANI,0.37,1473.94,2.52,45.3595536
02-08-2020,MAHARASHTRA,JALNA,1.17,1753.46,7.16,44.07619356
02-08-2020,MAHARASHTRA,GONDIYA,0.77,1171.76,5.42,41.94399989
02-08-2020,MAHARASHTRA,MUMBAI,0,29.52,0,38.54097018
02-08-2020,MAHARASHTRA,NASHIK,1.67,3242.6,10.48,40.75175552
02-08-2020,MAHARASHTRA,GARHCHIROLI,1.55,2813.37,10.63,38.02830807
02-08-2020,MAHARASHTRA,RATNAGIRI,0.99,1436.86,6.44,33.69147111
02-08-2020,MAHARASHTRA,OSMANABAD,1.24,1636.41,11.91,42.04581463
02-08-2020,MAHARASHTRA,BID,1.66,2466.21,14.24,43.50512684
02-08-2020,MAHARASHTRA,LATUR,2.55,1504.65,22.5,43.347469
02-08-2020,MAHARASHTRA,YAVATMAL,0.43,3031.4,3.02,43.78724887
02-08-2020,MAHARASHTRA,BHANDARA,1.33,847.21,8.76,43.00027421
02-08-2020,MAHARASHTRA,MUMBAI SUBURBAN,0,86.45,0.01,37.23763668
02-08-2020,MAHARASHTRA,NANDURBAR,0.39,1154.07,2.2,38.32815841
02-08-2020,MAHARASHTRA,NAGPUR,0.8,2245.38,5.69,44.31814798
02-08-2020,MAHARASHTRA,CHANDRAPUR,0.72,2475.04,4.89,42.79788425
02-08-2020,MAHARASHTRA,JALGAON,0.54,2556.33,3.39,42.51910383
02-08-2020,MAHARASHTRA,HINGOLI,0.55,1090.23,3.39,45.37791077
02-08-2020,MAHARASHTRA,AKOLA,0.35,1243.9,2.58,45.02864639
02-08-2020,MAHARASHTRA,AURANGABAD,0.93,2264.27,5.59,43.74073399
02-08-2020,MAHARASHTRA,DHULE,0.68,1567.55,4.24,42.72913241
02-08-2020,MAHARASHTRA,KOLHAPUR,1.4,1423.09,11.61,35.81836798
02-08-2020,MAHARASHTRA,RAIGARH,0.86,1244.41,6.41,33.83701892
02-08-2020,MAHARASHTRA,AMRAVATI,1.46,2798.81,12.11,44.90874558
02-08-2020,MAHARASHTRA,NANDED,0.58,2457.48,3.99,45.21320705
02-08-2020,MAHARASHTRA,SOLAPUR,0.42,3124.27,3.52,40.68723456
02-08-2020,MAHARASHTRA,AHMADNAGAR,0.76,3603.2,4.76,41.198778
02-08-2020,MAHARASHTRA,THANE,1.39,1714.99,9.62,35.15917859
02-08-2020,MAHARASHTRA,SANGLI,0.84,1667.35,6.85,37.6960093
02-08-2020,MAHARASHTRA,WARDHA,0.37,1427.29,2.39,44.28017491
02-08-2020,MAHARASHTRA,BULDANA,1.15,2200.3,7.56,44.14292469
02-08-2020,MAHARASHTRA,SINDHUDURG,2.62,953.9,18.4,36.25616642
01-08-2020,MAHARASHTRA,WASHIM,0.05,1147.38,0.31,43.17316169
01-08-2020,MAHARASHTRA,SATARA,2.21,2117.68,17.28,39.10394199
01-08-2020,MAHARASHTRA,PUNE,0.89,3257.49,5.31,40.49492805
01-08-2020,MAHARASHTRA,PARBHANI,0.25,1423.44,1.67,43.80546936
01-08-2020,MAHARASHTRA,JALNA,0.68,1645.09,4.05,41.35207044
01-08-2020,MAHARASHTRA,GONDIYA,0.93,1182.75,6.37,42.3375373
01-08-2020,MAHARASHTRA,MUMBAI,0,31.07,0,40.56481673
01-08-2020,MAHARASHTRA,NASHIK,1.43,3175.24,8.81,39.90513725
01-08-2020,MAHARASHTRA,GARHCHIROLI,0.96,2657.65,6.54,35.92341385
01-08-2020,MAHARASHTRA,RATNAGIRI,1.3,1476.76,8.48,34.62705213
01-08-2020,MAHARASHTRA,OSMANABAD,1.39,1686.31,13.43,43.32810445
01-08-2020,MAHARASHTRA,BID,1.55,2445.87,13.34,43.14618243
01-08-2020,MAHARASHTRA,LATUR,2.36,1478.14,20.82,42.5837455
01-08-2020,MAHARASHTRA,YAVATMAL,0.3,2875.79,2.16,41.53949721
01-08-2020,MAHARASHTRA,BHANDARA,1.03,828.11,6.74,42.0308696
01-08-2020,MAHARASHTRA,MUMBAI SUBURBAN,0.01,90.67,0.04,39.05506555
01-08-2020,MAHARASHTRA,NANDURBAR,0.25,1119.13,1.43,37.16779042
01-08-2020,MAHARASHTRA,NAGPUR,0.67,2197.24,4.59,43.36806364
01-08-2020,MAHARASHTRA,CHANDRAPUR,0.59,2404.89,3.97,41.58473764
01-08-2020,MAHARASHTRA,JALGAON,0.29,2404.95,1.78,40.00133554
01-08-2020,MAHARASHTRA,HINGOLI,0.46,1055.13,2.77,43.91690714
01-08-2020,MAHARASHTRA,AKOLA,0.2,1164.61,1.53,42.15836629
01-08-2020,MAHARASHTRA,AURANGABAD,0.63,2146.26,3.7,41.46098181
01-08-2020,MAHARASHTRA,DHULE,0.46,1483.04,2.81,40.4253267
01-08-2020,MAHARASHTRA,KOLHAPUR,1.89,1482,15.66,37.30125833
01-08-2020,MAHARASHTRA,RAIGARH,1.39,1307.19,9.98,35.54407073
01-08-2020,MAHARASHTRA,AMRAVATI,1.23,2676.09,10.17,42.93956588
01-08-2020,MAHARASHTRA,NANDED,0.48,2386.09,3.22,43.89979123
01-08-2020,MAHARASHTRA,SOLAPUR,0.61,3290.37,4.88,42.85036491
01-08-2020,MAHARASHTRA,AHMADNAGAR,0.96,3722.71,6.13,42.56525385
01-08-2020,MAHARASHTRA,THANE,2.05,1801.39,14.1,36.93063305
01-08-2020,MAHARASHTRA,SANGLI,1.22,1745.28,9.85,39.45783925
01-08-2020,MAHARASHTRA,WARDHA,0.16,1344.82,1.01,41.721697
01-08-2020,MAHARASHTRA,BULDANA,0.66,2036.59,4.24,40.85863182
01-08-2020,MAHARASHTRA,SINDHUDURG,2.91,971.42,20.38,36.92190768
23-09-2020,MAHARASHTRA,WASHIM,0.11,1215.59,0.7,45.73948165
23-09-2020,MAHARASHTRA,SATARA,3.38,2306.69,26.39,42.59406352
23-09-2020,MAHARASHTRA,PUNE,1.48,3451.14,8.98,42.90218856
23-09-2020,MAHARASHTRA,PARBHANI,0.23,1406.48,1.5,43.28367693
23-09-2020,MAHARASHTRA,JALNA,0.96,1708.29,5.82,42.94085269
23-09-2020,MAHARASHTRA,GONDIYA,0.86,1130.36,5.75,40.46231062
23-09-2020,MAHARASHTRA,MUMBAI,0,34.75,0,45.36062242
23-09-2020,MAHARASHTRA,NASHIK,2.65,3471.54,16.91,43.62889922
23-09-2020,MAHARASHTRA,GARHCHIROLI,2.6,2974.23,17.5,40.2026639
23-09-2020,MAHARASHTRA,RATNAGIRI,4.22,1782.43,29.07,41.79462387
23-09-2020,MAHARASHTRA,OSMANABAD,1.48,1705.87,14.25,43.83072719
23-09-2020,MAHARASHTRA,BID,1.54,2424.32,13.37,42.76615141
23-09-2020,MAHARASHTRA,LATUR,2.53,1495.76,22.33,43.09129399
23-09-2020,MAHARASHTRA,YAVATMAL,0.46,3055.05,3.29,44.12884237
23-09-2020,MAHARASHTRA,BHANDARA,1.28,826.14,8.46,41.93069393
23-09-2020,MAHARASHTRA,MUMBAI SUBURBAN,0.4,104.52,2.44,45.01814487
23-09-2020,MAHARASHTRA,NANDURBAR,1.75,1315.52,10.03,43.69014014
23-09-2020,MAHARASHTRA,NAGPUR,1.05,2217.23,7.45,43.76261105
23-09-2020,MAHARASHTRA,CHANDRAPUR,0.81,2474.42,5.35,42.78707464
23-09-2020,MAHARASHTRA,JALGAON,0.95,2663.68,5.85,44.30464502
23-09-2020,MAHARASHTRA,HINGOLI,0.45,1059.53,2.73,44.09988389
23-09-2020,MAHARASHTRA,AKOLA,0.36,1265.78,2.61,45.82070987
23-09-2020,MAHARASHTRA,AURANGABAD,1.04,2297.43,6.36,44.38123782
23-09-2020,MAHARASHTRA,DHULE,0.86,1641.98,5.54,44.75785764
23-09-2020,MAHARASHTRA,KOLHAPUR,2.43,1545.11,19.47,38.88972422
23-09-2020,MAHARASHTRA,RAIGARH,3.87,1553.49,26.24,42.2411779
23-09-2020,MAHARASHTRA,AMRAVATI,1.37,2786.75,11.18,44.71531176
23-09-2020,MAHARASHTRA,NANDED,0.57,2398.54,3.77,44.12886109
23-09-2020,MAHARASHTRA,SOLAPUR,0.62,3316.57,4.72,43.19150064
23-09-2020,MAHARASHTRA,AHMADNAGAR,1.05,3798.24,6.7,43.4288908
23-09-2020,MAHARASHTRA,THANE,4.67,2092.48,31.29,42.89820997
23-09-2020,MAHARASHTRA,SANGLI,1.63,1844.15,13.16,41.69296268
23-09-2020,MAHARASHTRA,WARDHA,0.36,1407.49,2.29,43.66587441
23-09-2020,MAHARASHTRA,BULDANA,1.22,2215.98,7.99,44.45743208
23-09-2020,MAHARASHTRA,SINDHUDURG,3.65,1018.84,25.77,38.72447538
22-09-2020,MAHARASHTRA,WASHIM,0.13,1236.23,0.84,46.51623632
22-09-2020,MAHARASHTRA,SATARA,3.3,2291.19,25.87,42.3078909
22-09-2020,MAHARASHTRA,PUNE,1.63,3520.24,9.92,43.76124365
22-09-2020,MAHARASHTRA,PARBHANI,0.36,1449.34,2.38,44.60249353
22-09-2020,MAHARASHTRA,JALNA,1.09,1743.08,6.68,43.81525242
22-09-2020,MAHARASHTRA,GONDIYA,1.18,1177.42,7.93,42.14686217
22-09-2020,MAHARASHTRA,MUMBAI,0,34.61,0,45.18766699
22-09-2020,MAHARASHTRA,NASHIK,2.65,3474.01,16.95,43.65995871
22-09-2020,MAHARASHTRA,GARHCHIROLI,3.28,3120.4,22.29,42.17840238
22-09-2020,MAHARASHTRA,RATNAGIRI,4.24,1781.8,29.12,41.77972656
22-09-2020,MAHARASHTRA,OSMANABAD,1.61,1737.9,15.54,44.65358504
22-09-2020,MAHARASHTRA,BID,1.72,2503.45,14.85,44.16198225
22-09-2020,MAHARASHTRA,LATUR,2.75,1521.45,24.48,43.83150431
22-09-2020,MAHARASHTRA,YAVATMAL,0.58,3140.31,4.14,45.36043922
22-09-2020,MAHARASHTRA,BHANDARA,1.5,852.15,9.93,43.25099169
22-09-2020,MAHARASHTRA,MUMBAI SUBURBAN,0.4,104.17,2.41,44.86978429
22-09-2020,MAHARASHTRA,NANDURBAR,1.72,1311.76,9.84,43.56503278
22-09-2020,MAHARASHTRA,NAGPUR,1.04,2235.72,7.37,44.12740936
22-09-2020,MAHARASHTRA,CHANDRAPUR,1.03,2566.14,6.84,44.37306485
22-09-2020,MAHARASHTRA,JALGAON,1.01,2692.46,6.21,44.78334182
22-09-2020,MAHARASHTRA,HINGOLI,0.6,1094.47,3.74,45.55440659
22-09-2020,MAHARASHTRA,AKOLA,0.38,1270.72,2.76,45.99940662
22-09-2020,MAHARASHTRA,AURANGABAD,1.1,2319.03,6.77,44.79857224
22-09-2020,MAHARASHTRA,DHULE,0.86,1641.48,5.5,44.74415708
22-09-2020,MAHARASHTRA,KOLHAPUR,2.85,1589.85,22.93,40.0157924
22-09-2020,MAHARASHTRA,RAIGARH,4.09,1572.97,27.77,42.77089464
22-09-2020,MAHARASHTRA,AMRAVATI,1.48,2821.92,12.23,45.2796562
22-09-2020,MAHARASHTRA,NANDED,0.68,2449.91,4.56,45.07391365
22-09-2020,MAHARASHTRA,SOLAPUR,0.71,3384.09,5.51,44.07089731
22-09-2020,MAHARASHTRA,AHMADNAGAR,1.27,3916.01,8.22,44.7754762
22-09-2020,MAHARASHTRA,THANE,4.66,2090.44,31.19,42.85636127
22-09-2020,MAHARASHTRA,SANGLI,1.89,1905.55,15.3,43.0812315
22-09-2020,MAHARASHTRA,WARDHA,0.46,1445.77,3.01,44.85336024
22-09-2020,MAHARASHTRA,BULDANA,1.2,2215.51,7.95,44.44815785
22-09-2020,MAHARASHTRA,SINDHUDURG,4.07,1044.18,28.65,39.68748464
21-09-2020,MAHARASHTRA,WASHIM,0.13,1233.35,0.83,46.40803562
21-09-2020,MAHARASHTRA,SATARA,3.48,2319.74,27.26,42.83493757
21-09-2020,MAHARASHTRA,PUNE,1.68,3543.65,10.23,44.05229898
21-09-2020,MAHARASHTRA,PARBHANI,0.34,1448.7,2.28,44.58293301
21-09-2020,MAHARASHTRA,JALNA,1.06,1742.39,6.47,43.79781887
21-09-2020,MAHARASHTRA,GONDIYA,1.4,1202.78,9.44,43.0544366
21-09-2020,MAHARASHTRA,MUMBAI,0,34.71,0,45.31979943
21-09-2020,MAHARASHTRA,NASHIK,2.55,3450.51,16.3,43.36456759
21-09-2020,MAHARASHTRA,GARHCHIROLI,3.49,3168.31,23.79,42.82604049
21-09-2020,MAHARASHTRA,RATNAGIRI,4.41,1800.31,30.33,42.21366606
21-09-2020,MAHARASHTRA,OSMANABAD,1.62,1742.57,15.7,44.77348379
21-09-2020,MAHARASHTRA,BID,1.71,2495.83,14.76,44.02761261
21-09-2020,MAHARASHTRA,LATUR,2.76,1522.46,24.57,43.86074992
21-09-2020,MAHARASHTRA,YAVATMAL,0.58,3142.83,4.16,45.3968504
21-09-2020,MAHARASHTRA,BHANDARA,1.36,836.64,8.94,42.46362466
21-09-2020,MAHARASHTRA,MUMBAI SUBURBAN,0.37,104.15,2.26,44.85832833
21-09-2020,MAHARASHTRA,NANDURBAR,1.76,1314.14,10.04,43.64432408
21-09-2020,MAHARASHTRA,NAGPUR,0.85,2198.82,6.02,43.39925865
21-09-2020,MAHARASHTRA,CHANDRAPUR,1.01,2553.51,6.76,44.15480656
21-09-2020,MAHARASHTRA,JALGAON,1.01,2696.26,6.22,44.84662705
21-09-2020,MAHARASHTRA,HINGOLI,0.59,1094.67,3.66,45.56255651
21-09-2020,MAHARASHTRA,AKOLA,0.37,1265.99,2.7,45.8281
21-09-2020,MAHARASHTRA,AURANGABAD,1.09,2317.81,6.69,44.77503749
21-09-2020,MAHARASHTRA,DHULE,0.83,1635.05,5.3,44.56913702
21-09-2020,MAHARASHTRA,KOLHAPUR,3.09,1617.12,24.88,40.70206965
21-09-2020,MAHARASHTRA,RAIGARH,4.1,1572.74,27.79,42.76457125
21-09-2020,MAHARASHTRA,AMRAVATI,1.47,2815.87,12.11,45.18243002
21-09-2020,MAHARASHTRA,NANDED,0.67,2449.34,4.51,45.06343224
21-09-2020,MAHARASHTRA,SOLAPUR,0.79,3444.22,6.34,44.85396906
21-09-2020,MAHARASHTRA,AHMADNAGAR,1.27,3906.07,8.19,44.66177905
21-09-2020,MAHARASHTRA,THANE,4.3,2052.2,28.8,42.07242614
21-09-2020,MAHARASHTRA,SANGLI,2.17,1962.48,17.56,44.36827666
21-09-2020,MAHARASHTRA,WARDHA,0.48,1453.16,3.12,45.08260831
21-09-2020,MAHARASHTRA,BULDANA,1.19,2211.94,7.85,44.3764226
21-09-2020,MAHARASHTRA,SINDHUDURG,4.13,1048.04,29.06,39.83413242
20-09-2020,MAHARASHTRA,WASHIM,0.13,1232.07,0.82,46.35983955
20-09-2020,MAHARASHTRA,SATARA,3.54,2333.36,27.73,43.08646206
20-09-2020,MAHARASHTRA,PUNE,1.75,3569.84,10.67,44.37777795
20-09-2020,MAHARASHTRA,PARBHANI,0.4,1479.66,2.73,45.53554656
20-09-2020,MAHARASHTRA,JALNA,1.24,1776.28,7.64,44.64978127
20-09-2020,MAHARASHTRA,GONDIYA,1.25,1175.12,8.33,42.06435958
20-09-2020,MAHARASHTRA,MUMBAI,0,34.58,0,45.13963338
20-09-2020,MAHARASHTRA,NASHIK,2.45,3431.04,15.57,43.11989022
20-09-2020,MAHARASHTRA,GARHCHIROLI,3.28,3125.86,22.3,42.25216063
20-09-2020,MAHARASHTRA,RATNAGIRI,4.44,1805.26,30.58,42.32983134
20-09-2020,MAHARASHTRA,OSMANABAD,1.62,1742.96,15.72,44.78369353
20-09-2020,MAHARASHTRA,BID,1.8,2531.06,15.5,44.64901641
20-09-2020,MAHARASHTRA,LATUR,2.78,1530.27,24.8,44.08555269
20-09-2020,MAHARASHTRA,YAVATMAL,0.56,3129.51,3.99,45.20441515
20-09-2020,MAHARASHTRA,BHANDARA,1.27,829.34,8.34,42.09313433
20-09-2020,MAHARASHTRA,MUMBAI SUBURBAN,0.37,103.55,2.24,44.60189012
20-09-2020,MAHARASHTRA,NANDURBAR,1.63,1303.14,9.31,43.27881763
20-09-2020,MAHARASHTRA,NAGPUR,0.81,2178.24,5.77,42.99289341
20-09-2020,MAHARASHTRA,CHANDRAPUR,1.04,2540.64,6.91,43.93220246
20-09-2020,MAHARASHTRA,JALGAON,1.03,2705.41,6.34,44.9988028
20-09-2020,MAHARASHTRA,HINGOLI,0.57,1094.6,3.52,45.5598419
20-09-2020,MAHARASHTRA,AKOLA,0.36,1264.96,2.66,45.79084204
20-09-2020,MAHARASHTRA,AURANGABAD,1.1,2321.44,6.74,44.84507687
20-09-2020,MAHARASHTRA,DHULE,0.82,1633.84,5.21,44.53591461
20-09-2020,MAHARASHTRA,KOLHAPUR,2.87,1591.57,23.21,40.05907843
20-09-2020,MAHARASHTRA,RAIGARH,4.11,1573.39,27.85,42.78230132
20-09-2020,MAHARASHTRA,AMRAVATI,1.47,2814.93,12.13,45.16736847
20-09-2020,MAHARASHTRA,NANDED,0.7,2479.01,4.7,45.6093848
20-09-2020,MAHARASHTRA,SOLAPUR,0.85,3471.53,6.87,45.20961701
20-09-2020,MAHARASHTRA,AHMADNAGAR,1.29,3914.38,8.31,44.75679146
20-09-2020,MAHARASHTRA,THANE,4.36,2056.16,29.25,42.15360724
20-09-2020,MAHARASHTRA,SANGLI,2.05,1936.72,16.66,43.78590523
20-09-2020,MAHARASHTRA,WARDHA,0.47,1451.66,3.11,45.03621456
20-09-2020,MAHARASHTRA,BULDANA,1.28,2234.45,8.49,44.82799018
20-09-2020,MAHARASHTRA,SINDHUDURG,3.59,1003.37,25.59,38.1363667
19-09-2020,MAHARASHTRA,WASHIM,0.13,1233.1,0.83,46.3986598
19-09-2020,MAHARASHTRA,SATARA,3.54,2331.45,27.66,43.05130899
19-09-2020,MAHARASHTRA,PUNE,1.75,3573.6,10.69,44.42457874
19-09-2020,MAHARASHTRA,PARBHANI,0.41,1480.63,2.76,45.56563243
19-09-2020,MAHARASHTRA,JALNA,1.24,1777.25,7.67,44.67417125
19-09-2020,MAHARASHTRA,GONDIYA,1.57,1224.12,10.57,43.81835777
19-09-2020,MAHARASHTRA,MUMBAI,0,34.7,0,45.30456216
19-09-2020,MAHARASHTRA,NASHIK,2.52,3445.59,16.07,43.30275138
19-09-2020,MAHARASHTRA,GARHCHIROLI,3.58,3176.74,24.37,42.93995072
19-09-2020,MAHARASHTRA,RATNAGIRI,4.07,1769.22,28.16,41.48472358
19-09-2020,MAHARASHTRA,OSMANABAD,1.64,1745.61,15.82,44.85181678
19-09-2020,MAHARASHTRA,BID,1.81,2533.97,15.58,44.70036524
19-09-2020,MAHARASHTRA,LATUR,2.8,1531.67,24.9,44.12604282
19-09-2020,MAHARASHTRA,YAVATMAL,0.53,3113.27,3.74,44.96986743
19-09-2020,MAHARASHTRA,BHANDARA,1.57,865.14,10.45,43.9102286
19-09-2020,MAHARASHTRA,MUMBAI SUBURBAN,0.38,104.14,2.32,44.85451943
19-09-2020,MAHARASHTRA,NANDURBAR,1.63,1303.6,9.34,43.29414295
19-09-2020,MAHARASHTRA,NAGPUR,0.89,2231.36,6.29,44.04140111
19-09-2020,MAHARASHTRA,CHANDRAPUR,1.12,2578.59,7.43,44.58842051
19-09-2020,MAHARASHTRA,JALGAON,1.02,2704.78,6.33,44.98823936
19-09-2020,MAHARASHTRA,HINGOLI,0.59,1097.07,3.61,45.66243499
19-09-2020,MAHARASHTRA,AKOLA,0.37,1266.25,2.69,45.83752474
19-09-2020,MAHARASHTRA,AURANGABAD,1.1,2322.3,6.76,44.86179241
19-09-2020,MAHARASHTRA,DHULE,0.82,1633.59,5.2,44.52921366
19-09-2020,MAHARASHTRA,KOLHAPUR,2.33,1541.03,18.71,38.78704978
19-09-2020,MAHARASHTRA,RAIGARH,4.11,1573.63,27.84,42.78865461
19-09-2020,MAHARASHTRA,AMRAVATI,1.47,2818.54,12.19,45.225299
19-09-2020,MAHARASHTRA,NANDED,0.69,2476.21,4.67,45.55783933
19-09-2020,MAHARASHTRA,SOLAPUR,0.85,3470.96,6.88,45.20207742
19-09-2020,MAHARASHTRA,AHMADNAGAR,1.29,3914.21,8.32,44.75486051
19-09-2020,MAHARASHTRA,THANE,4.64,2088.74,31.07,42.82164124
19-09-2020,MAHARASHTRA,SANGLI,1.94,1919.17,15.8,43.38904107
19-09-2020,MAHARASHTRA,WARDHA,0.48,1451.82,3.13,45.04119927
19-09-2020,MAHARASHTRA,BULDANA,1.29,2235.76,8.53,44.854335
19-09-2020,MAHARASHTRA,SINDHUDURG,2.46,946.85,17.7,35.98826628
18-09-2020,MAHARASHTRA,WASHIM,0.12,1198.98,0.76,45.11451021
18-09-2020,MAHARASHTRA,SATARA,3.55,2337.02,27.81,43.1541136
18-09-2020,MAHARASHTRA,PUNE,1.73,3570.02,10.57,44.38003787
18-09-2020,MAHARASHTRA,PARBHANI,0.41,1480.78,2.77,45.570019
18-09-2020,MAHARASHTRA,JALNA,1.21,1767.21,7.45,44.42178223
18-09-2020,MAHARASHTRA,GONDIYA,1.47,1219.3,9.93,43.64596717
18-09-2020,MAHARASHTRA,MUMBAI,0,34.03,0,44.42652191
18-09-2020,MAHARASHTRA,NASHIK,2.51,3449.74,15.95,43.35494994
18-09-2020,MAHARASHTRA,GARHCHIROLI,3.51,3153.93,23.81,42.63154856
18-09-2020,MAHARASHTRA,RATNAGIRI,4.04,1767.5,27.95,41.44444894
18-09-2020,MAHARASHTRA,OSMANABAD,1.64,1747.31,15.9,44.89531981
18-09-2020,MAHARASHTRA,BID,1.81,2535.89,15.63,44.73418804
18-09-2020,MAHARASHTRA,LATUR,2.8,1531.56,24.89,44.1228278
18-09-2020,MAHARASHTRA,YAVATMAL,0.48,3067.11,3.36,44.30310808
18-09-2020,MAHARASHTRA,BHANDARA,1.45,853.32,9.62,43.31016022
18-09-2020,MAHARASHTRA,MUMBAI SUBURBAN,0.38,102.39,2.31,44.10217673
18-09-2020,MAHARASHTRA,NANDURBAR,1.68,1307.75,9.59,43.43189081
18-09-2020,MAHARASHTRA,NAGPUR,0.8,2214.13,5.72,43.70132751
18-09-2020,MAHARASHTRA,CHANDRAPUR,1.05,2553.36,6.98,44.15205352
18-09-2020,MAHARASHTRA,JALGAON,0.88,2629.38,5.33,43.73418548
18-09-2020,MAHARASHTRA,HINGOLI,0.6,1098.24,3.68,45.71101417
18-09-2020,MAHARASHTRA,AKOLA,0.31,1231.68,2.26,44.58614435
18-09-2020,MAHARASHTRA,AURANGABAD,1.08,2311.8,6.64,44.65889559
18-09-2020,MAHARASHTRA,DHULE,0.82,1627.53,5.24,44.36394517
18-09-2020,MAHARASHTRA,KOLHAPUR,2.28,1531.19,18.2,38.53927469
18-09-2020,MAHARASHTRA,RAIGARH,3.93,1556.8,26.69,42.3310497
18-09-2020,MAHARASHTRA,AMRAVATI,1.47,2787.11,12.15,44.72109719
18-09-2020,MAHARASHTRA,NANDED,0.66,2463.9,4.44,45.3312115
18-09-2020,MAHARASHTRA,SOLAPUR,0.86,3477.36,6.97,45.28546371
18-09-2020,MAHARASHTRA,AHMADNAGAR,1.3,3921.29,8.37,44.83577289
18-09-2020,MAHARASHTRA,THANE,4.64,2088.02,31.06,42.80685913
18-09-2020,MAHARASHTRA,SANGLI,1.84,1906.36,15.16,43.09958658
18-09-2020,MAHARASHTRA,WARDHA,0.47,1447.02,3.07,44.89221345
18-09-2020,MAHARASHTRA,BULDANA,1.1,2177.96,7.14,43.69469802
18-09-2020,MAHARASHTRA,SINDHUDURG,2.95,974.64,21.06,37.0444839
17-09-2020,MAHARASHTRA,WASHIM,0.12,1196.75,0.74,45.03077466
17-09-2020,MAHARASHTRA,SATARA,3.42,2319.57,26.65,42.8318796
17-09-2020,MAHARASHTRA,PUNE,1.67,3547.9,10.19,44.10509074
17-09-2020,MAHARASHTRA,PARBHANI,0.41,1480.3,2.75,45.55528515
17-09-2020,MAHARASHTRA,JALNA,1.23,1773.25,7.6,44.57376583
17-09-2020,MAHARASHTRA,GONDIYA,0.97,1175.4,6.58,42.07438103
17-09-2020,MAHARASHTRA,MUMBAI,0,34.76,0,45.38045607
17-09-2020,MAHARASHTRA,NASHIK,2.41,3428.6,15.27,43.0893125
17-09-2020,MAHARASHTRA,GARHCHIROLI,2.7,2994.5,18.29,40.47656417
17-09-2020,MAHARASHTRA,RATNAGIRI,3.88,1750.24,26.76,41.03979003
17-09-2020,MAHARASHTRA,OSMANABAD,1.62,1742.49,15.69,44.77152636
17-09-2020,MAHARASHTRA,BID,1.8,2532.11,15.54,44.66761952
17-09-2020,MAHARASHTRA,LATUR,2.78,1530.1,24.79,44.08074821
17-09-2020,MAHARASHTRA,YAVATMAL,0.4,2980.36,2.77,43.0499426
17-09-2020,MAHARASHTRA,BHANDARA,0.99,816.1,6.5,41.42137557
17-09-2020,MAHARASHTRA,MUMBAI SUBURBAN,0.4,104.09,2.42,44.83569146
17-09-2020,MAHARASHTRA,NANDURBAR,1.61,1298,9.17,43.10820205
17-09-2020,MAHARASHTRA,NAGPUR,0.48,2101.5,3.42,41.47838428
17-09-2020,MAHARASHTRA,CHANDRAPUR,1.02,2503.98,6.75,43.29831631
17-09-2020,MAHARASHTRA,JALGAON,0.88,2642.75,5.38,43.95654546
17-09-2020,MAHARASHTRA,HINGOLI,0.59,1097.63,3.66,45.68575219
17-09-2020,MAHARASHTRA,AKOLA,0.31,1230.66,2.26,44.54943445
17-09-2020,MAHARASHTRA,AURANGABAD,1.08,2314.71,6.63,44.71518625
17-09-2020,MAHARASHTRA,DHULE,0.78,1616.04,4.98,44.0508115
17-09-2020,MAHARASHTRA,KOLHAPUR,2.49,1545.91,19.95,38.90969515
17-09-2020,MAHARASHTRA,RAIGARH,3.93,1556.03,26.7,42.31030465
17-09-2020,MAHARASHTRA,AMRAVATI,1.47,2799.06,12.15,44.9127809
17-09-2020,MAHARASHTRA,NANDED,0.65,2463.04,4.35,45.31541759
17-09-2020,MAHARASHTRA,SOLAPUR,0.83,3455.56,6.77,45.00164848
17-09-2020,MAHARASHTRA,AHMADNAGAR,1.26,3899.91,8.15,44.59129009
17-09-2020,MAHARASHTRA,THANE,4.63,2088.1,31.05,42.80834983
17-09-2020,MAHARASHTRA,SANGLI,1.58,1862.87,12.96,42.11618883
17-09-2020,MAHARASHTRA,WARDHA,0.3,1375.2,1.83,42.66418466
17-09-2020,MAHARASHTRA,BULDANA,1.08,2174.46,7.09,43.62455907
17-09-2020,MAHARASHTRA,SINDHUDURG,3.55,1010.52,25.07,38.40797482
16-09-2020,MAHARASHTRA,WASHIM,0.13,1232.4,0.82,46.37223252
16-09-2020,MAHARASHTRA,SATARA,2.93,2256.12,22.81,41.66021345
16-09-2020,MAHARASHTRA,PUNE,1.63,3539.21,9.91,43.9970675
16-09-2020,MAHARASHTRA,PARBHANI,0.4,1475.83,2.73,45.41765577
16-09-2020,MAHARASHTRA,JALNA,1.24,1775.63,7.64,44.63357823
16-09-2020,MAHARASHTRA,GONDIYA,0.58,1081.55,3.85,38.71483163
16-09-2020,MAHARASHTRA,MUMBAI,0,34.26,0,44.72028262
16-09-2020,MAHARASHTRA,NASHIK,2.21,3377.22,13.9,42.44357742
16-09-2020,MAHARASHTRA,GARHCHIROLI,2.68,2999.04,18.25,40.53799765
16-09-2020,MAHARASHTRA,RATNAGIRI,3.84,1744.12,26.27,40.8963192
16-09-2020,MAHARASHTRA,OSMANABAD,1.62,1740.3,15.71,44.71533383
16-09-2020,MAHARASHTRA,BID,1.8,2530.76,15.51,44.64366582
16-09-2020,MAHARASHTRA,LATUR,2.79,1530.43,24.8,44.09023847
16-09-2020,MAHARASHTRA,YAVATMAL,0.5,3072.29,3.52,44.37785322
16-09-2020,MAHARASHTRA,BHANDARA,0.66,767.23,4.28,38.94058845
16-09-2020,MAHARASHTRA,MUMBAI SUBURBAN,0.34,101.85,2.06,43.87086318
16-09-2020,MAHARASHTRA,NANDURBAR,1.22,1255.52,6.91,41.69733175
16-09-2020,MAHARASHTRA,NAGPUR,0.36,2039.89,2.65,40.26222235
16-09-2020,MAHARASHTRA,CHANDRAPUR,1.03,2525.85,6.81,43.67648429
16-09-2020,MAHARASHTRA,JALGAON,1.01,2696.71,6.22,44.8541115
16-09-2020,MAHARASHTRA,HINGOLI,0.59,1097.53,3.65,45.68170718
16-09-2020,MAHARASHTRA,AKOLA,0.37,1265.36,2.68,45.80547142
16-09-2020,MAHARASHTRA,AURANGABAD,1.1,2320.98,6.75,44.83621329
16-09-2020,MAHARASHTRA,DHULE,0.71,1606.8,4.46,43.79882518
16-09-2020,MAHARASHTRA,KOLHAPUR,2.9,1590.26,23.35,40.02616991
16-09-2020,MAHARASHTRA,RAIGARH,4,1562.36,27.07,42.48236879
16-09-2020,MAHARASHTRA,AMRAVATI,1.47,2811.59,12.14,45.11381034
16-09-2020,MAHARASHTRA,NANDED,0.7,2479.7,4.7,45.62204075
16-09-2020,MAHARASHTRA,SOLAPUR,0.78,3426.23,6.39,44.61966392
16-09-2020,MAHARASHTRA,AHMADNAGAR,1.24,3891.69,7.99,44.4973427
16-09-2020,MAHARASHTRA,THANE,4.17,2036.01,28.23,41.74058606
16-09-2020,MAHARASHTRA,SANGLI,1.3,1843.95,10.42,41.68864415
16-09-2020,MAHARASHTRA,WARDHA,0.28,1363.68,1.71,42.30655677
16-09-2020,MAHARASHTRA,BULDANA,1.28,2230.54,8.49,44.7495264
16-09-2020,MAHARASHTRA,SINDHUDURG,4.13,1045.61,28.98,39.7417767
15-09-2020,MAHARASHTRA,WASHIM,0.13,1232.01,0.83,46.35750381
15-09-2020,MAHARASHTRA,SATARA,1.67,2065.37,13.07,38.13788952
15-09-2020,MAHARASHTRA,PUNE,1.46,3484.53,8.87,43.31730353
15-09-2020,MAHARASHTRA,PARBHANI,0.38,1464.77,2.57,45.0772822
15-09-2020,MAHARASHTRA,JALNA,1.23,1771.24,7.6,44.52303773
15-09-2020,MAHARASHTRA,GONDIYA,0.76,1120.88,5.08,40.12281875
15-09-2020,MAHARASHTRA,MUMBAI,0,34.76,0,45.38383061
15-09-2020,MAHARASHTRA,NASHIK,1.97,3314.68,12.34,41.65760057
15-09-2020,MAHARASHTRA,GARHCHIROLI,2.69,3002.45,18.26,40.58408299
15-09-2020,MAHARASHTRA,RATNAGIRI,3.13,1667.51,21.18,39.09977568
15-09-2020,MAHARASHTRA,OSMANABAD,1.62,1741.4,15.74,44.74342049
15-09-2020,MAHARASHTRA,BID,1.8,2529.96,15.54,44.6296351
15-09-2020,MAHARASHTRA,LATUR,2.79,1530.3,24.82,44.0863638
15-09-2020,MAHARASHTRA,YAVATMAL,0.48,3069.67,3.43,44.34004237
15-09-2020,MAHARASHTRA,BHANDARA,0.78,785.46,5.06,39.86579792
15-09-2020,MAHARASHTRA,MUMBAI SUBURBAN,0.34,102.55,2.04,44.17287983
15-09-2020,MAHARASHTRA,NANDURBAR,0.74,1182.39,4.15,39.26849359
15-09-2020,MAHARASHTRA,NAGPUR,0.46,2081.02,3.33,41.07402171
15-09-2020,MAHARASHTRA,CHANDRAPUR,0.99,2522.54,6.58,43.61927966
15-09-2020,MAHARASHTRA,JALGAON,0.97,2665.43,5.95,44.33387232
15-09-2020,MAHARASHTRA,HINGOLI,0.59,1097.81,3.66,45.69317806
15-09-2020,MAHARASHTRA,AKOLA,0.37,1260.83,2.66,45.64132692
15-09-2020,MAHARASHTRA,AURANGABAD,1.09,2318.58,6.69,44.78991487
15-09-2020,MAHARASHTRA,DHULE,0.6,1567.31,3.73,42.72254251
15-09-2020,MAHARASHTRA,KOLHAPUR,3.07,1601.5,24.75,40.30903825
15-09-2020,MAHARASHTRA,RAIGARH,3.78,1543.13,25.66,41.95954607
15-09-2020,MAHARASHTRA,AMRAVATI,1.46,2805.47,12.06,45.01563299
15-09-2020,MAHARASHTRA,NANDED,0.7,2480.47,4.7,45.6360903
15-09-2020,MAHARASHTRA,SOLAPUR,0.62,3380.77,5.17,44.02753778
15-09-2020,MAHARASHTRA,AHMADNAGAR,1.23,3890.15,7.93,44.47969638
15-09-2020,MAHARASHTRA,THANE,4.13,2032.65,27.97,41.6715647
15-09-2020,MAHARASHTRA,SANGLI,0.88,1784.36,6.84,40.34124658
15-09-2020,MAHARASHTRA,WARDHA,0.31,1378.21,1.9,42.75754232
15-09-2020,MAHARASHTRA,BULDANA,1.25,2213.35,8.17,44.40465642
15-09-2020,MAHARASHTRA,SINDHUDURG,4.29,1054.63,29.96,40.08458562
14-09-2020,MAHARASHTRA,WASHIM,0.13,1231.57,0.82,46.34107768
14-09-2020,MAHARASHTRA,SATARA,1.34,2009.34,10.52,37.10334121
14-09-2020,MAHARASHTRA,PUNE,1.42,3468.27,8.6,43.11517076
14-09-2020,MAHARASHTRA,PARBHANI,0.34,1456.67,2.28,44.82816369
14-09-2020,MAHARASHTRA,JALNA,1.19,1755.03,7.33,44.11573073
14-09-2020,MAHARASHTRA,GONDIYA,0.32,1038.27,2.13,37.16589368
14-09-2020,MAHARASHTRA,MUMBAI,0,33.4,0,43.60510208
14-09-2020,MAHARASHTRA,NASHIK,2.06,3344.03,12.95,42.02642826
14-09-2020,MAHARASHTRA,GARHCHIROLI,2.44,2980.53,16.53,40.28775447
14-09-2020,MAHARASHTRA,RATNAGIRI,3.07,1660.47,20.78,38.93477528
14-09-2020,MAHARASHTRA,OSMANABAD,1.61,1731.34,15.64,44.48513119
14-09-2020,MAHARASHTRA,BID,1.79,2519.9,15.45,44.45215752
14-09-2020,MAHARASHTRA,LATUR,2.78,1526.74,24.73,43.98377725
14-09-2020,MAHARASHTRA,YAVATMAL,0.46,3055.29,3.24,44.13231561
14-09-2020,MAHARASHTRA,BHANDARA,0.59,754.81,3.87,38.31057689
14-09-2020,MAHARASHTRA,MUMBAI SUBURBAN,0.36,101.7,2.15,43.8044024
14-09-2020,MAHARASHTRA,NANDURBAR,0.9,1209.55,5.07,40.17076877
14-09-2020,MAHARASHTRA,NAGPUR,0.41,2054.47,2.99,40.54997598
14-09-2020,MAHARASHTRA,CHANDRAPUR,0.83,2453.52,5.5,42.42580353
14-09-2020,MAHARASHTRA,JALGAON,0.87,2611.71,5.33,43.44034784
14-09-2020,MAHARASHTRA,HINGOLI,0.59,1097.66,3.65,45.68722101
14-09-2020,MAHARASHTRA,AKOLA,0.36,1257.74,2.61,45.5297467
14-09-2020,MAHARASHTRA,AURANGABAD,1.05,2303.95,6.43,44.50725582
14-09-2020,MAHARASHTRA,DHULE,0.7,1587.5,4.43,43.27275978
14-09-2020,MAHARASHTRA,KOLHAPUR,3.33,1628.08,26.89,40.97789266
14-09-2020,MAHARASHTRA,RAIGARH,3.81,1546.11,25.82,42.04035971
14-09-2020,MAHARASHTRA,AMRAVATI,1.38,2786.59,11.37,44.71267073
14-09-2020,MAHARASHTRA,NANDED,0.69,2476.27,4.64,45.55887127
14-09-2020,MAHARASHTRA,SOLAPUR,0.48,3299.2,4.01,42.96526631
14-09-2020,MAHARASHTRA,AHMADNAGAR,1.15,3856.24,7.37,44.09203121
14-09-2020,MAHARASHTRA,THANE,4.39,2059.92,29.54,42.23064293
14-09-2020,MAHARASHTRA,SANGLI,0.66,1746.84,5.06,39.49314793
14-09-2020,MAHARASHTRA,WARDHA,0.35,1398.36,2.23,43.38267363
14-09-2020,MAHARASHTRA,BULDANA,1.22,2206.62,7.93,44.26965681
14-09-2020,MAHARASHTRA,SINDHUDURG,4.67,1077.01,32.65,40.93518332
13-09-2020,MAHARASHTRA,WASHIM,0.13,1219.26,0.81,45.87780121
13-09-2020,MAHARASHTRA,SATARA,0.83,1897.14,6.58,35.03151635
13-09-2020,MAHARASHTRA,PUNE,1.19,3372.4,7.12,41.92334368
13-09-2020,MAHARASHTRA,PARBHANI,0.27,1447.88,1.76,44.55764331
13-09-2020,MAHARASHTRA,JALNA,0.95,1706.1,5.72,42.88580275
13-09-2020,MAHARASHTRA,GONDIYA,0.65,1094.08,4.32,39.1633369
13-09-2020,MAHARASHTRA,MUMBAI,0,33.71,0,44.00634465
13-09-2020,MAHARASHTRA,NASHIK,2.15,3351.74,13.67,42.12328257
13-09-2020,MAHARASHTRA,GARHCHIROLI,2.73,3036.15,18.52,41.03962478
13-09-2020,MAHARASHTRA,RATNAGIRI,3.17,1668.66,21.5,39.12689311
13-09-2020,MAHARASHTRA,OSMANABAD,1.55,1702.88,15.04,43.75373376
13-09-2020,MAHARASHTRA,BID,1.71,2481.14,14.86,43.76846493
13-09-2020,MAHARASHTRA,LATUR,2.71,1513.18,24.06,43.5931424
13-09-2020,MAHARASHTRA,YAVATMAL,0.47,3066.17,3.25,44.28948357
13-09-2020,MAHARASHTRA,BHANDARA,0.99,799.62,6.48,40.58454479
13-09-2020,MAHARASHTRA,MUMBAI SUBURBAN,0.32,100.91,1.92,43.46320104
13-09-2020,MAHARASHTRA,NANDURBAR,1.16,1250.76,6.59,41.53933482
13-09-2020,MAHARASHTRA,NAGPUR,0.45,2071.78,3.08,40.8916345
13-09-2020,MAHARASHTRA,CHANDRAPUR,0.86,2487.82,5.69,43.01877558
13-09-2020,MAHARASHTRA,JALGAON,0.83,2615.79,5.02,43.50816667
13-09-2020,MAHARASHTRA,HINGOLI,0.52,1071.08,3.15,44.58088177
13-09-2020,MAHARASHTRA,AKOLA,0.29,1234.83,2.07,44.70037218
13-09-2020,MAHARASHTRA,AURANGABAD,0.93,2248.97,5.63,43.44505993
13-09-2020,MAHARASHTRA,DHULE,0.74,1606.71,4.7,43.79644109
13-09-2020,MAHARASHTRA,KOLHAPUR,3.48,1634.57,28.04,41.14141938
13-09-2020,MAHARASHTRA,RAIGARH,3.37,1505.3,22.81,40.93080804
13-09-2020,MAHARASHTRA,AMRAVATI,1.14,2701.56,9.26,43.34836245
13-09-2020,MAHARASHTRA,NANDED,0.59,2451.92,3.99,45.1108774
13-09-2020,MAHARASHTRA,SOLAPUR,0.32,3179.01,2.71,41.4000655
13-09-2020,MAHARASHTRA,AHMADNAGAR,0.93,3740.42,5.98,42.76769998
13-09-2020,MAHARASHTRA,THANE,4.05,2019.06,27.11,41.39300404
13-09-2020,MAHARASHTRA,SANGLI,0.4,1677.36,2.97,37.92214712
13-09-2020,MAHARASHTRA,WARDHA,0.36,1406.33,2.26,43.62988442
13-09-2020,MAHARASHTRA,BULDANA,1.04,2161.8,6.63,43.37049953
13-09-2020,MAHARASHTRA,SINDHUDURG,4.91,1090.47,34.42,41.44685572
12-09-2020,MAHARASHTRA,WASHIM,0.07,1172.09,0.45,44.10300913
12-09-2020,MAHARASHTRA,SATARA,0.82,1893.66,6.57,34.96730756
12-09-2020,MAHARASHTRA,PUNE,1.07,3294.03,6.39,40.94913346
12-09-2020,MAHARASHTRA,PARBHANI,0.11,1345.03,0.72,41.39249792
12-09-2020,MAHARASHTRA,JALNA,0.5,1574.81,2.9,39.58562768
12-09-2020,MAHARASHTRA,GONDIYA,0.95,1135.32,6.32,40.63980504
12-09-2020,MAHARASHTRA,MUMBAI,0,33.12,0,43.2412698
12-09-2020,MAHARASHTRA,NASHIK,1.8,3245.31,11.31,40.78579725
12-09-2020,MAHARASHTRA,GARHCHIROLI,3.28,3133.86,22.34,42.36036709
12-09-2020,MAHARASHTRA,RATNAGIRI,3.8,1732.97,25.78,40.63479524
12-09-2020,MAHARASHTRA,OSMANABAD,1.27,1642.16,12.22,42.19358757
12-09-2020,MAHARASHTRA,BID,1.5,2402.1,13.07,42.37407297
12-09-2020,MAHARASHTRA,LATUR,2.49,1482.58,22.08,42.71160675
12-09-2020,MAHARASHTRA,YAVATMAL,0.39,2955,2.73,42.6836765
12-09-2020,MAHARASHTRA,BHANDARA,1.21,829.54,7.99,42.10355466
12-09-2020,MAHARASHTRA,MUMBAI SUBURBAN,0.3,99.65,1.81,42.92290829
12-09-2020,MAHARASHTRA,NANDURBAR,0.63,1165.87,3.59,38.71983067
12-09-2020,MAHARASHTRA,NAGPUR,0.61,2130.89,4.21,42.05846625
12-09-2020,MAHARASHTRA,CHANDRAPUR,0.85,2446.61,5.61,42.30631838
12-09-2020,MAHARASHTRA,JALGAON,0.57,2462.98,3.39,40.96641115
12-09-2020,MAHARASHTRA,HINGOLI,0.37,1039.5,2.24,43.26647119
12-09-2020,MAHARASHTRA,AKOLA,0.29,1191.69,2.02,43.13855128
12-09-2020,MAHARASHTRA,AURANGABAD,0.71,2163.63,4.16,41.79654781
12-09-2020,MAHARASHTRA,DHULE,0.55,1522.3,3.44,41.49568758
12-09-2020,MAHARASHTRA,KOLHAPUR,3.71,1661.04,29.96,41.80752807
12-09-2020,MAHARASHTRA,RAIGARH,3.47,1514.72,23.5,41.1869839
12-09-2020,MAHARASHTRA,AMRAVATI,1.22,2660.33,9.93,42.68671618
12-09-2020,MAHARASHTRA,NANDED,0.35,2350.77,2.32,43.2498677
12-09-2020,MAHARASHTRA,SOLAPUR,0.17,3072.86,1.48,40.01771266
12-09-2020,MAHARASHTRA,AHMADNAGAR,0.75,3616.48,4.8,41.35061949
12-09-2020,MAHARASHTRA,THANE,3.85,1996.73,25.74,40.93523968
12-09-2020,MAHARASHTRA,SANGLI,0.42,1684.11,3.14,38.0748292
12-09-2020,MAHARASHTRA,WARDHA,0.19,1344.84,1.16,41.72215614
12-09-2020,MAHARASHTRA,BULDANA,0.77,2066.3,4.71,41.45459112
12-09-2020,MAHARASHTRA,SINDHUDURG,5.09,1100.06,35.71,41.81134068
11-09-2020,MAHARASHTRA,WASHIM,0.11,1209.8,0.71,45.52179201
11-09-2020,MAHARASHTRA,SATARA,1,1937.34,7.99,35.77376342
11-09-2020,MAHARASHTRA,PUNE,1.32,3407.82,8.01,42.36367289
11-09-2020,MAHARASHTRA,PARBHANI,0.14,1340.8,0.92,41.26231266
11-09-2020,MAHARASHTRA,JALNA,0.78,1629.54,4.72,40.96132262
11-09-2020,MAHARASHTRA,GONDIYA,1.37,1194.51,9.23,42.75863009
11-09-2020,MAHARASHTRA,MUMBAI,0,34.71,0,45.31979943
11-09-2020,MAHARASHTRA,NASHIK,2.38,3422.7,15.22,43.01512849
11-09-2020,MAHARASHTRA,GARHCHIROLI,3.72,3207.44,25.29,43.35490319
11-09-2020,MAHARASHTRA,RATNAGIRI,4.14,1770.3,28.19,41.51007954
11-09-2020,MAHARASHTRA,OSMANABAD,1.02,1586.89,9.76,40.77347453
11-09-2020,MAHARASHTRA,BID,1.42,2393.86,12.34,42.22873782
11-09-2020,MAHARASHTRA,LATUR,2.12,1448.29,18.43,41.72380484
11-09-2020,MAHARASHTRA,YAVATMAL,0.43,3021.07,3.04,43.63803223
11-09-2020,MAHARASHTRA,BHANDARA,1.51,858.73,10,43.58482637
11-09-2020,MAHARASHTRA,MUMBAI SUBURBAN,0.4,104.35,2.41,44.94583072
11-09-2020,MAHARASHTRA,NANDURBAR,0.97,1222.11,5.53,40.58766362
11-09-2020,MAHARASHTRA,NAGPUR,0.92,2254.39,6.49,44.49598448
11-09-2020,MAHARASHTRA,CHANDRAPUR,1.02,2507.5,6.73,43.35916225
11-09-2020,MAHARASHTRA,JALGAON,0.77,2565.79,4.66,42.67648869
11-09-2020,MAHARASHTRA,HINGOLI,0.39,1057.66,2.4,44.02199175
11-09-2020,MAHARASHTRA,AKOLA,0.33,1219.2,2.39,44.1343146
11-09-2020,MAHARASHTRA,AURANGABAD,0.97,2255.84,5.88,43.57784523
11-09-2020,MAHARASHTRA,DHULE,0.79,1583.18,5.02,43.15501368
11-09-2020,MAHARASHTRA,KOLHAPUR,3.65,1649.52,29.5,41.51753333
11-09-2020,MAHARASHTRA,RAIGARH,4.04,1578.47,27.34,42.9202563
11-09-2020,MAHARASHTRA,AMRAVATI,1.42,2748.93,11.67,44.1084717
11-09-2020,MAHARASHTRA,NANDED,0.29,2270.09,1.93,41.76549046
11-09-2020,MAHARASHTRA,SOLAPUR,0.07,2912.13,0.55,37.92447684
11-09-2020,MAHARASHTRA,AHMADNAGAR,0.92,3745.72,6.05,42.82836895
11-09-2020,MAHARASHTRA,THANE,4.57,2081.3,30.67,42.66898325
11-09-2020,MAHARASHTRA,SANGLI,0.27,1604.3,2.13,36.27042623
11-09-2020,MAHARASHTRA,WARDHA,0.3,1390.57,1.94,43.1407608
11-09-2020,MAHARASHTRA,BULDANA,1.14,2176.92,7.1,43.6738414
11-09-2020,MAHARASHTRA,SINDHUDURG,5.33,1114.58,37.37,42.36314991
10-09-2020,MAHARASHTRA,WASHIM,0.13,1229.35,0.8,46.2575381
10-09-2020,MAHARASHTRA,SATARA,1.24,1998.21,9.91,36.8977331
10-09-2020,MAHARASHTRA,PUNE,1.23,3380.4,7.47,42.02278889
10-09-2020,MAHARASHTRA,PARBHANI,0.15,1376.68,0.97,42.36652385
10-09-2020,MAHARASHTRA,JALNA,0.95,1680.51,5.81,42.24260991
10-09-2020,MAHARASHTRA,GONDIYA,0.95,1167.62,6.65,41.79578248
10-09-2020,MAHARASHTRA,MUMBAI,0,34.59,0,45.15646972
10-09-2020,MAHARASHTRA,NASHIK,2.37,3420.24,15.11,42.98414985
10-09-2020,MAHARASHTRA,GARHCHIROLI,3.61,3190.96,24.61,43.13217712
10-09-2020,MAHARASHTRA,RATNAGIRI,4.31,1793.21,29.49,42.04719331
10-09-2020,MAHARASHTRA,OSMANABAD,0.85,1582.69,8.1,40.6656401
10-09-2020,MAHARASHTRA,BID,1.21,2340.99,10.52,41.29619612
10-09-2020,MAHARASHTRA,LATUR,1.36,1372.9,11.9,39.55202686
10-09-2020,MAHARASHTRA,YAVATMAL,0.44,3051.55,3.09,44.07835998
10-09-2020,MAHARASHTRA,BHANDARA,0.99,814.17,6.47,41.32345988
10-09-2020,MAHARASHTRA,MUMBAI SUBURBAN,0.39,103.82,2.37,44.71713455
10-09-2020,MAHARASHTRA,NANDURBAR,1.04,1246.51,5.97,41.39798571
10-09-2020,MAHARASHTRA,NAGPUR,0.9,2251.61,6.31,44.44118649
10-09-2020,MAHARASHTRA,CHANDRAPUR,0.94,2502.77,6.27,43.27729423
10-09-2020,MAHARASHTRA,JALGAON,0.76,2616.02,4.58,43.51204053
10-09-2020,MAHARASHTRA,HINGOLI,0.37,1065.29,2.25,44.33952869
10-09-2020,MAHARASHTRA,AKOLA,0.3,1227.89,2.1,44.44893861
10-09-2020,MAHARASHTRA,AURANGABAD,0.98,2268.19,6.01,43.81651712
10-09-2020,MAHARASHTRA,DHULE,0.82,1607.7,5.21,43.82355828
10-09-2020,MAHARASHTRA,KOLHAPUR,3.78,1664.31,30.62,41.88972202
10-09-2020,MAHARASHTRA,RAIGARH,3.94,1561.14,26.71,42.44903425
10-09-2020,MAHARASHTRA,AMRAVATI,1.21,2725.96,9.67,43.73982958
10-09-2020,MAHARASHTRA,NANDED,0.25,2289.5,1.68,42.12260421
10-09-2020,MAHARASHTRA,SOLAPUR,0.1,3001.59,0.84,39.08952613
10-09-2020,MAHARASHTRA,AHMADNAGAR,0.86,3710.86,5.64,42.42974616
10-09-2020,MAHARASHTRA,THANE,4.5,2074.12,30.21,42.52174493
10-09-2020,MAHARASHTRA,SANGLI,0.41,1648.94,3.31,37.27961766
10-09-2020,MAHARASHTRA,WARDHA,0.3,1404.57,1.93,43.57513326
10-09-2020,MAHARASHTRA,BULDANA,1.18,2196.72,7.38,44.07119078
10-09-2020,MAHARASHTRA,SINDHUDURG,5.43,1121.63,38,42.63142658
09-09-2020,MAHARASHTRA,WASHIM,0.08,1178.59,0.49,44.34723671
09-09-2020,MAHARASHTRA,SATARA,1.19,2000.84,9.42,36.94629787
09-09-2020,MAHARASHTRA,PUNE,1.21,3373.76,7.26,41.94028807
09-09-2020,MAHARASHTRA,PARBHANI,0.07,1235.7,0.44,38.02806424
09-09-2020,MAHARASHTRA,JALNA,0.71,1629.5,4.22,40.96018592
09-09-2020,MAHARASHTRA,GONDIYA,0.68,1105.92,4.55,39.58735694
09-09-2020,MAHARASHTRA,MUMBAI,0,34.53,0,45.08063936
09-09-2020,MAHARASHTRA,NASHIK,2.04,3338.13,12.84,41.95227878
09-09-2020,MAHARASHTRA,GARHCHIROLI,3.53,3174.11,24.07,42.9043804
09-09-2020,MAHARASHTRA,RATNAGIRI,4.22,1785.12,28.88,41.85748925
09-09-2020,MAHARASHTRA,OSMANABAD,0.55,1512.18,5.27,38.8538572
09-09-2020,MAHARASHTRA,BID,1.01,2340.04,8.55,41.27940474
09-09-2020,MAHARASHTRA,LATUR,0.55,1241.12,4.72,35.75561551
09-09-2020,MAHARASHTRA,YAVATMAL,0.38,2994.55,2.65,43.25499931
09-09-2020,MAHARASHTRA,BHANDARA,0.72,782.94,4.74,39.73806933
09-09-2020,MAHARASHTRA,MUMBAI SUBURBAN,0.34,103.49,2.08,44.57544058
09-09-2020,MAHARASHTRA,NANDURBAR,0.08,975.09,0.49,32.38389165
09-09-2020,MAHARASHTRA,NAGPUR,0.5,2128.93,3.47,42.01961328
09-09-2020,MAHARASHTRA,CHANDRAPUR,0.85,2479.42,5.66,42.87364496
09-09-2020,MAHARASHTRA,JALGAON,0.35,2373.05,2.06,39.47074344
09-09-2020,MAHARASHTRA,HINGOLI,0.33,1025.25,2.04,42.6732556
09-09-2020,MAHARASHTRA,AKOLA,0.16,1175.22,1.03,42.54260074
09-09-2020,MAHARASHTRA,AURANGABAD,0.85,2212.58,5.12,42.74222754
09-09-2020,MAHARASHTRA,DHULE,0.47,1451.9,2.91,39.5766507
09-09-2020,MAHARASHTRA,KOLHAPUR,3.57,1652.73,28.61,41.59850396
09-09-2020,MAHARASHTRA,RAIGARH,3.82,1551.84,25.93,42.1963101
09-09-2020,MAHARASHTRA,AMRAVATI,0.65,2584.96,5.1,41.47736255
09-09-2020,MAHARASHTRA,NANDED,0.15,2106.87,0.97,38.76268455
09-09-2020,MAHARASHTRA,SOLAPUR,0.05,2919.47,0.41,38.02005066
09-09-2020,MAHARASHTRA,AHMADNAGAR,0.77,3670.51,4.97,41.96843875
09-09-2020,MAHARASHTRA,THANE,4.12,2033.55,27.67,41.69009779
09-09-2020,MAHARASHTRA,SANGLI,0.5,1676,4.09,37.89156108
09-09-2020,MAHARASHTRA,WARDHA,0.14,1331.59,0.9,41.31106263
09-09-2020,MAHARASHTRA,BULDANA,0.76,2071.61,4.5,41.56116705
09-09-2020,MAHARASHTRA,SINDHUDURG,5.41,1121.63,37.9,42.63128139
08-09-2020,MAHARASHTRA,WASHIM,0.09,1138.65,0.57,42.84460996
08-09-2020,MAHARASHTRA,SATARA,0.71,1910.59,5.7,35.27986294
08-09-2020,MAHARASHTRA,PUNE,1.14,3343.34,6.84,41.56211667
08-09-2020,MAHARASHTRA,PARBHANI,0.06,1238.54,0.34,38.11532534
08-09-2020,MAHARASHTRA,JALNA,0.59,1580.48,3.53,39.72808617
08-09-2020,MAHARASHTRA,GONDIYA,0.24,997.43,1.61,35.70364408
08-09-2020,MAHARASHTRA,MUMBAI,0,34.48,0,45.02008377
08-09-2020,MAHARASHTRA,NASHIK,1.98,3327.79,12.45,41.82232711
08-09-2020,MAHARASHTRA,GARHCHIROLI,1.84,2805.69,12.46,37.92444236
08-09-2020,MAHARASHTRA,RATNAGIRI,3.5,1710.91,23.78,40.11759843
08-09-2020,MAHARASHTRA,OSMANABAD,0.45,1503.04,4.3,38.61901445
08-09-2020,MAHARASHTRA,BID,0.44,2149.69,3.83,37.92141656
08-09-2020,MAHARASHTRA,LATUR,0.45,1226.95,3.94,35.34728036
08-09-2020,MAHARASHTRA,YAVATMAL,0.26,2857.84,1.81,41.28029752
08-09-2020,MAHARASHTRA,BHANDARA,0.44,714.16,2.83,36.247217
08-09-2020,MAHARASHTRA,MUMBAI SUBURBAN,0.31,101.83,1.89,43.86164594
08-09-2020,MAHARASHTRA,NANDURBAR,0.09,982.33,0.56,32.62420165
08-09-2020,MAHARASHTRA,NAGPUR,0.4,2050.58,2.8,40.47320916
08-09-2020,MAHARASHTRA,CHANDRAPUR,0.34,2206.01,2.26,38.14575882
08-09-2020,MAHARASHTRA,JALGAON,0.28,2318.99,1.62,38.57141393
08-09-2020,MAHARASHTRA,HINGOLI,0.34,1030.42,2.08,42.88828622
08-09-2020,MAHARASHTRA,AKOLA,0.06,1078.46,0.36,39.0397799
08-09-2020,MAHARASHTRA,AURANGABAD,0.8,2187.14,4.8,42.2507533
08-09-2020,MAHARASHTRA,DHULE,0.42,1441.62,2.58,39.29649963
08-09-2020,MAHARASHTRA,KOLHAPUR,3.37,1634.13,26.66,41.13035501
08-09-2020,MAHARASHTRA,RAIGARH,3.68,1535.94,25.13,41.7638161
08-09-2020,MAHARASHTRA,AMRAVATI,0.39,2449.03,3.05,39.29625795
08-09-2020,MAHARASHTRA,NANDED,0.11,2122.71,0.71,39.05400648
08-09-2020,MAHARASHTRA,SOLAPUR,0.05,2884.86,0.42,37.56942401
08-09-2020,MAHARASHTRA,AHMADNAGAR,0.73,3640.2,4.72,41.62177394
08-09-2020,MAHARASHTRA,THANE,3.98,2016.29,26.81,41.33628308
08-09-2020,MAHARASHTRA,SANGLI,0.45,1678.74,3.59,37.95348493
08-09-2020,MAHARASHTRA,WARDHA,0.08,1252.23,0.46,38.84889968
08-09-2020,MAHARASHTRA,BULDANA,0.67,2014.1,3.97,40.40740113
08-09-2020,MAHARASHTRA,SINDHUDURG,5.37,1120.06,37.53,42.57150426
07-09-2020,MAHARASHTRA,WASHIM,0.11,1176.46,0.68,44.26744102
07-09-2020,MAHARASHTRA,SATARA,0.34,1782.57,2.59,32.91584895
07-09-2020,MAHARASHTRA,PUNE,0.97,3288.75,5.86,40.88354678
07-09-2020,MAHARASHTRA,PARBHANI,0.08,1246.62,0.54,38.36401553
07-09-2020,MAHARASHTRA,JALNA,0.8,1635.74,4.89,41.11705463
07-09-2020,MAHARASHTRA,GONDIYA,0.36,1020.28,2.41,36.52162722
07-09-2020,MAHARASHTRA,MUMBAI,0,34.43,0,44.95234131
07-09-2020,MAHARASHTRA,NASHIK,2.23,3397.56,14.16,42.69914485
07-09-2020,MAHARASHTRA,GARHCHIROLI,1.64,2734.07,11.01,36.95635269
07-09-2020,MAHARASHTRA,RATNAGIRI,3.46,1702.72,23.44,39.92554275
07-09-2020,MAHARASHTRA,OSMANABAD,0.51,1519.94,4.82,39.05335358
07-09-2020,MAHARASHTRA,BID,0.65,2247.03,5.6,39.63856684
07-09-2020,MAHARASHTRA,LATUR,0.35,1206.46,3,34.75686882
07-09-2020,MAHARASHTRA,YAVATMAL,0.27,2869.49,1.88,41.44860841
07-09-2020,MAHARASHTRA,BHANDARA,0.51,730.59,3.31,37.08131662
07-09-2020,MAHARASHTRA,MUMBAI SUBURBAN,0.39,103.36,2.33,44.52081566
07-09-2020,MAHARASHTRA,NANDURBAR,0.16,1027.51,0.97,34.12482149
07-09-2020,MAHARASHTRA,NAGPUR,0.44,2088.81,3,41.22780118
07-09-2020,MAHARASHTRA,CHANDRAPUR,0.35,2185.33,2.27,37.78822711
07-09-2020,MAHARASHTRA,JALGAON,0.46,2413.68,2.69,40.14642363
07-09-2020,MAHARASHTRA,HINGOLI,0.35,1035,2.15,43.07904583
07-09-2020,MAHARASHTRA,AKOLA,0.1,1114.68,0.62,40.35107726
07-09-2020,MAHARASHTRA,AURANGABAD,0.9,2231.71,5.48,43.11166925
07-09-2020,MAHARASHTRA,DHULE,0.65,1517.96,4.11,41.37731529
07-09-2020,MAHARASHTRA,KOLHAPUR,3,1584.86,23.47,39.8901866
07-09-2020,MAHARASHTRA,RAIGARH,3.78,1547.61,25.74,42.08115179
07-09-2020,MAHARASHTRA,AMRAVATI,0.42,2483.64,3.22,39.85162212
07-09-2020,MAHARASHTRA,NANDED,0.12,2059.48,0.8,37.8906689
07-09-2020,MAHARASHTRA,SOLAPUR,0.06,2876.16,0.47,37.45614495
07-09-2020,MAHARASHTRA,AHMADNAGAR,0.92,3740.84,5.98,42.7725866
07-09-2020,MAHARASHTRA,THANE,4.33,2056.43,29.15,42.15924998
07-09-2020,MAHARASHTRA,SANGLI,0.24,1610.05,1.94,36.40038202
07-09-2020,MAHARASHTRA,WARDHA,0.1,1282.84,0.64,39.7987302
07-09-2020,MAHARASHTRA,BULDANA,0.84,2079.47,5.03,41.71871349
07-09-2020,MAHARASHTRA,SINDHUDURG,5.3,1115.58,37.08,42.40135596
06-09-2020,MAHARASHTRA,WASHIM,0.1,1155.32,0.61,43.47192449
06-09-2020,MAHARASHTRA,SATARA,0.64,1883.8,5.1,34.78519484
06-09-2020,MAHARASHTRA,PUNE,1.04,3361.95,6.29,41.79352064
06-09-2020,MAHARASHTRA,PARBHANI,0.03,1245.23,0.19,38.32114828
06-09-2020,MAHARASHTRA,JALNA,0.85,1639.25,5.18,41.20545258
06-09-2020,MAHARASHTRA,GONDIYA,0.41,1037.8,2.78,37.14890749
06-09-2020,MAHARASHTRA,MUMBAI,0,34.63,0,45.20992128
06-09-2020,MAHARASHTRA,NASHIK,2.28,3402.61,14.48,42.76264347
06-09-2020,MAHARASHTRA,GARHCHIROLI,2.1,2852.76,14.11,38.5607469
06-09-2020,MAHARASHTRA,RATNAGIRI,4.08,1772.46,27.95,41.56073283
06-09-2020,MAHARASHTRA,OSMANABAD,0.54,1549.75,5.01,39.81932103
06-09-2020,MAHARASHTRA,BID,0.52,2204.51,4.5,38.88852958
06-09-2020,MAHARASHTRA,LATUR,0.75,1281.22,6.47,36.91085929
06-09-2020,MAHARASHTRA,YAVATMAL,0.32,2942.7,2.31,42.50599969
06-09-2020,MAHARASHTRA,BHANDARA,0.59,746.62,3.85,37.89473681
06-09-2020,MAHARASHTRA,MUMBAI SUBURBAN,0.38,103.78,2.3,44.70208462
06-09-2020,MAHARASHTRA,NANDURBAR,0.24,1074.45,1.5,35.6838639
06-09-2020,MAHARASHTRA,NAGPUR,0.4,2071.84,2.55,40.89292016
06-09-2020,MAHARASHTRA,CHANDRAPUR,0.49,2256.65,3.18,39.02151923
06-09-2020,MAHARASHTRA,JALGAON,0.54,2473.78,3.2,41.14607904
06-09-2020,MAHARASHTRA,HINGOLI,0.16,957.68,0.91,39.86083659
06-09-2020,MAHARASHTRA,AKOLA,0.15,1156.04,0.96,41.8481173
06-09-2020,MAHARASHTRA,AURANGABAD,0.88,2227.33,5.38,43.02717275
06-09-2020,MAHARASHTRA,DHULE,0.79,1569.77,5.04,42.78964103
06-09-2020,MAHARASHTRA,KOLHAPUR,3,1592.42,23.46,40.08051744
06-09-2020,MAHARASHTRA,RAIGARH,3.54,1522.61,24.28,41.40156927
06-09-2020,MAHARASHTRA,AMRAVATI,0.24,2466.68,1.84,39.57946366
06-09-2020,MAHARASHTRA,NANDED,0.11,2062.8,0.78,37.95170968
06-09-2020,MAHARASHTRA,SOLAPUR,0.04,2722.17,0.28,35.45065008
06-09-2020,MAHARASHTRA,AHMADNAGAR,0.89,3746.7,5.8,42.8395545
06-09-2020,MAHARASHTRA,THANE,4.09,2029.71,27.68,41.61127594
06-09-2020,MAHARASHTRA,SANGLI,0.31,1613.61,2.62,36.48099901
06-09-2020,MAHARASHTRA,WARDHA,0.13,1317.89,0.85,40.88612186
06-09-2020,MAHARASHTRA,BULDANA,0.86,2103.72,5.17,42.20540606
06-09-2020,MAHARASHTRA,SINDHUDURG,5.32,1116.63,37.17,42.44129206
05-09-2020,MAHARASHTRA,WASHIM,0,1054.52,0,39.67903576
05-09-2020,MAHARASHTRA,SATARA,0.01,1470.57,0.1,27.1547832
05-09-2020,MAHARASHTRA,PUNE,0.23,2652.52,1.41,32.9742827
05-09-2020,MAHARASHTRA,PARBHANI,0,1118.83,0,34.43129396
05-09-2020,MAHARASHTRA,JALNA,0.01,1337.93,0.07,33.63114994
05-09-2020,MAHARASHTRA,GONDIYA,0.46,1055.3,3.11,37.77514888
05-09-2020,MAHARASHTRA,MUMBAI,0,33.01,0,43.09614272
05-09-2020,MAHARASHTRA,NASHIK,1.93,3296.69,12.3,41.43150893
05-09-2020,MAHARASHTRA,GARHCHIROLI,2.65,2993.53,17.91,40.46343586
05-09-2020,MAHARASHTRA,RATNAGIRI,2.62,1613.21,17.7,37.82665274
05-09-2020,MAHARASHTRA,OSMANABAD,0,1269.86,0.03,32.62772968
05-09-2020,MAHARASHTRA,BID,0.02,1904.05,0.21,33.58827013
05-09-2020,MAHARASHTRA,LATUR,0,1053.88,0,30.36117893
05-09-2020,MAHARASHTRA,YAVATMAL,0.09,2720.41,0.66,39.29509396
05-09-2020,MAHARASHTRA,BHANDARA,0.81,765.31,5.27,38.84356517
05-09-2020,MAHARASHTRA,MUMBAI SUBURBAN,0.15,97.3,0.92,41.90806934
05-09-2020,MAHARASHTRA,NANDURBAR,0.22,1077.69,1.32,35.79126155
05-09-2020,MAHARASHTRA,NAGPUR,0.55,2143.39,3.6,42.30520631
05-09-2020,MAHARASHTRA,CHANDRAPUR,0.59,2319.11,3.87,40.1014965
05-09-2020,MAHARASHTRA,JALGAON,0.33,2385.58,1.99,39.6791137
05-09-2020,MAHARASHTRA,HINGOLI,0,875.76,0,36.45120419
05-09-2020,MAHARASHTRA,AKOLA,0.08,1069.33,0.46,38.70916876
05-09-2020,MAHARASHTRA,AURANGABAD,0.25,2012.37,1.44,38.87463025
05-09-2020,MAHARASHTRA,DHULE,0.76,1558.61,4.86,42.48526964
05-09-2020,MAHARASHTRA,KOLHAPUR,1.32,1396.18,9.99,35.14122363
05-09-2020,MAHARASHTRA,RAIGARH,1.53,1314.02,11.07,35.72956798
05-09-2020,MAHARASHTRA,AMRAVATI,0.14,2298.15,1.25,36.8753781
05-09-2020,MAHARASHTRA,NANDED,0.04,1952.44,0.33,35.92128059
05-09-2020,MAHARASHTRA,SOLAPUR,0,2306.8,0,30.04138197
05-09-2020,MAHARASHTRA,AHMADNAGAR,0.21,3097.81,1.35,35.4201851
05-09-2020,MAHARASHTRA,THANE,3.33,1937.45,22.91,39.71999181
05-09-2020,MAHARASHTRA,SANGLI,0.05,1444.6,0.4,32.6598356
05-09-2020,MAHARASHTRA,WARDHA,0.05,1247.13,0.28,38.69076334
05-09-2020,MAHARASHTRA,BULDANA,0.24,1851.41,1.41,37.14350423
05-09-2020,MAHARASHTRA,SINDHUDURG,3.24,995.44,22.74,37.83499987
04-09-2020,MAHARASHTRA,WASHIM,0,1019.02,0,38.34310281
04-09-2020,MAHARASHTRA,SATARA,0,1458.62,0.02,26.93411817
04-09-2020,MAHARASHTRA,PUNE,0.21,2630.12,1.25,32.69581784
04-09-2020,MAHARASHTRA,PARBHANI,0,1145.67,0,35.25728545
04-09-2020,MAHARASHTRA,JALNA,0,1307.24,0,32.8597276
04-09-2020,MAHARASHTRA,GONDIYA,0.47,1055.8,3.17,37.79321525
04-09-2020,MAHARASHTRA,MUMBAI,0,32.33,0,42.20185064
04-09-2020,MAHARASHTRA,NASHIK,1.04,2952.09,6.39,37.10065037
04-09-2020,MAHARASHTRA,GARHCHIROLI,2.08,2893.53,14.11,39.11179092
04-09-2020,MAHARASHTRA,RATNAGIRI,1.78,1514.82,12.17,35.51958641
04-09-2020,MAHARASHTRA,OSMANABAD,0.02,1306.79,0.18,33.57673456
04-09-2020,MAHARASHTRA,BID,0.05,1954.51,0.47,34.47842704
04-09-2020,MAHARASHTRA,LATUR,0,1091.68,0,31.45015315
04-09-2020,MAHARASHTRA,YAVATMAL,0.1,2689.23,0.73,38.84471088
04-09-2020,MAHARASHTRA,BHANDARA,0.73,762.92,4.75,38.72207079
04-09-2020,MAHARASHTRA,MUMBAI SUBURBAN,0.16,96.35,0.97,41.50115436
04-09-2020,MAHARASHTRA,NANDURBAR,0.2,1094.03,1.15,36.33420851
04-09-2020,MAHARASHTRA,NAGPUR,0.33,1967.16,2.15,38.8268127
04-09-2020,MAHARASHTRA,CHANDRAPUR,0.34,2238.04,2.21,38.69974581
04-09-2020,MAHARASHTRA,JALGAON,0.05,2293.9,0.26,38.15422355
04-09-2020,MAHARASHTRA,HINGOLI,0,866.22,0,36.0539582
04-09-2020,MAHARASHTRA,AKOLA,0.08,1069.07,0.49,38.69981072
04-09-2020,MAHARASHTRA,AURANGABAD,0.02,1806.19,0.09,34.89169193
04-09-2020,MAHARASHTRA,DHULE,0.52,1484.82,3.22,40.4739852
04-09-2020,MAHARASHTRA,KOLHAPUR,1.93,1477.68,14.86,37.19244774
04-09-2020,MAHARASHTRA,RAIGARH,1.46,1288.27,10.53,35.02943868
04-09-2020,MAHARASHTRA,AMRAVATI,0,2155.8,0,34.59120956
04-09-2020,MAHARASHTRA,NANDED,0.04,1977.73,0.33,36.38665806
04-09-2020,MAHARASHTRA,SOLAPUR,0,2374.91,0,30.92828455
04-09-2020,MAHARASHTRA,AHMADNAGAR,0.19,3097.1,1.24,35.41210594
04-09-2020,MAHARASHTRA,THANE,3.53,1957.96,23.96,40.14047872
04-09-2020,MAHARASHTRA,SANGLI,0.08,1486.85,0.62,33.61508645
04-09-2020,MAHARASHTRA,WARDHA,0.01,1176.16,0.04,36.48897929
04-09-2020,MAHARASHTRA,BULDANA,0.22,1831.14,1.28,36.73665719
04-09-2020,MAHARASHTRA,SINDHUDURG,4.13,1048,28.99,39.83262137
03-09-2020,MAHARASHTRA,WASHIM,0,1033.11,0.01,38.87345742
03-09-2020,MAHARASHTRA,SATARA,0.03,1486.36,0.23,27.44626591
03-09-2020,MAHARASHTRA,PUNE,0.32,2729.91,1.9,33.93636424
03-09-2020,MAHARASHTRA,PARBHANI,0,1181.5,0,36.35996227
03-09-2020,MAHARASHTRA,JALNA,0,1350.99,0,33.9595125
03-09-2020,MAHARASHTRA,GONDIYA,0.83,1111.48,5.56,39.78641242
03-09-2020,MAHARASHTRA,MUMBAI,0,31.95,0,41.71538364
03-09-2020,MAHARASHTRA,NASHIK,0.29,2725.29,1.78,34.25028937
03-09-2020,MAHARASHTRA,GARHCHIROLI,1.47,2724.07,9.82,36.8212675
03-09-2020,MAHARASHTRA,RATNAGIRI,1.63,1495.08,11.21,35.05679594
03-09-2020,MAHARASHTRA,OSMANABAD,0.18,1375,1.7,35.32925831
03-09-2020,MAHARASHTRA,BID,0.34,2066.16,3.12,36.44799148
03-09-2020,MAHARASHTRA,LATUR,0.08,1143.72,0.66,32.94959678
03-09-2020,MAHARASHTRA,YAVATMAL,0.16,2794.44,1.25,40.36449474
03-09-2020,MAHARASHTRA,BHANDARA,1.02,791.73,6.69,40.18406387
03-09-2020,MAHARASHTRA,MUMBAI SUBURBAN,0.15,95.22,0.91,41.01450303
03-09-2020,MAHARASHTRA,NANDURBAR,0.02,1026.76,0.11,34.09997355
03-09-2020,MAHARASHTRA,NAGPUR,0.53,2037.17,3.61,40.20850064
03-09-2020,MAHARASHTRA,CHANDRAPUR,0.42,2268.7,2.72,39.22993027
03-09-2020,MAHARASHTRA,JALGAON,0,2134.89,0.02,35.50939137
03-09-2020,MAHARASHTRA,HINGOLI,0,891.4,0,37.10202467
03-09-2020,MAHARASHTRA,AKOLA,0,1017.83,0,36.84496727
03-09-2020,MAHARASHTRA,AURANGABAD,0.05,1852.18,0.29,35.78005591
03-09-2020,MAHARASHTRA,DHULE,0.01,1301.75,0.07,35.48377054
03-09-2020,MAHARASHTRA,KOLHAPUR,2.54,1557.17,19.86,39.19306454
03-09-2020,MAHARASHTRA,RAIGARH,1.66,1301.29,11.79,35.38353545
03-09-2020,MAHARASHTRA,AMRAVATI,0.01,2218.74,0.08,35.60122339
03-09-2020,MAHARASHTRA,NANDED,0.08,2037.77,0.58,37.49127733
03-09-2020,MAHARASHTRA,SOLAPUR,0,2452.72,0.03,31.94159656
03-09-2020,MAHARASHTRA,AHMADNAGAR,0.14,3168.05,0.99,36.22330973
03-09-2020,MAHARASHTRA,THANE,2.9,1885.71,19.62,38.65930099
03-09-2020,MAHARASHTRA,SANGLI,0.22,1562.98,1.71,35.33640255
03-09-2020,MAHARASHTRA,WARDHA,0.05,1226.04,0.29,38.03649792
03-09-2020,MAHARASHTRA,BULDANA,0,1709.94,0,34.30513112
03-09-2020,MAHARASHTRA,SINDHUDURG,4.7,1082.57,32.88,41.14651269
02-09-2020,MAHARASHTRA,WASHIM,0,1044.06,0,39.28555774
02-09-2020,MAHARASHTRA,SATARA,0,1468.55,0.04,27.11743862
02-09-2020,MAHARASHTRA,PUNE,0.13,2614.77,0.75,32.50501498
02-09-2020,MAHARASHTRA,PARBHANI,0,1188.5,0.01,36.57537552
02-09-2020,MAHARASHTRA,JALNA,0.06,1408.64,0.35,35.40863881
02-09-2020,MAHARASHTRA,GONDIYA,1.2,1165.41,8.03,41.71687711
02-09-2020,MAHARASHTRA,MUMBAI,0,31.09,0,40.59308164
02-09-2020,MAHARASHTRA,NASHIK,0.36,2777.77,2.2,34.90986481
02-09-2020,MAHARASHTRA,GARHCHIROLI,2.02,2856.68,13.46,38.61366193
02-09-2020,MAHARASHTRA,RATNAGIRI,1,1442.38,6.72,33.82089712
02-09-2020,MAHARASHTRA,OSMANABAD,0.01,1258.46,0.11,32.3348559
02-09-2020,MAHARASHTRA,BID,0,1891.07,0,33.35939352
02-09-2020,MAHARASHTRA,LATUR,0,1084.53,0,31.24423333
02-09-2020,MAHARASHTRA,YAVATMAL,0.08,2683.04,0.5,38.75537679
02-09-2020,MAHARASHTRA,BHANDARA,1.47,836.95,9.71,42.47935376
02-09-2020,MAHARASHTRA,MUMBAI SUBURBAN,0.09,92.01,0.52,39.63082566
02-09-2020,MAHARASHTRA,NANDURBAR,0.18,1076.12,1,35.7392318
02-09-2020,MAHARASHTRA,NAGPUR,0.72,2130.66,4.84,42.05389667
02-09-2020,MAHARASHTRA,CHANDRAPUR,0.65,2352.07,4.24,40.67142181
02-09-2020,MAHARASHTRA,JALGAON,0.09,2229.99,0.52,37.09108848
02-09-2020,MAHARASHTRA,HINGOLI,0.02,903.98,0.1,37.62548776
02-09-2020,MAHARASHTRA,AKOLA,0.02,1050.66,0.11,38.03358519
02-09-2020,MAHARASHTRA,AURANGABAD,0.11,1897.12,0.64,36.64821102
02-09-2020,MAHARASHTRA,DHULE,0.08,1362.35,0.49,37.13554018
02-09-2020,MAHARASHTRA,KOLHAPUR,2.16,1528.71,16.95,38.47688198
02-09-2020,MAHARASHTRA,RAIGARH,1.34,1269.68,9.35,34.52392656
02-09-2020,MAHARASHTRA,AMRAVATI,0.14,2293.66,1.11,36.80329792
02-09-2020,MAHARASHTRA,NANDED,0.02,2060.94,0.11,37.91763855
02-09-2020,MAHARASHTRA,SOLAPUR,0.01,2467.67,0.06,32.13638099
02-09-2020,MAHARASHTRA,AHMADNAGAR,0.04,2947.64,0.24,33.70317702
02-09-2020,MAHARASHTRA,THANE,1.68,1749.54,11.52,35.86747632
02-09-2020,MAHARASHTRA,SANGLI,0.41,1625.47,3.25,36.74910909
02-09-2020,MAHARASHTRA,WARDHA,0.13,1285.87,0.78,39.8927556
02-09-2020,MAHARASHTRA,BULDANA,0.03,1779.86,0.18,35.70785708
02-09-2020,MAHARASHTRA,SINDHUDURG,3.93,1042.24,27.38,39.61370209
01-09-2020,MAHARASHTRA,WASHIM,0.01,1064.06,0.04,40.03774575
01-09-2020,MAHARASHTRA,SATARA,0,1397.89,0,25.81268006
01-09-2020,MAHARASHTRA,PUNE,0.21,2645.91,1.26,32.8921608
01-09-2020,MAHARASHTRA,PARBHANI,0.01,1215.43,0.05,37.40413228
01-09-2020,MAHARASHTRA,JALNA,0.19,1465.97,1.04,36.84959082
01-09-2020,MAHARASHTRA,GONDIYA,0.72,1114.92,4.81,39.90957584
01-09-2020,MAHARASHTRA,MUMBAI,0,31.93,0,41.68651424
01-09-2020,MAHARASHTRA,NASHIK,0.85,2956.18,5.24,37.15204974
01-09-2020,MAHARASHTRA,GARHCHIROLI,1.39,2701.11,9.28,36.51080237
01-09-2020,MAHARASHTRA,RATNAGIRI,0.28,1225.84,1.9,28.74350196
01-09-2020,MAHARASHTRA,OSMANABAD,0.03,1275.04,0.31,32.76081176
01-09-2020,MAHARASHTRA,BID,0,1906.46,0,33.63080181
01-09-2020,MAHARASHTRA,LATUR,0,1081.57,0,31.15885959
01-09-2020,MAHARASHTRA,YAVATMAL,0.09,2691.48,0.6,38.87730389
01-09-2020,MAHARASHTRA,BHANDARA,0.88,789.23,5.75,40.05753567
01-09-2020,MAHARASHTRA,MUMBAI SUBURBAN,0.17,94.46,1.02,40.68756628
01-09-2020,MAHARASHTRA,NANDURBAR,0.51,1138.46,2.83,37.80967552
01-09-2020,MAHARASHTRA,NAGPUR,0.47,2039.66,3.2,40.25769473
01-09-2020,MAHARASHTRA,CHANDRAPUR,0.42,2276.99,2.75,39.37314165
01-09-2020,MAHARASHTRA,JALGAON,0.27,2346.66,1.57,39.03168727
01-09-2020,MAHARASHTRA,HINGOLI,0.07,927.6,0.41,38.60895361
01-09-2020,MAHARASHTRA,AKOLA,0.05,1082.79,0.34,39.19647119
01-09-2020,MAHARASHTRA,AURANGABAD,0.3,1983.34,1.69,38.31369393
01-09-2020,MAHARASHTRA,DHULE,0.24,1444.68,1.44,39.37983102
01-09-2020,MAHARASHTRA,KOLHAPUR,0.07,1191.04,0.56,29.97777005
01-09-2020,MAHARASHTRA,RAIGARH,2.03,1340.28,14.02,36.44375496
01-09-2020,MAHARASHTRA,AMRAVATI,0.38,2374.34,3.05,38.09787462
01-09-2020,MAHARASHTRA,NANDED,0.06,2054.19,0.35,37.79332746
01-09-2020,MAHARASHTRA,SOLAPUR,0.02,2437.21,0.17,31.73963939
01-09-2020,MAHARASHTRA,AHMADNAGAR,0.09,3026.8,0.53,34.60830168
01-09-2020,MAHARASHTRA,THANE,2.42,1835.59,16.34,37.63166655
01-09-2020,MAHARASHTRA,SANGLI,0,1302.34,0,29.44358971
01-09-2020,MAHARASHTRA,WARDHA,0.06,1240.56,0.31,38.48699577
01-09-2020,MAHARASHTRA,BULDANA,0.18,1861.17,1.08,37.33926463
01-09-2020,MAHARASHTRA,SINDHUDURG,0.21,798.33,1.56,30.34317429
